visit_id,store_id,visit_date,daypart,shopper_id,shopper_type,wait_time_min,order_accurate,score_speed,score_service,score_cleanliness,overall_score,adj_score
CK-100001,S015,2026-01-05,evening,P11,professional,8.3,1,78.0,81.0,77.0,78.8,78.8
CK-100002,S019,2026-01-05,morning,P19,professional,4.7,1,70.0,69.0,71.0,69.6,69.6
CK-100003,S021,2026-01-05,evening,P09,professional,3.7,1,89.0,91.0,83.0,85.0,85.0
CK-100004,S036,2026-01-05,morning,P03,professional,3.1,1,69.0,75.0,69.0,71.3,71.3
CK-100005,S060,2026-01-05,midday,P11,professional,7.7,1,68.0,68.0,70.0,67.5,67.5
CK-100006,S065,2026-01-05,midday,P20,professional,7.4,1,91.0,92.0,93.0,87.3,87.3
CK-100007,S071,2026-01-05,evening,P19,professional,10.9,1,67.0,69.0,65.0,63.9,63.9
CK-100008,S081,2026-01-05,morning,P04,professional,4.7,0,93.0,95.0,82.0,88.9,88.9
CK-100009,S090,2026-01-05,evening,P18,professional,9.9,1,79.0,71.0,75.0,74.1,74.1
CK-100010,S102,2026-01-05,midday,P03,professional,6.3,1,70.0,60.0,63.0,64.1,64.1
CK-100011,S108,2026-01-05,morning,P11,professional,2.4,1,75.0,89.0,80.0,79.9,79.9
CK-100012,S109,2026-01-05,morning,P29,professional,6.4,1,79.0,84.0,87.0,89.4,89.4
CK-100013,S115,2026-01-05,morning,P26,professional,4.4,1,74.0,64.0,65.0,72.4,72.4
CK-100014,S004,2026-01-06,morning,P03,professional,4.4,1,77.0,78.0,81.0,77.3,77.3
CK-100015,S014,2026-01-06,midday,P05,professional,2.0,1,70.0,70.0,79.0,78.3,78.3
CK-100016,S016,2026-01-06,morning,P26,professional,4.4,1,76.0,76.0,76.0,77.5,77.5
CK-100017,S024,2026-01-06,evening,P13,professional,4.6,0,75.0,77.0,79.0,77.5,77.5
CK-100018,S026,2026-01-06,morning,P11,professional,6.7,1,75.0,78.0,83.0,75.4,75.4
CK-100019,S056,2026-01-06,midday,P13,professional,4.8,1,71.0,65.0,73.0,76.3,76.3
CK-100020,S057,2026-01-06,morning,P27,professional,3.3,1,94.0,100.0,98.0,95.9,95.9
CK-100021,S059,2026-01-06,midday,P10,professional,3.4,1,82.0,80.0,82.0,79.0,79.0
CK-100022,S075,2026-01-06,evening,P22,professional,7.4,1,90.0,74.0,78.0,79.4,79.4
CK-100023,S076,2026-01-06,evening,P19,professional,8.3,1,65.0,70.0,79.0,73.3,73.3
CK-100024,S079,2026-01-06,evening,P11,professional,4.2,1,78.0,83.0,75.0,76.4,76.4
CK-100025,S096,2026-01-06,evening,P28,professional,3.9,1,84.0,83.0,86.0,81.4,81.4
CK-100026,S097,2026-01-06,morning,P21,professional,3.3,1,79.0,84.0,86.0,86.0,86.0
CK-100027,S100,2026-01-06,morning,P10,professional,2.2,1,84.0,87.0,87.0,87.1,87.1
CK-100028,S103,2026-01-06,evening,P12,professional,4.4,1,78.0,82.0,74.0,77.9,77.9
CK-100029,S112,2026-01-06,morning,P10,professional,3.7,1,88.0,95.0,86.0,84.2,84.2
CK-100030,S118,2026-01-06,morning,P07,professional,3.7,1,79.0,90.0,90.0,84.2,84.2
CK-100031,S002,2026-01-07,midday,P09,professional,6.4,1,80.0,85.0,82.0,83.0,83.0
CK-100032,S004,2026-01-07,morning,P18,professional,6.7,1,88.0,84.0,83.0,82.2,82.2
CK-100033,S009,2026-01-07,evening,P01,professional,7.9,1,67.0,79.0,75.0,75.2,75.2
CK-100034,S010,2026-01-07,morning,P14,professional,7.5,1,93.0,85.0,95.0,88.0,88.0
CK-100035,S018,2026-01-07,morning,P17,professional,5.5,1,92.0,81.0,94.0,91.5,91.5
CK-100036,S021,2026-01-07,evening,P12,professional,3.8,1,74.0,77.0,78.0,71.4,71.4
CK-100037,S022,2026-01-07,morning,P25,professional,5.9,1,80.0,92.0,86.0,83.0,83.0
CK-100038,S025,2026-01-07,evening,P27,professional,7.7,1,76.0,78.0,78.0,77.3,77.3
CK-100039,S026,2026-01-07,midday,P26,professional,4.8,1,71.0,81.0,72.0,76.7,76.7
CK-100040,S031,2026-01-07,morning,P19,professional,3.3,1,71.0,76.0,76.0,73.6,73.6
CK-100041,S032,2026-01-07,midday,P22,professional,2.9,1,74.0,79.0,85.0,84.9,84.9
CK-100042,S042,2026-01-07,midday,P30,professional,5.3,1,84.0,77.0,79.0,79.0,79.0
CK-100043,S052,2026-01-07,morning,P18,professional,5.5,1,84.0,86.0,84.0,90.6,90.6
CK-100044,S058,2026-01-07,morning,P13,professional,3.0,1,71.0,73.0,67.0,73.0,73.0
CK-100045,S072,2026-01-07,evening,P12,professional,4.1,1,79.0,87.0,82.0,81.1,81.1
CK-100046,S073,2026-01-07,midday,P28,professional,4.4,1,100.0,92.0,86.0,92.7,92.7
CK-100047,S100,2026-01-07,evening,P01,professional,3.7,1,76.0,78.0,73.0,79.2,79.2
CK-100048,S101,2026-01-07,morning,P16,professional,2.1,1,82.0,74.0,78.0,76.6,76.6
CK-100049,S104,2026-01-07,midday,P05,professional,8.5,1,77.0,77.0,83.0,82.9,82.9
CK-100050,S117,2026-01-07,morning,P21,professional,6.9,1,85.0,77.0,75.0,82.3,82.3
CK-100051,S120,2026-01-07,evening,P10,professional,10.2,1,81.0,70.0,68.0,72.5,72.5
CK-100052,S020,2026-01-08,morning,P28,professional,7.9,1,67.0,67.0,70.0,76.1,76.1
CK-100053,S032,2026-01-08,evening,P10,professional,3.5,1,76.0,77.0,81.0,79.6,79.6
CK-100054,S034,2026-01-08,morning,P13,professional,3.4,1,85.0,87.0,83.0,84.2,84.2
CK-100055,S041,2026-01-08,morning,P01,professional,6.3,1,88.0,89.0,80.0,79.4,79.4
CK-100056,S043,2026-01-08,midday,P15,professional,1.4,1,84.0,78.0,89.0,88.5,88.5
CK-100057,S044,2026-01-08,midday,P13,professional,2.9,1,66.0,62.0,68.0,70.1,70.1
CK-100058,S045,2026-01-08,evening,P29,professional,4.5,1,85.0,72.0,84.0,76.4,76.4
CK-100059,S046,2026-01-08,morning,P19,professional,3.6,1,68.0,70.0,72.0,69.6,69.6
CK-100060,S047,2026-01-08,evening,P11,professional,6.0,1,89.0,84.0,88.0,87.4,87.4
CK-100061,S048,2026-01-08,evening,P04,professional,5.2,1,68.0,70.0,61.0,70.9,70.9
CK-100062,S055,2026-01-08,morning,P19,professional,3.4,1,80.0,82.0,80.0,80.6,80.6
CK-100063,S063,2026-01-08,evening,P23,professional,4.1,1,83.0,83.0,83.0,75.3,75.3
CK-100064,S069,2026-01-08,evening,P30,professional,6.8,1,64.0,52.0,68.0,62.8,62.8
CK-100065,S077,2026-01-08,morning,P06,professional,9.2,1,82.0,89.0,86.0,81.6,81.6
CK-100066,S088,2026-01-08,morning,P24,professional,2.9,1,78.0,79.0,93.0,89.0,89.0
CK-100067,S090,2026-01-08,morning,P26,professional,5.6,1,100.0,92.0,100.0,92.1,92.1
CK-100068,S093,2026-01-08,evening,P16,professional,6.9,1,60.0,64.0,67.0,68.6,68.6
CK-100069,S094,2026-01-08,evening,P03,professional,10.6,1,72.0,74.0,59.0,69.9,69.9
CK-100070,S111,2026-01-08,morning,P25,professional,6.0,1,81.0,87.0,77.0,82.6,82.6
CK-100071,S116,2026-01-08,evening,P02,professional,6.2,0,77.0,74.0,80.0,76.3,76.3
CK-100072,S011,2026-01-09,midday,P05,professional,2.5,1,92.0,80.0,86.0,81.7,81.7
CK-100073,S030,2026-01-09,evening,P07,professional,10.5,1,79.0,83.0,74.0,77.6,77.6
CK-100074,S034,2026-01-09,midday,P02,professional,9.5,0,72.0,63.0,69.0,71.7,71.7
CK-100075,S049,2026-01-09,morning,P28,professional,5.7,1,77.0,87.0,89.0,83.6,83.6
CK-100076,S051,2026-01-09,evening,P10,professional,10.0,0,75.0,71.0,68.0,71.6,71.6
CK-100077,S052,2026-01-09,morning,P25,professional,4.1,0,82.0,76.0,81.0,80.0,80.0
CK-100078,S066,2026-01-09,evening,P27,professional,9.4,1,69.0,70.0,76.0,72.5,72.5
CK-100079,S070,2026-01-09,evening,P23,professional,7.9,1,66.0,65.0,59.0,65.9,65.9
CK-100080,S074,2026-01-09,midday,P29,professional,4.3,1,72.0,68.0,81.0,74.3,74.3
CK-100081,S087,2026-01-09,midday,P12,professional,3.2,1,64.0,64.0,70.0,66.3,66.3
CK-100082,S089,2026-01-09,evening,P06,professional,10.0,1,80.0,71.0,74.0,71.7,71.7
CK-100083,S093,2026-01-09,evening,P10,professional,9.0,1,79.0,67.0,79.0,73.5,73.5
CK-100084,S097,2026-01-09,morning,P05,professional,5.6,1,67.0,74.0,68.0,72.1,72.1
CK-100085,S099,2026-01-09,morning,P09,professional,2.0,1,99.0,87.0,98.0,92.7,92.7
CK-100086,S106,2026-01-09,morning,P07,professional,5.0,1,81.0,78.0,88.0,83.3,83.3
CK-100087,S004,2026-01-10,midday,P30,professional,5.0,1,86.0,92.0,92.0,89.2,89.2
CK-100088,S006,2026-01-10,midday,P08,professional,7.3,1,85.0,86.0,91.0,87.5,87.5
CK-100089,S016,2026-01-10,morning,P19,professional,8.2,1,78.0,71.0,71.0,72.4,72.4
CK-100090,S022,2026-01-10,morning,P16,professional,15.5,1,80.0,78.0,79.0,80.6,80.6
CK-100091,S035,2026-01-10,midday,P23,professional,5.9,1,66.0,71.0,67.0,64.6,64.6
CK-100092,S037,2026-01-10,evening,P25,professional,6.1,1,65.0,67.0,73.0,71.4,71.4
CK-100093,S041,2026-01-10,midday,P27,professional,10.4,1,76.0,85.0,74.0,79.3,79.3
CK-100094,S044,2026-01-10,midday,P17,professional,2.0,1,71.0,62.0,54.0,65.3,65.3
CK-100095,S046,2026-01-10,morning,P30,professional,3.9,1,87.0,84.0,89.0,83.4,83.4
CK-100096,S053,2026-01-10,midday,P11,professional,3.0,1,66.0,79.0,73.0,71.7,71.7
CK-100097,S065,2026-01-10,midday,P09,professional,3.4,1,75.0,73.0,75.0,75.0,75.0
CK-100098,S080,2026-01-10,evening,P05,professional,12.0,1,71.0,72.0,68.0,71.5,71.5
CK-100099,S091,2026-01-10,morning,P19,professional,3.0,1,78.0,75.0,82.0,79.5,79.5
CK-100100,S102,2026-01-10,evening,P07,professional,4.9,1,81.0,77.0,84.0,83.2,83.2
CK-100101,S105,2026-01-10,evening,P08,professional,4.9,1,95.0,88.0,87.0,92.2,92.2
CK-100102,S111,2026-01-10,evening,P18,professional,8.4,1,79.0,75.0,84.0,75.7,75.7
CK-100103,S009,2026-01-11,morning,P14,professional,2.2,1,84.0,72.0,79.0,79.1,79.1
CK-100104,S011,2026-01-11,morning,P26,professional,3.6,1,89.0,94.0,92.0,88.8,88.8
CK-100105,S013,2026-01-11,morning,P20,professional,4.9,1,95.0,90.0,87.0,89.6,89.6
CK-100106,S021,2026-01-11,morning,P09,professional,3.5,1,83.0,77.0,76.0,81.3,81.3
CK-100107,S022,2026-01-11,midday,P17,professional,2.0,1,79.0,72.0,75.0,76.1,76.1
CK-100108,S031,2026-01-11,evening,P27,professional,5.2,1,73.0,75.0,67.0,66.2,66.2
CK-100109,S034,2026-01-11,evening,P04,professional,15.2,1,80.0,79.0,76.0,72.3,72.3
CK-100110,S037,2026-01-11,midday,P12,professional,1.8,1,72.0,71.0,68.0,74.2,74.2
CK-100111,S044,2026-01-11,morning,P06,professional,4.2,1,89.0,77.0,71.0,78.4,78.4
CK-100112,S055,2026-01-11,midday,P03,professional,8.0,1,90.0,86.0,82.0,86.9,86.9
CK-100113,S061,2026-01-11,evening,P03,professional,4.5,1,82.0,86.0,81.0,84.0,84.0
CK-100114,S062,2026-01-11,midday,P27,professional,2.9,1,88.0,82.0,89.0,86.5,86.5
CK-100115,S066,2026-01-11,evening,P27,professional,8.8,1,61.0,58.0,67.0,66.0,66.0
CK-100116,S080,2026-01-11,midday,P23,professional,4.4,1,79.0,82.0,84.0,80.9,80.9
CK-100117,S082,2026-01-11,evening,P06,professional,3.3,1,64.0,68.0,64.0,70.2,70.2
CK-100118,S088,2026-01-11,evening,P12,professional,7.2,1,68.0,79.0,73.0,71.1,71.1
CK-100119,S089,2026-01-11,morning,P01,professional,9.7,1,81.0,74.0,78.0,72.3,72.3
CK-100120,S093,2026-01-11,midday,P27,professional,3.6,0,67.0,81.0,75.0,72.4,72.4
CK-100121,S096,2026-01-11,midday,P22,professional,2.9,1,82.0,86.0,92.0,85.2,85.2
CK-100122,S098,2026-01-11,midday,P05,professional,4.0,1,84.0,81.0,84.0,81.5,81.5
CK-100123,S109,2026-01-11,morning,P11,professional,3.7,1,61.0,71.0,75.0,71.9,71.9
CK-100124,S120,2026-01-11,midday,P01,professional,2.9,1,72.0,93.0,76.0,81.7,81.7
CK-100125,S005,2026-01-12,morning,P26,professional,2.7,1,94.0,89.0,98.0,93.0,93.0
CK-100126,S012,2026-01-12,evening,P19,professional,5.5,1,69.0,76.0,82.0,74.9,74.9
CK-100127,S018,2026-01-12,midday,P03,professional,5.1,1,88.0,75.0,77.0,84.2,84.2
CK-100128,S038,2026-01-12,midday,P27,professional,3.3,1,80.0,72.0,75.0,76.4,76.4
CK-100129,S047,2026-01-12,morning,P09,professional,5.1,1,77.0,74.0,80.0,77.0,77.0
CK-100130,S050,2026-01-12,evening,P19,professional,4.2,1,71.0,68.0,77.0,74.8,74.8
CK-100131,S054,2026-01-12,morning,P10,professional,1.8,1,81.0,79.0,76.0,79.8,79.8
CK-100132,S064,2026-01-12,midday,P20,professional,5.0,1,66.0,66.0,64.0,67.0,67.0
CK-100133,S067,2026-01-12,morning,P12,professional,4.7,1,69.0,77.0,73.0,74.3,74.3
CK-100134,S071,2026-01-12,morning,P05,professional,9.8,1,66.0,70.0,66.0,67.2,67.2
CK-100135,S077,2026-01-12,midday,P12,professional,5.3,1,76.0,81.0,69.0,72.3,72.3
CK-100136,S088,2026-01-12,morning,P24,professional,8.6,1,73.0,79.0,77.0,82.6,82.6
CK-100137,S099,2026-01-12,midday,P07,professional,2.4,1,71.0,58.0,61.0,61.9,61.9
CK-100138,S101,2026-01-12,evening,P12,professional,5.5,1,68.0,75.0,71.0,72.4,72.4
CK-100139,S103,2026-01-12,morning,P21,professional,7.0,1,76.0,72.0,76.0,80.1,80.1
CK-100140,S107,2026-01-12,midday,P25,professional,5.4,0,92.0,99.0,87.0,89.4,89.4
CK-100141,S110,2026-01-12,midday,P17,professional,2.5,1,85.0,85.0,85.0,85.5,85.5
CK-100142,S115,2026-01-12,evening,P17,professional,4.9,1,70.0,83.0,80.0,79.2,79.2
CK-100143,S119,2026-01-12,morning,P02,professional,4.3,1,92.0,100.0,81.0,88.8,88.8
CK-100144,S001,2026-01-13,midday,P19,professional,5.2,1,89.0,90.0,96.0,89.5,89.5
CK-100145,S008,2026-01-13,morning,P05,professional,5.7,1,88.0,93.0,86.0,83.3,83.3
CK-100146,S009,2026-01-13,evening,P27,professional,4.4,0,78.0,80.0,73.0,82.2,82.2
CK-100147,S014,2026-01-13,evening,P10,professional,6.2,1,77.0,67.0,71.0,74.8,74.8
CK-100148,S017,2026-01-13,midday,P25,professional,3.6,1,83.0,82.0,73.0,82.3,82.3
CK-100149,S027,2026-01-13,morning,P28,professional,2.1,1,74.0,81.0,80.0,81.8,81.8
CK-100150,S033,2026-01-13,evening,P20,professional,2.3,1,76.0,81.0,85.0,77.4,77.4
CK-100151,S048,2026-01-13,morning,P18,professional,8.8,1,97.0,87.0,87.0,89.0,89.0
CK-100152,S056,2026-01-13,evening,P29,professional,7.4,1,71.0,75.0,68.0,73.2,73.2
CK-100153,S057,2026-01-13,evening,P25,professional,6.3,1,69.0,65.0,70.0,70.8,70.8
CK-100154,S058,2026-01-13,midday,P25,professional,3.0,1,72.0,74.0,76.0,74.1,74.1
CK-100155,S061,2026-01-13,morning,P18,professional,6.0,1,86.0,76.0,82.0,83.6,83.6
CK-100156,S062,2026-01-13,morning,P28,professional,3.0,1,92.0,91.0,93.0,90.1,90.1
CK-100157,S078,2026-01-13,midday,P18,professional,9.0,1,89.0,83.0,84.0,85.5,85.5
CK-100158,S080,2026-01-13,morning,P25,professional,7.2,1,83.0,81.0,82.0,84.3,84.3
CK-100159,S082,2026-01-13,midday,P24,professional,8.3,1,79.0,91.0,88.0,83.2,83.2
CK-100160,S086,2026-01-13,morning,P03,professional,4.7,1,77.0,81.0,84.0,79.7,79.7
CK-100161,S088,2026-01-13,midday,P24,professional,3.7,0,93.0,93.0,86.0,89.1,89.1
CK-100162,S091,2026-01-13,morning,P21,professional,2.6,1,89.0,79.0,82.0,81.5,81.5
CK-100163,S094,2026-01-13,morning,P18,professional,4.4,1,83.0,92.0,83.0,85.7,85.7
CK-100164,S104,2026-01-13,morning,P09,professional,3.1,1,79.0,74.0,79.0,78.5,78.5
CK-100165,S107,2026-01-13,evening,P13,professional,7.3,1,66.0,63.0,69.0,67.4,67.4
CK-100166,S110,2026-01-13,evening,P24,professional,2.6,1,58.0,49.0,61.0,55.1,55.1
CK-100167,S113,2026-01-13,midday,P28,professional,4.1,1,66.0,69.0,70.0,67.2,67.2
CK-100168,S001,2026-01-14,morning,P01,professional,5.1,1,80.0,77.0,87.0,83.5,83.5
CK-100169,S002,2026-01-14,morning,P02,professional,4.2,1,63.0,73.0,70.0,72.5,72.5
CK-100170,S007,2026-01-14,morning,P21,professional,5.3,1,79.0,78.0,74.0,77.0,77.0
CK-100171,S023,2026-01-14,morning,P05,professional,4.3,0,64.0,76.0,75.0,74.2,74.2
CK-100172,S028,2026-01-14,morning,P30,professional,2.5,1,81.0,80.0,79.0,74.1,74.1
CK-100173,S030,2026-01-14,evening,P02,professional,10.4,1,85.0,80.0,77.0,77.8,77.8
CK-100174,S060,2026-01-14,morning,P01,professional,4.4,1,78.0,80.0,82.0,78.7,78.7
CK-100175,S063,2026-01-14,morning,P24,professional,4.8,0,80.0,81.0,80.0,78.8,78.8
CK-100176,S065,2026-01-14,morning,P20,professional,4.0,1,68.0,72.0,64.0,67.1,67.1
CK-100177,S071,2026-01-14,midday,P25,professional,7.1,1,67.0,73.0,61.0,64.4,64.4
CK-100178,S081,2026-01-14,midday,P18,professional,6.4,1,73.0,83.0,83.0,76.9,76.9
CK-100179,S097,2026-01-14,midday,P15,professional,5.7,0,72.0,76.0,72.0,74.3,74.3
CK-100180,S098,2026-01-14,evening,P27,professional,4.8,1,71.0,62.0,71.0,71.1,71.1
CK-100181,S003,2026-01-15,evening,P11,professional,8.5,0,82.0,82.0,87.0,78.4,78.4
CK-100182,S005,2026-01-15,midday,P10,professional,2.5,1,91.0,82.0,73.0,80.2,80.2
CK-100183,S008,2026-01-15,midday,P20,professional,1.8,1,83.0,79.0,77.0,78.1,78.1
CK-100184,S009,2026-01-15,midday,P22,professional,10.0,1,92.0,88.0,94.0,92.1,92.1
CK-100185,S012,2026-01-15,midday,P25,professional,4.0,1,73.0,75.0,80.0,77.2,77.2
CK-100186,S015,2026-01-15,evening,P10,professional,4.7,1,77.0,78.0,77.0,75.4,75.4
CK-100187,S041,2026-01-15,evening,P11,professional,11.6,1,70.0,84.0,80.0,75.1,75.1
CK-100188,S047,2026-01-15,midday,P10,professional,5.8,1,83.0,78.0,87.0,82.3,82.3
CK-100189,S050,2026-01-15,midday,P09,professional,9.5,0,83.0,83.0,82.0,89.4,89.4
CK-100190,S051,2026-01-15,midday,P07,professional,3.4,1,75.0,85.0,76.0,81.2,81.2
CK-100191,S054,2026-01-15,midday,P21,professional,2.8,1,69.0,69.0,75.0,76.5,76.5
CK-100192,S056,2026-01-15,midday,P07,professional,4.8,1,78.0,72.0,70.0,71.7,71.7
CK-100193,S066,2026-01-15,midday,P26,professional,6.7,1,83.0,74.0,80.0,80.8,80.8
CK-100194,S073,2026-01-15,evening,P22,professional,3.8,1,78.0,74.0,75.0,74.6,74.6
CK-100195,S081,2026-01-15,evening,P16,professional,3.2,1,96.0,89.0,78.0,88.7,88.7
CK-100196,S083,2026-01-15,evening,P19,professional,2.6,1,65.0,64.0,62.0,67.6,67.6
CK-100197,S087,2026-01-15,morning,P03,professional,2.8,1,84.0,88.0,79.0,82.5,82.5
CK-100198,S094,2026-01-15,morning,P14,professional,3.7,1,77.0,77.0,75.0,79.4,79.4
CK-100199,S095,2026-01-15,morning,P11,professional,5.2,1,91.0,87.0,82.0,84.3,84.3
CK-100200,S005,2026-01-16,midday,P19,professional,5.4,1,86.0,76.0,80.0,82.4,82.4
CK-100201,S006,2026-01-16,evening,P12,professional,7.8,1,69.0,76.0,75.0,71.6,71.6
CK-100202,S007,2026-01-16,midday,P11,professional,5.8,1,74.0,69.0,71.0,74.1,74.1
CK-100203,S019,2026-01-16,evening,P14,professional,12.3,1,81.0,76.0,86.0,78.6,78.6
CK-100204,S031,2026-01-16,morning,P05,professional,8.9,1,85.0,87.0,81.0,79.7,79.7
CK-100205,S035,2026-01-16,evening,P02,professional,2.6,0,67.0,58.0,64.0,62.2,62.2
CK-100206,S045,2026-01-16,morning,P01,professional,7.2,1,92.0,86.0,82.0,83.6,83.6
CK-100207,S049,2026-01-16,midday,P12,professional,7.3,1,58.0,61.0,65.0,60.7,60.7
CK-100208,S054,2026-01-16,evening,P17,professional,3.5,1,70.0,70.0,67.0,68.8,68.8
CK-100209,S055,2026-01-16,morning,P11,professional,3.8,1,86.0,93.0,81.0,84.2,84.2
CK-100210,S056,2026-01-16,morning,P19,professional,2.8,1,68.0,61.0,75.0,72.3,72.3
CK-100211,S057,2026-01-16,evening,P24,professional,5.9,1,88.0,83.0,80.0,78.6,78.6
CK-100212,S060,2026-01-16,evening,P03,professional,5.7,1,70.0,86.0,84.0,76.5,76.5
CK-100213,S069,2026-01-16,midday,P07,professional,4.7,1,89.0,97.0,83.0,89.5,89.5
CK-100214,S074,2026-01-16,evening,P23,professional,7.3,1,71.0,75.0,73.0,72.4,72.4
CK-100215,S085,2026-01-16,morning,P12,professional,5.6,1,83.0,87.0,88.0,83.9,83.9
CK-100216,S095,2026-01-16,evening,P09,professional,4.1,1,74.0,73.0,72.0,75.6,75.6
CK-100217,S096,2026-01-16,evening,P12,professional,3.7,1,83.0,76.0,77.0,78.0,78.0
CK-100218,S100,2026-01-16,midday,P20,professional,4.4,1,69.0,72.0,70.0,74.3,74.3
CK-100219,S104,2026-01-16,midday,P25,professional,2.2,1,69.0,83.0,76.0,75.8,75.8
CK-100220,S106,2026-01-16,morning,P25,professional,7.3,1,72.0,77.0,79.0,80.9,80.9
CK-100221,S108,2026-01-16,evening,P23,professional,3.7,1,76.0,74.0,84.0,79.4,79.4
CK-100222,S112,2026-01-16,evening,P12,professional,5.6,1,74.0,74.0,73.0,74.2,74.2
CK-100223,S120,2026-01-16,evening,P11,professional,5.5,1,78.0,79.0,72.0,79.4,79.4
CK-100224,S002,2026-01-17,evening,P16,professional,4.8,1,85.0,70.0,79.0,74.8,74.8
CK-100225,S006,2026-01-17,morning,P28,professional,5.3,1,70.0,73.0,76.0,72.0,72.0
CK-100226,S023,2026-01-17,midday,P09,professional,3.0,0,74.0,85.0,77.0,79.4,79.4
CK-100227,S027,2026-01-17,midday,P02,professional,7.4,0,82.0,82.0,76.0,74.7,74.7
CK-100228,S029,2026-01-17,midday,P23,professional,2.1,1,82.0,78.0,82.0,77.4,77.4
CK-100229,S030,2026-01-17,midday,P09,professional,4.5,1,79.0,72.0,79.0,79.4,79.4
CK-100230,S031,2026-01-17,midday,P07,professional,3.6,1,78.0,83.0,84.0,81.6,81.6
CK-100231,S034,2026-01-17,morning,P19,professional,3.2,1,81.0,72.0,80.0,77.4,77.4
CK-100232,S038,2026-01-17,morning,P08,professional,3.8,1,84.0,86.0,87.0,87.1,87.1
CK-100233,S041,2026-01-17,midday,P17,professional,2.8,1,78.0,64.0,75.0,74.4,74.4
CK-100234,S053,2026-01-17,midday,P30,professional,4.7,1,79.0,82.0,81.0,79.0,79.0
CK-100235,S054,2026-01-17,evening,P29,professional,4.6,1,66.0,84.0,80.0,80.2,80.2
CK-100236,S059,2026-01-17,morning,P18,professional,2.0,1,91.0,92.0,94.0,92.7,92.7
CK-100237,S063,2026-01-17,evening,P04,professional,3.1,1,69.0,88.0,82.0,76.5,76.5
CK-100238,S064,2026-01-17,morning,P18,professional,8.9,1,88.0,80.0,88.0,83.7,83.7
CK-100239,S070,2026-01-17,midday,P16,professional,8.4,1,81.0,88.0,79.0,79.7,79.7
CK-100240,S076,2026-01-17,morning,P10,professional,6.0,1,74.0,87.0,79.0,83.8,83.8
CK-100241,S082,2026-01-17,morning,P22,professional,2.8,1,82.0,72.0,82.0,72.6,72.6
CK-100242,S100,2026-01-17,morning,P16,professional,2.8,1,76.0,72.0,73.0,72.6,72.6
CK-100243,S105,2026-01-17,evening,P09,professional,15.7,1,76.0,79.0,75.0,75.6,75.6
CK-100244,S107,2026-01-17,midday,P08,professional,7.3,1,85.0,73.0,80.0,76.7,76.7
CK-100245,S108,2026-01-17,midday,P27,professional,6.3,1,86.0,81.0,80.0,81.5,81.5
CK-100246,S019,2026-01-18,morning,P12,professional,1.7,1,65.0,69.0,68.0,70.7,70.7
CK-100247,S020,2026-01-18,midday,P20,professional,5.0,1,86.0,82.0,89.0,83.4,83.4
CK-100248,S025,2026-01-18,morning,P29,professional,2.2,1,86.0,76.0,81.0,81.7,81.7
CK-100249,S029,2026-01-18,midday,P02,professional,2.8,1,97.0,92.0,87.0,84.3,84.3
CK-100250,S037,2026-01-18,morning,P20,professional,4.7,1,80.0,75.0,92.0,79.9,79.9
CK-100251,S075,2026-01-18,morning,P25,professional,7.6,1,61.0,74.0,71.0,69.5,69.5
CK-100252,S109,2026-01-18,evening,P15,professional,7.0,0,67.0,77.0,74.0,71.9,71.9
CK-100253,S111,2026-01-18,evening,P26,professional,7.7,1,84.0,85.0,82.0,82.4,82.4
CK-100254,S113,2026-01-18,morning,P08,professional,1.9,1,85.0,98.0,82.0,91.7,91.7
CK-100255,S114,2026-01-18,morning,P19,professional,4.4,1,88.0,81.0,79.0,82.5,82.5
CK-100256,S120,2026-01-18,morning,P18,professional,3.3,1,60.0,65.0,65.0,67.3,67.3
CK-100257,S003,2026-01-19,morning,P27,professional,2.8,1,81.0,73.0,82.0,79.3,79.3
CK-100258,S004,2026-01-19,evening,P23,professional,8.0,1,66.0,70.0,82.0,75.8,75.8
CK-100259,S010,2026-01-19,evening,P29,professional,6.5,1,86.0,85.0,84.0,83.9,83.9
CK-100260,S024,2026-01-19,midday,P05,professional,3.9,1,81.0,71.0,74.0,74.0,74.0
CK-100261,S029,2026-01-19,evening,P06,professional,8.9,1,83.0,80.0,86.0,82.9,82.9
CK-100262,S040,2026-01-19,evening,P11,professional,5.6,1,91.0,86.0,84.0,80.9,80.9
CK-100263,S050,2026-01-19,morning,P12,professional,5.1,1,82.0,81.0,88.0,78.7,78.7
CK-100264,S052,2026-01-19,midday,P20,professional,1.7,1,76.0,81.0,76.0,75.1,75.1
CK-100265,S075,2026-01-19,evening,P02,professional,3.1,1,83.0,77.0,73.0,75.7,75.7
CK-100266,S077,2026-01-19,midday,P18,professional,2.3,1,74.0,77.0,76.0,76.2,76.2
CK-100267,S078,2026-01-19,evening,P02,professional,6.6,1,75.0,78.0,71.0,77.4,77.4
CK-100268,S079,2026-01-19,morning,P01,professional,6.6,0,68.0,74.0,65.0,69.2,69.2
CK-100269,S097,2026-01-19,evening,P05,professional,6.3,1,73.0,69.0,70.0,72.1,72.1
CK-100270,S101,2026-01-19,midday,P27,professional,3.1,1,88.0,85.0,84.0,80.4,80.4
CK-100271,S110,2026-01-19,midday,P01,professional,2.9,1,55.0,60.0,67.0,64.5,64.5
CK-100272,S114,2026-01-19,midday,P28,professional,3.1,1,92.0,94.0,84.0,82.8,82.8
CK-100273,S012,2026-01-20,evening,P25,professional,5.9,1,85.0,82.0,80.0,80.5,80.5
CK-100274,S013,2026-01-20,morning,P22,professional,7.0,1,78.0,84.0,79.0,80.3,80.3
CK-100275,S017,2026-01-20,morning,P30,professional,5.8,1,89.0,88.0,92.0,86.0,86.0
CK-100276,S018,2026-01-20,evening,P09,professional,6.6,1,72.0,83.0,76.0,78.0,78.0
CK-100277,S020,2026-01-20,evening,P16,professional,11.8,1,68.0,73.0,74.0,72.5,72.5
CK-100278,S021,2026-01-20,midday,P02,professional,8.8,1,83.0,77.0,82.0,79.0,79.0
CK-100279,S024,2026-01-20,morning,P27,professional,1.4,1,75.0,79.0,77.0,77.2,77.2
CK-100280,S025,2026-01-20,midday,P28,professional,4.5,1,77.0,76.0,87.0,81.5,81.5
CK-100281,S039,2026-01-20,evening,P23,professional,4.6,1,73.0,71.0,78.0,72.8,72.8
CK-100282,S040,2026-01-20,morning,P27,professional,6.2,1,78.0,81.0,80.0,79.3,79.3
CK-100283,S042,2026-01-20,evening,P21,professional,3.8,1,75.0,73.0,76.0,77.2,77.2
CK-100284,S045,2026-01-20,midday,P12,professional,7.4,1,79.0,73.0,78.0,79.1,79.1
CK-100285,S067,2026-01-20,evening,P21,professional,5.7,0,81.0,66.0,76.0,77.5,77.5
CK-100286,S073,2026-01-20,morning,P26,professional,4.3,1,81.0,89.0,71.0,77.9,77.9
CK-100287,S077,2026-01-20,evening,P27,professional,5.7,1,78.0,81.0,80.0,78.5,78.5
CK-100288,S084,2026-01-20,evening,P25,professional,5.2,1,76.0,86.0,88.0,85.8,85.8
CK-100289,S096,2026-01-20,morning,P12,professional,2.1,1,72.0,81.0,72.0,76.5,76.5
CK-100290,S102,2026-01-20,evening,P07,professional,20.2,1,81.0,75.0,67.0,72.4,72.4
CK-100291,S103,2026-01-20,morning,P15,professional,5.3,0,87.0,89.0,80.0,75.4,75.4
CK-100292,S111,2026-01-20,midday,P08,professional,4.1,1,82.0,76.0,84.0,81.6,81.6
CK-100293,S115,2026-01-20,morning,P09,professional,3.7,1,85.0,82.0,87.0,86.0,86.0
CK-100294,S117,2026-01-20,evening,P02,professional,3.7,1,77.0,75.0,80.0,81.7,81.7
CK-100295,S005,2026-01-21,evening,P11,professional,7.7,1,85.0,84.0,90.0,84.1,84.1
CK-100296,S016,2026-01-21,midday,P15,professional,5.4,1,75.0,81.0,70.0,75.1,75.1
CK-100297,S026,2026-01-21,evening,P21,professional,5.7,1,80.0,80.0,74.0,71.7,71.7
CK-100298,S033,2026-01-21,midday,P29,professional,8.4,1,73.0,86.0,78.0,77.2,77.2
CK-100299,S039,2026-01-21,morning,P24,professional,4.4,1,49.0,53.0,58.0,58.0,58.0
CK-100300,S044,2026-01-21,evening,P17,professional,6.2,1,79.0,79.0,74.0,76.6,76.6
CK-100301,S051,2026-01-21,morning,P08,professional,5.6,1,75.0,77.0,73.0,75.8,75.8
CK-100302,S062,2026-01-21,evening,P30,professional,5.2,1,76.0,74.0,76.0,79.9,79.9
CK-100303,S066,2026-01-21,morning,P17,professional,9.1,1,91.0,86.0,88.0,84.9,84.9
CK-100304,S071,2026-01-21,midday,P25,professional,4.6,1,90.0,87.0,93.0,89.3,89.3
CK-100305,S083,2026-01-21,midday,P01,professional,2.0,1,85.0,85.0,82.0,82.7,82.7
CK-100306,S086,2026-01-21,evening,P18,professional,5.0,0,76.0,76.0,81.0,78.4,78.4
CK-100307,S094,2026-01-21,midday,P16,professional,5.2,1,85.0,77.0,82.0,78.7,78.7
CK-100308,S095,2026-01-21,midday,P21,professional,3.8,1,69.0,71.0,72.0,73.6,73.6
CK-100309,S104,2026-01-21,evening,P22,professional,9.3,1,83.0,81.0,85.0,78.0,78.0
CK-100310,S115,2026-01-21,midday,P18,professional,4.3,1,65.0,60.0,70.0,65.2,65.2
CK-100311,S116,2026-01-21,morning,P07,professional,2.9,1,91.0,83.0,81.0,81.9,81.9
CK-100312,S118,2026-01-21,evening,P05,professional,5.7,1,76.0,74.0,79.0,77.2,77.2
CK-100313,S020,2026-01-22,midday,P19,professional,2.4,1,84.0,69.0,78.0,77.7,77.7
CK-100314,S028,2026-01-22,midday,P12,professional,8.3,1,68.0,72.0,70.0,66.9,66.9
CK-100315,S053,2026-01-22,evening,P15,professional,5.1,1,83.0,87.0,81.0,83.9,83.9
CK-100316,S055,2026-01-22,evening,P18,professional,4.6,1,82.0,72.0,79.0,77.9,77.9
CK-100317,S061,2026-01-22,midday,P11,professional,3.2,1,72.0,73.0,79.0,77.0,77.0
CK-100318,S065,2026-01-22,evening,P30,professional,6.6,1,69.0,74.0,67.0,71.0,71.0
CK-100319,S068,2026-01-22,midday,P20,professional,10.1,1,90.0,76.0,81.0,81.8,81.8
CK-100320,S069,2026-01-22,evening,P27,professional,7.2,1,80.0,80.0,88.0,81.8,81.8
CK-100321,S076,2026-01-22,midday,P16,professional,4.3,1,75.0,75.0,74.0,76.6,76.6
CK-100322,S087,2026-01-22,evening,P21,professional,5.6,1,83.0,81.0,79.0,76.3,76.3
CK-100323,S091,2026-01-22,evening,P18,professional,4.4,1,60.0,71.0,58.0,63.1,63.1
CK-100324,S092,2026-01-22,evening,P14,professional,3.3,1,76.0,81.0,75.0,79.6,79.6
CK-100325,S093,2026-01-22,morning,P04,professional,5.4,1,79.0,78.0,75.0,78.9,78.9
CK-100326,S098,2026-01-22,morning,P10,professional,3.7,1,73.0,69.0,73.0,69.7,69.7
CK-100327,S102,2026-01-22,morning,P18,professional,2.5,1,90.0,87.0,86.0,91.3,91.3
CK-100328,S116,2026-01-22,midday,P08,professional,5.4,1,69.0,69.0,71.0,72.5,72.5
CK-100329,S117,2026-01-22,evening,P03,professional,3.7,1,81.0,84.0,70.0,75.4,75.4
CK-100330,S008,2026-01-23,midday,P16,professional,3.3,1,90.0,86.0,84.0,83.0,83.0
CK-100331,S010,2026-01-23,midday,P20,professional,3.2,1,90.0,85.0,82.0,85.2,85.2
CK-100332,S014,2026-01-23,morning,P24,professional,3.3,1,80.0,91.0,83.0,81.8,81.8
CK-100333,S015,2026-01-23,midday,P09,professional,4.2,1,80.0,72.0,76.0,81.2,81.2
CK-100334,S029,2026-01-23,morning,P08,professional,2.5,1,76.0,79.0,76.0,69.3,69.3
CK-100335,S048,2026-01-23,midday,P16,professional,6.2,1,81.0,71.0,67.0,73.2,73.2
CK-100336,S051,2026-01-23,evening,P26,professional,3.2,1,67.0,68.0,64.0,70.5,70.5
CK-100337,S072,2026-01-23,morning,P22,professional,2.5,1,76.0,84.0,80.0,71.5,71.5
CK-100338,S084,2026-01-23,midday,P20,professional,5.6,1,86.0,74.0,73.0,75.8,75.8
CK-100339,S085,2026-01-23,evening,P25,professional,6.6,1,62.0,78.0,69.0,74.6,74.6
CK-100340,S089,2026-01-23,midday,P26,professional,8.5,1,80.0,83.0,86.0,83.4,83.4
CK-100341,S118,2026-01-23,morning,P15,professional,5.1,1,72.0,77.0,76.0,78.5,78.5
CK-100342,S119,2026-01-23,evening,P19,professional,8.0,1,76.0,79.0,79.0,75.7,75.7
CK-100343,S002,2026-01-24,midday,P17,professional,3.6,1,74.0,74.0,81.0,79.4,79.4
CK-100344,S011,2026-01-24,evening,P08,professional,11.0,1,83.0,71.0,77.0,79.5,79.5
CK-100345,S013,2026-01-24,midday,P26,professional,6.6,1,77.0,78.0,71.0,74.5,74.5
CK-100346,S028,2026-01-24,morning,P06,professional,8.1,0,87.0,87.0,83.0,80.3,80.3
CK-100347,S042,2026-01-24,morning,P12,professional,3.8,1,90.0,88.0,92.0,85.4,85.4
CK-100348,S043,2026-01-24,evening,P08,professional,7.3,1,74.0,82.0,75.0,78.6,78.6
CK-100349,S045,2026-01-24,evening,P21,professional,3.7,1,54.0,76.0,72.0,70.1,70.1
CK-100350,S058,2026-01-24,evening,P09,professional,2.4,1,71.0,70.0,74.0,75.7,75.7
CK-100351,S064,2026-01-24,morning,P08,professional,4.5,1,97.0,83.0,94.0,85.0,85.0
CK-100352,S069,2026-01-24,morning,P09,professional,3.2,1,92.0,77.0,78.0,82.2,82.2
CK-100353,S072,2026-01-24,evening,P20,professional,7.1,1,56.0,54.0,55.0,59.9,59.9
CK-100354,S083,2026-01-24,morning,P27,professional,8.1,1,96.0,89.0,90.0,89.3,89.3
CK-100355,S084,2026-01-24,evening,P18,professional,4.6,1,76.0,70.0,76.0,74.3,74.3
CK-100356,S087,2026-01-24,evening,P10,professional,7.0,1,79.0,86.0,88.0,84.1,84.1
CK-100357,S090,2026-01-24,evening,P30,professional,13.7,1,71.0,82.0,77.0,74.3,74.3
CK-100358,S092,2026-01-24,morning,P28,professional,3.5,1,84.0,79.0,84.0,78.0,78.0
CK-100359,S113,2026-01-24,evening,P04,professional,3.7,1,75.0,66.0,67.0,68.8,68.8
CK-100360,S006,2026-01-25,evening,P27,professional,7.1,1,76.0,78.0,84.0,77.4,77.4
CK-100361,S008,2026-01-25,evening,P19,professional,6.5,1,66.0,68.0,63.0,67.2,67.2
CK-100362,S010,2026-01-25,morning,P29,professional,7.2,1,62.0,79.0,74.0,78.7,78.7
CK-100363,S017,2026-01-25,midday,P02,professional,6.0,1,70.0,66.0,77.0,71.4,71.4
CK-100364,S019,2026-01-25,midday,P05,professional,3.3,0,92.0,92.0,96.0,96.5,96.5
CK-100365,S026,2026-01-25,midday,P28,professional,6.6,1,80.0,85.0,85.0,83.9,83.9
CK-100366,S040,2026-01-25,midday,P24,professional,8.8,1,82.0,73.0,79.0,79.4,79.4
CK-100367,S043,2026-01-25,morning,P14,professional,2.4,0,81.0,83.0,77.0,81.1,81.1
CK-100368,S046,2026-01-25,evening,P12,professional,8.9,1,58.0,62.0,66.0,63.2,63.2
CK-100369,S062,2026-01-25,midday,P21,professional,3.1,1,80.0,89.0,91.0,88.4,88.4
CK-100370,S063,2026-01-25,midday,P25,professional,2.1,1,89.0,78.0,77.0,77.2,77.2
CK-100371,S072,2026-01-25,midday,P08,professional,3.2,1,83.0,74.0,82.0,79.7,79.7
CK-100372,S074,2026-01-25,midday,P30,professional,2.7,1,83.0,95.0,81.0,84.8,84.8
CK-100373,S082,2026-01-25,morning,P07,professional,5.5,1,83.0,78.0,80.0,87.5,87.5
CK-100374,S085,2026-01-25,midday,P25,professional,3.0,1,75.0,74.0,78.0,76.5,76.5
CK-100375,S092,2026-01-25,midday,P02,professional,1.4,1,95.0,93.0,83.0,87.7,87.7
CK-100376,S103,2026-01-25,midday,P18,professional,3.5,1,64.0,72.0,61.0,68.2,68.2
CK-100377,S112,2026-01-25,midday,P01,professional,2.8,1,81.0,88.0,84.0,83.6,83.6
CK-100378,S114,2026-01-25,evening,P16,professional,5.5,1,70.0,71.0,78.0,76.0,76.0
CK-100379,S119,2026-01-25,midday,P09,professional,6.6,1,90.0,82.0,81.0,80.5,80.5
CK-100380,S022,2026-01-26,evening,P28,professional,11.9,1,66.0,77.0,73.0,75.0,75.0
CK-100381,S023,2026-01-26,evening,P23,professional,9.5,1,73.0,64.0,64.0,68.6,68.6
CK-100382,S030,2026-01-26,morning,P05,professional,6.1,1,85.0,95.0,86.0,88.7,88.7
CK-100383,S043,2026-01-26,morning,P29,professional,5.0,0,76.0,69.0,68.0,68.6,68.6
CK-100384,S047,2026-01-26,midday,P29,professional,4.1,1,80.0,80.0,78.0,82.2,82.2
CK-100385,S048,2026-01-26,evening,P13,professional,7.2,1,68.0,73.0,69.0,70.1,70.1
CK-100386,S049,2026-01-26,evening,P21,professional,5.6,1,60.0,71.0,67.0,66.1,66.1
CK-100387,S053,2026-01-26,morning,P19,professional,4.8,1,80.0,86.0,83.0,83.3,83.3
CK-100388,S068,2026-01-26,morning,P01,professional,6.8,1,85.0,82.0,83.0,81.3,81.3
CK-100389,S075,2026-01-26,midday,P01,professional,3.4,1,71.0,76.0,73.0,77.5,77.5
CK-100390,S086,2026-01-26,midday,P26,professional,3.0,1,80.0,77.0,72.0,75.3,75.3
CK-100391,S090,2026-01-26,midday,P01,professional,1.7,1,81.0,89.0,77.0,83.1,83.1
CK-100392,S091,2026-01-26,midday,P29,professional,3.5,1,78.0,73.0,77.0,78.3,78.3
CK-100393,S099,2026-01-26,evening,P17,professional,6.8,1,88.0,81.0,88.0,87.7,87.7
CK-100394,S112,2026-01-26,morning,P24,professional,5.1,1,79.0,80.0,85.0,81.9,81.9
CK-100395,S119,2026-01-26,midday,P14,professional,6.4,1,86.0,94.0,81.0,82.6,82.6
CK-100396,S015,2026-01-27,morning,P22,professional,3.1,1,82.0,82.0,85.0,82.7,82.7
CK-100397,S032,2026-01-27,midday,P06,professional,3.5,1,84.0,84.0,79.0,78.5,78.5
CK-100398,S035,2026-01-27,midday,P04,professional,3.9,1,89.0,93.0,89.0,87.8,87.8
CK-100399,S036,2026-01-27,evening,P25,professional,9.8,1,70.0,73.0,63.0,65.2,65.2
CK-100400,S037,2026-01-27,morning,P05,professional,5.3,1,70.0,61.0,68.0,71.0,71.0
CK-100401,S038,2026-01-27,midday,P10,professional,6.4,1,66.0,67.0,56.0,63.8,63.8
CK-100402,S040,2026-01-27,morning,P18,professional,4.8,1,78.0,82.0,75.0,75.6,75.6
CK-100403,S046,2026-01-27,midday,P12,professional,3.6,1,77.0,69.0,78.0,68.6,68.6
CK-100404,S064,2026-01-27,evening,P05,professional,6.3,1,87.0,88.0,88.0,83.4,83.4
CK-100405,S070,2026-01-27,morning,P22,professional,5.6,1,68.0,75.0,76.0,73.5,73.5
CK-100406,S073,2026-01-27,morning,P28,professional,6.6,1,72.0,73.0,78.0,75.5,75.5
CK-100407,S074,2026-01-27,morning,P21,professional,4.8,1,88.0,75.0,75.0,79.9,79.9
CK-100408,S078,2026-01-27,morning,P17,professional,1.6,1,92.0,89.0,81.0,84.8,84.8
CK-100409,S089,2026-01-27,midday,P02,professional,4.8,1,75.0,77.0,76.0,80.7,80.7
CK-100410,S117,2026-01-27,midday,P21,professional,10.8,1,82.0,81.0,82.0,80.4,80.4
CK-100411,S012,2026-01-28,morning,P26,professional,5.2,1,81.0,86.0,85.0,80.7,80.7
CK-100412,S014,2026-01-28,midday,P24,professional,3.6,1,77.0,74.0,79.0,83.7,83.7
CK-100413,S017,2026-01-28,evening,P28,professional,3.1,1,89.0,81.0,88.0,83.4,83.4
CK-100414,S025,2026-01-28,morning,P10,professional,3.0,0,68.0,63.0,66.0,68.3,68.3
CK-100415,S027,2026-01-28,evening,P08,professional,7.3,1,84.0,76.0,77.0,79.3,79.3
CK-100416,S032,2026-01-28,morning,P08,professional,9.6,1,82.0,92.0,83.0,85.5,85.5
CK-100417,S033,2026-01-28,evening,P15,professional,4.6,1,79.0,86.0,80.0,81.0,81.0
CK-100418,S038,2026-01-28,evening,P08,professional,4.7,1,82.0,74.0,80.0,76.7,76.7
CK-100419,S042,2026-01-28,evening,P07,professional,3.5,1,83.0,89.0,86.0,86.5,86.5
CK-100420,S079,2026-01-28,morning,P30,professional,3.4,1,83.0,77.0,80.0,81.0,81.0
CK-100421,S085,2026-01-28,morning,P15,professional,4.2,1,89.0,74.0,84.0,84.0,84.0
CK-100422,S098,2026-01-28,midday,P26,professional,1.8,1,79.0,78.0,77.0,84.2,84.2
CK-100423,S101,2026-01-28,midday,P27,professional,7.1,1,92.0,88.0,93.0,88.2,88.2
CK-100424,S105,2026-01-28,midday,P20,professional,8.5,1,64.0,78.0,72.0,73.2,73.2
CK-100425,S106,2026-01-28,evening,P26,professional,14.5,1,77.0,85.0,84.0,81.3,81.3
CK-100426,S110,2026-01-28,morning,P03,professional,7.0,1,75.0,68.0,70.0,72.4,72.4
CK-100427,S114,2026-01-28,evening,P24,professional,9.8,0,74.0,67.0,70.0,71.1,71.1
CK-100428,S001,2026-01-29,evening,P02,professional,8.9,1,75.0,62.0,70.0,70.5,70.5
CK-100429,S003,2026-01-29,evening,P01,professional,5.1,1,68.0,69.0,73.0,72.3,72.3
CK-100430,S018,2026-01-29,evening,P26,professional,10.1,1,81.0,87.0,87.0,85.0,85.0
CK-100431,S024,2026-01-29,evening,P04,professional,6.9,1,76.0,72.0,81.0,79.9,79.9
CK-100432,S036,2026-01-29,evening,P21,professional,2.9,1,83.0,85.0,81.0,86.2,86.2
CK-100433,S039,2026-01-29,evening,P10,professional,6.5,1,71.0,63.0,64.0,65.0,65.0
CK-100434,S049,2026-01-29,morning,P04,professional,5.1,1,95.0,96.0,94.0,87.6,87.6
CK-100435,S067,2026-01-29,midday,P27,professional,5.4,1,89.0,74.0,83.0,81.7,81.7
CK-100436,S070,2026-01-29,morning,P16,professional,3.2,1,86.0,89.0,93.0,84.1,84.1
CK-100437,S076,2026-01-29,morning,P21,professional,7.5,1,74.0,78.0,76.0,72.5,72.5
CK-100438,S078,2026-01-29,evening,P22,professional,15.1,1,88.0,90.0,85.0,79.2,79.2
CK-100439,S081,2026-01-29,evening,P15,professional,4.8,1,83.0,83.0,77.0,77.1,77.1
CK-100440,S084,2026-01-29,morning,P05,professional,2.9,1,80.0,82.0,72.0,84.1,84.1
CK-100441,S086,2026-01-29,midday,P27,professional,4.8,1,76.0,81.0,77.0,80.4,80.4
CK-100442,S092,2026-01-29,midday,P26,professional,2.9,1,73.0,81.0,74.0,78.0,78.0
CK-100443,S099,2026-01-29,evening,P29,professional,5.6,1,75.0,76.0,68.0,73.4,73.4
CK-100444,S003,2026-01-30,midday,P14,professional,4.9,1,72.0,71.0,78.0,71.1,71.1
CK-100445,S007,2026-01-30,evening,P22,professional,10.1,1,85.0,71.0,83.0,78.9,78.9
CK-100446,S011,2026-01-30,midday,P10,professional,2.9,0,88.0,92.0,87.0,86.8,86.8
CK-100447,S013,2026-01-30,evening,P08,professional,6.4,1,87.0,83.0,92.0,85.3,85.3
CK-100448,S028,2026-01-30,evening,P10,professional,4.4,1,65.0,77.0,68.0,71.2,71.2
CK-100449,S035,2026-01-30,morning,P20,professional,5.0,1,74.0,80.0,68.0,77.7,77.7
CK-100450,S050,2026-01-30,midday,P21,professional,5.6,1,81.0,78.0,74.0,75.9,75.9
CK-100451,S052,2026-01-30,evening,P28,professional,7.3,1,83.0,89.0,85.0,84.4,84.4
CK-100452,S057,2026-01-30,midday,P14,professional,2.9,1,65.0,75.0,69.0,65.1,65.1
CK-100453,S059,2026-01-30,evening,P07,professional,8.3,1,89.0,87.0,81.0,84.6,84.6
CK-100454,S060,2026-01-30,evening,P25,professional,4.5,1,80.0,76.0,79.0,75.3,75.3
CK-100455,S068,2026-01-30,evening,P09,professional,4.7,1,85.0,85.0,84.0,82.7,82.7
CK-100456,S080,2026-01-30,midday,P09,professional,8.5,1,79.0,81.0,79.0,76.0,76.0
CK-100457,S095,2026-01-30,midday,P08,professional,6.1,1,77.0,78.0,72.0,76.5,76.5
CK-100458,S105,2026-01-30,morning,P25,professional,7.3,1,78.0,82.0,83.0,78.5,78.5
CK-100459,S106,2026-01-30,midday,P29,professional,4.7,1,92.0,100.0,98.0,94.1,94.1
CK-100460,S108,2026-01-30,evening,P16,professional,5.3,1,65.0,69.0,69.0,65.2,65.2
CK-100461,S109,2026-01-30,midday,P09,professional,3.9,1,83.0,88.0,92.0,91.1,91.1
CK-100462,S116,2026-01-30,midday,P24,professional,3.2,1,73.0,73.0,71.0,73.6,73.6
CK-100463,S001,2026-01-31,morning,P07,professional,3.6,1,82.0,78.0,81.0,81.3,81.3
CK-100464,S007,2026-01-31,morning,P16,professional,5.9,1,79.0,81.0,76.0,79.3,79.3
CK-100465,S016,2026-01-31,evening,P24,professional,8.4,1,70.0,72.0,77.0,72.5,72.5
CK-100466,S023,2026-01-31,midday,P03,professional,2.3,1,65.0,63.0,67.0,67.6,67.6
CK-100467,S027,2026-01-31,evening,P17,professional,7.6,1,77.0,66.0,76.0,75.7,75.7
CK-100468,S033,2026-01-31,morning,P20,professional,8.4,1,83.0,89.0,84.0,91.6,91.6
CK-100469,S036,2026-01-31,midday,P26,professional,8.9,1,83.0,71.0,83.0,79.5,79.5
CK-100470,S039,2026-01-31,midday,P03,professional,9.2,1,61.0,69.0,63.0,61.5,61.5
CK-100471,S058,2026-01-31,morning,P14,professional,3.8,1,77.0,71.0,76.0,78.2,78.2
CK-100472,S059,2026-01-31,midday,P14,professional,5.7,1,69.0,60.0,70.0,68.6,68.6
CK-100473,S061,2026-01-31,morning,P10,professional,3.0,1,88.0,77.0,81.0,82.8,82.8
CK-100474,S067,2026-01-31,morning,P09,professional,6.7,1,77.0,70.0,77.0,73.6,73.6
CK-100475,S068,2026-01-31,midday,P12,professional,6.3,1,72.0,74.0,68.0,74.9,74.9
CK-100476,S079,2026-01-31,midday,P12,professional,7.2,1,85.0,79.0,93.0,80.8,80.8
CK-100477,S083,2026-01-31,midday,P16,professional,3.4,1,89.0,92.0,88.0,88.2,88.2
CK-100478,S107,2026-01-31,morning,P18,professional,3.6,1,79.0,74.0,73.0,77.7,77.7
CK-100479,S113,2026-01-31,midday,P30,professional,9.6,1,75.0,66.0,74.0,75.6,75.6
CK-100480,S118,2026-01-31,midday,P01,professional,1.8,1,91.0,94.0,98.0,93.9,93.9
CK-100481,S002,2026-02-01,midday,P22,professional,2.2,1,81.0,66.0,72.0,74.1,74.1
CK-100482,S011,2026-02-01,morning,P08,professional,9.6,1,91.0,83.0,91.0,91.0,91.0
CK-100483,S024,2026-02-01,midday,P06,professional,5.9,1,74.0,82.0,75.0,80.5,80.5
CK-100484,S030,2026-02-01,midday,P06,professional,5.7,1,96.0,98.0,100.0,94.7,94.7
CK-100485,S039,2026-02-01,evening,P20,professional,5.2,1,76.0,78.0,77.0,70.9,70.9
CK-100486,S052,2026-02-01,midday,P10,professional,4.6,1,67.0,84.0,68.0,75.2,75.2
CK-100487,S057,2026-02-01,morning,P08,professional,4.9,1,69.0,75.0,64.0,72.1,72.1
CK-100488,S071,2026-02-01,midday,P13,professional,9.9,1,84.0,87.0,88.0,87.5,87.5
CK-100489,S076,2026-02-01,morning,P26,professional,10.7,1,75.0,71.0,72.0,71.9,71.9
CK-100490,S102,2026-02-01,morning,P04,professional,7.5,1,85.0,90.0,89.0,82.3,82.3
CK-100491,S109,2026-02-01,midday,P17,professional,2.5,1,74.0,72.0,71.0,69.4,69.4
CK-100492,S112,2026-02-01,evening,P21,professional,11.7,0,80.0,79.0,84.0,83.7,83.7
CK-100493,S120,2026-02-01,evening,P21,professional,6.8,1,74.0,65.0,62.0,64.9,64.9
CK-100494,S014,2026-02-02,midday,P24,professional,4.9,1,79.0,78.0,73.0,76.7,76.7
CK-100495,S016,2026-02-02,midday,P08,professional,6.7,1,66.0,74.0,75.0,76.2,76.2
CK-100496,S025,2026-02-02,midday,P14,professional,4.6,1,78.0,80.0,77.0,75.3,75.3
CK-100497,S027,2026-02-02,evening,P02,professional,4.2,1,48.0,61.0,57.0,62.3,62.3
CK-100498,S029,2026-02-02,morning,P01,professional,5.0,1,74.0,79.0,85.0,81.7,81.7
CK-100499,S030,2026-02-02,morning,P05,professional,10.1,1,81.0,86.0,77.0,79.7,79.7
CK-100500,S034,2026-02-02,midday,P07,professional,3.0,1,88.0,90.0,87.0,83.9,83.9
CK-100501,S038,2026-02-02,morning,P21,professional,8.0,1,92.0,93.0,93.0,94.2,94.2
CK-100502,S046,2026-02-02,midday,P10,professional,4.9,0,70.0,70.0,75.0,74.6,74.6
CK-100503,S047,2026-02-02,midday,P21,professional,2.2,1,83.0,73.0,76.0,73.2,73.2
CK-100504,S058,2026-02-02,midday,P03,professional,2.4,1,77.0,74.0,81.0,77.9,77.9
CK-100505,S060,2026-02-02,morning,P12,professional,3.7,1,76.0,73.0,76.0,72.5,72.5
CK-100506,S062,2026-02-02,morning,P17,professional,5.3,1,64.0,82.0,74.0,75.7,75.7
CK-100507,S075,2026-02-02,midday,P12,professional,7.4,1,76.0,63.0,66.0,71.4,71.4
CK-100508,S080,2026-02-02,evening,P19,professional,5.2,1,68.0,82.0,74.0,76.3,76.3
CK-100509,S084,2026-02-02,morning,P28,professional,4.7,1,67.0,78.0,70.0,72.9,72.9
CK-100510,S087,2026-02-02,evening,P15,professional,4.7,1,86.0,89.0,72.0,77.0,77.0
CK-100511,S090,2026-02-02,evening,P06,professional,4.7,1,78.0,77.0,80.0,77.8,77.8
CK-100512,S096,2026-02-02,morning,P03,professional,4.3,1,74.0,80.0,78.0,78.5,78.5
CK-100513,S099,2026-02-02,morning,P20,professional,4.7,1,81.0,78.0,86.0,80.9,80.9
CK-100514,S108,2026-02-02,morning,P25,professional,2.9,1,86.0,93.0,87.0,89.0,89.0
CK-100515,S112,2026-02-02,morning,P13,professional,2.8,1,82.0,85.0,90.0,82.8,82.8
CK-100516,S113,2026-02-02,evening,P30,professional,5.0,1,69.0,76.0,77.0,77.1,77.1
CK-100517,S001,2026-02-03,midday,P15,professional,5.4,1,89.0,82.0,76.0,79.9,79.9
CK-100518,S004,2026-02-03,evening,P01,professional,3.3,1,75.0,80.0,77.0,76.3,76.3
CK-100519,S016,2026-02-03,morning,P07,professional,4.4,1,75.0,77.0,78.0,76.6,76.6
CK-100520,S017,2026-02-03,midday,P29,professional,2.2,1,82.0,79.0,70.0,79.7,79.7
CK-100521,S018,2026-02-03,midday,P10,professional,3.1,1,73.0,73.0,65.0,69.2,69.2
CK-100522,S022,2026-02-03,morning,P30,professional,3.1,1,89.0,89.0,97.0,93.3,93.3
CK-100523,S038,2026-02-03,evening,P25,professional,6.9,1,87.0,81.0,95.0,89.9,89.9
CK-100524,S039,2026-02-03,midday,P02,professional,6.5,0,86.0,75.0,81.0,80.0,80.0
CK-100525,S042,2026-02-03,morning,P26,professional,5.0,1,77.0,73.0,77.0,83.0,83.0
CK-100526,S044,2026-02-03,midday,P08,professional,3.5,1,70.0,65.0,82.0,73.1,73.1
CK-100527,S053,2026-02-03,midday,P23,professional,2.1,1,70.0,69.0,74.0,71.3,71.3
CK-100528,S056,2026-02-03,evening,P29,professional,6.0,1,88.0,87.0,89.0,86.7,86.7
CK-100529,S066,2026-02-03,morning,P05,professional,2.6,1,86.0,70.0,79.0,85.1,85.1
CK-100530,S071,2026-02-03,morning,P22,professional,9.3,1,74.0,74.0,69.0,70.8,70.8
CK-100531,S074,2026-02-03,evening,P28,professional,3.8,1,78.0,76.0,75.0,71.2,71.2
CK-100532,S075,2026-02-03,evening,P05,professional,4.6,1,77.0,77.0,76.0,77.4,77.4
CK-100533,S082,2026-02-03,morning,P18,professional,3.1,1,67.0,63.0,67.0,66.9,66.9
CK-100534,S085,2026-02-03,midday,P22,professional,1.6,1,69.0,77.0,75.0,74.8,74.8
CK-100535,S093,2026-02-03,evening,P19,professional,8.7,1,81.0,69.0,74.0,75.2,75.2
CK-100536,S104,2026-02-03,morning,P22,professional,6.4,1,78.0,84.0,72.0,78.3,78.3
CK-100537,S006,2026-02-04,evening,P13,professional,10.5,1,69.0,62.0,78.0,72.4,72.4
CK-100538,S007,2026-02-04,morning,P27,professional,4.1,1,57.0,63.0,62.0,66.3,66.3
CK-100539,S008,2026-02-04,evening,P13,professional,16.8,1,85.0,82.0,85.0,80.3,80.3
CK-100540,S025,2026-02-04,evening,P03,professional,7.2,1,67.0,77.0,80.0,73.7,73.7
CK-100541,S029,2026-02-04,evening,P05,professional,6.1,1,74.0,70.0,72.0,74.3,74.3
CK-100542,S035,2026-02-04,morning,P11,professional,3.2,1,84.0,73.0,80.0,81.1,81.1
CK-100543,S059,2026-02-04,morning,P18,professional,2.0,1,68.0,77.0,73.0,72.2,72.2
CK-100544,S066,2026-02-04,midday,P01,professional,4.9,1,70.0,73.0,78.0,77.1,77.1
CK-100545,S067,2026-02-04,morning,P02,professional,6.2,1,91.0,92.0,83.0,88.2,88.2
CK-100546,S078,2026-02-04,morning,P15,professional,6.3,1,81.0,85.0,88.0,86.2,86.2
CK-100547,S087,2026-02-04,midday,P02,professional,5.5,1,96.0,89.0,89.0,91.0,91.0
CK-100548,S097,2026-02-04,midday,P15,professional,3.5,1,83.0,76.0,80.0,79.0,79.0
CK-100549,S100,2026-02-04,morning,P08,professional,2.0,1,100.0,91.0,96.0,94.1,94.1
CK-100550,S101,2026-02-04,midday,P14,professional,3.0,1,96.0,92.0,91.0,91.6,91.6
CK-100551,S106,2026-02-04,midday,P06,professional,4.8,0,87.0,81.0,88.0,88.8,88.8
CK-100552,S109,2026-02-04,morning,P04,professional,3.3,1,57.0,70.0,70.0,67.6,67.6
CK-100553,S118,2026-02-04,morning,P24,professional,4.4,1,92.0,98.0,93.0,95.9,95.9
CK-100554,S119,2026-02-04,morning,P24,professional,4.2,1,74.0,84.0,85.0,82.0,82.0
CK-100555,S003,2026-02-05,morning,P29,professional,2.9,1,67.0,67.0,71.0,69.6,69.6
CK-100556,S006,2026-02-05,morning,P16,professional,3.3,1,77.0,93.0,93.0,89.1,89.1
CK-100557,S009,2026-02-05,midday,P17,professional,4.8,1,83.0,79.0,81.0,82.5,82.5
CK-100558,S026,2026-02-05,evening,P22,professional,4.1,1,82.0,79.0,83.0,82.5,82.5
CK-100559,S028,2026-02-05,midday,P11,professional,1.9,1,83.0,84.0,76.0,79.8,79.8
CK-100560,S038,2026-02-05,evening,P28,professional,3.6,1,88.0,87.0,85.0,85.3,85.3
CK-100561,S040,2026-02-05,midday,P02,professional,9.4,1,69.0,69.0,77.0,76.5,76.5
CK-100562,S041,2026-02-05,midday,P02,professional,5.2,1,84.0,89.0,77.0,86.6,86.6
CK-100563,S049,2026-02-05,evening,P16,professional,5.8,1,77.0,72.0,76.0,80.1,80.1
CK-100564,S060,2026-02-05,morning,P02,professional,3.0,1,93.0,90.0,93.0,87.4,87.4
CK-100565,S064,2026-02-05,midday,P03,professional,8.2,1,86.0,87.0,81.0,83.6,83.6
CK-100566,S081,2026-02-05,morning,P03,professional,3.4,1,83.0,82.0,88.0,87.0,87.0
CK-100567,S083,2026-02-05,evening,P06,professional,7.6,1,78.0,80.0,71.0,75.3,75.3
CK-100568,S091,2026-02-05,evening,P14,professional,3.5,1,64.0,84.0,73.0,72.0,72.0
CK-100569,S092,2026-02-05,evening,P08,professional,10.8,1,77.0,79.0,78.0,74.4,74.4
CK-100570,S093,2026-02-05,morning,P18,professional,4.2,1,79.0,82.0,77.0,78.3,78.3
CK-100571,S096,2026-02-05,evening,P24,professional,3.0,0,61.0,63.0,68.0,65.7,65.7
CK-100572,S097,2026-02-05,morning,P05,professional,2.9,1,85.0,67.0,75.0,72.5,72.5
CK-100573,S116,2026-02-05,midday,P18,professional,3.3,1,71.0,88.0,83.0,81.6,81.6
CK-100574,S117,2026-02-05,morning,P17,professional,2.9,1,70.0,81.0,82.0,79.8,79.8
CK-100575,S011,2026-02-06,evening,P09,professional,6.5,1,80.0,89.0,91.0,84.8,84.8
CK-100576,S012,2026-02-06,morning,P21,professional,3.7,1,73.0,70.0,72.0,70.2,70.2
CK-100577,S013,2026-02-06,midday,P06,professional,3.4,1,66.0,72.0,74.0,72.4,72.4
CK-100578,S015,2026-02-06,morning,P09,professional,7.6,0,97.0,86.0,90.0,90.6,90.6
CK-100579,S018,2026-02-06,morning,P18,professional,6.5,1,86.0,83.0,82.0,82.4,82.4
CK-100580,S026,2026-02-06,midday,P21,professional,6.8,1,71.0,77.0,83.0,78.5,78.5
CK-100581,S036,2026-02-06,morning,P10,professional,3.6,1,96.0,80.0,86.0,88.0,88.0
CK-100582,S047,2026-02-06,evening,P04,professional,12.8,1,68.0,79.0,76.0,74.9,74.9
CK-100583,S056,2026-02-06,morning,P16,professional,3.1,1,80.0,81.0,85.0,82.0,82.0
CK-100584,S059,2026-02-06,midday,P16,professional,1.8,1,97.0,99.0,100.0,97.4,97.4
CK-100585,S062,2026-02-06,midday,P07,professional,3.1,1,69.0,71.0,77.0,68.5,68.5
CK-100586,S074,2026-02-06,morning,P04,professional,7.7,1,87.0,77.0,68.0,73.9,73.9
CK-100587,S084,2026-02-06,morning,P09,professional,3.6,0,72.0,75.0,82.0,78.9,78.9
CK-100588,S088,2026-02-06,morning,P09,professional,4.5,1,69.0,81.0,78.0,75.4,75.4
CK-100589,S098,2026-02-06,evening,P17,professional,2.8,1,69.0,71.0,74.0,74.6,74.6
CK-100590,S115,2026-02-06,morning,P29,professional,8.4,0,94.0,81.0,84.0,82.2,82.2
CK-100591,S001,2026-02-07,midday,P08,professional,3.5,1,82.0,65.0,71.0,79.0,79.0
CK-100592,S003,2026-02-07,midday,P07,professional,3.4,1,85.0,94.0,90.0,87.7,87.7
CK-100593,S004,2026-02-07,midday,P05,professional,3.0,1,80.0,83.0,83.0,82.1,82.1
CK-100594,S020,2026-02-07,evening,P25,professional,7.3,1,57.0,64.0,60.0,62.3,62.3
CK-100595,S042,2026-02-07,midday,P25,professional,6.8,1,87.0,83.0,83.0,83.7,83.7
CK-100596,S045,2026-02-07,midday,P14,professional,3.8,1,77.0,89.0,82.0,82.6,82.6
CK-100597,S048,2026-02-07,morning,P04,professional,7.2,1,88.0,85.0,81.0,83.6,83.6
CK-100598,S050,2026-02-07,evening,P28,professional,5.0,1,73.0,77.0,84.0,82.8,82.8
CK-100599,S064,2026-02-07,midday,P30,professional,14.3,1,86.0,91.0,90.0,86.1,86.1
CK-100600,S066,2026-02-07,morning,P15,professional,1.4,1,83.0,85.0,85.0,83.2,83.2
CK-100601,S068,2026-02-07,evening,P11,professional,3.8,1,72.0,73.0,72.0,72.2,72.2
CK-100602,S072,2026-02-07,midday,P15,professional,6.9,1,79.0,67.0,74.0,73.9,73.9
CK-100603,S076,2026-02-07,midday,P24,professional,4.1,1,94.0,93.0,89.0,87.1,87.1
CK-100604,S080,2026-02-07,midday,P29,professional,2.0,1,72.0,71.0,72.0,75.5,75.5
CK-100605,S089,2026-02-07,evening,P11,professional,10.1,0,83.0,83.0,84.0,81.4,81.4
CK-100606,S097,2026-02-07,evening,P16,professional,10.3,1,80.0,73.0,72.0,76.5,76.5
CK-100607,S107,2026-02-07,evening,P06,professional,8.2,1,76.0,70.0,70.0,72.1,72.1
CK-100608,S115,2026-02-07,evening,P17,professional,6.0,1,74.0,75.0,70.0,73.9,73.9
CK-100609,S120,2026-02-07,midday,P11,professional,10.1,1,81.0,81.0,83.0,82.2,82.2
CK-100610,S010,2026-02-08,evening,P13,professional,3.9,1,76.0,74.0,66.0,70.9,70.9
CK-100611,S013,2026-02-08,morning,P24,professional,2.0,1,82.0,82.0,91.0,82.8,82.8
CK-100612,S020,2026-02-08,evening,P24,professional,7.5,1,77.0,88.0,74.0,76.5,76.5
CK-100613,S021,2026-02-08,morning,P10,professional,9.5,1,86.0,74.0,70.0,75.1,75.1
CK-100614,S029,2026-02-08,evening,P08,professional,5.7,1,73.0,75.0,78.0,77.3,77.3
CK-100615,S039,2026-02-08,morning,P06,professional,1.9,1,80.0,79.0,78.0,77.6,77.6
CK-100616,S079,2026-02-08,morning,P13,professional,4.5,1,82.0,86.0,87.0,83.8,83.8
CK-100617,S088,2026-02-08,evening,P12,professional,5.1,0,83.0,75.0,81.0,81.0,81.0
CK-100618,S091,2026-02-08,midday,P03,professional,4.7,1,90.0,89.0,93.0,87.1,87.1
CK-100619,S101,2026-02-08,evening,P14,professional,17.3,1,76.0,78.0,71.0,74.7,74.7
CK-100620,S105,2026-02-08,evening,P16,professional,4.5,1,64.0,57.0,62.0,58.6,58.6
CK-100621,S106,2026-02-08,evening,P02,professional,6.2,1,81.0,85.0,78.0,82.6,82.6
CK-100622,S110,2026-02-08,evening,P16,professional,6.5,1,71.0,69.0,75.0,72.7,72.7
CK-100623,S111,2026-02-08,morning,P25,professional,2.6,1,84.0,74.0,79.0,78.2,78.2
CK-100624,S019,2026-02-09,midday,P02,professional,4.2,1,87.0,69.0,65.0,68.1,68.1
CK-100625,S027,2026-02-09,morning,P03,professional,9.2,0,78.0,78.0,80.0,79.0,79.0
CK-100626,S028,2026-02-09,evening,P01,professional,5.9,1,65.0,66.0,63.0,63.0,63.0
CK-100627,S032,2026-02-09,evening,P19,professional,7.4,1,78.0,68.0,83.0,77.6,77.6
CK-100628,S039,2026-02-09,morning,P26,professional,2.9,1,70.0,74.0,74.0,78.3,78.3
CK-100629,S056,2026-02-09,evening,P25,professional,2.8,1,83.0,82.0,86.0,87.3,87.3
CK-100630,S063,2026-02-09,evening,P07,professional,6.3,1,65.0,76.0,76.0,75.2,75.2
CK-100631,S071,2026-02-09,evening,P26,professional,9.3,1,74.0,68.0,77.0,73.4,73.4
CK-100632,S072,2026-02-09,evening,P27,professional,5.0,1,69.0,61.0,75.0,72.0,72.0
CK-100633,S075,2026-02-09,morning,P04,professional,4.5,1,71.0,68.0,80.0,75.9,75.9
CK-100634,S077,2026-02-09,evening,P20,professional,8.8,1,89.0,94.0,81.0,81.2,81.2
CK-100635,S087,2026-02-09,morning,P11,professional,1.5,1,75.0,85.0,76.0,77.7,77.7
CK-100636,S091,2026-02-09,midday,P24,professional,5.8,1,73.0,80.0,76.0,76.5,76.5
CK-100637,S106,2026-02-09,morning,P24,professional,3.0,1,86.0,97.0,89.0,87.0,87.0
CK-100638,S107,2026-02-09,evening,P03,professional,7.9,0,83.0,88.0,76.0,84.3,84.3
CK-100639,S109,2026-02-09,evening,P13,professional,7.4,1,76.0,79.0,66.0,70.4,70.4
CK-100640,S019,2026-02-10,midday,P11,professional,4.3,1,73.0,79.0,74.0,78.7,78.7
CK-100641,S033,2026-02-10,morning,P15,professional,6.4,1,87.0,84.0,87.0,85.5,85.5
CK-100642,S041,2026-02-10,evening,P02,professional,9.5,1,85.0,85.0,85.0,88.6,88.6
CK-100643,S042,2026-02-10,morning,P23,professional,4.3,0,78.0,74.0,68.0,74.4,74.4
CK-100644,S047,2026-02-10,evening,P04,professional,18.6,1,81.0,77.0,81.0,82.9,82.9
CK-100645,S052,2026-02-10,evening,P01,professional,7.1,1,62.0,64.0,73.0,67.7,67.7
CK-100646,S054,2026-02-10,midday,P19,professional,2.3,0,72.0,80.0,79.0,79.3,79.3
CK-100647,S055,2026-02-10,evening,P25,professional,4.0,1,92.0,83.0,85.0,85.6,85.6
CK-100648,S064,2026-02-10,morning,P08,professional,8.1,1,79.0,78.0,82.0,78.3,78.3
CK-100649,S065,2026-02-10,evening,P06,professional,5.2,1,91.0,81.0,81.0,83.3,83.3
CK-100650,S068,2026-02-10,evening,P18,professional,5.5,1,67.0,61.0,70.0,66.4,66.4
CK-100651,S070,2026-02-10,morning,P27,professional,3.6,1,75.0,68.0,78.0,74.2,74.2
CK-100652,S088,2026-02-10,midday,P26,professional,5.0,1,74.0,78.0,80.0,76.1,76.1
CK-100653,S095,2026-02-10,evening,P27,professional,12.3,1,69.0,73.0,70.0,71.6,71.6
CK-100654,S101,2026-02-10,evening,P05,professional,5.3,1,65.0,79.0,82.0,75.8,75.8
CK-100655,S107,2026-02-10,midday,P11,professional,4.3,1,60.0,64.0,62.0,61.1,61.1
CK-100656,S111,2026-02-10,evening,P19,professional,8.5,1,77.0,82.0,86.0,82.0,82.0
CK-100657,S117,2026-02-10,evening,P14,professional,1.3,1,83.0,100.0,87.0,89.3,89.3
CK-100658,S120,2026-02-10,morning,P04,professional,4.4,1,68.0,73.0,65.0,68.2,68.2
CK-100659,S005,2026-02-11,evening,P20,professional,3.5,1,86.0,78.0,80.0,81.2,81.2
CK-100660,S006,2026-02-11,morning,P29,professional,3.5,1,67.0,69.0,71.0,69.5,69.5
CK-100661,S020,2026-02-11,morning,P25,professional,2.9,1,71.0,84.0,73.0,77.1,77.1
CK-100662,S022,2026-02-11,evening,P22,professional,9.6,0,83.0,77.0,84.0,84.6,84.6
CK-100663,S031,2026-02-11,evening,P30,professional,7.1,1,78.0,83.0,77.0,83.2,83.2
CK-100664,S043,2026-02-11,morning,P02,professional,2.4,1,84.0,79.0,77.0,80.8,80.8
CK-100665,S053,2026-02-11,morning,P09,professional,7.8,1,75.0,80.0,81.0,77.8,77.8
CK-100666,S061,2026-02-11,morning,P04,professional,6.4,1,87.0,76.0,90.0,80.3,80.3
CK-100667,S069,2026-02-11,morning,P29,professional,4.6,1,81.0,88.0,83.0,83.8,83.8
CK-100668,S075,2026-02-11,morning,P16,professional,1.5,1,83.0,94.0,78.0,80.2,80.2
CK-100669,S082,2026-02-11,midday,P13,professional,3.5,1,90.0,74.0,86.0,79.3,79.3
CK-100670,S102,2026-02-11,morning,P15,professional,3.8,1,75.0,74.0,74.0,76.0,76.0
CK-100671,S110,2026-02-11,morning,P24,professional,5.2,1,67.0,57.0,66.0,64.3,64.3
CK-100672,S114,2026-02-11,evening,P17,professional,8.5,1,89.0,82.0,85.0,83.7,83.7
CK-100673,S117,2026-02-11,morning,P14,professional,3.2,1,86.0,82.0,86.0,87.4,87.4
CK-100674,S012,2026-02-12,morning,P15,professional,5.5,1,82.0,73.0,82.0,81.4,81.4
CK-100675,S017,2026-02-12,evening,P20,professional,4.3,1,69.0,70.0,64.0,64.9,64.9
CK-100676,S018,2026-02-12,morning,P27,professional,2.5,1,86.0,78.0,88.0,89.3,89.3
CK-100677,S023,2026-02-12,evening,P27,professional,5.8,1,84.0,80.0,73.0,73.9,73.9
CK-100678,S034,2026-02-12,midday,P14,professional,7.7,1,78.0,74.0,75.0,75.7,75.7
CK-100679,S036,2026-02-12,morning,P04,professional,3.2,1,78.0,79.0,68.0,74.2,74.2
CK-100680,S043,2026-02-12,midday,P07,professional,3.1,1,81.0,79.0,83.0,84.6,84.6
CK-100681,S046,2026-02-12,morning,P21,professional,9.9,1,71.0,79.0,83.0,75.6,75.6
CK-100682,S057,2026-02-12,evening,P15,professional,2.4,1,85.0,81.0,79.0,82.4,82.4
CK-100683,S077,2026-02-12,midday,P26,professional,3.9,1,87.0,94.0,94.0,86.8,86.8
CK-100684,S086,2026-02-12,midday,P06,professional,7.4,1,85.0,76.0,84.0,79.2,79.2
CK-100685,S092,2026-02-12,evening,P27,professional,4.5,1,91.0,85.0,81.0,84.3,84.3
CK-100686,S093,2026-02-12,midday,P12,professional,3.6,1,90.0,81.0,84.0,88.4,88.4
CK-100687,S098,2026-02-12,midday,P21,professional,13.1,1,72.0,83.0,74.0,80.5,80.5
CK-100688,S103,2026-02-12,morning,P28,professional,5.9,1,87.0,74.0,83.0,78.4,78.4
CK-100689,S112,2026-02-12,midday,P11,professional,4.2,1,80.0,80.0,83.0,79.2,79.2
CK-100690,S114,2026-02-12,morning,P26,professional,9.7,1,84.0,84.0,80.0,79.1,79.1
CK-100691,S117,2026-02-12,midday,P01,professional,2.6,1,75.0,84.0,88.0,85.3,85.3
CK-100692,S118,2026-02-12,midday,P30,professional,5.7,1,74.0,89.0,85.0,77.1,77.1
CK-100693,S011,2026-02-13,midday,P23,professional,9.2,1,74.0,79.0,74.0,77.9,77.9
CK-100694,S035,2026-02-13,midday,P20,professional,3.9,1,81.0,77.0,78.0,72.2,72.2
CK-100695,S037,2026-02-13,morning,P04,professional,4.9,1,66.0,65.0,73.0,69.1,69.1
CK-100696,S043,2026-02-13,midday,P06,professional,10.3,1,70.0,75.0,76.0,73.5,73.5
CK-100697,S045,2026-02-13,evening,P26,professional,2.7,0,72.0,76.0,69.0,74.7,74.7
CK-100698,S050,2026-02-13,morning,P14,professional,4.6,1,94.0,100.0,94.0,92.3,92.3
CK-100699,S053,2026-02-13,evening,P04,professional,11.2,1,69.0,82.0,76.0,74.8,74.8
CK-100700,S054,2026-02-13,morning,P28,professional,8.2,0,70.0,65.0,68.0,72.6,72.6
CK-100701,S060,2026-02-13,midday,P17,professional,2.9,1,80.0,76.0,79.0,78.6,78.6
CK-100702,S066,2026-02-13,evening,P21,professional,7.7,1,72.0,70.0,71.0,69.6,69.6
CK-100703,S067,2026-02-13,midday,P07,professional,1.6,1,61.0,70.0,68.0,68.3,68.3
CK-100704,S071,2026-02-13,evening,P14,professional,4.0,1,77.0,66.0,76.0,73.4,73.4
CK-100705,S080,2026-02-13,evening,P17,professional,3.3,1,83.0,80.0,85.0,79.1,79.1
CK-100706,S095,2026-02-13,evening,P06,professional,5.0,1,84.0,75.0,73.0,78.5,78.5
CK-100707,S100,2026-02-13,midday,P30,professional,3.2,1,93.0,83.0,95.0,88.7,88.7
CK-100708,S103,2026-02-13,midday,P07,professional,4.7,1,78.0,84.0,78.0,81.9,81.9
CK-100709,S114,2026-02-13,midday,P18,professional,3.9,1,83.0,87.0,88.0,83.8,83.8
CK-100710,S115,2026-02-13,midday,P05,professional,2.9,1,66.0,79.0,73.0,73.1,73.1
CK-100711,S003,2026-02-14,evening,P24,professional,4.4,1,77.0,75.0,69.0,67.3,67.3
CK-100712,S004,2026-02-14,morning,P01,professional,4.1,1,77.0,86.0,73.0,78.6,78.6
CK-100713,S005,2026-02-14,evening,P06,professional,5.6,1,84.0,90.0,92.0,84.8,84.8
CK-100714,S014,2026-02-14,evening,P12,professional,5.0,1,73.0,67.0,75.0,70.1,70.1
CK-100715,S022,2026-02-14,midday,P14,professional,9.0,1,80.0,78.0,77.0,79.4,79.4
CK-100716,S023,2026-02-14,evening,P11,professional,20.4,1,65.0,67.0,68.0,69.7,69.7
CK-100717,S026,2026-02-14,morning,P24,professional,5.0,1,94.0,88.0,90.0,90.7,90.7
CK-100718,S035,2026-02-14,evening,P18,professional,5.3,1,79.0,76.0,77.0,78.0,78.0
CK-100719,S049,2026-02-14,midday,P08,professional,5.0,1,75.0,83.0,71.0,74.9,74.9
CK-100720,S054,2026-02-14,morning,P10,professional,3.1,1,78.0,78.0,75.0,78.2,78.2
CK-100721,S057,2026-02-14,morning,P24,professional,4.9,0,78.0,77.0,82.0,77.6,77.6
CK-100722,S073,2026-02-14,morning,P13,professional,4.5,0,79.0,82.0,84.0,81.8,81.8
CK-100723,S076,2026-02-14,midday,P28,professional,6.1,1,69.0,66.0,72.0,71.1,71.1
CK-100724,S082,2026-02-14,evening,P08,professional,10.1,1,88.0,85.0,92.0,86.6,86.6
CK-100725,S099,2026-02-14,midday,P20,professional,5.2,1,81.0,88.0,83.0,80.7,80.7
CK-100726,S103,2026-02-14,midday,P22,professional,3.1,1,85.0,81.0,83.0,83.8,83.8
CK-100727,S105,2026-02-14,midday,P01,professional,5.0,0,73.0,67.0,75.0,74.8,74.8
CK-100728,S015,2026-02-15,evening,P21,professional,8.6,1,80.0,84.0,82.0,78.2,78.2
CK-100729,S021,2026-02-15,morning,P23,professional,1.8,1,79.0,77.0,68.0,72.5,72.5
CK-100730,S024,2026-02-15,evening,P07,professional,4.6,1,72.0,81.0,77.0,79.8,79.8
CK-100731,S030,2026-02-15,morning,P09,professional,3.2,1,82.0,78.0,81.0,84.1,84.1
CK-100732,S047,2026-02-15,morning,P08,professional,2.5,1,90.0,86.0,84.0,87.1,87.1
CK-100733,S053,2026-02-15,evening,P07,professional,13.4,0,74.0,75.0,77.0,76.9,76.9
CK-100734,S063,2026-02-15,midday,P20,professional,9.1,1,85.0,93.0,89.0,90.6,90.6
CK-100735,S065,2026-02-15,morning,P09,professional,3.1,0,85.0,84.0,87.0,83.6,83.6
CK-100736,S067,2026-02-15,midday,P14,professional,1.8,1,76.0,71.0,75.0,75.8,75.8
CK-100737,S073,2026-02-15,evening,P25,professional,7.7,1,65.0,74.0,71.0,72.7,72.7
CK-100738,S084,2026-02-15,midday,P14,professional,2.6,1,84.0,86.0,90.0,82.0,82.0
CK-100739,S091,2026-02-15,morning,P02,professional,3.7,1,76.0,81.0,75.0,78.4,78.4
CK-100740,S094,2026-02-15,midday,P06,professional,2.2,1,77.0,84.0,85.0,85.1,85.1
CK-100741,S097,2026-02-15,midday,P22,professional,2.2,0,68.0,65.0,69.0,72.2,72.2
CK-100742,S100,2026-02-15,midday,P18,professional,8.7,1,93.0,69.0,84.0,83.1,83.1
CK-100743,S108,2026-02-15,midday,P15,professional,4.0,1,80.0,67.0,71.0,73.7,73.7
CK-100744,S110,2026-02-15,evening,P27,professional,6.0,1,73.0,61.0,73.0,72.4,72.4
CK-100745,S116,2026-02-15,evening,P21,professional,4.1,1,63.0,69.0,74.0,67.1,67.1
CK-100746,S118,2026-02-15,midday,P27,professional,2.8,1,87.0,87.0,91.0,93.6,93.6
CK-100747,S120,2026-02-15,morning,P21,professional,3.7,1,83.0,78.0,91.0,86.3,86.3
CK-100748,S007,2026-02-16,midday,P17,professional,4.6,1,75.0,78.0,79.0,75.7,75.7
CK-100749,S008,2026-02-16,morning,P12,professional,3.2,1,82.0,77.0,69.0,77.3,77.3
CK-100750,S009,2026-02-16,morning,P09,professional,5.6,1,71.0,72.0,79.0,77.6,77.6
CK-100751,S013,2026-02-16,midday,P01,professional,4.0,1,94.0,86.0,88.0,82.5,82.5
CK-100752,S015,2026-02-16,midday,P08,professional,3.7,1,78.0,68.0,70.0,73.2,73.2
CK-100753,S034,2026-02-16,morning,P29,professional,5.3,1,70.0,69.0,79.0,72.5,72.5
CK-100754,S036,2026-02-16,midday,P07,professional,4.9,1,90.0,93.0,96.0,92.0,92.0
CK-100755,S037,2026-02-16,midday,P10,professional,4.4,1,74.0,64.0,73.0,73.7,73.7
CK-100756,S049,2026-02-16,morning,P24,professional,4.2,1,75.0,86.0,82.0,81.9,81.9
CK-100757,S055,2026-02-16,midday,P01,professional,6.8,1,88.0,91.0,92.0,92.5,92.5
CK-100758,S058,2026-02-16,morning,P20,professional,4.3,1,97.0,100.0,92.0,93.0,93.0
CK-100759,S060,2026-02-16,evening,P02,professional,7.2,1,72.0,85.0,80.0,78.8,78.8
CK-100760,S069,2026-02-16,morning,P21,professional,3.7,1,74.0,82.0,83.0,80.1,80.1
CK-100761,S079,2026-02-16,evening,P11,professional,9.8,1,80.0,79.0,76.0,78.1,78.1
CK-100762,S089,2026-02-16,morning,P09,professional,5.7,1,84.0,91.0,89.0,87.3,87.3
CK-100763,S094,2026-02-16,midday,P29,professional,3.4,1,94.0,89.0,93.0,88.3,88.3
CK-100764,S099,2026-02-16,morning,P08,professional,4.8,1,67.0,77.0,71.0,75.4,75.4
CK-100765,S104,2026-02-16,midday,P22,professional,3.7,0,86.0,82.0,79.0,80.7,80.7
CK-100766,S105,2026-02-16,morning,P10,professional,5.0,1,74.0,66.0,77.0,69.9,69.9
CK-100767,S011,2026-02-17,evening,P18,professional,6.5,0,74.0,70.0,77.0,73.9,73.9
CK-100768,S014,2026-02-17,morning,P08,professional,2.8,1,68.0,73.0,74.0,72.0,72.0
CK-100769,S017,2026-02-17,morning,P15,professional,3.3,1,79.0,88.0,91.0,83.3,83.3
CK-100770,S022,2026-02-17,midday,P21,professional,5.1,1,78.0,73.0,75.0,78.8,78.8
CK-100771,S031,2026-02-17,midday,P30,professional,3.4,1,92.0,87.0,82.0,85.5,85.5
CK-100772,S035,2026-02-17,evening,P17,professional,4.6,1,84.0,76.0,76.0,76.7,76.7
CK-100773,S050,2026-02-17,evening,P16,professional,15.6,1,80.0,92.0,83.0,80.5,80.5
CK-100774,S054,2026-02-17,evening,P14,professional,3.0,1,80.0,77.0,74.0,77.2,77.2
CK-100775,S081,2026-02-17,morning,P04,professional,1.5,1,86.0,77.0,82.0,83.2,83.2
CK-100776,S084,2026-02-17,evening,P02,professional,8.7,1,84.0,90.0,89.0,85.4,85.4
CK-100777,S086,2026-02-17,evening,P09,professional,3.6,1,92.0,86.0,81.0,83.6,83.6
CK-100778,S105,2026-02-17,morning,P23,professional,6.5,0,75.0,78.0,75.0,73.1,73.1
CK-100779,S107,2026-02-17,morning,P27,professional,3.6,1,96.0,88.0,94.0,96.2,96.2
CK-100780,S116,2026-02-17,morning,P30,professional,3.9,0,91.0,91.0,88.0,86.5,86.5
CK-100781,S118,2026-02-17,evening,P19,professional,6.1,1,94.0,86.0,95.0,92.7,92.7
CK-100782,S017,2026-02-18,evening,P15,professional,7.9,1,77.0,72.0,73.0,77.7,77.7
CK-100783,S018,2026-02-18,evening,P25,professional,2.6,1,79.0,90.0,79.0,76.6,76.6
CK-100784,S044,2026-02-18,evening,P06,professional,3.9,1,83.0,77.0,72.0,77.7,77.7
CK-100785,S048,2026-02-18,morning,P20,professional,2.3,1,72.0,61.0,68.0,70.9,70.9
CK-100786,S049,2026-02-18,midday,P21,professional,3.2,1,71.0,60.0,64.0,64.6,64.6
CK-100787,S061,2026-02-18,evening,P17,professional,12.7,1,93.0,83.0,98.0,90.8,90.8
CK-100788,S074,2026-02-18,midday,P20,professional,4.5,1,85.0,78.0,84.0,79.3,79.3
CK-100789,S083,2026-02-18,evening,P22,professional,6.4,1,82.0,86.0,70.0,81.2,81.2
CK-100790,S086,2026-02-18,morning,P14,professional,8.4,1,73.0,73.0,74.0,72.3,72.3
CK-100791,S095,2026-02-18,midday,P09,professional,3.1,0,76.0,74.0,73.0,71.8,71.8
CK-100792,S111,2026-02-18,midday,P24,professional,3.5,1,62.0,68.0,64.0,64.7,64.7
CK-100793,S112,2026-02-18,midday,P07,professional,5.0,1,86.0,96.0,86.0,84.6,84.6
CK-100794,S010,2026-02-19,midday,P25,professional,1.8,1,85.0,90.0,87.0,91.4,91.4
CK-100795,S023,2026-02-19,midday,P08,professional,8.2,1,73.0,72.0,82.0,80.2,80.2
CK-100796,S024,2026-02-19,morning,P28,professional,6.8,1,78.0,84.0,89.0,79.1,79.1
CK-100797,S030,2026-02-19,evening,P05,professional,10.4,1,74.0,68.0,64.0,68.7,68.7
CK-100798,S033,2026-02-19,evening,P23,professional,4.3,1,71.0,71.0,80.0,75.3,75.3
CK-100799,S048,2026-02-19,evening,P25,professional,9.3,1,76.0,75.0,66.0,71.2,71.2
CK-100800,S068,2026-02-19,morning,P13,professional,4.7,1,90.0,78.0,87.0,78.9,78.9
CK-100801,S070,2026-02-19,midday,P16,professional,10.9,1,79.0,67.0,66.0,72.7,72.7
CK-100802,S078,2026-02-19,evening,P15,professional,12.6,1,68.0,79.0,68.0,71.5,71.5
CK-100803,S088,2026-02-19,midday,P12,professional,3.9,1,83.0,81.0,79.0,76.1,76.1
CK-100804,S093,2026-02-19,morning,P24,professional,3.0,1,75.0,71.0,71.0,72.7,72.7
CK-100805,S104,2026-02-19,evening,P25,professional,2.6,1,74.0,77.0,73.0,76.2,76.2
CK-100806,S106,2026-02-19,midday,P02,professional,3.7,1,79.0,73.0,73.0,78.0,78.0
CK-100807,S109,2026-02-19,midday,P07,professional,6.2,1,75.0,86.0,77.0,76.7,76.7
CK-100808,S119,2026-02-19,midday,P19,professional,4.7,1,81.0,87.0,88.0,86.2,86.2
CK-100809,S003,2026-02-20,morning,P18,professional,4.0,0,77.0,80.0,82.0,79.5,79.5
CK-100810,S006,2026-02-20,midday,P21,professional,4.4,1,59.0,62.0,71.0,65.8,65.8
CK-100811,S008,2026-02-20,evening,P03,professional,10.2,1,80.0,83.0,82.0,81.7,81.7
CK-100812,S009,2026-02-20,morning,P13,professional,4.8,1,79.0,85.0,88.0,86.7,86.7
CK-100813,S027,2026-02-20,midday,P09,professional,4.3,1,71.0,67.0,70.0,69.1,69.1
CK-100814,S032,2026-02-20,evening,P06,professional,9.1,1,78.0,82.0,73.0,75.2,75.2
CK-100815,S065,2026-02-20,midday,P27,professional,4.5,1,68.0,72.0,66.0,71.8,71.8
CK-100816,S079,2026-02-20,midday,P03,professional,5.0,1,84.0,83.0,85.0,81.2,81.2
CK-100817,S089,2026-02-20,midday,P29,professional,3.8,1,78.0,72.0,74.0,78.3,78.3
CK-100818,S090,2026-02-20,morning,P02,professional,3.6,1,90.0,95.0,92.0,90.0,90.0
CK-100819,S096,2026-02-20,midday,P10,professional,3.6,1,82.0,83.0,79.0,79.8,79.8
CK-100820,S100,2026-02-20,evening,P24,professional,7.6,1,81.0,71.0,83.0,81.4,81.4
CK-100821,S104,2026-02-20,evening,P01,professional,5.8,1,70.0,72.0,78.0,72.8,72.8
CK-100822,S108,2026-02-20,evening,P27,professional,4.1,1,87.0,93.0,75.0,80.4,80.4
CK-100823,S114,2026-02-20,morning,P11,professional,3.9,1,77.0,62.0,72.0,71.5,71.5
CK-100824,S116,2026-02-20,evening,P27,professional,8.5,1,92.0,86.0,77.0,77.8,77.8
CK-100825,S119,2026-02-20,evening,P30,professional,8.8,1,76.0,68.0,78.0,74.1,74.1
CK-100826,S002,2026-02-21,evening,P09,professional,14.6,1,91.0,82.0,88.0,88.6,88.6
CK-100827,S010,2026-02-21,morning,P07,professional,4.9,1,85.0,86.0,86.0,85.9,85.9
CK-100828,S012,2026-02-21,midday,P19,professional,4.3,1,70.0,75.0,80.0,72.4,72.4
CK-100829,S014,2026-02-21,evening,P13,professional,15.6,1,75.0,76.0,79.0,73.6,73.6
CK-100830,S027,2026-02-21,morning,P03,professional,6.2,1,95.0,88.0,91.0,91.6,91.6
CK-100831,S031,2026-02-21,morning,P09,professional,2.9,1,68.0,65.0,60.0,69.1,69.1
CK-100832,S043,2026-02-21,evening,P06,professional,11.6,1,86.0,79.0,73.0,76.3,76.3
CK-100833,S044,2026-02-21,morning,P20,professional,2.4,1,69.0,60.0,64.0,68.0,68.0
CK-100834,S046,2026-02-21,midday,P11,professional,4.1,1,65.0,72.0,66.0,69.6,69.6
CK-100835,S051,2026-02-21,morning,P02,professional,4.6,1,75.0,72.0,74.0,77.6,77.6
CK-100836,S057,2026-02-21,midday,P09,professional,6.5,1,93.0,82.0,75.0,81.6,81.6
CK-100837,S059,2026-02-21,evening,P03,professional,12.7,1,74.0,90.0,84.0,80.8,80.8
CK-100838,S062,2026-02-21,evening,P17,professional,11.6,1,78.0,76.0,80.0,70.3,70.3
CK-100839,S068,2026-02-21,midday,P03,professional,3.6,1,82.0,90.0,91.0,85.9,85.9
CK-100840,S073,2026-02-21,midday,P08,professional,10.8,1,99.0,99.0,99.0,99.3,99.3
CK-100841,S078,2026-02-21,morning,P05,professional,3.4,1,76.0,67.0,76.0,73.8,73.8
CK-100842,S086,2026-02-21,evening,P07,professional,5.4,1,72.0,69.0,71.0,67.9,67.9
CK-100843,S087,2026-02-21,morning,P13,professional,7.9,1,76.0,78.0,83.0,80.1,80.1
CK-100844,S090,2026-02-21,midday,P25,professional,4.8,1,83.0,85.0,84.0,76.4,76.4
CK-100845,S102,2026-02-21,evening,P12,professional,10.4,1,64.0,62.0,64.0,60.8,60.8
CK-100846,S110,2026-02-21,midday,P13,professional,2.2,1,81.0,79.0,84.0,80.3,80.3
CK-100847,S119,2026-02-21,evening,P14,professional,3.9,1,62.0,65.0,75.0,70.7,70.7
CK-100848,S005,2026-02-22,morning,P22,professional,6.0,0,86.0,79.0,83.0,82.5,82.5
CK-100849,S007,2026-02-22,evening,P26,professional,4.8,1,60.0,82.0,81.0,75.5,75.5
CK-100850,S016,2026-02-22,midday,P16,professional,4.9,1,89.0,75.0,80.0,82.7,82.7
CK-100851,S025,2026-02-22,midday,P24,professional,3.2,1,70.0,65.0,62.0,68.0,68.0
CK-100852,S032,2026-02-22,morning,P26,professional,2.5,1,68.0,73.0,74.0,76.2,76.2
CK-100853,S040,2026-02-22,morning,P04,professional,2.3,1,81.0,85.0,79.0,83.6,83.6
CK-100854,S042,2026-02-22,evening,P25,professional,12.5,1,73.0,74.0,73.0,73.0,73.0
CK-100855,S045,2026-02-22,morning,P18,professional,6.8,1,75.0,80.0,82.0,83.4,83.4
CK-100856,S051,2026-02-22,evening,P28,professional,4.8,1,81.0,80.0,80.0,82.0,82.0
CK-100857,S052,2026-02-22,morning,P16,professional,5.8,1,72.0,73.0,73.0,76.6,76.6
CK-100858,S064,2026-02-22,evening,P28,professional,5.7,1,84.0,73.0,68.0,73.1,73.1
CK-100859,S070,2026-02-22,midday,P26,professional,2.9,1,72.0,77.0,85.0,81.8,81.8
CK-100860,S074,2026-02-22,evening,P05,professional,7.1,1,54.0,72.0,57.0,64.9,64.9
CK-100861,S082,2026-02-22,midday,P24,professional,3.9,1,69.0,73.0,74.0,72.4,72.4
CK-100862,S083,2026-02-22,morning,P16,professional,3.4,1,88.0,88.0,92.0,89.6,89.6
CK-100863,S085,2026-02-22,evening,P04,professional,7.1,1,70.0,66.0,71.0,73.2,73.2
CK-100864,S092,2026-02-22,midday,P11,professional,6.8,1,78.0,74.0,81.0,78.4,78.4
CK-100865,S098,2026-02-22,morning,P21,professional,4.3,1,79.0,76.0,74.0,74.9,74.9
CK-100866,S004,2026-02-23,midday,P30,professional,4.4,1,68.0,82.0,76.0,75.6,75.6
CK-100867,S012,2026-02-23,evening,P07,professional,8.3,1,65.0,62.0,61.0,63.4,63.4
CK-100868,S020,2026-02-23,midday,P01,professional,6.9,1,56.0,73.0,64.0,63.4,63.4
CK-100869,S036,2026-02-23,evening,P29,professional,5.0,1,87.0,91.0,86.0,89.4,89.4
CK-100870,S038,2026-02-23,midday,P27,professional,4.6,0,75.0,71.0,66.0,68.9,68.9
CK-100871,S040,2026-02-23,evening,P05,professional,5.2,1,84.0,81.0,72.0,83.1,83.1
CK-100872,S052,2026-02-23,midday,P14,professional,9.0,1,88.0,89.0,77.0,82.3,82.3
CK-100873,S061,2026-02-23,midday,P25,professional,4.2,1,82.0,81.0,80.0,77.5,77.5
CK-100874,S062,2026-02-23,evening,P24,professional,6.8,1,76.0,81.0,82.0,76.4,76.4
CK-100875,S065,2026-02-23,evening,P07,professional,3.8,1,65.0,60.0,61.0,62.2,62.2
CK-100876,S070,2026-02-23,evening,P03,professional,4.4,1,71.0,67.0,72.0,71.9,71.9
CK-100877,S072,2026-02-23,morning,P20,professional,6.4,1,72.0,73.0,67.0,67.8,67.8
CK-100878,S073,2026-02-23,midday,P12,professional,9.0,1,65.0,77.0,70.0,76.2,76.2
CK-100879,S077,2026-02-23,morning,P16,professional,4.2,0,83.0,82.0,81.0,86.6,86.6
CK-100880,S079,2026-02-23,midday,P04,professional,2.9,0,73.0,68.0,69.0,74.8,74.8
CK-100881,S081,2026-02-23,evening,P18,professional,8.1,1,84.0,77.0,87.0,84.3,84.3
CK-100882,S083,2026-02-23,midday,P04,professional,3.7,1,93.0,85.0,89.0,84.2,84.2
CK-100883,S085,2026-02-23,morning,P30,professional,1.7,0,73.0,74.0,72.0,72.2,72.2
CK-100884,S002,2026-02-24,evening,P26,professional,5.3,1,57.0,74.0,64.0,67.6,67.6
CK-100885,S007,2026-02-24,midday,P29,professional,4.6,1,80.0,82.0,79.0,81.8,81.8
CK-100886,S015,2026-02-24,morning,P22,professional,2.9,1,88.0,79.0,84.0,85.6,85.6
CK-100887,S021,2026-02-24,midday,P06,professional,5.3,1,80.0,82.0,88.0,83.7,83.7
CK-100888,S028,2026-02-24,morning,P10,professional,4.6,1,78.0,76.0,77.0,77.2,77.2
CK-100889,S041,2026-02-24,evening,P29,professional,2.0,1,62.0,69.0,73.0,72.6,72.6
CK-100890,S055,2026-02-24,midday,P27,professional,4.6,1,98.0,85.0,85.0,89.2,89.2
CK-100891,S058,2026-02-24,midday,P25,professional,1.9,1,76.0,72.0,65.0,69.6,69.6
CK-100892,S067,2026-02-24,evening,P02,professional,5.0,1,83.0,73.0,75.0,76.3,76.3
CK-100893,S080,2026-02-24,morning,P05,professional,6.1,1,86.0,79.0,76.0,79.2,79.2
CK-100894,S081,2026-02-24,midday,P04,professional,2.7,1,70.0,85.0,83.0,82.3,82.3
CK-100895,S090,2026-02-24,morning,P20,professional,2.9,1,70.0,71.0,78.0,70.5,70.5
CK-100896,S092,2026-02-24,morning,P13,professional,6.8,1,75.0,65.0,73.0,72.8,72.8
CK-100897,S095,2026-02-24,morning,P18,professional,6.6,1,73.0,76.0,73.0,75.0,75.0
CK-100898,S108,2026-02-24,morning,P07,professional,4.1,0,93.0,89.0,82.0,85.2,85.2
CK-100899,S016,2026-02-25,evening,P27,professional,3.8,1,70.0,68.0,69.0,67.1,67.1
CK-100900,S019,2026-02-25,evening,P29,professional,4.0,1,74.0,84.0,71.0,76.0,76.0
CK-100901,S025,2026-02-25,morning,P25,professional,3.6,1,87.0,77.0,87.0,81.5,81.5
CK-100902,S033,2026-02-25,morning,P20,professional,3.4,1,77.0,72.0,78.0,78.1,78.1
CK-100903,S037,2026-02-25,evening,P28,professional,10.6,1,78.0,82.0,83.0,81.4,81.4
CK-100904,S051,2026-02-25,morning,P20,professional,9.9,1,82.0,95.0,81.0,81.1,81.1
CK-100905,S061,2026-02-25,midday,P05,professional,5.4,1,74.0,72.0,82.0,76.5,76.5
CK-100906,S076,2026-02-25,evening,P13,professional,4.6,1,98.0,85.0,97.0,89.2,89.2
CK-100907,S085,2026-02-25,midday,P03,professional,2.8,1,75.0,68.0,72.0,74.2,74.2
CK-100908,S089,2026-02-25,evening,P07,professional,10.9,1,66.0,61.0,68.0,68.5,68.5
CK-100909,S094,2026-02-25,morning,P16,professional,5.0,1,79.0,73.0,74.0,77.1,77.1
CK-100910,S101,2026-02-25,morning,P23,professional,5.4,1,86.0,83.0,79.0,84.1,84.1
CK-100911,S102,2026-02-25,midday,P23,professional,5.3,1,77.0,76.0,79.0,77.5,77.5
CK-100912,S113,2026-02-25,morning,P26,professional,4.9,1,92.0,97.0,90.0,88.3,88.3
CK-100913,S001,2026-02-26,evening,P24,professional,4.2,1,74.0,72.0,77.0,74.8,74.8
CK-100914,S005,2026-02-26,midday,P03,professional,5.9,1,74.0,71.0,77.0,73.3,73.3
CK-100915,S013,2026-02-26,evening,P18,professional,2.8,1,66.0,65.0,65.0,66.6,66.6
CK-100916,S024,2026-02-26,morning,P07,professional,4.4,1,76.0,87.0,80.0,82.7,82.7
CK-100917,S029,2026-02-26,midday,P06,professional,6.0,1,74.0,74.0,77.0,77.9,77.9
CK-100918,S031,2026-02-26,midday,P23,professional,3.2,0,74.0,78.0,83.0,77.3,77.3
CK-100919,S034,2026-02-26,evening,P04,professional,6.4,1,82.0,77.0,81.0,82.5,82.5
CK-100920,S045,2026-02-26,morning,P03,professional,1.8,1,79.0,82.0,69.0,75.9,75.9
CK-100921,S048,2026-02-26,midday,P06,professional,3.2,1,75.0,69.0,79.0,72.8,72.8
CK-100922,S050,2026-02-26,midday,P16,professional,6.2,1,71.0,89.0,87.0,79.6,79.6
CK-100923,S051,2026-02-26,midday,P07,professional,12.4,0,86.0,84.0,80.0,81.0,81.0
CK-100924,S055,2026-02-26,morning,P07,professional,9.5,1,78.0,79.0,91.0,85.7,85.7
CK-100925,S056,2026-02-26,midday,P29,professional,5.5,1,72.0,65.0,74.0,71.6,71.6
CK-100926,S058,2026-02-26,evening,P10,professional,5.3,1,80.0,74.0,83.0,77.7,77.7
CK-100927,S069,2026-02-26,midday,P13,professional,1.6,1,69.0,75.0,76.0,72.8,72.8
CK-100928,S077,2026-02-26,evening,P09,professional,3.2,1,76.0,72.0,64.0,73.5,73.5
CK-100929,S078,2026-02-26,midday,P03,professional,3.8,0,85.0,91.0,76.0,81.5,81.5
CK-100930,S096,2026-02-26,morning,P10,professional,2.7,1,91.0,80.0,78.0,82.3,82.3
CK-100931,S098,2026-02-26,evening,P07,professional,6.3,1,71.0,75.0,88.0,76.8,76.8
CK-100932,S113,2026-02-26,midday,P03,professional,5.0,1,83.0,90.0,81.0,86.1,86.1
CK-100933,S001,2026-02-27,morning,P13,professional,3.5,1,73.0,72.0,72.0,77.6,77.6
CK-100934,S008,2026-02-27,midday,P27,professional,3.6,1,85.0,76.0,86.0,82.0,82.0
CK-100935,S010,2026-02-27,midday,P18,professional,6.1,1,89.0,93.0,90.0,89.2,89.2
CK-100936,S021,2026-02-27,evening,P13,professional,6.5,1,69.0,66.0,70.0,71.5,71.5
CK-100937,S026,2026-02-27,evening,P25,professional,18.5,1,83.0,81.0,72.0,74.6,74.6
CK-100938,S028,2026-02-27,midday,P29,professional,4.1,1,74.0,76.0,74.0,77.1,77.1
CK-100939,S033,2026-02-27,midday,P21,professional,2.7,1,83.0,82.0,82.0,81.1,81.1
CK-100940,S037,2026-02-27,midday,P21,professional,3.2,1,74.0,61.0,69.0,64.3,64.3
CK-100941,S040,2026-02-27,midday,P16,professional,3.1,1,70.0,74.0,78.0,75.3,75.3
CK-100942,S044,2026-02-27,evening,P08,professional,8.1,1,69.0,67.0,71.0,69.4,69.4
CK-100943,S046,2026-02-27,evening,P05,professional,11.6,1,68.0,65.0,67.0,64.9,64.9
CK-100944,S059,2026-02-27,evening,P14,professional,5.9,1,72.0,83.0,80.0,76.1,76.1
CK-100945,S063,2026-02-27,morning,P24,professional,3.5,1,78.0,69.0,78.0,74.2,74.2
CK-100946,S069,2026-02-27,evening,P25,professional,4.5,1,68.0,78.0,70.0,68.8,68.8
CK-100947,S099,2026-02-27,evening,P30,professional,5.6,1,83.0,72.0,71.0,75.1,75.1
CK-100948,S103,2026-02-27,evening,P02,professional,6.1,1,72.0,75.0,74.0,72.0,72.0
CK-100949,S113,2026-02-27,evening,P18,professional,6.7,1,66.0,81.0,77.0,73.3,73.3
CK-100950,S002,2026-02-28,morning,P03,professional,2.3,1,77.0,67.0,58.0,69.1,69.1
CK-100951,S009,2026-02-28,evening,P30,professional,5.7,1,63.0,80.0,68.0,72.7,72.7
CK-100952,S019,2026-02-28,morning,P27,professional,5.4,1,74.0,87.0,88.0,83.1,83.1
CK-100953,S023,2026-02-28,morning,P23,professional,7.4,1,79.0,73.0,78.0,78.0,78.0
CK-100954,S032,2026-02-28,midday,P15,professional,1.8,1,61.0,70.0,69.0,69.8,69.8
CK-100955,S041,2026-02-28,morning,P27,professional,4.4,1,69.0,85.0,78.0,76.8,76.8
CK-100956,S063,2026-02-28,morning,P16,professional,5.2,1,81.0,79.0,74.0,75.7,75.7
CK-100957,S072,2026-02-28,morning,P04,professional,8.2,1,78.0,86.0,84.0,80.2,80.2
CK-100958,S094,2026-02-28,evening,P08,professional,8.8,1,80.0,78.0,79.0,81.5,81.5
CK-100959,S111,2026-02-28,morning,P06,professional,7.2,1,97.0,82.0,86.0,88.3,88.3
CK-100960,S115,2026-02-28,midday,P07,professional,2.1,1,77.0,78.0,81.0,76.2,76.2
CK-100961,S024,2026-03-01,morning,P06,professional,5.0,1,64.0,76.0,68.0,70.4,70.4
CK-100962,S064,2026-03-01,evening,P18,professional,7.0,1,83.0,72.0,69.0,73.6,73.6
CK-100963,S068,2026-03-01,morning,P02,professional,3.2,1,88.0,83.0,82.0,82.9,82.9
CK-100964,S073,2026-03-01,morning,P09,professional,6.1,1,77.0,82.0,84.0,80.3,80.3
CK-100965,S081,2026-03-01,evening,P06,professional,7.7,1,66.0,55.0,63.0,64.0,64.0
CK-100966,S089,2026-03-01,midday,P28,professional,5.5,1,96.0,91.0,93.0,89.7,89.7
CK-100967,S091,2026-03-01,morning,P11,professional,2.8,1,93.0,87.0,88.0,85.9,85.9
CK-100968,S098,2026-03-01,morning,P14,professional,2.9,1,63.0,70.0,61.0,65.4,65.4
CK-100969,S108,2026-03-01,morning,P11,professional,5.7,1,76.0,80.0,71.0,71.2,71.2
CK-100970,S112,2026-03-01,evening,P13,professional,4.8,0,75.0,78.0,79.0,78.8,78.8
CK-100971,S117,2026-03-01,morning,P18,professional,6.4,1,80.0,75.0,81.0,78.0,78.0
CK-100972,S010,2026-03-02,morning,P07,professional,1.5,1,86.0,76.0,76.0,80.3,80.3
CK-100973,S019,2026-03-02,morning,P08,professional,2.1,0,91.0,86.0,83.0,85.2,85.2
CK-100974,S034,2026-03-02,evening,P13,professional,4.7,1,68.0,64.0,68.0,68.8,68.8
CK-100975,S035,2026-03-02,morning,P22,professional,2.8,1,69.0,71.0,68.0,72.0,72.0
CK-100976,S041,2026-03-02,morning,P02,professional,5.5,1,79.0,81.0,86.0,81.9,81.9
CK-100977,S056,2026-03-02,morning,P11,professional,3.5,1,65.0,69.0,73.0,70.2,70.2
CK-100978,S068,2026-03-02,morning,P01,professional,2.5,1,78.0,82.0,75.0,76.8,76.8
CK-100979,S072,2026-03-02,evening,P02,professional,6.9,1,73.0,65.0,69.0,69.1,69.1
CK-100980,S073,2026-03-02,midday,P20,professional,2.6,1,84.0,78.0,81.0,80.0,80.0
CK-100981,S088,2026-03-02,evening,P28,professional,4.9,0,87.0,78.0,81.0,79.6,79.6
CK-100982,S090,2026-03-02,morning,P21,professional,3.8,1,69.0,69.0,71.0,75.2,75.2
CK-100983,S095,2026-03-02,morning,P11,professional,4.3,1,83.0,87.0,77.0,78.1,78.1
CK-100984,S109,2026-03-02,midday,P15,professional,7.1,1,79.0,77.0,80.0,73.6,73.6
CK-100985,S110,2026-03-02,evening,P02,professional,6.7,1,88.0,76.0,78.0,76.7,76.7
CK-100986,S118,2026-03-02,midday,P19,professional,5.5,1,85.0,82.0,76.0,80.6,80.6
CK-100987,S001,2026-03-03,midday,P02,professional,3.3,1,84.0,78.0,87.0,85.2,85.2
CK-100988,S002,2026-03-03,evening,P05,professional,11.5,1,67.0,70.0,75.0,72.1,72.1
CK-100989,S023,2026-03-03,evening,P23,professional,15.2,1,72.0,67.0,74.0,69.2,69.2
CK-100990,S030,2026-03-03,midday,P17,professional,3.5,1,69.0,76.0,69.0,73.0,73.0
CK-100991,S033,2026-03-03,midday,P08,professional,11.4,1,98.0,93.0,100.0,95.5,95.5
CK-100992,S035,2026-03-03,evening,P13,professional,3.9,1,84.0,81.0,75.0,77.2,77.2
CK-100993,S038,2026-03-03,evening,P11,professional,4.4,1,76.0,81.0,75.0,72.3,72.3
CK-100994,S040,2026-03-03,evening,P10,professional,7.8,1,79.0,85.0,78.0,80.1,80.1
CK-100995,S056,2026-03-03,midday,P05,professional,5.3,1,61.0,53.0,62.0,58.2,58.2
CK-100996,S069,2026-03-03,midday,P18,professional,2.0,1,79.0,79.0,71.0,77.1,77.1
CK-100997,S078,2026-03-03,morning,P29,professional,5.8,1,85.0,86.0,93.0,84.5,84.5
CK-100998,S105,2026-03-03,evening,P14,professional,5.5,1,86.0,80.0,83.0,85.0,85.0
CK-100999,S106,2026-03-03,midday,P10,professional,4.3,1,72.0,83.0,79.0,76.7,76.7
CK-101000,S111,2026-03-03,midday,P28,professional,6.3,1,90.0,77.0,73.0,76.1,76.1
CK-101001,S009,2026-03-04,morning,P03,professional,2.2,1,73.0,77.0,77.0,76.8,76.8
CK-101002,S013,2026-03-04,morning,P12,professional,4.4,1,88.0,76.0,91.0,89.0,89.0
CK-101003,S014,2026-03-04,morning,P07,professional,8.5,1,86.0,81.0,88.0,84.4,84.4
CK-101004,S021,2026-03-04,morning,P26,professional,5.3,1,83.0,85.0,76.0,75.6,75.6
CK-101005,S022,2026-03-04,evening,P11,professional,5.1,1,70.0,65.0,67.0,71.3,71.3
CK-101006,S025,2026-03-04,midday,P13,professional,3.1,1,77.0,83.0,78.0,83.0,83.0
CK-101007,S031,2026-03-04,evening,P23,professional,3.8,1,74.0,70.0,66.0,68.7,68.7
CK-101008,S036,2026-03-04,midday,P13,professional,4.3,1,76.0,83.0,84.0,82.8,82.8
CK-101009,S062,2026-03-04,evening,P13,professional,5.5,1,85.0,79.0,77.0,79.7,79.7
CK-101010,S072,2026-03-04,morning,P09,professional,4.2,1,85.0,89.0,80.0,85.0,85.0
CK-101011,S074,2026-03-04,midday,P29,professional,2.9,1,94.0,80.0,71.0,78.2,78.2
CK-101012,S076,2026-03-04,morning,P07,professional,3.1,0,100.0,93.0,93.0,93.6,93.6
CK-101013,S081,2026-03-04,midday,P06,professional,8.1,1,81.0,82.0,78.0,76.6,76.6
CK-101014,S082,2026-03-04,evening,P19,professional,6.2,1,58.0,61.0,62.0,60.4,60.4
CK-101015,S100,2026-03-04,evening,P08,professional,10.3,1,80.0,73.0,83.0,78.9,78.9
CK-101016,S117,2026-03-04,midday,P12,professional,6.4,1,86.0,81.0,81.0,85.2,85.2
CK-101017,S120,2026-03-04,midday,P26,professional,2.9,1,87.0,90.0,85.0,87.0,87.0
CK-101018,S003,2026-03-05,midday,P12,professional,5.3,1,84.0,82.0,85.0,85.1,85.1
CK-101019,S004,2026-03-05,evening,P03,professional,5.1,1,63.0,62.0,65.0,67.7,67.7
CK-101020,S014,2026-03-05,midday,P05,professional,6.0,1,69.0,78.0,89.0,77.6,77.6
CK-101021,S018,2026-03-05,evening,P08,professional,13.7,1,84.0,68.0,73.0,71.3,71.3
CK-101022,S024,2026-03-05,evening,P27,professional,2.6,1,69.0,70.0,66.0,64.4,64.4
CK-101023,S032,2026-03-05,midday,P03,professional,4.1,1,82.0,78.0,74.0,77.1,77.1
CK-101024,S037,2026-03-05,evening,P23,professional,4.1,1,74.0,77.0,70.0,76.7,76.7
CK-101025,S042,2026-03-05,midday,P24,professional,2.9,1,83.0,73.0,76.0,77.3,77.3
CK-101026,S058,2026-03-05,morning,P28,professional,4.9,1,85.0,85.0,83.0,84.8,84.8
CK-101027,S065,2026-03-05,midday,P24,professional,5.2,1,93.0,100.0,100.0,95.9,95.9
CK-101028,S066,2026-03-05,morning,P09,professional,2.3,1,86.0,84.0,81.0,86.0,86.0
CK-101029,S087,2026-03-05,evening,P14,professional,8.6,1,65.0,66.0,54.0,63.8,63.8
CK-101030,S096,2026-03-05,evening,P21,professional,3.6,1,90.0,82.0,83.0,81.9,81.9
CK-101031,S101,2026-03-05,morning,P26,professional,4.8,1,72.0,82.0,71.0,78.3,78.3
CK-101032,S106,2026-03-05,evening,P04,professional,5.2,1,74.0,83.0,79.0,78.1,78.1
CK-101033,S108,2026-03-05,midday,P01,professional,8.0,1,88.0,81.0,79.0,84.3,84.3
CK-101034,S114,2026-03-05,midday,P22,professional,10.0,1,77.0,66.0,70.0,74.5,74.5
CK-101035,S020,2026-03-06,evening,P27,professional,5.7,1,68.0,80.0,76.0,76.5,76.5
CK-101036,S026,2026-03-06,midday,P30,professional,7.6,1,74.0,81.0,75.0,80.9,80.9
CK-101037,S044,2026-03-06,evening,P29,professional,7.7,0,69.0,63.0,69.0,65.5,65.5
CK-101038,S046,2026-03-06,midday,P14,professional,5.1,1,77.0,71.0,77.0,76.1,76.1
CK-101039,S071,2026-03-06,morning,P10,professional,5.6,1,76.0,79.0,76.0,75.7,75.7
CK-101040,S079,2026-03-06,midday,P19,professional,3.8,1,77.0,66.0,76.0,75.8,75.8
CK-101041,S096,2026-03-06,morning,P22,professional,2.9,1,79.0,83.0,89.0,88.2,88.2
CK-101042,S101,2026-03-06,morning,P21,professional,6.4,1,89.0,97.0,93.0,92.5,92.5
CK-101043,S109,2026-03-06,evening,P06,professional,6.5,1,89.0,93.0,87.0,87.9,87.9
CK-101044,S111,2026-03-06,midday,P22,professional,4.3,1,92.0,95.0,91.0,87.6,87.6
CK-101045,S113,2026-03-06,morning,P06,professional,3.0,1,93.0,83.0,91.0,82.9,82.9
CK-101046,S114,2026-03-06,morning,P06,professional,3.0,1,62.0,75.0,69.0,71.4,71.4
CK-101047,S115,2026-03-06,morning,P30,professional,4.1,1,89.0,92.0,92.0,88.5,88.5
CK-101048,S116,2026-03-06,midday,P08,professional,2.4,1,84.0,80.0,85.0,83.4,83.4
CK-101049,S016,2026-03-07,morning,P22,professional,5.5,1,73.0,80.0,72.0,75.2,75.2
CK-101050,S021,2026-03-07,midday,P09,professional,3.2,0,71.0,79.0,72.0,74.2,74.2
CK-101051,S023,2026-03-07,morning,P17,professional,6.0,1,85.0,83.0,85.0,83.0,83.0
CK-101052,S028,2026-03-07,evening,P29,professional,7.1,1,84.0,93.0,87.0,89.9,89.9
CK-101053,S039,2026-03-07,morning,P16,professional,3.8,1,79.0,82.0,85.0,78.3,78.3
CK-101054,S043,2026-03-07,evening,P21,professional,5.9,1,79.0,68.0,82.0,73.4,73.4
CK-101055,S053,2026-03-07,midday,P26,professional,6.6,1,82.0,82.0,71.0,77.5,77.5
CK-101056,S066,2026-03-07,midday,P26,professional,5.4,1,79.0,86.0,73.0,76.7,76.7
CK-101057,S085,2026-03-07,midday,P24,professional,3.4,1,73.0,78.0,81.0,78.6,78.6
CK-101058,S094,2026-03-07,evening,P26,professional,5.4,1,76.0,81.0,84.0,81.3,81.3
CK-101059,S099,2026-03-07,evening,P02,professional,4.2,1,82.0,74.0,80.0,81.1,81.1
CK-101060,S106,2026-03-07,evening,P30,professional,4.7,1,69.0,64.0,73.0,68.9,68.9
CK-101061,S117,2026-03-07,midday,P13,professional,2.0,1,81.0,86.0,80.0,82.6,82.6
CK-101062,S118,2026-03-07,evening,P14,professional,9.0,1,86.0,75.0,78.0,85.9,85.9
CK-101063,S008,2026-03-08,evening,P18,professional,4.1,1,73.0,78.0,80.0,75.4,75.4
CK-101064,S016,2026-03-08,midday,P21,professional,3.2,1,80.0,71.0,84.0,78.7,78.7
CK-101065,S022,2026-03-08,evening,P08,professional,4.7,1,71.0,76.0,62.0,73.3,73.3
CK-101066,S025,2026-03-08,evening,P24,professional,5.8,1,62.0,60.0,65.0,67.2,67.2
CK-101067,S027,2026-03-08,midday,P21,professional,5.5,1,88.0,92.0,83.0,85.2,85.2
CK-101068,S033,2026-03-08,evening,P07,professional,5.3,0,89.0,97.0,88.0,88.9,88.9
CK-101069,S034,2026-03-08,evening,P25,professional,6.8,0,77.0,80.0,77.0,74.7,74.7
CK-101070,S038,2026-03-08,morning,P24,professional,5.1,1,78.0,78.0,84.0,79.1,79.1
CK-101071,S044,2026-03-08,midday,P24,professional,3.5,1,73.0,79.0,81.0,73.4,73.4
CK-101072,S049,2026-03-08,evening,P07,professional,4.6,1,78.0,71.0,69.0,68.4,68.4
CK-101073,S054,2026-03-08,evening,P08,professional,6.8,1,75.0,76.0,69.0,70.8,70.8
CK-101074,S059,2026-03-08,morning,P21,professional,4.7,1,72.0,76.0,70.0,70.2,70.2
CK-101075,S062,2026-03-08,morning,P08,professional,6.3,1,71.0,70.0,70.0,76.1,76.1
CK-101076,S065,2026-03-08,morning,P06,professional,2.0,1,73.0,75.0,78.0,74.5,74.5
CK-101077,S092,2026-03-08,morning,P26,professional,9.6,1,88.0,91.0,92.0,87.2,87.2
CK-101078,S119,2026-03-08,morning,P21,professional,2.6,0,83.0,73.0,82.0,81.5,81.5
CK-101079,S015,2026-03-09,midday,P09,professional,5.0,1,73.0,74.0,68.0,71.1,71.1
CK-101080,S017,2026-03-09,midday,P07,professional,4.2,1,82.0,94.0,92.0,85.1,85.1
CK-101081,S025,2026-03-09,evening,P22,professional,4.1,0,62.0,70.0,73.0,68.1,68.1
CK-101082,S027,2026-03-09,morning,P08,professional,2.6,1,86.0,84.0,87.0,87.1,87.1
CK-101083,S036,2026-03-09,morning,P01,professional,3.5,1,73.0,77.0,80.0,79.4,79.4
CK-101084,S047,2026-03-09,midday,P12,professional,3.7,1,89.0,79.0,82.0,83.7,83.7
CK-101085,S055,2026-03-09,evening,P12,professional,19.9,1,84.0,82.0,84.0,83.4,83.4
CK-101086,S057,2026-03-09,evening,P18,professional,8.9,1,69.0,67.0,61.0,71.7,71.7
CK-101087,S059,2026-03-09,morning,P24,professional,5.2,1,96.0,96.0,98.0,94.6,94.6
CK-101088,S060,2026-03-09,midday,P08,professional,3.1,1,88.0,80.0,81.0,84.3,84.3
CK-101089,S062,2026-03-09,morning,P07,professional,6.0,1,78.0,84.0,82.0,81.9,81.9
CK-101090,S064,2026-03-09,evening,P28,professional,6.8,1,86.0,72.0,80.0,78.9,78.9
CK-101091,S070,2026-03-09,morning,P19,professional,10.5,1,83.0,94.0,86.0,84.0,84.0
CK-101092,S077,2026-03-09,midday,P23,professional,4.7,1,82.0,88.0,89.0,88.7,88.7
CK-101093,S120,2026-03-09,midday,P11,professional,4.5,1,75.0,70.0,87.0,78.7,78.7
CK-101094,S006,2026-03-10,morning,P19,professional,7.4,1,69.0,70.0,67.0,72.1,72.1
CK-101095,S012,2026-03-10,evening,P29,professional,3.2,1,84.0,84.0,91.0,86.2,86.2
CK-101096,S024,2026-03-10,midday,P18,professional,6.8,1,74.0,76.0,80.0,77.7,77.7
CK-101097,S026,2026-03-10,morning,P03,professional,4.3,1,71.0,77.0,80.0,77.4,77.4
CK-101098,S042,2026-03-10,midday,P05,professional,10.3,1,86.0,76.0,83.0,74.4,74.4
CK-101099,S043,2026-03-10,evening,P05,professional,12.6,0,81.0,74.0,68.0,77.8,77.8
CK-101100,S051,2026-03-10,midday,P12,professional,9.4,1,67.0,64.0,70.0,67.2,67.2
CK-101101,S053,2026-03-10,evening,P26,professional,8.6,0,85.0,73.0,76.0,80.0,80.0
CK-101102,S067,2026-03-10,evening,P10,professional,13.1,1,80.0,63.0,70.0,72.8,72.8
CK-101103,S075,2026-03-10,midday,P03,professional,2.7,1,68.0,63.0,70.0,72.1,72.1
CK-101104,S077,2026-03-10,morning,P13,professional,5.6,1,89.0,80.0,78.0,79.3,79.3
CK-101105,S081,2026-03-10,midday,P22,professional,4.7,1,87.0,84.0,75.0,81.9,81.9
CK-101106,S092,2026-03-10,morning,P19,professional,5.7,1,90.0,90.0,83.0,86.1,86.1
CK-101107,S095,2026-03-10,evening,P20,professional,7.9,1,71.0,66.0,71.0,70.8,70.8
CK-101108,S099,2026-03-10,midday,P10,professional,2.4,1,84.0,79.0,80.0,80.0,80.0
CK-101109,S104,2026-03-10,midday,P26,professional,5.6,1,93.0,91.0,90.0,86.6,86.6
CK-101110,S113,2026-03-10,evening,P29,professional,7.0,1,84.0,86.0,76.0,81.5,81.5
CK-101111,S006,2026-03-11,evening,P07,professional,9.6,1,78.0,89.0,84.0,85.8,85.8
CK-101112,S020,2026-03-11,midday,P05,professional,5.1,1,81.0,76.0,80.0,78.8,78.8
CK-101113,S029,2026-03-11,midday,P14,professional,7.7,1,80.0,74.0,72.0,73.5,73.5
CK-101114,S038,2026-03-11,morning,P13,professional,5.5,1,88.0,93.0,89.0,91.9,91.9
CK-101115,S050,2026-03-11,morning,P12,professional,4.5,1,79.0,80.0,69.0,75.2,75.2
CK-101116,S071,2026-03-11,morning,P30,professional,2.7,1,87.0,86.0,84.0,86.7,86.7
CK-101117,S072,2026-03-11,midday,P09,professional,4.3,0,65.0,77.0,70.0,71.4,71.4
CK-101118,S083,2026-03-11,morning,P11,professional,4.2,1,86.0,85.0,84.0,84.1,84.1
CK-101119,S086,2026-03-11,morning,P21,professional,3.1,1,80.0,97.0,80.0,85.1,85.1
CK-101120,S097,2026-03-11,morning,P13,professional,5.3,1,80.0,76.0,80.0,78.6,78.6
CK-101121,S101,2026-03-11,evening,P06,professional,4.5,1,80.0,89.0,77.0,76.6,76.6
CK-101122,S103,2026-03-11,midday,P19,professional,2.8,1,69.0,64.0,62.0,64.5,64.5
CK-101123,S105,2026-03-11,midday,P13,professional,3.8,1,71.0,75.0,69.0,70.7,70.7
CK-101124,S115,2026-03-11,evening,P22,professional,4.9,1,73.0,74.0,72.0,72.8,72.8
CK-101125,S019,2026-03-12,evening,P07,professional,10.9,1,73.0,81.0,71.0,74.2,74.2
CK-101126,S021,2026-03-12,evening,P03,professional,5.5,1,79.0,68.0,72.0,71.0,71.0
CK-101127,S027,2026-03-12,midday,P10,professional,3.1,1,72.0,81.0,73.0,74.9,74.9
CK-101128,S032,2026-03-12,evening,P03,professional,7.4,0,73.0,62.0,74.0,72.9,72.9
CK-101129,S036,2026-03-12,evening,P15,professional,5.8,1,69.0,74.0,77.0,71.9,71.9
CK-101130,S039,2026-03-12,midday,P16,professional,4.7,1,72.0,80.0,70.0,77.2,77.2
CK-101131,S041,2026-03-12,midday,P12,professional,8.5,1,79.0,87.0,91.0,87.3,87.3
CK-101132,S050,2026-03-12,midday,P06,professional,5.3,1,81.0,85.0,82.0,81.2,81.2
CK-101133,S051,2026-03-12,evening,P15,professional,3.4,1,77.0,68.0,66.0,69.3,69.3
CK-101134,S069,2026-03-12,evening,P10,professional,3.4,1,79.0,80.0,78.0,77.8,77.8
CK-101135,S078,2026-03-12,midday,P16,professional,7.1,1,82.0,83.0,82.0,81.3,81.3
CK-101136,S084,2026-03-12,midday,P25,professional,3.2,1,68.0,80.0,71.0,75.9,75.9
CK-101137,S085,2026-03-12,evening,P27,professional,26.3,1,76.0,83.0,76.0,78.2,78.2
CK-101138,S087,2026-03-12,morning,P16,professional,6.9,1,76.0,72.0,69.0,75.5,75.5
CK-101139,S104,2026-03-12,morning,P23,professional,5.5,1,81.0,82.0,87.0,84.9,84.9
CK-101140,S107,2026-03-12,evening,P05,professional,12.9,1,77.0,78.0,71.0,73.2,73.2
CK-101141,S002,2026-03-13,morning,P24,professional,5.3,1,79.0,73.0,73.0,74.6,74.6
CK-101142,S011,2026-03-13,midday,P26,professional,13.2,1,86.0,73.0,83.0,81.5,81.5
CK-101143,S023,2026-03-13,morning,P17,professional,6.1,1,75.0,72.0,71.0,74.6,74.6
CK-101144,S037,2026-03-13,midday,P28,professional,2.3,1,70.0,75.0,78.0,77.2,77.2
CK-101145,S061,2026-03-13,evening,P23,professional,6.4,1,84.0,78.0,86.0,82.7,82.7
CK-101146,S063,2026-03-13,evening,P01,professional,6.2,1,74.0,81.0,63.0,67.3,67.3
CK-101147,S080,2026-03-13,evening,P15,professional,3.4,1,77.0,78.0,75.0,77.5,77.5
CK-101148,S082,2026-03-13,morning,P10,professional,8.6,1,77.0,80.0,81.0,83.2,83.2
CK-101149,S091,2026-03-13,evening,P02,professional,10.1,1,75.0,76.0,81.0,75.8,75.8
CK-101150,S104,2026-03-13,morning,P14,professional,2.7,1,83.0,71.0,78.0,77.3,77.3
CK-101151,S107,2026-03-13,morning,P30,professional,2.7,1,72.0,68.0,73.0,72.9,72.9
CK-101152,S113,2026-03-13,morning,P04,professional,4.4,1,80.0,88.0,80.0,84.2,84.2
CK-101153,S005,2026-03-14,morning,P12,professional,2.3,0,75.0,83.0,74.0,79.4,79.4
CK-101154,S006,2026-03-14,midday,P26,professional,4.9,0,76.0,75.0,70.0,76.7,76.7
CK-101155,S009,2026-03-14,evening,P17,professional,13.6,1,71.0,70.0,69.0,70.5,70.5
CK-101156,S011,2026-03-14,morning,P03,professional,4.9,1,68.0,74.0,63.0,69.0,69.0
CK-101157,S022,2026-03-14,morning,P19,professional,3.3,1,70.0,80.0,81.0,77.0,77.0
CK-101158,S029,2026-03-14,morning,P20,professional,3.7,1,89.0,80.0,76.0,80.1,80.1
CK-101159,S040,2026-03-14,evening,P01,professional,4.7,1,76.0,95.0,74.0,82.8,82.8
CK-101160,S042,2026-03-14,morning,P05,professional,6.4,1,90.0,81.0,86.0,91.5,91.5
CK-101161,S049,2026-03-14,midday,P07,professional,3.6,1,100.0,91.0,97.0,92.5,92.5
CK-101162,S050,2026-03-14,morning,P22,professional,3.1,1,85.0,75.0,77.0,76.6,76.6
CK-101163,S055,2026-03-14,morning,P03,professional,2.8,1,83.0,77.0,83.0,80.1,80.1
CK-101164,S061,2026-03-14,midday,P14,professional,3.5,1,85.0,74.0,89.0,85.1,85.1
CK-101165,S067,2026-03-14,morning,P09,professional,7.1,1,76.0,81.0,80.0,77.1,77.1
CK-101166,S071,2026-03-14,evening,P24,professional,6.1,1,64.0,64.0,74.0,68.9,68.9
CK-101167,S080,2026-03-14,midday,P18,professional,4.9,1,72.0,73.0,77.0,79.0,79.0
CK-101168,S083,2026-03-14,midday,P05,professional,8.3,1,78.0,83.0,79.0,74.9,74.9
CK-101169,S084,2026-03-14,midday,P28,professional,7.1,1,78.0,64.0,75.0,72.3,72.3
CK-101170,S103,2026-03-14,evening,P04,professional,9.4,1,76.0,76.0,73.0,77.9,77.9
CK-101171,S104,2026-03-14,evening,P24,professional,4.0,1,76.0,72.0,81.0,80.2,80.2
CK-101172,S107,2026-03-14,midday,P29,professional,7.6,1,80.0,67.0,77.0,76.0,76.0
CK-101173,S109,2026-03-14,evening,P04,professional,3.0,1,90.0,78.0,77.0,76.1,76.1
CK-101174,S114,2026-03-14,evening,P15,professional,4.4,1,72.0,71.0,73.0,71.4,71.4
CK-101175,S115,2026-03-14,evening,P01,professional,12.4,1,76.0,70.0,67.0,68.1,68.1
CK-101176,S120,2026-03-14,evening,P14,professional,12.8,1,72.0,69.0,69.0,72.1,72.1
CK-101177,S005,2026-03-15,midday,P11,professional,7.6,1,79.0,71.0,79.0,75.7,75.7
CK-101178,S007,2026-03-15,evening,P13,professional,8.8,1,67.0,73.0,65.0,68.4,68.4
CK-101179,S016,2026-03-15,evening,P09,professional,6.3,1,75.0,89.0,79.0,81.1,81.1
CK-101180,S018,2026-03-15,midday,P11,professional,5.1,1,83.0,84.0,83.0,81.3,81.3
CK-101181,S020,2026-03-15,morning,P16,professional,1.9,1,82.0,79.0,77.0,80.7,80.7
CK-101182,S033,2026-03-15,midday,P09,professional,4.7,1,84.0,83.0,90.0,84.4,84.4
CK-101183,S037,2026-03-15,evening,P03,professional,4.6,1,59.0,67.0,64.0,65.8,65.8
CK-101184,S059,2026-03-15,midday,P24,professional,6.0,1,89.0,93.0,82.0,86.4,86.4
CK-101185,S071,2026-03-15,midday,P14,professional,2.4,1,93.0,94.0,90.0,95.7,95.7
CK-101186,S078,2026-03-15,midday,P02,professional,3.8,1,67.0,68.0,74.0,69.7,69.7
CK-101187,S079,2026-03-15,morning,P15,professional,3.5,1,83.0,97.0,90.0,89.1,89.1
CK-101188,S081,2026-03-15,morning,P30,professional,7.2,1,90.0,91.0,88.0,85.4,85.4
CK-101189,S082,2026-03-15,evening,P25,professional,5.9,1,68.0,71.0,70.0,68.6,68.6
CK-101190,S097,2026-03-15,evening,P22,professional,7.6,1,67.0,74.0,69.0,70.3,70.3
CK-101191,S105,2026-03-15,midday,P27,professional,2.1,1,91.0,86.0,83.0,87.2,87.2
CK-101192,S111,2026-03-15,evening,P25,professional,2.8,1,80.0,69.0,74.0,78.5,78.5
CK-101193,S112,2026-03-15,evening,P02,professional,15.3,1,77.0,91.0,89.0,86.0,86.0
CK-101194,S003,2026-03-16,morning,P22,professional,6.2,1,66.0,72.0,68.0,70.5,70.5
CK-101195,S004,2026-03-16,evening,P30,professional,4.9,1,52.0,49.0,59.0,59.5,59.5
CK-101196,S010,2026-03-16,evening,P24,professional,3.8,1,75.0,82.0,77.0,79.1,79.1
CK-101197,S037,2026-03-16,morning,P28,professional,4.0,1,75.0,72.0,73.0,72.2,72.2
CK-101198,S051,2026-03-16,midday,P29,professional,6.3,1,75.0,74.0,71.0,73.9,73.9
CK-101199,S053,2026-03-16,morning,P19,professional,5.7,1,84.0,75.0,74.0,78.5,78.5
CK-101200,S054,2026-03-16,morning,P03,professional,5.4,1,92.0,93.0,83.0,91.0,91.0
CK-101201,S065,2026-03-16,morning,P02,professional,2.3,1,90.0,80.0,88.0,87.1,87.1
CK-101202,S070,2026-03-16,evening,P06,professional,12.6,1,68.0,81.0,84.0,74.8,74.8
CK-101203,S083,2026-03-16,evening,P14,professional,8.3,0,73.0,75.0,75.0,74.8,74.8
CK-101204,S089,2026-03-16,morning,P11,professional,2.1,1,88.0,100.0,100.0,93.4,93.4
CK-101205,S091,2026-03-16,evening,P14,professional,7.9,1,81.0,79.0,71.0,74.4,74.4
CK-101206,S099,2026-03-16,morning,P07,professional,8.0,1,87.0,74.0,87.0,86.7,86.7
CK-101207,S108,2026-03-16,evening,P04,professional,4.6,0,78.0,80.0,81.0,78.7,78.7
CK-101208,S109,2026-03-16,morning,P06,professional,4.4,1,75.0,83.0,81.0,76.2,76.2
CK-101209,S013,2026-03-17,midday,P26,professional,4.5,1,86.0,78.0,75.0,78.1,78.1
CK-101210,S030,2026-03-17,midday,P16,professional,6.1,1,78.0,77.0,75.0,78.9,78.9
CK-101211,S041,2026-03-17,morning,P07,professional,12.4,1,63.0,71.0,64.0,71.3,71.3
CK-101212,S048,2026-03-17,midday,P19,professional,1.7,1,85.0,90.0,85.0,82.9,82.9
CK-101213,S054,2026-03-17,midday,P14,professional,8.3,1,69.0,78.0,73.0,74.8,74.8
CK-101214,S056,2026-03-17,morning,P21,professional,4.8,1,86.0,78.0,76.0,82.2,82.2
CK-101215,S068,2026-03-17,evening,P05,professional,9.2,1,73.0,67.0,64.0,67.0,67.0
CK-101216,S085,2026-03-17,morning,P20,professional,7.8,1,84.0,79.0,84.0,82.1,82.1
CK-101217,S087,2026-03-17,midday,P09,professional,3.2,1,87.0,92.0,91.0,87.1,87.1
CK-101218,S089,2026-03-17,evening,P02,professional,3.0,1,73.0,85.0,79.0,79.5,79.5
CK-101219,S095,2026-03-17,morning,P11,professional,2.9,1,83.0,72.0,87.0,83.0,83.0
CK-101220,S102,2026-03-17,evening,P27,professional,8.5,1,65.0,75.0,72.0,72.6,72.6
CK-101221,S111,2026-03-17,morning,P29,professional,2.9,1,75.0,77.0,84.0,76.9,76.9
CK-101222,S003,2026-03-18,midday,P08,professional,4.0,1,77.0,78.0,74.0,78.1,78.1
CK-101223,S011,2026-03-18,evening,P07,professional,14.6,1,76.0,77.0,71.0,81.5,81.5
CK-101224,S014,2026-03-18,evening,P24,professional,7.4,1,71.0,73.0,76.0,71.6,71.6
CK-101225,S030,2026-03-18,morning,P27,professional,5.4,1,82.0,73.0,82.0,80.0,80.0
CK-101226,S055,2026-03-18,evening,P14,professional,4.6,1,91.0,86.0,92.0,88.9,88.9
CK-101227,S061,2026-03-18,evening,P22,professional,3.6,1,82.0,88.0,82.0,85.5,85.5
CK-101228,S067,2026-03-18,midday,P16,professional,2.5,1,67.0,64.0,64.0,63.4,63.4
CK-101229,S080,2026-03-18,morning,P01,professional,2.5,1,74.0,77.0,74.0,79.2,79.2
CK-101230,S082,2026-03-18,midday,P14,professional,5.1,1,84.0,73.0,87.0,85.2,85.2
CK-101231,S084,2026-03-18,evening,P12,professional,8.3,1,64.0,67.0,68.0,68.8,68.8
CK-101232,S086,2026-03-18,evening,P28,professional,9.6,1,78.0,68.0,84.0,74.2,74.2
CK-101233,S098,2026-03-18,morning,P30,professional,2.7,1,81.0,84.0,89.0,86.7,86.7
CK-101234,S106,2026-03-18,morning,P20,professional,2.4,1,74.0,70.0,77.0,78.6,78.6
CK-101235,S113,2026-03-18,midday,P22,professional,2.8,1,88.0,83.0,82.0,83.4,83.4
CK-101236,S002,2026-03-19,morning,P30,professional,3.4,1,90.0,100.0,95.0,99.7,99.7
CK-101237,S015,2026-03-19,midday,P30,professional,3.2,1,77.0,79.0,82.0,75.8,75.8
CK-101238,S026,2026-03-19,morning,P04,professional,3.5,1,88.0,88.0,89.0,88.0,88.0
CK-101239,S035,2026-03-19,midday,P16,professional,3.6,0,89.0,91.0,81.0,84.8,84.8
CK-101240,S036,2026-03-19,midday,P15,professional,7.7,1,100.0,82.0,93.0,87.0,87.0
CK-101241,S039,2026-03-19,evening,P11,professional,5.6,1,62.0,76.0,65.0,68.0,68.0
CK-101242,S048,2026-03-19,morning,P30,professional,9.3,1,56.0,65.0,67.0,71.2,71.2
CK-101243,S057,2026-03-19,morning,P20,professional,4.3,1,70.0,68.0,71.0,68.1,68.1
CK-101244,S061,2026-03-19,morning,P05,professional,3.9,1,88.0,84.0,79.0,83.5,83.5
CK-101245,S072,2026-03-19,midday,P16,professional,5.1,1,81.0,83.0,79.0,81.6,81.6
CK-101246,S077,2026-03-19,morning,P22,professional,4.3,1,80.0,80.0,82.0,81.6,81.6
CK-101247,S079,2026-03-19,evening,P21,professional,5.0,1,70.0,68.0,69.0,72.9,72.9
CK-101248,S087,2026-03-19,midday,P04,professional,8.2,1,84.0,75.0,83.0,75.2,75.2
CK-101249,S093,2026-03-19,morning,P10,professional,8.9,1,68.0,76.0,75.0,77.2,77.2
CK-101250,S101,2026-03-19,midday,P06,professional,5.0,1,70.0,74.0,66.0,69.7,69.7
CK-101251,S003,2026-03-20,evening,P01,professional,5.7,1,77.0,76.0,80.0,79.3,79.3
CK-101252,S020,2026-03-20,morning,P12,professional,4.8,1,91.0,83.0,77.0,81.9,81.9
CK-101253,S024,2026-03-20,midday,P25,professional,6.3,1,83.0,81.0,83.0,82.9,82.9
CK-101254,S040,2026-03-20,morning,P17,professional,4.6,1,60.0,67.0,68.0,70.3,70.3
CK-101255,S044,2026-03-20,morning,P29,professional,2.7,1,73.0,79.0,75.0,73.2,73.2
CK-101256,S078,2026-03-20,evening,P28,professional,5.7,1,68.0,75.0,81.0,73.2,73.2
CK-101257,S089,2026-03-20,morning,P22,professional,5.1,1,73.0,80.0,79.0,79.2,79.2
CK-101258,S090,2026-03-20,evening,P04,professional,6.1,1,72.0,71.0,71.0,69.1,69.1
CK-101259,S092,2026-03-20,evening,P29,professional,3.7,1,85.0,74.0,65.0,71.6,71.6
CK-101260,S102,2026-03-20,morning,P21,professional,5.5,1,79.0,80.0,76.0,76.8,76.8
CK-101261,S118,2026-03-20,morning,P19,professional,3.4,1,93.0,85.0,88.0,93.4,93.4
CK-101262,S001,2026-03-21,evening,P02,professional,8.4,0,67.0,65.0,63.0,65.4,65.4
CK-101263,S013,2026-03-21,evening,P22,professional,5.0,1,70.0,76.0,71.0,72.6,72.6
CK-101264,S017,2026-03-21,morning,P14,professional,6.8,1,78.0,86.0,84.0,83.8,83.8
CK-101265,S034,2026-03-21,midday,P24,professional,2.7,1,71.0,81.0,72.0,74.7,74.7
CK-101266,S047,2026-03-21,morning,P02,professional,5.4,1,87.0,85.0,86.0,88.5,88.5
CK-101267,S051,2026-03-21,morning,P14,professional,2.1,1,78.0,83.0,77.0,75.9,75.9
CK-101268,S052,2026-03-21,midday,P09,professional,3.3,1,78.0,81.0,80.0,81.3,81.3
CK-101269,S054,2026-03-21,midday,P10,professional,1.7,1,77.0,74.0,79.0,72.7,72.7
CK-101270,S057,2026-03-21,midday,P28,professional,7.2,1,90.0,84.0,83.0,85.5,85.5
CK-101271,S060,2026-03-21,morning,P13,professional,3.9,1,73.0,80.0,82.0,76.3,76.3
CK-101272,S069,2026-03-21,morning,P17,professional,2.5,1,85.0,83.0,89.0,85.0,85.0
CK-101273,S086,2026-03-21,morning,P25,professional,7.9,1,83.0,86.0,83.0,81.9,81.9
CK-101274,S088,2026-03-21,morning,P23,professional,2.5,1,74.0,65.0,69.0,68.9,68.9
CK-101275,S098,2026-03-21,midday,P03,professional,1.8,1,83.0,83.0,83.0,81.0,81.0
CK-101276,S107,2026-03-21,morning,P14,professional,6.5,1,82.0,79.0,82.0,80.9,80.9
CK-101277,S110,2026-03-21,morning,P27,professional,1.6,1,87.0,81.0,79.0,84.2,84.2
CK-101278,S001,2026-03-22,evening,P30,professional,11.7,1,87.0,75.0,81.0,79.1,79.1
CK-101279,S005,2026-03-22,evening,P23,professional,5.6,1,77.0,72.0,72.0,77.8,77.8
CK-101280,S007,2026-03-22,evening,P11,professional,3.4,1,60.0,61.0,65.0,64.3,64.3
CK-101281,S008,2026-03-22,midday,P10,professional,3.3,1,71.0,74.0,73.0,75.0,75.0
CK-101282,S011,2026-03-22,morning,P09,professional,4.3,1,84.0,94.0,89.0,89.6,89.6
CK-101283,S012,2026-03-22,midday,P01,professional,4.9,1,72.0,59.0,63.0,65.0,65.0
CK-101284,S013,2026-03-22,evening,P03,professional,8.1,1,82.0,87.0,85.0,83.0,83.0
CK-101285,S029,2026-03-22,evening,P05,professional,12.6,1,67.0,75.0,76.0,78.5,78.5
CK-101286,S033,2026-03-22,morning,P19,professional,3.1,1,69.0,74.0,79.0,78.3,78.3
CK-101287,S043,2026-03-22,morning,P14,professional,5.6,1,79.0,92.0,80.0,85.0,85.0
CK-101288,S045,2026-03-22,midday,P30,professional,7.0,1,89.0,84.0,85.0,82.5,82.5
CK-101289,S046,2026-03-22,morning,P23,professional,9.6,1,77.0,81.0,79.0,83.1,83.1
CK-101290,S056,2026-03-22,evening,P13,professional,9.2,1,66.0,69.0,58.0,64.1,64.1
CK-101291,S060,2026-03-22,evening,P29,professional,5.7,1,85.0,87.0,81.0,84.9,84.9
CK-101292,S063,2026-03-22,midday,P25,professional,4.6,1,75.0,91.0,86.0,87.2,87.2
CK-101293,S065,2026-03-22,evening,P10,professional,6.2,1,78.0,66.0,70.0,74.9,74.9
CK-101294,S068,2026-03-22,midday,P09,professional,5.3,1,81.0,80.0,75.0,77.6,77.6
CK-101295,S075,2026-03-22,evening,P23,professional,4.7,1,73.0,77.0,82.0,77.8,77.8
CK-101296,S080,2026-03-22,morning,P09,professional,2.5,1,80.0,78.0,80.0,79.8,79.8
CK-101297,S092,2026-03-22,midday,P06,professional,4.4,1,69.0,73.0,79.0,75.5,75.5
CK-101298,S095,2026-03-22,midday,P09,professional,2.9,0,81.0,78.0,78.0,78.1,78.1
CK-101299,S096,2026-03-22,midday,P04,professional,5.3,1,85.0,84.0,87.0,84.0,84.0
CK-101300,S100,2026-03-22,midday,P12,professional,3.1,1,99.0,91.0,95.0,89.4,89.4
CK-101301,S001,2026-03-23,morning,P17,professional,2.8,1,77.0,78.0,70.0,74.2,74.2
CK-101302,S004,2026-03-23,morning,P18,professional,4.9,1,83.0,81.0,78.0,75.3,75.3
CK-101303,S038,2026-03-23,midday,P11,professional,4.6,1,68.0,74.0,75.0,71.9,71.9
CK-101304,S050,2026-03-23,evening,P01,professional,8.6,1,70.0,71.0,67.0,69.1,69.1
CK-101305,S064,2026-03-23,morning,P21,professional,4.0,1,69.0,74.0,74.0,71.6,71.6
CK-101306,S066,2026-03-23,evening,P23,professional,5.7,1,60.0,65.0,74.0,67.8,67.8
CK-101307,S069,2026-03-23,midday,P11,professional,6.3,1,80.0,79.0,73.0,74.1,74.1
CK-101308,S074,2026-03-23,evening,P20,professional,2.3,1,79.0,62.0,77.0,69.5,69.5
CK-101309,S075,2026-03-23,midday,P04,professional,1.0,1,80.0,71.0,80.0,74.3,74.3
CK-101310,S091,2026-03-23,midday,P01,professional,8.4,1,73.0,72.0,67.0,69.5,69.5
CK-101311,S094,2026-03-23,morning,P18,professional,2.0,1,75.0,87.0,83.0,82.2,82.2
CK-101312,S099,2026-03-23,midday,P17,professional,2.6,1,71.0,84.0,82.0,82.7,82.7
CK-101313,S100,2026-03-23,evening,P25,professional,12.2,1,81.0,74.0,79.0,80.5,80.5
CK-101314,S119,2026-03-23,evening,P12,professional,6.9,1,71.0,81.0,70.0,74.7,74.7
CK-101315,S008,2026-03-24,morning,P06,professional,5.6,1,83.0,69.0,76.0,76.0,76.0
CK-101316,S016,2026-03-24,evening,P10,professional,10.4,1,73.0,69.0,77.0,71.6,71.6
CK-101317,S018,2026-03-24,morning,P16,professional,2.4,0,90.0,84.0,82.0,84.9,84.9
CK-101318,S028,2026-03-24,morning,P21,professional,3.3,1,79.0,82.0,77.0,77.6,77.6
CK-101319,S031,2026-03-24,morning,P02,professional,2.9,1,80.0,93.0,87.0,86.4,86.4
CK-101320,S032,2026-03-24,morning,P08,professional,6.5,1,79.0,72.0,75.0,76.9,76.9
CK-101321,S046,2026-03-24,evening,P17,professional,6.1,1,82.0,85.0,73.0,81.3,81.3
CK-101322,S057,2026-03-24,midday,P14,professional,3.8,1,79.0,72.0,85.0,82.3,82.3
CK-101323,S062,2026-03-24,midday,P09,professional,4.1,0,79.0,82.0,74.0,78.4,78.4
CK-101324,S074,2026-03-24,morning,P20,professional,11.5,1,67.0,77.0,74.0,75.6,75.6
CK-101325,S094,2026-03-24,evening,P05,professional,4.9,1,85.0,92.0,79.0,83.9,83.9
CK-101326,S103,2026-03-24,morning,P22,professional,6.7,1,79.0,84.0,79.0,76.2,76.2
CK-101327,S115,2026-03-24,midday,P18,professional,2.7,1,86.0,84.0,86.0,82.5,82.5
CK-101328,S116,2026-03-24,evening,P18,professional,3.7,1,76.0,76.0,78.0,78.8,78.8
CK-101329,S034,2026-03-25,morning,P12,professional,6.2,0,64.0,67.0,71.0,75.8,75.8
CK-101330,S042,2026-03-25,evening,P26,professional,6.3,1,75.0,78.0,77.0,75.1,75.1
CK-101331,S045,2026-03-25,midday,P23,professional,11.1,1,73.0,71.0,74.0,71.3,71.3
CK-101332,S067,2026-03-25,evening,P03,professional,5.0,1,72.0,84.0,75.0,73.8,73.8
CK-101333,S074,2026-03-25,morning,P13,professional,5.8,1,73.0,85.0,83.0,78.9,78.9
CK-101334,S076,2026-03-25,evening,P21,professional,5.9,1,73.0,78.0,87.0,82.7,82.7
CK-101335,S084,2026-03-25,morning,P22,professional,3.0,1,88.0,86.0,84.0,83.2,83.2
CK-101336,S085,2026-03-25,evening,P27,professional,3.2,1,76.0,74.0,75.0,75.0,75.0
CK-101337,S093,2026-03-25,midday,P05,professional,3.5,1,83.0,77.0,77.0,79.1,79.1
CK-101338,S097,2026-03-25,evening,P26,professional,8.3,1,72.0,69.0,66.0,65.6,65.6
CK-101339,S119,2026-03-25,midday,P17,professional,3.0,1,86.0,95.0,93.0,88.9,88.9
CK-101340,S005,2026-03-26,morning,P20,professional,1.7,1,78.0,73.0,70.0,75.9,75.9
CK-101341,S007,2026-03-26,midday,P27,professional,4.1,1,83.0,85.0,80.0,78.8,78.8
CK-101342,S010,2026-03-26,midday,P28,professional,2.3,1,86.0,84.0,79.0,81.8,81.8
CK-101343,S015,2026-03-26,evening,P04,professional,10.1,1,83.0,78.0,73.0,80.0,80.0
CK-101344,S022,2026-03-26,midday,P05,professional,3.4,1,78.0,80.0,84.0,80.2,80.2
CK-101345,S027,2026-03-26,evening,P22,professional,9.1,1,72.0,73.0,77.0,75.5,75.5
CK-101346,S028,2026-03-26,midday,P24,professional,4.1,1,74.0,63.0,75.0,66.1,66.1
CK-101347,S041,2026-03-26,evening,P17,professional,9.3,1,74.0,94.0,82.0,83.5,83.5
CK-101348,S047,2026-03-26,morning,P02,professional,5.6,1,86.0,91.0,95.0,92.5,92.5
CK-101349,S049,2026-03-26,morning,P09,professional,4.3,1,72.0,76.0,74.0,71.8,71.8
CK-101350,S052,2026-03-26,morning,P06,professional,6.1,1,74.0,84.0,78.0,74.3,74.3
CK-101351,S058,2026-03-26,evening,P19,professional,10.5,1,60.0,60.0,52.0,60.8,60.8
CK-101352,S066,2026-03-26,midday,P30,professional,7.1,1,70.0,63.0,63.0,65.2,65.2
CK-101353,S076,2026-03-26,midday,P05,professional,3.9,1,78.0,78.0,72.0,76.5,76.5
CK-101354,S083,2026-03-26,morning,P09,professional,3.5,1,78.0,78.0,80.0,75.9,75.9
CK-101355,S088,2026-03-26,midday,P02,professional,4.4,1,85.0,71.0,81.0,82.0,82.0
CK-101356,S090,2026-03-26,midday,P19,professional,3.8,1,74.0,69.0,84.0,77.3,77.3
CK-101357,S097,2026-03-26,midday,P09,professional,2.2,1,64.0,63.0,69.0,68.0,68.0
CK-101358,S098,2026-03-26,evening,P01,professional,2.4,1,78.0,85.0,91.0,82.3,82.3
CK-101359,S103,2026-03-26,evening,P21,professional,7.3,1,84.0,83.0,73.0,77.3,77.3
CK-101360,S116,2026-03-26,morning,P04,professional,5.2,1,74.0,81.0,75.0,74.8,74.8
CK-101361,S117,2026-03-26,evening,P20,professional,5.1,1,81.0,81.0,83.0,79.0,79.0
CK-101362,S120,2026-03-26,morning,P16,professional,4.2,1,92.0,81.0,89.0,85.4,85.4
CK-101363,S006,2026-03-27,midday,P02,professional,3.4,1,75.0,67.0,81.0,77.2,77.2
CK-101364,S009,2026-03-27,midday,P22,professional,5.5,1,76.0,85.0,86.0,79.2,79.2
CK-101365,S014,2026-03-27,morning,P07,professional,5.0,1,86.0,86.0,84.0,85.8,85.8
CK-101366,S023,2026-03-27,midday,P19,professional,5.8,1,84.0,80.0,85.0,78.3,78.3
CK-101367,S048,2026-03-27,midday,P27,professional,4.9,1,87.0,87.0,77.0,85.1,85.1
CK-101368,S052,2026-03-27,evening,P16,professional,8.0,1,68.0,73.0,68.0,68.7,68.7
CK-101369,S063,2026-03-27,morning,P13,professional,4.5,1,73.0,73.0,74.0,74.2,74.2
CK-101370,S079,2026-03-27,evening,P19,professional,2.5,1,85.0,90.0,90.0,86.3,86.3
CK-101371,S090,2026-03-27,midday,P23,professional,4.0,1,71.0,69.0,72.0,70.8,70.8
CK-101372,S093,2026-03-27,midday,P22,professional,2.5,1,78.0,74.0,68.0,69.4,69.4
CK-101373,S110,2026-03-27,morning,P01,professional,3.0,1,76.0,75.0,78.0,76.7,76.7
CK-101374,S112,2026-03-27,midday,P13,professional,3.4,1,88.0,78.0,81.0,84.5,84.5
CK-101375,S114,2026-03-27,midday,P24,professional,2.7,1,67.0,75.0,74.0,74.5,74.5
CK-101376,S118,2026-03-27,evening,P05,professional,5.5,1,91.0,89.0,81.0,82.6,82.6
CK-101377,S004,2026-03-28,midday,P27,professional,2.1,0,73.0,77.0,79.0,77.3,77.3
CK-101378,S008,2026-03-28,morning,P15,professional,4.0,1,84.0,79.0,80.0,78.8,78.8
CK-101379,S012,2026-03-28,morning,P01,professional,4.3,0,84.0,84.0,84.0,86.2,86.2
CK-101380,S015,2026-03-28,morning,P22,professional,1.3,1,75.0,71.0,75.0,79.5,79.5
CK-101381,S017,2026-03-28,evening,P07,professional,5.8,1,63.0,66.0,75.0,71.8,71.8
CK-101382,S019,2026-03-28,midday,P12,professional,8.4,1,70.0,83.0,70.0,73.1,73.1
CK-101383,S025,2026-03-28,morning,P02,professional,1.8,1,70.0,69.0,68.0,69.4,69.4
CK-101384,S026,2026-03-28,evening,P07,professional,8.4,1,67.0,64.0,69.0,69.9,69.9
CK-101385,S031,2026-03-28,midday,P14,professional,3.6,1,79.0,79.0,81.0,75.7,75.7
CK-101386,S040,2026-03-28,midday,P24,professional,5.1,1,81.0,94.0,89.0,88.5,88.5
CK-101387,S058,2026-03-28,evening,P19,professional,14.3,1,69.0,89.0,80.0,80.9,80.9
CK-101388,S077,2026-03-28,evening,P08,professional,6.0,0,82.0,67.0,73.0,75.3,75.3
CK-101389,S088,2026-03-28,evening,P24,professional,2.1,1,67.0,69.0,73.0,70.4,70.4
CK-101390,S093,2026-03-28,evening,P22,professional,4.5,1,68.0,68.0,69.0,70.8,70.8
CK-101391,S102,2026-03-28,midday,P25,professional,3.5,1,85.0,83.0,78.0,84.4,84.4
CK-101392,S105,2026-03-28,morning,P24,professional,5.0,1,68.0,67.0,74.0,68.7,68.7
CK-101393,S108,2026-03-28,midday,P18,professional,5.1,1,74.0,79.0,79.0,76.8,76.8
CK-101394,S110,2026-03-28,midday,P07,professional,4.7,1,86.0,77.0,79.0,85.6,85.6
CK-101395,S119,2026-03-28,morning,P20,professional,7.2,1,89.0,77.0,88.0,85.4,85.4
CK-101396,S007,2026-03-29,morning,P21,professional,4.2,1,83.0,74.0,87.0,80.0,80.0
CK-101397,S009,2026-03-29,midday,P01,professional,3.1,0,84.0,76.0,70.0,79.2,79.2
CK-101398,S010,2026-03-29,evening,P21,professional,8.5,1,86.0,79.0,78.0,78.7,78.7
CK-101399,S019,2026-03-29,evening,P03,professional,13.9,0,80.0,74.0,79.0,76.2,76.2
CK-101400,S028,2026-03-29,evening,P08,professional,6.5,1,77.0,77.0,76.0,77.5,77.5
CK-101401,S030,2026-03-29,evening,P14,professional,6.3,1,77.0,80.0,80.0,78.5,78.5
CK-101402,S044,2026-03-29,morning,P20,professional,13.4,1,79.0,84.0,81.0,82.2,82.2
CK-101403,S045,2026-03-29,morning,P11,professional,5.2,1,74.0,70.0,81.0,75.7,75.7
CK-101404,S047,2026-03-29,evening,P16,professional,2.7,1,87.0,79.0,86.0,86.0,86.0
CK-101405,S049,2026-03-29,evening,P04,professional,5.7,1,63.0,66.0,71.0,73.4,73.4
CK-101406,S052,2026-03-29,evening,P01,professional,5.1,1,85.0,80.0,86.0,78.2,78.2
CK-101407,S055,2026-03-29,midday,P11,professional,3.9,1,85.0,70.0,84.0,82.9,82.9
CK-101408,S060,2026-03-29,midday,P10,professional,2.7,1,71.0,68.0,73.0,70.4,70.4
CK-101409,S064,2026-03-29,midday,P07,professional,4.8,1,78.0,81.0,72.0,78.6,78.6
CK-101410,S073,2026-03-29,evening,P20,professional,4.5,1,62.0,79.0,80.0,73.0,73.0
CK-101411,S076,2026-03-29,evening,P23,professional,7.0,1,77.0,72.0,71.0,71.6,71.6
CK-101412,S100,2026-03-29,morning,P27,professional,4.0,1,74.0,68.0,72.0,76.9,76.9
CK-101413,S112,2026-03-29,morning,P10,professional,6.0,1,79.0,76.0,66.0,74.6,74.6
CK-101414,S002,2026-03-30,midday,P05,professional,2.6,1,93.0,86.0,91.0,87.9,87.9
CK-101415,S017,2026-03-30,morning,P12,professional,4.0,1,85.0,83.0,85.0,84.0,84.0
CK-101416,S021,2026-03-30,midday,P28,professional,9.8,1,92.0,75.0,98.0,90.9,90.9
CK-101417,S029,2026-03-30,morning,P15,professional,3.5,1,87.0,81.0,75.0,78.5,78.5
CK-101418,S032,2026-03-30,morning,P10,professional,4.9,1,82.0,91.0,86.0,84.0,84.0
CK-101419,S045,2026-03-30,evening,P23,professional,9.2,1,55.0,46.0,59.0,59.4,59.4
CK-101420,S046,2026-03-30,evening,P16,professional,6.2,1,86.0,71.0,75.0,76.8,76.8
CK-101421,S048,2026-03-30,evening,P09,professional,2.9,1,87.0,77.0,79.0,78.8,78.8
CK-101422,S053,2026-03-30,morning,P04,professional,9.6,1,73.0,81.0,66.0,75.8,75.8
CK-101423,S058,2026-03-30,midday,P23,professional,5.3,1,63.0,57.0,64.0,64.9,64.9
CK-101424,S070,2026-03-30,evening,P10,professional,8.3,1,68.0,78.0,66.0,67.8,67.8
CK-101425,S094,2026-03-30,midday,P21,professional,3.9,1,85.0,90.0,93.0,90.4,90.4
CK-101426,S096,2026-03-30,midday,P29,professional,1.9,1,83.0,77.0,78.0,82.6,82.6
CK-101427,S102,2026-03-30,midday,P26,professional,4.0,1,66.0,68.0,74.0,73.1,73.1
CK-101428,S116,2026-03-30,morning,P23,professional,6.1,1,70.0,70.0,80.0,68.8,68.8
CK-101429,S012,2026-03-31,midday,P03,professional,3.2,1,80.0,76.0,77.0,76.3,76.3
CK-101430,S018,2026-03-31,midday,P17,professional,2.7,1,83.0,83.0,85.0,85.6,85.6
CK-101431,S031,2026-03-31,evening,P07,professional,2.1,0,67.0,66.0,73.0,68.4,68.4
CK-101432,S035,2026-03-31,morning,P23,professional,3.1,1,68.0,74.0,62.0,70.5,70.5
CK-101433,S039,2026-03-31,midday,P13,professional,2.9,1,75.0,84.0,69.0,72.0,72.0
CK-101434,S043,2026-03-31,midday,P18,professional,5.4,1,85.0,77.0,81.0,78.3,78.3
CK-101435,S059,2026-03-31,evening,P05,professional,1.9,0,72.0,68.0,72.0,72.1,72.1
CK-101436,S063,2026-03-31,midday,P09,professional,5.2,1,91.0,97.0,90.0,90.6,90.6
CK-101437,S070,2026-03-31,midday,P06,professional,5.2,1,86.0,93.0,90.0,85.6,85.6
CK-101438,S073,2026-03-31,evening,P01,professional,12.1,1,73.0,72.0,77.0,71.2,71.2
CK-101439,S075,2026-03-31,morning,P10,professional,2.5,1,87.0,77.0,74.0,80.9,80.9
CK-101440,S086,2026-03-31,midday,P20,professional,4.5,1,76.0,72.0,74.0,75.5,75.5
CK-101441,S005,2026-04-01,morning,P09,professional,3.4,1,80.0,79.0,81.0,77.3,77.3
CK-101442,S009,2026-04-01,evening,P25,professional,5.2,1,73.0,66.0,71.0,68.2,68.2
CK-101443,S011,2026-04-01,midday,P04,professional,4.0,1,81.0,82.0,86.0,86.6,86.6
CK-101443,S011,2026-04-01,midday,P04,professional,4.0,1,81.0,82.0,86.0,86.6,86.6
CK-101444,S021,2026-04-01,midday,P14,professional,5.3,1,80.0,88.0,90.0,84.4,84.4
CK-101445,S024,2026-04-01,morning,P28,professional,2.3,1,81.0,87.0,88.0,85.5,85.5
CK-101446,S028,2026-04-01,morning,P24,professional,6.8,0,68.0,72.0,70.0,70.4,70.4
CK-101447,S067,2026-04-01,midday,P26,professional,3.6,1,79.0,85.0,75.0,79.7,79.7
CK-101447,S067,2026-04-01,midday,P26,professional,3.6,1,79.0,85.0,75.0,79.7,79.7
CK-101448,S070,2026-04-01,morning,P18,professional,4.1,1,82.0,84.0,80.0,79.8,79.8
CK-101449,S071,2026-04-01,midday,P09,professional,3.7,0,70.0,81.0,75.0,77.7,77.7
CK-101449,S071,2026-04-01,midday,P09,professional,3.7,0,70.0,81.0,75.0,77.7,77.7
CK-101450,S078,2026-04-01,midday,P10,professional,9.3,1,86.0,86.0,80.0,79.5,79.5
CK-101451,S101,2026-04-01,evening,P11,professional,6.8,1,58.0,58.0,70.0,62.9,62.9
CK-101452,S102,2026-04-01,midday,P18,professional,5.6,1,79.0,79.0,76.0,77.3,77.3
CK-101453,S103,2026-04-01,evening,P09,professional,8.4,1,79.0,75.0,87.0,82.4,82.4
CK-101453,S103,2026-04-01,evening,P09,professional,8.4,1,79.0,75.0,87.0,82.4,82.4
CK-101454,S108,2026-04-01,midday,P13,professional,3.1,0,83.0,85.0,81.0,83.6,83.6
CK-101455,S110,2026-04-01,morning,P07,professional,6.2,1,78.0,70.0,74.0,72.3,72.3
CK-101456,S113,2026-04-01,morning,P23,professional,3.5,1,83.0,70.0,84.0,78.7,78.7
CK-101457,S006,2026-04-02,evening,P14,professional,10.3,1,71.0,69.0,69.0,65.4,65.4
CK-101458,S008,2026-04-02,midday,P23,professional,5.7,1,75.0,74.0,77.0,77.7,77.7
CK-101459,S013,2026-04-02,midday,P06,professional,4.8,1,76.0,77.0,72.0,74.3,74.3
CK-101460,S033,2026-04-02,evening,P08,professional,8.8,1,66.0,59.0,69.0,67.9,67.9
CK-101461,S038,2026-04-02,midday,P09,professional,2.8,1,73.0,67.0,76.0,72.4,72.4
CK-101462,S055,2026-04-02,morning,P24,professional,5.0,1,71.0,66.0,69.0,69.5,69.5
CK-101462,S055,2026-04-02,morning,P24,professional,5.0,1,71.0,66.0,69.0,69.5,69.5
CK-101463,S057,2026-04-02,morning,P25,professional,5.1,1,71.0,74.0,74.0,75.5,75.5
CK-101464,S062,2026-04-02,morning,P09,professional,4.4,1,85.0,88.0,86.0,83.6,83.6
CK-101465,S077,2026-04-02,midday,P27,professional,3.6,1,94.0,100.0,96.0,92.9,92.9
CK-101466,S079,2026-04-02,evening,P19,professional,5.6,1,82.0,78.0,85.0,79.8,79.8
CK-101466,S079,2026-04-02,evening,P19,professional,5.6,1,82.0,78.0,85.0,79.8,79.8
CK-101467,S085,2026-04-02,midday,P22,professional,5.7,1,80.0,82.0,82.0,82.6,82.6
CK-101468,S109,2026-04-02,morning,P05,professional,4.3,1,79.0,80.0,85.0,75.1,75.1
CK-101469,S025,2026-04-03,morning,P28,professional,4.5,1,81.0,75.0,75.0,78.4,78.4
CK-101470,S028,2026-04-03,evening,P22,professional,10.2,1,83.0,80.0,85.0,82.8,82.8
CK-101471,S058,2026-04-03,midday,P05,professional,4.9,1,76.0,71.0,74.0,79.7,79.7
CK-101472,S059,2026-04-03,evening,P16,professional,3.6,1,60.0,53.0,67.0,64.4,64.4
CK-101472,S059,2026-04-03,evening,P16,professional,3.6,1,60.0,53.0,67.0,64.4,64.4
CK-101473,S060,2026-04-03,evening,P09,professional,8.0,1,84.0,78.0,78.0,75.2,75.2
CK-101474,S081,2026-04-03,evening,P16,professional,4.5,1,78.0,66.0,78.0,74.5,74.5
CK-101475,S095,2026-04-03,midday,P10,professional,7.9,1,62.0,60.0,66.0,65.7,65.7
CK-101475,S095,2026-04-03,midday,P10,professional,7.9,1,62.0,60.0,66.0,65.7,65.7
CK-101476,S099,2026-04-03,evening,P22,professional,3.9,1,85.0,95.0,86.0,91.9,91.9
CK-101476,S099,2026-04-03,evening,P22,professional,3.9,1,85.0,95.0,86.0,91.9,91.9
CK-101477,S011,2026-04-04,evening,P16,professional,5.4,1,86.0,78.0,75.0,79.0,79.0
CK-101477,S011,2026-04-04,evening,P16,professional,5.4,1,86.0,78.0,75.0,79.0,79.0
CK-101478,S017,2026-04-04,morning,P04,professional,6.9,0,89.0,84.0,85.0,89.9,89.9
CK-101479,S023,2026-04-04,morning,P22,professional,3.9,1,58.0,61.0,62.0,65.3,65.3
CK-101479,S023,2026-04-04,morning,P22,professional,3.9,1,58.0,61.0,62.0,65.3,65.3
CK-101480,S027,2026-04-04,evening,P08,professional,10.5,1,75.0,66.0,77.0,79.2,79.2
CK-101480,S027,2026-04-04,evening,P08,professional,10.5,1,75.0,66.0,77.0,79.2,79.2
CK-101481,S046,2026-04-04,morning,P19,professional,1.9,1,59.0,64.0,55.0,60.1,60.1
CK-101482,S047,2026-04-04,midday,P09,professional,3.1,1,76.0,77.0,83.0,79.8,79.8
CK-101482,S047,2026-04-04,midday,P09,professional,3.1,1,76.0,77.0,83.0,79.8,79.8
CK-101483,S049,2026-04-04,morning,P29,professional,2.0,1,78.0,78.0,77.0,80.1,80.1
CK-101484,S080,2026-04-04,morning,P04,professional,6.1,1,78.0,70.0,77.0,74.1,74.1
CK-101485,S082,2026-04-04,morning,P05,professional,7.0,1,84.0,88.0,76.0,81.8,81.8
CK-101486,S090,2026-04-04,morning,P19,professional,2.4,1,79.0,85.0,82.0,83.9,83.9
CK-101487,S114,2026-04-04,midday,P29,professional,9.4,1,77.0,89.0,78.0,81.6,81.6
CK-101488,S115,2026-04-04,midday,P17,professional,3.2,1,75.0,60.0,68.0,68.3,68.3
CK-101488,S115,2026-04-04,midday,P17,professional,3.2,1,75.0,60.0,68.0,68.3,68.3
CK-101489,S008,2026-04-05,morning,P10,professional,4.6,1,79.0,76.0,88.0,81.4,81.4
CK-101490,S012,2026-04-05,evening,P13,professional,9.3,1,77.0,77.0,83.0,79.2,79.2
CK-101491,S015,2026-04-05,evening,P26,professional,6.4,0,67.0,63.0,70.0,65.1,65.1
CK-101491,S015,2026-04-05,evening,P26,professional,6.4,0,67.0,63.0,70.0,65.1,65.1
CK-101492,S016,2026-04-05,morning,P15,professional,3.9,1,69.0,64.0,73.0,70.8,70.8
CK-101493,S019,2026-04-05,evening,P15,professional,12.3,1,85.0,75.0,78.0,74.5,74.5
CK-101493,S019,2026-04-05,evening,P15,professional,12.3,1,85.0,75.0,78.0,74.5,74.5
CK-101494,S020,2026-04-05,morning,P26,professional,4.3,1,81.0,73.0,78.0,76.7,76.7
CK-101495,S025,2026-04-05,evening,P04,professional,4.8,1,68.0,66.0,72.0,64.3,64.3
CK-101496,S032,2026-04-05,midday,P04,professional,6.0,1,81.0,86.0,86.0,82.4,82.4
CK-101497,S044,2026-04-05,midday,P16,professional,2.4,1,63.0,62.0,62.0,61.1,61.1
CK-101498,S045,2026-04-05,evening,P10,professional,5.8,1,80.0,68.0,81.0,74.7,74.7
CK-101499,S049,2026-04-05,evening,P06,professional,3.7,1,80.0,79.0,79.0,77.2,77.2
CK-101500,S054,2026-04-05,midday,P21,professional,3.7,1,73.0,74.0,80.0,74.8,74.8
CK-101501,S058,2026-04-05,evening,P17,professional,5.6,1,75.0,66.0,71.0,74.8,74.8
CK-101502,S077,2026-04-05,midday,P20,professional,2.6,1,83.0,87.0,91.0,87.7,87.7
CK-101503,S093,2026-04-05,midday,P20,professional,2.8,1,73.0,72.0,66.0,71.4,71.4
CK-101504,S094,2026-04-05,midday,P20,professional,5.3,1,76.0,76.0,79.0,76.0,76.0
CK-101505,S106,2026-04-05,midday,P20,professional,7.5,1,77.0,77.0,90.0,81.1,81.1
CK-101506,S115,2026-04-05,evening,P14,professional,4.0,1,76.0,82.0,67.0,75.6,75.6
CK-101506,S115,2026-04-05,evening,P14,professional,4.0,1,76.0,82.0,67.0,75.6,75.6
CK-101507,S117,2026-04-05,evening,P17,professional,9.2,1,82.0,79.0,77.0,77.9,77.9
CK-101508,S004,2026-04-06,midday,P10,professional,3.1,1,64.0,57.0,59.0,65.2,65.2
CK-101509,S015,2026-04-06,midday,P16,professional,4.5,1,85.0,80.0,89.0,80.2,80.2
CK-101509,S015,2026-04-06,midday,P16,professional,4.5,1,85.0,80.0,89.0,80.2,80.2
CK-101510,S028,2026-04-06,morning,P19,professional,5.1,0,73.0,68.0,76.0,73.4,73.4
CK-101511,S034,2026-04-06,morning,P28,professional,4.8,1,93.0,91.0,96.0,91.4,91.4
CK-101512,S036,2026-04-06,midday,P15,professional,4.9,1,85.0,94.0,86.0,89.9,89.9
CK-101513,S037,2026-04-06,morning,P17,professional,7.1,1,60.0,75.0,77.0,72.5,72.5
CK-101514,S040,2026-04-06,midday,P15,professional,3.4,1,79.0,79.0,80.0,77.5,77.5
CK-101515,S062,2026-04-06,midday,P23,professional,4.7,1,83.0,78.0,82.0,81.6,81.6
CK-101516,S064,2026-04-06,morning,P15,professional,2.9,1,79.0,78.0,86.0,80.1,80.1
CK-101517,S065,2026-04-06,evening,P18,professional,15.1,1,66.0,67.0,66.0,63.8,63.8
CK-101518,S072,2026-04-06,morning,P25,professional,3.9,1,76.0,84.0,82.0,79.7,79.7
CK-101519,S078,2026-04-06,morning,P20,professional,3.8,1,80.0,83.0,80.0,82.9,82.9
CK-101520,S103,2026-04-06,midday,P05,professional,4.2,1,74.0,80.0,79.0,77.7,77.7
CK-101520,S103,2026-04-06,midday,P05,professional,4.2,1,74.0,80.0,79.0,77.7,77.7
CK-101521,S105,2026-04-06,evening,P23,professional,7.1,1,73.0,73.0,80.0,78.5,78.5
CK-101522,S109,2026-04-06,midday,P25,professional,2.2,1,84.0,77.0,82.0,80.1,80.1
CK-101523,S119,2026-04-06,evening,P21,professional,3.4,1,80.0,81.0,90.0,84.7,84.7
CK-101523,S119,2026-04-06,evening,P21,professional,3.4,1,80.0,81.0,90.0,84.7,84.7
CK-101524,S120,2026-04-06,morning,P22,professional,2.2,1,84.0,82.0,87.0,80.6,80.6
CK-101525,S004,2026-04-07,evening,P05,professional,7.4,1,69.0,72.0,67.0,67.9,67.9
CK-101526,S005,2026-04-07,evening,P05,professional,6.9,1,93.0,83.0,90.0,85.6,85.6
CK-101527,S020,2026-04-07,midday,P26,professional,2.8,1,75.0,81.0,82.0,78.8,78.8
CK-101528,S021,2026-04-07,evening,P07,professional,7.1,1,74.0,73.0,74.0,71.4,71.4
CK-101529,S046,2026-04-07,morning,P07,professional,5.4,1,78.0,77.0,85.0,79.5,79.5
CK-101530,S056,2026-04-07,midday,P20,professional,2.6,1,91.0,77.0,88.0,85.9,85.9
CK-101531,S062,2026-04-07,evening,P29,professional,2.6,1,82.0,81.0,83.0,80.9,80.9
CK-101532,S064,2026-04-07,midday,P26,professional,4.5,1,75.0,77.0,74.0,74.3,74.3
CK-101533,S068,2026-04-07,midday,P16,professional,3.9,1,77.0,90.0,85.0,85.8,85.8
CK-101534,S069,2026-04-07,midday,P16,professional,9.0,1,88.0,88.0,87.0,87.6,87.6
CK-101535,S070,2026-04-07,morning,P30,professional,2.9,1,90.0,87.0,95.0,89.1,89.1
CK-101536,S071,2026-04-07,morning,P05,professional,6.0,1,81.0,89.0,85.0,84.1,84.1
CK-101536,S071,2026-04-07,morning,P05,professional,6.0,1,81.0,89.0,85.0,84.1,84.1
CK-101537,S077,2026-04-07,morning,P10,professional,5.0,1,70.0,76.0,72.0,73.8,73.8
CK-101538,S087,2026-04-07,evening,P07,professional,10.0,1,77.0,81.0,82.0,84.6,84.6
CK-101538,S087,2026-04-07,evening,P07,professional,10.0,1,77.0,81.0,82.0,84.6,84.6
CK-101539,S091,2026-04-07,evening,P15,professional,5.0,1,86.0,87.0,85.0,86.0,86.0
CK-101539,S091,2026-04-07,evening,P15,professional,5.0,1,86.0,87.0,85.0,86.0,86.0
CK-101540,S098,2026-04-07,morning,P26,professional,2.6,1,81.0,80.0,82.0,78.9,78.9
CK-101541,S102,2026-04-07,evening,P02,professional,5.5,1,74.0,79.0,74.0,75.2,75.2
CK-101542,S106,2026-04-07,morning,P24,professional,6.1,1,76.0,83.0,80.0,79.1,79.1
CK-101543,S110,2026-04-07,midday,P25,professional,6.1,1,73.0,52.0,66.0,66.7,66.7
CK-101544,S113,2026-04-07,evening,P13,professional,10.6,1,72.0,68.0,86.0,75.7,75.7
CK-101545,S001,2026-04-08,morning,P20,professional,4.9,1,79.0,80.0,81.0,77.2,77.2
CK-101546,S002,2026-04-08,morning,P25,professional,3.0,1,75.0,70.0,74.0,74.4,74.4
CK-101547,S014,2026-04-08,midday,P04,professional,3.0,1,70.0,81.0,78.0,78.0,78.0
CK-101548,S018,2026-04-08,midday,P15,professional,2.8,1,76.0,75.0,74.0,75.1,75.1
CK-101549,S020,2026-04-08,midday,P20,professional,3.2,1,78.0,77.0,83.0,81.8,81.8
CK-101550,S030,2026-04-08,evening,P24,professional,5.9,1,86.0,75.0,81.0,76.2,76.2
CK-101551,S049,2026-04-08,morning,P11,professional,6.8,1,71.0,74.0,68.0,69.5,69.5
CK-101552,S055,2026-04-08,evening,P20,professional,6.6,1,83.0,86.0,86.0,87.9,87.9
CK-101552,S055,2026-04-08,evening,P20,professional,6.6,1,83.0,86.0,86.0,87.9,87.9
CK-101553,S065,2026-04-08,midday,P03,professional,4.0,1,71.0,74.0,69.0,75.0,75.0
CK-101554,S068,2026-04-08,evening,P13,professional,5.3,0,90.0,87.0,86.0,85.5,85.5
CK-101555,S101,2026-04-08,midday,P08,professional,6.8,1,75.0,75.0,76.0,80.4,80.4
CK-101556,S103,2026-04-08,morning,P06,professional,3.6,1,76.0,75.0,82.0,77.1,77.1
CK-101556,S103,2026-04-08,morning,P06,professional,3.6,1,76.0,75.0,82.0,77.1,77.1
CK-101557,S114,2026-04-08,evening,P18,professional,4.5,1,71.0,69.0,74.0,69.3,69.3
CK-101558,S116,2026-04-08,midday,P13,professional,7.0,1,74.0,85.0,78.0,75.5,75.5
CK-101559,S013,2026-04-09,morning,P26,professional,9.2,1,74.0,64.0,76.0,76.5,76.5
CK-101560,S023,2026-04-09,evening,P07,professional,7.0,1,81.0,71.0,72.0,73.0,73.0
CK-101560,S023,2026-04-09,evening,P07,professional,7.0,1,81.0,71.0,72.0,73.0,73.0
CK-101561,S026,2026-04-09,midday,P06,professional,4.7,1,83.0,72.0,80.0,84.2,84.2
CK-101562,S033,2026-04-09,midday,P23,professional,9.5,1,94.0,93.0,86.0,90.6,90.6
CK-101563,S039,2026-04-09,evening,P08,professional,5.1,1,71.0,70.0,75.0,73.5,73.5
CK-101563,S039,2026-04-09,evening,P08,professional,5.1,1,71.0,70.0,75.0,73.5,73.5
CK-101564,S040,2026-04-09,morning,P19,professional,7.3,1,73.0,83.0,76.0,74.8,74.8
CK-101565,S044,2026-04-09,midday,P24,professional,8.2,1,85.0,89.0,84.0,88.0,88.0
CK-101566,S053,2026-04-09,midday,P23,professional,5.7,1,78.0,72.0,76.0,73.6,73.6
CK-101567,S061,2026-04-09,midday,P07,professional,3.6,1,98.0,90.0,95.0,88.4,88.4
CK-101568,S062,2026-04-09,midday,P04,professional,6.3,1,78.0,82.0,84.0,79.8,79.8
CK-101569,S074,2026-04-09,morning,P28,professional,2.6,1,76.0,75.0,83.0,78.4,78.4
CK-101570,S076,2026-04-09,midday,P30,professional,3.4,1,78.0,84.0,81.0,79.3,79.3
CK-101571,S078,2026-04-09,evening,P19,professional,5.3,1,74.0,85.0,87.0,82.8,82.8
CK-101572,S090,2026-04-09,evening,P22,professional,11.6,1,84.0,90.0,87.0,84.8,84.8
CK-101573,S093,2026-04-09,evening,P09,professional,12.5,1,80.0,72.0,76.0,75.1,75.1
CK-101574,S097,2026-04-09,evening,P08,professional,9.9,1,80.0,74.0,84.0,81.6,81.6
CK-101575,S098,2026-04-09,midday,P02,professional,8.4,1,77.0,80.0,89.0,83.0,83.0
CK-101576,S099,2026-04-09,midday,P07,professional,2.5,1,76.0,68.0,64.0,69.4,69.4
CK-101576,S099,2026-04-09,midday,P07,professional,2.5,1,76.0,68.0,64.0,69.4,69.4
CK-101577,S106,2026-04-09,morning,P21,professional,2.0,1,77.0,67.0,86.0,81.1,81.1
CK-101578,S108,2026-04-09,morning,P19,professional,3.4,1,79.0,86.0,80.0,81.5,81.5
CK-101579,S109,2026-04-09,evening,P29,professional,5.2,1,74.0,68.0,71.0,70.1,70.1
CK-101580,S111,2026-04-09,evening,P10,professional,9.1,1,86.0,85.0,89.0,79.0,79.0
CK-101580,S111,2026-04-09,evening,P10,professional,9.1,1,86.0,85.0,89.0,79.0,79.0
CK-101581,S116,2026-04-09,morning,P27,professional,12.2,1,88.0,84.0,85.0,82.5,82.5
CK-101582,S120,2026-04-09,evening,P27,professional,4.1,1,67.0,72.0,68.0,64.0,64.0
CK-101583,S003,2026-04-10,morning,P14,professional,2.3,1,53.0,59.0,57.0,61.1,61.1
CK-101583,S003,2026-04-10,morning,P14,professional,2.3,1,53.0,59.0,57.0,61.1,61.1
CK-101584,S011,2026-04-10,morning,P07,professional,4.0,0,78.0,74.0,76.0,74.9,74.9
CK-101584,S011,2026-04-10,morning,P07,professional,4.0,0,78.0,74.0,76.0,74.9,74.9
CK-101585,S012,2026-04-10,evening,P16,professional,7.2,1,71.0,71.0,79.0,75.3,75.3
CK-101586,S034,2026-04-10,midday,P12,professional,2.4,1,80.0,72.0,75.0,76.2,76.2
CK-101587,S046,2026-04-10,evening,P12,professional,3.5,1,82.0,76.0,73.0,78.8,78.8
CK-101588,S053,2026-04-10,midday,P11,professional,3.5,1,80.0,69.0,74.0,73.4,73.4
CK-101589,S054,2026-04-10,morning,P08,professional,3.1,1,77.0,78.0,82.0,80.6,80.6
CK-101590,S058,2026-04-10,morning,P15,professional,3.6,1,75.0,82.0,80.0,77.8,77.8
CK-101591,S066,2026-04-10,evening,P11,professional,10.4,1,79.0,71.0,72.0,73.1,73.1
CK-101592,S067,2026-04-10,evening,P15,professional,4.9,1,85.0,86.0,85.0,84.2,84.2
CK-101592,S067,2026-04-10,evening,P15,professional,4.9,1,85.0,86.0,85.0,84.2,84.2
CK-101593,S079,2026-04-10,morning,P07,professional,15.8,1,72.0,75.0,75.0,77.6,77.6
CK-101593,S079,2026-04-10,morning,P07,professional,15.8,1,72.0,75.0,75.0,77.6,77.6
CK-101594,S084,2026-04-10,morning,P20,professional,2.4,1,78.0,79.0,81.0,76.2,76.2
CK-101595,S087,2026-04-10,evening,P28,professional,4.7,1,68.0,68.0,68.0,66.4,66.4
CK-101595,S087,2026-04-10,evening,P28,professional,4.7,1,68.0,68.0,68.0,66.4,66.4
CK-101596,S089,2026-04-10,midday,P10,professional,5.7,1,76.0,74.0,71.0,72.8,72.8
CK-101597,S117,2026-04-10,midday,P27,professional,4.4,1,75.0,70.0,76.0,72.3,72.3
CK-101598,S001,2026-04-11,morning,P24,professional,2.6,1,78.0,84.0,71.0,71.6,71.6
CK-101599,S008,2026-04-11,midday,P08,professional,3.4,0,85.0,89.0,83.0,86.1,86.1
CK-101600,S026,2026-04-11,midday,P15,professional,7.1,1,72.0,76.0,81.0,76.5,76.5
CK-101601,S036,2026-04-11,evening,P17,professional,2.3,1,77.0,71.0,83.0,79.8,79.8
CK-101602,S043,2026-04-11,morning,P27,professional,2.8,1,74.0,75.0,76.0,72.2,72.2
CK-101602,S043,2026-04-11,morning,P27,professional,2.8,1,74.0,75.0,76.0,72.2,72.2
CK-101603,S050,2026-04-11,evening,P21,professional,2.2,1,73.0,68.0,75.0,72.3,72.3
CK-101604,S051,2026-04-11,evening,P14,professional,8.0,1,58.0,58.0,65.0,61.1,61.1
CK-101604,S051,2026-04-11,evening,P14,professional,8.0,1,58.0,58.0,65.0,61.1,61.1
CK-101605,S057,2026-04-11,evening,P16,professional,5.3,1,85.0,84.0,83.0,87.5,87.5
CK-101606,S058,2026-04-11,morning,P27,professional,4.1,1,87.0,70.0,77.0,80.7,80.7
CK-101607,S059,2026-04-11,midday,P06,professional,2.9,1,86.0,92.0,97.0,87.8,87.8
CK-101607,S059,2026-04-11,midday,P06,professional,2.9,1,86.0,92.0,97.0,87.8,87.8
CK-101608,S066,2026-04-11,evening,P29,professional,8.2,1,57.0,57.0,70.0,66.5,66.5
CK-101609,S070,2026-04-11,evening,P21,professional,11.9,1,74.0,80.0,78.0,74.8,74.8
CK-101610,S080,2026-04-11,evening,P19,professional,7.6,1,80.0,83.0,82.0,83.7,83.7
CK-101611,S083,2026-04-11,evening,P20,professional,7.1,0,69.0,72.0,77.0,75.4,75.4
CK-101611,S083,2026-04-11,evening,P20,professional,7.1,0,69.0,72.0,77.0,75.4,75.4
CK-101612,S084,2026-04-11,midday,P25,professional,4.1,1,74.0,81.0,76.0,78.4,78.4
CK-101613,S096,2026-04-11,midday,P12,professional,10.8,1,84.0,82.0,83.0,84.5,84.5
CK-101614,S104,2026-04-11,morning,P06,professional,10.8,1,69.0,79.0,71.0,69.3,69.3
CK-101615,S105,2026-04-11,midday,P01,professional,5.6,1,79.0,82.0,71.0,77.2,77.2
CK-101616,S001,2026-04-12,evening,P11,professional,5.7,1,78.0,78.0,83.0,78.9,78.9
CK-101617,S003,2026-04-12,evening,P01,professional,4.0,1,56.0,51.0,55.0,54.5,54.5
CK-101617,S003,2026-04-12,evening,P01,professional,4.0,1,56.0,51.0,55.0,54.5,54.5
CK-101618,S009,2026-04-12,midday,P16,professional,5.4,1,75.0,76.0,77.0,76.6,76.6
CK-101619,S019,2026-04-12,morning,P25,professional,6.1,1,81.0,82.0,72.0,77.7,77.7
CK-101619,S019,2026-04-12,morning,P25,professional,6.1,1,81.0,82.0,72.0,77.7,77.7
CK-101620,S037,2026-04-12,evening,P14,professional,6.1,1,68.0,68.0,73.0,69.0,69.0
CK-101621,S075,2026-04-12,midday,P10,professional,2.7,1,75.0,78.0,75.0,78.5,78.5
CK-101621,S075,2026-04-12,midday,P10,professional,2.7,1,75.0,78.0,75.0,78.5,78.5
CK-101622,S091,2026-04-12,morning,P22,professional,4.7,1,79.0,77.0,77.0,79.7,79.7
CK-101622,S091,2026-04-12,morning,P22,professional,4.7,1,79.0,77.0,77.0,79.7,79.7
CK-101623,S107,2026-04-12,midday,P11,professional,7.0,1,67.0,67.0,65.0,65.3,65.3
CK-101623,S107,2026-04-12,midday,P11,professional,7.0,1,67.0,67.0,65.0,65.3,65.3
CK-101624,S120,2026-04-12,evening,P02,professional,5.1,1,73.0,67.0,71.0,70.1,70.1
CK-101625,S008,2026-04-13,evening,P25,professional,2.7,1,74.0,68.0,63.0,71.2,71.2
CK-101626,S016,2026-04-13,evening,P18,professional,11.0,1,73.0,55.0,64.0,67.6,67.6
CK-101627,S017,2026-04-13,midday,P14,professional,6.1,1,73.0,86.0,96.0,84.8,84.8
CK-101628,S019,2026-04-13,midday,P02,professional,2.1,1,85.0,90.0,86.0,81.9,81.9
CK-101628,S019,2026-04-13,midday,P02,professional,2.1,1,85.0,90.0,86.0,81.9,81.9
CK-101629,S025,2026-04-13,morning,P16,professional,5.3,1,78.0,82.0,76.0,80.0,80.0
CK-101630,S032,2026-04-13,evening,P17,professional,4.4,1,69.0,61.0,64.0,61.3,61.3
CK-101631,S035,2026-04-13,midday,P01,professional,2.0,1,87.0,78.0,86.0,84.0,84.0
CK-101631,S035,2026-04-13,midday,P01,professional,2.0,1,87.0,78.0,86.0,84.0,84.0
CK-101632,S057,2026-04-13,midday,P27,professional,2.1,1,68.0,67.0,69.0,69.2,69.2
CK-101633,S074,2026-04-13,midday,P23,professional,4.2,1,78.0,74.0,88.0,82.6,82.6
CK-101634,S075,2026-04-13,evening,P02,professional,11.8,1,91.0,93.0,97.0,91.6,91.6
CK-101634,S075,2026-04-13,evening,P02,professional,11.8,1,91.0,93.0,97.0,91.6,91.6
CK-101635,S076,2026-04-13,evening,P20,professional,9.3,1,80.0,74.0,78.0,74.8,74.8
CK-101636,S081,2026-04-13,morning,P14,professional,5.6,1,80.0,78.0,78.0,76.7,76.7
CK-101637,S107,2026-04-13,midday,P04,professional,4.5,1,76.0,71.0,79.0,74.4,74.4
CK-101637,S107,2026-04-13,midday,P04,professional,4.5,1,76.0,71.0,79.0,74.4,74.4
CK-101638,S116,2026-04-13,evening,P07,professional,5.1,1,83.0,83.0,93.0,83.1,83.1
CK-101639,S119,2026-04-13,midday,P29,professional,5.3,1,90.0,91.0,82.0,87.5,87.5
CK-101639,S119,2026-04-13,midday,P29,professional,5.3,1,90.0,91.0,82.0,87.5,87.5
CK-101640,S007,2026-04-14,morning,P21,professional,6.3,1,84.0,80.0,81.0,83.6,83.6
CK-101640,S007,2026-04-14,morning,P21,professional,6.3,1,84.0,80.0,81.0,83.6,83.6
CK-101641,S012,2026-04-14,midday,P15,professional,6.2,1,88.0,81.0,89.0,85.8,85.8
CK-101642,S014,2026-04-14,evening,P26,professional,7.7,1,75.0,77.0,69.0,71.9,71.9
CK-101643,S018,2026-04-14,evening,P21,professional,4.7,1,90.0,69.0,80.0,77.5,77.5
CK-101644,S029,2026-04-14,evening,P07,professional,4.4,1,76.0,81.0,71.0,75.2,75.2
CK-101645,S041,2026-04-14,morning,P11,professional,5.0,1,83.0,88.0,83.0,82.5,82.5
CK-101646,S055,2026-04-14,midday,P13,professional,2.1,1,63.0,66.0,68.0,69.5,69.5
CK-101646,S055,2026-04-14,midday,P13,professional,2.1,1,63.0,66.0,68.0,69.5,69.5
CK-101647,S065,2026-04-14,midday,P14,professional,4.7,0,73.0,78.0,84.0,81.3,81.3
CK-101648,S068,2026-04-14,morning,P02,professional,4.0,1,89.0,90.0,86.0,85.4,85.4
CK-101649,S069,2026-04-14,evening,P19,professional,4.7,1,82.0,85.0,77.0,78.0,78.0
CK-101650,S070,2026-04-14,midday,P04,professional,6.7,1,65.0,70.0,70.0,67.8,67.8
CK-101651,S079,2026-04-14,midday,P20,professional,1.9,1,82.0,88.0,79.0,80.9,80.9
CK-101651,S079,2026-04-14,midday,P20,professional,1.9,1,82.0,88.0,79.0,80.9,80.9
CK-101652,S080,2026-04-14,midday,P02,professional,4.7,1,80.0,90.0,80.0,85.8,85.8
CK-101653,S091,2026-04-14,morning,P23,professional,3.6,1,88.0,76.0,79.0,80.9,80.9
CK-101653,S091,2026-04-14,morning,P23,professional,3.6,1,88.0,76.0,79.0,80.9,80.9
CK-101654,S105,2026-04-14,morning,P29,professional,4.3,1,76.0,75.0,67.0,74.0,74.0
CK-101655,S108,2026-04-14,evening,P28,professional,3.5,1,76.0,77.0,70.0,74.7,74.7
CK-101656,S006,2026-04-15,morning,P30,professional,5.3,1,83.0,86.0,79.0,84.0,84.0
CK-101657,S023,2026-04-15,midday,P25,professional,8.3,1,70.0,71.0,75.0,71.7,71.7
CK-101657,S023,2026-04-15,midday,P25,professional,8.3,1,70.0,71.0,75.0,71.7,71.7
CK-101658,S029,2026-04-15,midday,P12,professional,6.5,1,58.0,59.0,59.0,60.8,60.8
CK-101659,S031,2026-04-15,morning,P27,professional,3.5,1,76.0,68.0,74.0,79.8,79.8
CK-101659,S031,2026-04-15,morning,P27,professional,3.5,1,76.0,68.0,74.0,79.8,79.8
CK-101660,S035,2026-04-15,midday,P15,professional,3.5,1,90.0,97.0,95.0,93.7,93.7
CK-101660,S035,2026-04-15,midday,P15,professional,3.5,1,90.0,97.0,95.0,93.7,93.7
CK-101661,S063,2026-04-15,morning,P19,professional,4.5,1,81.0,82.0,88.0,83.9,83.9
CK-101661,S063,2026-04-15,morning,P19,professional,4.5,1,81.0,82.0,88.0,83.9,83.9
CK-101662,S067,2026-04-15,morning,P28,professional,2.8,1,83.0,76.0,84.0,81.5,81.5
CK-101662,S067,2026-04-15,morning,P28,professional,2.8,1,83.0,76.0,84.0,81.5,81.5
CK-101663,S089,2026-04-15,morning,P04,professional,3.2,1,80.0,82.0,83.0,84.1,84.1
CK-101664,S090,2026-04-15,evening,P19,professional,7.2,1,85.0,83.0,76.0,77.4,77.4
CK-101665,S094,2026-04-15,morning,P22,professional,11.1,1,87.0,94.0,78.0,87.8,87.8
CK-101666,S111,2026-04-15,morning,P14,professional,7.6,1,65.0,65.0,70.0,72.0,72.0
CK-101666,S111,2026-04-15,morning,P14,professional,7.6,1,65.0,65.0,70.0,72.0,72.0
CK-101667,S010,2026-04-16,midday,P05,professional,5.2,1,88.0,85.0,94.0,90.9,90.9
CK-101668,S017,2026-04-16,evening,P16,professional,7.1,1,73.0,70.0,76.0,74.9,74.9
CK-101669,S022,2026-04-16,morning,P04,professional,4.1,1,84.0,74.0,84.0,80.5,80.5
CK-101670,S023,2026-04-16,midday,P28,professional,1.8,1,77.0,67.0,73.0,74.7,74.7
CK-101670,S023,2026-04-16,midday,P28,professional,1.8,1,77.0,67.0,73.0,74.7,74.7
CK-101671,S026,2026-04-16,morning,P24,professional,6.6,1,87.0,84.0,74.0,84.0,84.0
CK-101672,S035,2026-04-16,morning,P19,professional,4.0,1,77.0,81.0,84.0,78.9,78.9
CK-101672,S035,2026-04-16,morning,P19,professional,4.0,1,77.0,81.0,84.0,78.9,78.9
CK-101673,S041,2026-04-16,midday,P03,professional,5.8,1,85.0,72.0,76.0,78.9,78.9
CK-101674,S054,2026-04-16,evening,P04,professional,6.6,1,78.0,89.0,87.0,82.2,82.2
CK-101675,S061,2026-04-16,evening,P26,professional,7.6,1,72.0,84.0,79.0,77.3,77.3
CK-101676,S065,2026-04-16,morning,P21,professional,5.0,1,93.0,83.0,81.0,81.3,81.3
CK-101677,S066,2026-04-16,midday,P11,professional,5.3,1,79.0,86.0,83.0,82.9,82.9
CK-101678,S081,2026-04-16,evening,P06,professional,5.1,1,77.0,78.0,77.0,74.9,74.9
CK-101679,S088,2026-04-16,midday,P06,professional,3.9,1,81.0,79.0,72.0,76.8,76.8
CK-101680,S103,2026-04-16,morning,P16,professional,3.8,1,63.0,68.0,65.0,61.3,61.3
CK-101680,S103,2026-04-16,morning,P16,professional,3.8,1,63.0,68.0,65.0,61.3,61.3
CK-101681,S118,2026-04-16,morning,P05,professional,4.7,1,89.0,99.0,82.0,88.0,88.0
CK-101682,S007,2026-04-17,evening,P07,professional,5.6,1,71.0,79.0,78.0,78.3,78.3
CK-101682,S007,2026-04-17,evening,P07,professional,5.6,1,71.0,79.0,78.0,78.3,78.3
CK-101683,S024,2026-04-17,evening,P26,professional,2.9,1,70.0,76.0,71.0,74.4,74.4
CK-101684,S027,2026-04-17,midday,P27,professional,5.0,1,79.0,77.0,76.0,72.7,72.7
CK-101684,S027,2026-04-17,midday,P27,professional,5.0,1,79.0,77.0,76.0,72.7,72.7
CK-101685,S031,2026-04-17,evening,P21,professional,8.7,1,90.0,90.0,86.0,84.2,84.2
CK-101685,S031,2026-04-17,evening,P21,professional,8.7,1,90.0,90.0,86.0,84.2,84.2
CK-101686,S038,2026-04-17,evening,P21,professional,8.7,1,80.0,78.0,84.0,78.7,78.7
CK-101687,S043,2026-04-17,midday,P04,professional,4.0,1,81.0,88.0,86.0,81.3,81.3
CK-101687,S043,2026-04-17,midday,P04,professional,4.0,1,81.0,88.0,86.0,81.3,81.3
CK-101688,S047,2026-04-17,evening,P01,professional,10.4,1,72.0,72.0,67.0,69.8,69.8
CK-101688,S047,2026-04-17,evening,P01,professional,10.4,1,72.0,72.0,67.0,69.8,69.8
CK-101689,S057,2026-04-17,evening,P25,professional,4.5,1,74.0,69.0,71.0,72.5,72.5
CK-101690,S072,2026-04-17,evening,P21,professional,11.7,1,73.0,71.0,76.0,71.9,71.9
CK-101691,S076,2026-04-17,morning,P28,professional,3.9,0,74.0,83.0,81.0,81.7,81.7
CK-101692,S077,2026-04-17,evening,P05,professional,10.1,1,67.0,66.0,71.0,70.4,70.4
CK-101693,S082,2026-04-17,morning,P17,professional,4.5,1,81.0,73.0,83.0,82.4,82.4
CK-101694,S083,2026-04-17,midday,P16,professional,3.4,1,75.0,79.0,82.0,78.2,78.2
CK-101694,S083,2026-04-17,midday,P16,professional,3.4,1,75.0,79.0,82.0,78.2,78.2
CK-101695,S088,2026-04-17,evening,P22,professional,5.0,1,68.0,65.0,70.0,67.8,67.8
CK-101696,S092,2026-04-17,midday,P14,professional,3.2,1,75.0,74.0,79.0,81.5,81.5
CK-101697,S093,2026-04-17,evening,P27,professional,5.0,1,70.0,63.0,68.0,65.2,65.2
CK-101698,S095,2026-04-17,evening,P16,professional,5.3,1,69.0,67.0,69.0,69.9,69.9
CK-101698,S095,2026-04-17,evening,P16,professional,5.3,1,69.0,67.0,69.0,69.9,69.9
CK-101699,S096,2026-04-17,evening,P22,professional,3.6,1,65.0,48.0,65.0,64.4,64.4
CK-101700,S101,2026-04-17,midday,P01,professional,3.6,1,78.0,70.0,76.0,77.6,77.6
CK-101701,S111,2026-04-17,evening,P02,professional,1.9,1,69.0,53.0,78.0,70.4,70.4
CK-101701,S111,2026-04-17,evening,P02,professional,1.9,1,69.0,53.0,78.0,70.4,70.4
CK-101702,S113,2026-04-17,midday,P03,professional,8.8,1,71.0,70.0,73.0,69.3,69.3
CK-101703,S117,2026-04-17,morning,P20,professional,4.6,1,82.0,95.0,100.0,92.5,92.5
CK-101704,S002,2026-04-18,midday,P09,professional,3.0,0,69.0,67.0,80.0,74.2,74.2
CK-101705,S005,2026-04-18,midday,P23,professional,2.3,1,88.0,98.0,76.0,82.8,82.8
CK-101706,S011,2026-04-18,midday,P30,professional,5.5,1,65.0,76.0,72.0,72.7,72.7
CK-101706,S011,2026-04-18,midday,P30,professional,5.5,1,65.0,76.0,72.0,72.7,72.7
CK-101707,S015,2026-04-18,morning,P10,professional,4.4,1,82.0,79.0,68.0,73.0,73.0
CK-101707,S015,2026-04-18,morning,P10,professional,4.4,1,82.0,79.0,68.0,73.0,73.0
CK-101708,S017,2026-04-18,midday,P20,professional,4.2,1,83.0,80.0,88.0,83.6,83.6
CK-101709,S030,2026-04-18,morning,P03,professional,4.1,1,84.0,73.0,81.0,81.6,81.6
CK-101710,S031,2026-04-18,morning,P13,professional,2.8,1,92.0,97.0,98.0,94.3,94.3
CK-101710,S031,2026-04-18,morning,P13,professional,2.8,1,92.0,97.0,98.0,94.3,94.3
CK-101711,S037,2026-04-18,midday,P02,professional,2.2,1,74.0,88.0,73.0,76.0,76.0
CK-101712,S042,2026-04-18,evening,P04,professional,8.8,1,55.0,58.0,61.0,55.5,55.5
CK-101713,S050,2026-04-18,morning,P04,professional,5.7,1,88.0,79.0,87.0,81.9,81.9
CK-101714,S052,2026-04-18,morning,P05,professional,4.9,1,80.0,78.0,84.0,82.0,82.0
CK-101715,S085,2026-04-18,evening,P05,professional,8.8,1,87.0,83.0,88.0,81.9,81.9
CK-101716,S089,2026-04-18,evening,P27,professional,6.1,1,70.0,74.0,71.0,71.8,71.8
CK-101717,S097,2026-04-18,morning,P13,professional,2.2,1,74.0,75.0,82.0,78.5,78.5
CK-101718,S100,2026-04-18,morning,P11,professional,2.7,1,88.0,90.0,99.0,89.5,89.5
CK-101719,S102,2026-04-18,evening,P07,professional,8.4,0,79.0,66.0,75.0,74.1,74.1
CK-101720,S119,2026-04-18,morning,P14,professional,3.8,1,90.0,97.0,90.0,87.3,87.3
CK-101720,S119,2026-04-18,morning,P14,professional,3.8,1,90.0,97.0,90.0,87.3,87.3
CK-101721,S013,2026-04-19,evening,P14,professional,5.2,1,63.0,74.0,74.0,74.3,74.3
CK-101722,S032,2026-04-19,midday,P04,professional,4.4,1,67.0,81.0,72.0,72.3,72.3
CK-101723,S042,2026-04-19,morning,P16,professional,3.4,1,85.0,87.0,90.0,85.0,85.0
CK-101724,S051,2026-04-19,midday,P07,professional,4.3,1,71.0,79.0,79.0,77.5,77.5
CK-101724,S051,2026-04-19,midday,P07,professional,4.3,1,71.0,79.0,79.0,77.5,77.5
CK-101725,S060,2026-04-19,evening,P09,professional,4.5,1,79.0,80.0,70.0,72.5,72.5
CK-101726,S063,2026-04-19,midday,P26,professional,9.8,1,73.0,80.0,71.0,71.3,71.3
CK-101726,S063,2026-04-19,midday,P26,professional,9.8,1,73.0,80.0,71.0,71.3,71.3
CK-101727,S064,2026-04-19,evening,P12,professional,5.5,1,65.0,67.0,65.0,65.5,65.5
CK-101728,S069,2026-04-19,morning,P12,professional,4.7,1,87.0,76.0,82.0,80.8,80.8
CK-101729,S073,2026-04-19,morning,P10,professional,3.9,1,80.0,87.0,70.0,78.5,78.5
CK-101730,S097,2026-04-19,morning,P19,professional,6.1,1,83.0,97.0,88.0,90.7,90.7
CK-101731,S107,2026-04-19,evening,P26,professional,4.4,1,80.0,80.0,73.0,76.7,76.7
CK-101731,S107,2026-04-19,evening,P26,professional,4.4,1,80.0,80.0,73.0,76.7,76.7
CK-101732,S112,2026-04-19,morning,P22,professional,6.1,1,80.0,85.0,73.0,79.1,79.1
CK-101733,S119,2026-04-19,midday,P28,professional,4.9,1,82.0,90.0,87.0,89.1,89.1
CK-101733,S119,2026-04-19,midday,P28,professional,4.9,1,82.0,90.0,87.0,89.1,89.1
CK-101734,S018,2026-04-20,morning,P26,professional,5.0,1,79.0,77.0,86.0,82.0,82.0
CK-101735,S022,2026-04-20,morning,P13,professional,3.2,1,66.0,83.0,80.0,75.9,75.9
CK-101736,S026,2026-04-20,evening,P29,professional,9.1,1,64.0,66.0,70.0,71.3,71.3
CK-101737,S030,2026-04-20,midday,P21,professional,1.8,1,89.0,93.0,99.0,95.2,95.2
CK-101738,S036,2026-04-20,morning,P01,professional,4.6,1,82.0,73.0,77.0,78.6,78.6
CK-101739,S045,2026-04-20,midday,P29,professional,4.6,1,76.0,77.0,77.0,75.7,75.7
CK-101740,S048,2026-04-20,evening,P25,professional,2.7,1,91.0,79.0,72.0,78.0,78.0
CK-101741,S056,2026-04-20,morning,P13,professional,2.6,1,85.0,91.0,92.0,87.3,87.3
CK-101742,S064,2026-04-20,morning,P18,professional,6.4,1,78.0,81.0,80.0,78.3,78.3
CK-101743,S073,2026-04-20,morning,P21,professional,5.8,1,81.0,79.0,81.0,80.4,80.4
CK-101744,S074,2026-04-20,midday,P25,professional,3.9,1,74.0,82.0,74.0,77.9,77.9
CK-101745,S083,2026-04-20,morning,P26,professional,8.3,1,69.0,78.0,72.0,74.7,74.7
CK-101745,S083,2026-04-20,morning,P26,professional,8.3,1,69.0,78.0,72.0,74.7,74.7
CK-101746,S086,2026-04-20,midday,P18,professional,3.6,1,81.0,89.0,77.0,81.0,81.0
CK-101747,S088,2026-04-20,morning,P23,professional,6.4,1,67.0,68.0,67.0,68.9,68.9
CK-101748,S115,2026-04-20,morning,P07,professional,4.8,1,76.0,74.0,80.0,80.1,80.1
CK-101748,S115,2026-04-20,morning,P07,professional,4.8,1,76.0,74.0,80.0,80.1,80.1
CK-101749,S116,2026-04-20,midday,P23,professional,2.0,1,78.0,83.0,90.0,85.5,85.5
CK-101750,S118,2026-04-20,evening,P01,professional,3.5,1,72.0,78.0,82.0,78.3,78.3
CK-101751,S007,2026-04-21,midday,P28,professional,6.6,1,70.0,75.0,76.0,72.1,72.1
CK-101751,S007,2026-04-21,midday,P28,professional,6.6,1,70.0,75.0,76.0,72.1,72.1
CK-101752,S033,2026-04-21,evening,P20,professional,4.7,1,80.0,77.0,76.0,78.7,78.7
CK-101753,S036,2026-04-21,evening,P15,professional,7.2,1,64.0,68.0,70.0,69.5,69.5
CK-101754,S053,2026-04-21,morning,P12,professional,4.5,1,92.0,79.0,81.0,76.4,76.4
CK-101755,S082,2026-04-21,midday,P23,professional,2.9,1,84.0,86.0,87.0,84.9,84.9
CK-101756,S084,2026-04-21,evening,P10,professional,12.5,1,66.0,73.0,69.0,71.1,71.1
CK-101757,S098,2026-04-21,evening,P13,professional,5.1,1,65.0,67.0,55.0,64.8,64.8
CK-101758,S099,2026-04-21,evening,P28,professional,6.8,1,66.0,64.0,72.0,68.7,68.7
CK-101758,S099,2026-04-21,evening,P28,professional,6.8,1,66.0,64.0,72.0,68.7,68.7
CK-101759,S100,2026-04-21,evening,P22,professional,5.3,1,88.0,85.0,89.0,86.2,86.2
CK-101760,S112,2026-04-21,morning,P26,professional,2.5,1,81.0,89.0,90.0,88.9,88.9
CK-101761,S118,2026-04-21,midday,P28,professional,8.5,1,74.0,79.0,79.0,77.2,77.2
CK-101762,S010,2026-04-22,morning,P13,professional,3.1,1,74.0,83.0,83.0,78.6,78.6
CK-101763,S016,2026-04-22,morning,P19,professional,4.2,1,83.0,83.0,73.0,81.1,81.1
CK-101764,S019,2026-04-22,morning,P07,professional,2.9,1,93.0,89.0,90.0,87.6,87.6
CK-101764,S019,2026-04-22,morning,P07,professional,2.9,1,93.0,89.0,90.0,87.6,87.6
CK-101765,S021,2026-04-22,morning,P07,professional,2.5,1,88.0,76.0,77.0,79.6,79.6
CK-101766,S029,2026-04-22,midday,P29,professional,4.7,1,83.0,93.0,87.0,89.6,89.6
CK-101767,S041,2026-04-22,midday,P17,professional,4.5,1,85.0,78.0,74.0,75.4,75.4
CK-101768,S043,2026-04-22,evening,P11,professional,6.9,1,79.0,73.0,76.0,73.0,73.0
CK-101768,S043,2026-04-22,evening,P11,professional,6.9,1,79.0,73.0,76.0,73.0,73.0
CK-101769,S048,2026-04-22,midday,P28,professional,3.4,1,81.0,80.0,83.0,78.7,78.7
CK-101770,S051,2026-04-22,evening,P02,professional,4.6,1,80.0,81.0,81.0,83.9,83.9
CK-101770,S051,2026-04-22,evening,P02,professional,4.6,1,80.0,81.0,81.0,83.9,83.9
CK-101771,S052,2026-04-22,morning,P27,professional,1.8,1,93.0,90.0,90.0,86.6,86.6
CK-101772,S055,2026-04-22,morning,P14,professional,5.9,1,86.0,84.0,85.0,84.1,84.1
CK-101772,S055,2026-04-22,morning,P14,professional,5.9,1,86.0,84.0,85.0,84.1,84.1
CK-101773,S072,2026-04-22,midday,P18,professional,1.5,1,77.0,80.0,74.0,78.9,78.9
CK-101774,S085,2026-04-22,morning,P11,professional,5.1,1,90.0,73.0,85.0,83.9,83.9
CK-101775,S086,2026-04-22,midday,P10,professional,6.8,1,83.0,75.0,80.0,78.2,78.2
CK-101776,S091,2026-04-22,midday,P04,professional,3.9,1,73.0,80.0,75.0,76.6,76.6
CK-101776,S091,2026-04-22,midday,P04,professional,3.9,1,73.0,80.0,75.0,76.6,76.6
CK-101777,S108,2026-04-22,evening,P08,professional,12.6,1,95.0,100.0,89.0,96.2,96.2
CK-101778,S003,2026-04-23,evening,P13,professional,7.3,1,65.0,68.0,66.0,65.8,65.8
CK-101778,S003,2026-04-23,evening,P13,professional,7.3,1,65.0,68.0,66.0,65.8,65.8
CK-101779,S005,2026-04-23,midday,P22,professional,5.1,0,82.0,81.0,86.0,81.0,81.0
CK-101780,S007,2026-04-23,morning,P05,professional,3.4,1,79.0,70.0,85.0,80.3,80.3
CK-101780,S007,2026-04-23,morning,P05,professional,3.4,1,79.0,70.0,85.0,80.3,80.3
CK-101781,S013,2026-04-23,morning,P28,professional,2.9,1,88.0,82.0,79.0,88.5,88.5
CK-101782,S034,2026-04-23,morning,P30,professional,4.6,1,80.0,86.0,82.0,86.4,86.4
CK-101783,S037,2026-04-23,morning,P22,professional,2.4,0,92.0,79.0,77.0,75.6,75.6
CK-101784,S038,2026-04-23,midday,P06,professional,4.1,1,72.0,72.0,79.0,75.2,75.2
CK-101785,S039,2026-04-23,midday,P15,professional,4.4,1,79.0,86.0,81.0,79.5,79.5
CK-101785,S039,2026-04-23,midday,P15,professional,4.4,1,79.0,86.0,81.0,79.5,79.5
CK-101786,S052,2026-04-23,midday,P09,professional,3.5,1,79.0,85.0,76.0,79.2,79.2
CK-101787,S053,2026-04-23,evening,P05,professional,7.1,1,76.0,70.0,70.0,69.6,69.6
CK-101788,S061,2026-04-23,morning,P20,professional,6.7,0,56.0,60.0,64.0,64.0,64.0
CK-101789,S071,2026-04-23,evening,P24,professional,6.8,1,85.0,81.0,86.0,89.3,89.3
CK-101789,S071,2026-04-23,evening,P24,professional,6.8,1,85.0,81.0,86.0,89.3,89.3
CK-101790,S073,2026-04-23,midday,P26,professional,3.5,1,84.0,83.0,83.0,79.8,79.8
CK-101791,S080,2026-04-23,midday,P11,professional,3.7,1,75.0,78.0,79.0,78.8,78.8
CK-101792,S092,2026-04-23,evening,P05,professional,6.9,1,77.0,86.0,74.0,74.9,74.9
CK-101793,S095,2026-04-23,midday,P16,professional,4.2,1,75.0,75.0,84.0,79.1,79.1
CK-101793,S095,2026-04-23,midday,P16,professional,4.2,1,75.0,75.0,84.0,79.1,79.1
CK-101794,S096,2026-04-23,morning,P03,professional,7.1,1,62.0,64.0,62.0,66.2,66.2
CK-101795,S100,2026-04-23,morning,P07,professional,7.0,1,83.0,87.0,92.0,91.2,91.2
CK-101796,S106,2026-04-23,evening,P25,professional,9.7,1,72.0,72.0,70.0,76.8,76.8
CK-101797,S109,2026-04-23,morning,P30,professional,3.9,1,82.0,91.0,77.0,82.8,82.8
CK-101798,S003,2026-04-24,midday,P22,professional,2.1,1,75.0,72.0,81.0,76.7,76.7
CK-101798,S003,2026-04-24,midday,P22,professional,2.1,1,75.0,72.0,81.0,76.7,76.7
CK-101799,S015,2026-04-24,evening,P26,professional,3.7,1,78.0,76.0,79.0,77.9,77.9
CK-101799,S015,2026-04-24,evening,P26,professional,3.7,1,78.0,76.0,79.0,77.9,77.9
CK-101800,S022,2026-04-24,evening,P22,professional,6.7,1,67.0,74.0,68.0,72.2,72.2
CK-101801,S024,2026-04-24,evening,P25,professional,10.0,1,69.0,70.0,72.0,72.1,72.1
CK-101802,S027,2026-04-24,evening,P06,professional,5.1,1,85.0,67.0,80.0,78.0,78.0
CK-101802,S027,2026-04-24,evening,P06,professional,5.1,1,85.0,67.0,80.0,78.0,78.0
CK-101803,S035,2026-04-24,evening,P28,professional,8.0,0,74.0,69.0,69.0,71.8,71.8
CK-101803,S035,2026-04-24,evening,P28,professional,8.0,0,74.0,69.0,69.0,71.8,71.8
CK-101804,S048,2026-04-24,evening,P25,professional,4.9,1,70.0,59.0,59.0,63.6,63.6
CK-101805,S056,2026-04-24,midday,P23,professional,4.6,1,76.0,85.0,77.0,80.9,80.9
CK-101806,S071,2026-04-24,midday,P15,professional,3.2,1,75.0,82.0,84.0,79.7,79.7
CK-101806,S071,2026-04-24,midday,P15,professional,3.2,1,75.0,82.0,84.0,79.7,79.7
CK-101807,S074,2026-04-24,evening,P29,professional,4.1,1,77.0,68.0,66.0,70.6,70.6
CK-101808,S086,2026-04-24,morning,P14,professional,3.0,1,87.0,90.0,89.0,84.4,84.4
CK-101809,S087,2026-04-24,midday,P30,professional,4.3,1,69.0,72.0,78.0,73.0,73.0
CK-101809,S087,2026-04-24,midday,P30,professional,4.3,1,69.0,72.0,78.0,73.0,73.0
CK-101810,S096,2026-04-24,evening,P05,professional,4.9,1,81.0,75.0,69.0,77.4,77.4
CK-101811,S104,2026-04-24,midday,P07,professional,3.5,1,69.0,64.0,67.0,66.1,66.1
CK-101812,S112,2026-04-24,midday,P07,professional,4.7,0,77.0,71.0,78.0,72.0,72.0
CK-101813,S114,2026-04-24,evening,P06,professional,4.9,1,61.0,70.0,62.0,57.9,57.9
CK-101814,S115,2026-04-24,morning,P23,professional,2.8,1,77.0,80.0,83.0,79.7,79.7
CK-101814,S115,2026-04-24,morning,P23,professional,2.8,1,77.0,80.0,83.0,79.7,79.7
CK-101815,S002,2026-04-25,midday,P03,professional,5.1,1,76.0,89.0,92.0,85.3,85.3
CK-101816,S006,2026-04-25,midday,P14,professional,4.8,1,100.0,89.0,89.0,86.8,86.8
CK-101817,S032,2026-04-25,morning,P07,professional,3.4,1,85.0,94.0,91.0,89.0,89.0
CK-101818,S040,2026-04-25,morning,P09,professional,3.1,1,82.0,77.0,76.0,80.7,80.7
CK-101819,S041,2026-04-25,evening,P06,professional,7.6,1,83.0,79.0,80.0,86.6,86.6
CK-101820,S043,2026-04-25,morning,P12,professional,4.8,1,80.0,81.0,84.0,83.7,83.7
CK-101820,S043,2026-04-25,morning,P12,professional,4.8,1,80.0,81.0,84.0,83.7,83.7
CK-101821,S049,2026-04-25,midday,P26,professional,4.2,1,82.0,73.0,71.0,74.0,74.0
CK-101822,S051,2026-04-25,morning,P23,professional,3.8,1,98.0,91.0,85.0,91.5,91.5
CK-101822,S051,2026-04-25,morning,P23,professional,3.8,1,98.0,91.0,85.0,91.5,91.5
CK-101823,S059,2026-04-25,midday,P03,professional,2.8,1,88.0,86.0,83.0,81.4,81.4
CK-101823,S059,2026-04-25,midday,P03,professional,2.8,1,88.0,86.0,83.0,81.4,81.4
CK-101824,S061,2026-04-25,morning,P17,professional,4.2,1,82.0,83.0,96.0,87.4,87.4
CK-101825,S075,2026-04-25,evening,P21,professional,9.0,1,77.0,86.0,88.0,81.4,81.4
CK-101825,S075,2026-04-25,evening,P21,professional,9.0,1,77.0,86.0,88.0,81.4,81.4
CK-101826,S092,2026-04-25,midday,P03,professional,10.0,1,67.0,60.0,66.0,66.6,66.6
CK-101827,S098,2026-04-25,midday,P13,professional,4.6,1,78.0,77.0,83.0,74.5,74.5
CK-101828,S102,2026-04-25,morning,P12,professional,6.0,1,75.0,64.0,72.0,70.2,70.2
CK-101829,S104,2026-04-25,evening,P27,professional,8.0,1,74.0,67.0,81.0,78.0,78.0
CK-101830,S113,2026-04-25,midday,P28,professional,7.6,0,76.0,85.0,90.0,83.8,83.8
CK-101831,S118,2026-04-25,morning,P28,professional,3.2,1,74.0,79.0,81.0,76.3,76.3
CK-101832,S002,2026-04-26,evening,P07,professional,5.5,1,81.0,77.0,78.0,76.9,76.9
CK-101833,S009,2026-04-26,evening,P05,professional,6.6,1,86.0,88.0,79.0,85.6,85.6
CK-101834,S014,2026-04-26,midday,P18,professional,3.7,1,98.0,98.0,86.0,91.5,91.5
CK-101835,S039,2026-04-26,evening,P20,professional,7.7,1,85.0,85.0,94.0,87.1,87.1
CK-101835,S039,2026-04-26,evening,P20,professional,7.7,1,85.0,85.0,94.0,87.1,87.1
CK-101836,S042,2026-04-26,evening,P06,professional,6.9,1,65.0,72.0,67.0,66.5,66.5
CK-101837,S045,2026-04-26,morning,P14,professional,3.2,1,89.0,87.0,89.0,86.6,86.6
CK-101838,S046,2026-04-26,midday,P21,professional,9.7,1,68.0,78.0,79.0,79.5,79.5
CK-101839,S063,2026-04-26,evening,P17,professional,4.5,0,72.0,72.0,80.0,77.8,77.8
CK-101839,S063,2026-04-26,evening,P17,professional,4.5,0,72.0,72.0,80.0,77.8,77.8
CK-101840,S073,2026-04-26,evening,P25,professional,12.3,1,99.0,84.0,91.0,86.4,86.4
CK-101841,S079,2026-04-26,morning,P13,professional,5.1,1,80.0,88.0,84.0,89.7,89.7
CK-101841,S079,2026-04-26,morning,P13,professional,5.1,1,80.0,88.0,84.0,89.7,89.7
CK-101842,S090,2026-04-26,midday,P06,professional,3.3,1,69.0,74.0,74.0,72.8,72.8
CK-101843,S092,2026-04-26,morning,P26,professional,12.5,1,78.0,84.0,87.0,84.5,84.5
CK-101844,S100,2026-04-26,midday,P18,professional,6.0,1,89.0,98.0,92.0,94.3,94.3
CK-101845,S105,2026-04-26,evening,P17,professional,8.0,1,76.0,72.0,62.0,69.5,69.5
CK-101846,S112,2026-04-26,evening,P01,professional,8.5,1,70.0,71.0,78.0,73.0,73.0
CK-101847,S006,2026-04-27,evening,P23,professional,6.2,1,73.0,76.0,80.0,76.0,76.0
CK-101848,S012,2026-04-27,morning,P01,professional,2.8,0,66.0,88.0,76.0,74.7,74.7
CK-101849,S021,2026-04-27,evening,P03,professional,13.3,1,69.0,71.0,76.0,66.6,66.6
CK-101850,S027,2026-04-27,morning,P05,professional,1.6,1,74.0,85.0,78.0,77.3,77.3
CK-101850,S027,2026-04-27,morning,P05,professional,1.6,1,74.0,85.0,78.0,77.3,77.3
CK-101851,S042,2026-04-27,midday,P02,professional,3.3,1,77.0,83.0,72.0,76.0,76.0
CK-101852,S045,2026-04-27,evening,P10,professional,7.4,1,90.0,89.0,78.0,84.7,84.7
CK-101853,S050,2026-04-27,midday,P24,professional,4.3,1,75.0,80.0,75.0,71.8,71.8
CK-101854,S060,2026-04-27,morning,P12,professional,2.9,1,72.0,78.0,69.0,75.7,75.7
CK-101855,S063,2026-04-27,evening,P26,professional,14.8,1,76.0,78.0,69.0,75.5,75.5
CK-101855,S063,2026-04-27,evening,P26,professional,14.8,1,76.0,78.0,69.0,75.5,75.5
CK-101856,S069,2026-04-27,evening,P28,professional,3.8,1,86.0,84.0,77.0,82.7,82.7
CK-101857,S072,2026-04-27,evening,P12,professional,8.7,0,66.0,63.0,66.0,72.5,72.5
CK-101858,S081,2026-04-27,midday,P14,professional,7.3,1,99.0,92.0,93.0,94.3,94.3
CK-101859,S082,2026-04-27,evening,P30,professional,8.1,1,83.0,80.0,73.0,77.6,77.6
CK-101860,S094,2026-04-27,morning,P16,professional,2.9,1,88.0,83.0,87.0,86.7,86.7
CK-101861,S110,2026-04-27,evening,P05,professional,11.2,1,69.0,73.0,80.0,78.8,78.8
CK-101862,S001,2026-04-28,midday,P17,professional,4.7,1,79.0,80.0,91.0,79.8,79.8
CK-101863,S004,2026-04-28,morning,P19,professional,2.0,1,84.0,81.0,75.0,75.1,75.1
CK-101864,S009,2026-04-28,morning,P19,professional,5.2,1,73.0,67.0,77.0,75.4,75.4
CK-101865,S010,2026-04-28,evening,P16,professional,6.4,1,74.0,70.0,72.0,71.8,71.8
CK-101866,S014,2026-04-28,morning,P16,professional,6.6,1,76.0,89.0,89.0,87.7,87.7
CK-101867,S022,2026-04-28,midday,P25,professional,4.3,1,92.0,76.0,91.0,82.5,82.5
CK-101868,S028,2026-04-28,midday,P04,professional,4.8,1,85.0,79.0,84.0,84.1,84.1
CK-101869,S033,2026-04-28,morning,P19,professional,2.6,1,87.0,95.0,96.0,88.6,88.6
CK-101870,S038,2026-04-28,morning,P27,professional,17.3,1,84.0,70.0,72.0,73.7,73.7
CK-101871,S044,2026-04-28,evening,P14,professional,5.4,1,78.0,80.0,79.0,80.0,80.0
CK-101872,S066,2026-04-28,morning,P25,professional,4.6,0,85.0,83.0,83.0,88.9,88.9
CK-101873,S067,2026-04-28,morning,P10,professional,2.4,1,74.0,73.0,68.0,72.5,72.5
CK-101873,S067,2026-04-28,morning,P10,professional,2.4,1,74.0,73.0,68.0,72.5,72.5
CK-101874,S075,2026-04-28,morning,P29,professional,11.0,1,77.0,85.0,84.0,85.4,85.4
CK-101874,S075,2026-04-28,morning,P29,professional,11.0,1,77.0,85.0,84.0,85.4,85.4
CK-101875,S085,2026-04-28,morning,P15,professional,2.0,1,76.0,77.0,79.0,78.2,78.2
CK-101876,S087,2026-04-28,morning,P11,professional,2.3,1,88.0,84.0,89.0,84.4,84.4
CK-101876,S087,2026-04-28,morning,P11,professional,2.3,1,88.0,84.0,89.0,84.4,84.4
CK-101877,S088,2026-04-28,morning,P01,professional,5.5,1,94.0,86.0,83.0,85.0,85.0
CK-101878,S095,2026-04-28,morning,P02,professional,3.5,1,81.0,80.0,72.0,78.2,78.2
CK-101878,S095,2026-04-28,morning,P02,professional,3.5,1,81.0,80.0,72.0,78.2,78.2
CK-101879,S097,2026-04-28,midday,P18,professional,3.5,1,61.0,69.0,63.0,67.9,67.9
CK-101880,S099,2026-04-28,morning,P21,professional,3.6,1,81.0,91.0,75.0,81.7,81.7
CK-101880,S099,2026-04-28,morning,P21,professional,3.6,1,81.0,91.0,75.0,81.7,81.7
CK-101881,S110,2026-04-28,midday,P30,professional,10.7,1,75.0,84.0,78.0,80.2,80.2
CK-101882,S111,2026-04-28,midday,P25,professional,11.7,1,82.0,84.0,85.0,83.6,83.6
CK-101882,S111,2026-04-28,midday,P25,professional,11.7,1,82.0,84.0,85.0,83.6,83.6
CK-101883,S018,2026-04-29,evening,P26,professional,4.4,1,63.0,61.0,71.0,71.3,71.3
CK-101884,S020,2026-04-29,evening,P10,professional,4.0,1,77.0,77.0,68.0,72.3,72.3
CK-101885,S031,2026-04-29,midday,P13,professional,3.2,0,84.0,79.0,78.0,79.4,79.4
CK-101885,S031,2026-04-29,midday,P13,professional,3.2,0,84.0,79.0,78.0,79.4,79.4
CK-101886,S034,2026-04-29,evening,P05,professional,6.8,1,69.0,72.0,67.0,66.8,66.8
CK-101887,S040,2026-04-29,evening,P17,professional,5.5,1,60.0,72.0,66.0,68.7,68.7
CK-101888,S047,2026-04-29,midday,P11,professional,3.4,1,75.0,75.0,78.0,75.6,75.6
CK-101888,S047,2026-04-29,midday,P11,professional,3.4,1,75.0,75.0,78.0,75.6,75.6
CK-101889,S048,2026-04-29,morning,P17,professional,7.9,1,82.0,77.0,84.0,79.8,79.8
CK-101890,S050,2026-04-29,midday,P29,professional,5.0,1,73.0,77.0,78.0,74.4,74.4
CK-101891,S083,2026-04-29,midday,P27,professional,5.1,1,76.0,87.0,75.0,74.9,74.9
CK-101891,S083,2026-04-29,midday,P27,professional,5.1,1,76.0,87.0,75.0,74.9,74.9
CK-101892,S086,2026-04-29,evening,P21,professional,15.7,1,75.0,70.0,67.0,68.3,68.3
CK-101893,S104,2026-04-29,midday,P11,professional,2.8,1,84.0,91.0,93.0,88.1,88.1
CK-101894,S114,2026-04-29,morning,P01,professional,5.2,1,73.0,74.0,66.0,71.4,71.4
CK-101895,S004,2026-04-30,morning,P27,professional,5.2,1,78.0,90.0,87.0,86.8,86.8
CK-101896,S010,2026-04-30,morning,P02,professional,6.6,1,69.0,76.0,71.0,73.9,73.9
CK-101897,S016,2026-04-30,midday,P09,professional,2.3,1,77.0,76.0,81.0,79.6,79.6
CK-101898,S024,2026-04-30,midday,P05,professional,3.2,1,62.0,71.0,72.0,69.7,69.7
CK-101899,S025,2026-04-30,midday,P19,professional,4.6,1,83.0,77.0,81.0,81.9,81.9
CK-101900,S029,2026-04-30,morning,P24,professional,4.1,1,74.0,78.0,79.0,76.3,76.3
CK-101901,S030,2026-04-30,evening,P17,professional,5.2,0,77.0,74.0,76.0,75.5,75.5
CK-101902,S039,2026-04-30,morning,P09,professional,3.4,1,72.0,75.0,68.0,70.5,70.5
CK-101902,S039,2026-04-30,morning,P09,professional,3.4,1,72.0,75.0,68.0,70.5,70.5
CK-101903,S044,2026-04-30,morning,P10,professional,2.9,0,84.0,78.0,79.0,79.4,79.4
CK-101904,S047,2026-04-30,morning,P07,professional,5.4,1,95.0,91.0,89.0,89.9,89.9
CK-101904,S047,2026-04-30,morning,P07,professional,5.4,1,95.0,91.0,89.0,89.9,89.9
CK-101905,S052,2026-04-30,evening,P09,professional,4.2,1,69.0,76.0,67.0,70.3,70.3
CK-101906,S054,2026-04-30,evening,P02,professional,2.8,1,66.0,66.0,56.0,63.9,63.9
CK-101907,S056,2026-04-30,evening,P18,professional,15.9,1,74.0,77.0,71.0,77.1,77.1
CK-101908,S059,2026-04-30,morning,P26,professional,3.6,1,78.0,70.0,70.0,74.5,74.5
CK-101908,S059,2026-04-30,morning,P26,professional,3.6,1,78.0,70.0,70.0,74.5,74.5
CK-101909,S060,2026-04-30,midday,P15,professional,5.3,1,79.0,72.0,72.0,77.7,77.7
CK-101910,S068,2026-04-30,midday,P12,professional,7.2,1,80.0,79.0,80.0,80.6,80.6
CK-101911,S076,2026-04-30,morning,P04,professional,6.6,1,71.0,74.0,84.0,79.8,79.8
CK-101912,S078,2026-04-30,evening,P08,professional,15.6,1,75.0,74.0,66.0,65.8,65.8
CK-101913,S084,2026-04-30,evening,P05,professional,5.0,1,65.0,75.0,68.0,71.0,71.0
CK-101914,S089,2026-04-30,midday,P14,professional,3.9,1,79.0,85.0,82.0,85.0,85.0
CK-101915,S093,2026-04-30,morning,P10,professional,2.1,1,55.0,61.0,53.0,59.9,59.9
CK-101916,S094,2026-04-30,evening,P15,professional,6.4,1,74.0,84.0,84.0,80.7,80.7
CK-101917,S101,2026-04-30,morning,P06,professional,8.0,1,84.0,92.0,84.0,86.5,86.5
CK-101918,S107,2026-04-30,morning,P11,professional,5.0,1,73.0,79.0,81.0,77.2,77.2
CK-101918,S107,2026-04-30,morning,P11,professional,5.0,1,73.0,79.0,81.0,77.2,77.2
CK-101919,S117,2026-04-30,evening,P02,professional,4.8,1,72.0,83.0,76.0,80.3,80.3
CK-101920,S120,2026-04-30,midday,P10,professional,3.2,1,83.0,83.0,90.0,89.1,89.1
CK-101921,S021,2026-05-01,evening,P08,professional,4.7,0,80.0,80.0,78.0,78.0,78.0
CK-101922,S023,2026-05-01,morning,P14,professional,4.9,1,84.0,85.0,83.0,81.8,81.8
CK-101923,S028,2026-05-01,evening,P05,professional,7.0,1,79.0,77.0,77.0,77.3,77.3
CK-101924,S030,2026-05-01,evening,P13,professional,3.9,1,89.0,91.0,84.0,87.5,87.5
CK-101925,S031,2026-05-01,evening,P14,professional,7.0,1,88.0,76.0,79.0,80.2,80.2
CK-101926,S042,2026-05-01,midday,P21,professional,1.5,1,78.0,67.0,71.0,74.3,74.3
CK-101927,S049,2026-05-01,midday,P05,professional,3.6,1,68.0,70.0,72.0,73.1,73.1
CK-101928,S063,2026-05-01,morning,P13,professional,2.5,1,79.0,90.0,90.0,91.3,91.3
CK-101929,S083,2026-05-01,evening,P06,professional,5.3,1,79.0,90.0,80.0,83.1,83.1
CK-101930,S084,2026-05-01,midday,P11,professional,6.7,1,55.0,69.0,55.0,63.2,63.2
CK-101931,S114,2026-05-01,evening,P13,professional,9.6,1,77.0,82.0,84.0,82.6,82.6
CK-101932,S117,2026-05-01,morning,P02,professional,6.3,1,77.0,72.0,78.0,79.2,79.2
CK-101933,S005,2026-05-02,midday,P09,professional,1.6,1,86.0,97.0,95.0,93.0,93.0
CK-101934,S016,2026-05-02,midday,P04,professional,4.9,1,82.0,76.0,69.0,78.3,78.3
CK-101935,S020,2026-05-02,morning,P20,professional,2.2,1,68.0,80.0,73.0,72.1,72.1
CK-101936,S024,2026-05-02,evening,P17,professional,5.7,1,65.0,68.0,74.0,71.8,71.8
CK-101937,S031,2026-05-02,morning,P23,professional,4.6,1,77.0,84.0,80.0,81.0,81.0
CK-101938,S038,2026-05-02,evening,P25,professional,1.8,1,72.0,81.0,78.0,80.5,80.5
CK-101939,S043,2026-05-02,midday,P28,professional,3.3,1,91.0,76.0,85.0,81.7,81.7
CK-101940,S049,2026-05-02,midday,P20,professional,3.8,1,78.0,77.0,83.0,80.1,80.1
CK-101941,S061,2026-05-02,evening,P25,professional,8.4,1,73.0,86.0,81.0,78.2,78.2
CK-101942,S064,2026-05-02,midday,P18,professional,5.8,1,90.0,87.0,94.0,86.7,86.7
CK-101943,S080,2026-05-02,midday,P05,professional,2.6,0,81.0,92.0,83.0,84.8,84.8
CK-101944,S081,2026-05-02,morning,P23,professional,4.5,1,86.0,77.0,79.0,82.5,82.5
CK-101945,S085,2026-05-02,midday,P24,professional,3.5,1,87.0,81.0,85.0,84.0,84.0
CK-101946,S087,2026-05-02,morning,P19,professional,2.9,1,75.0,74.0,85.0,79.6,79.6
CK-101947,S091,2026-05-02,midday,P15,professional,2.3,1,71.0,67.0,76.0,79.2,79.2
CK-101948,S093,2026-05-02,midday,P03,professional,4.1,1,83.0,92.0,87.0,87.5,87.5
CK-101949,S113,2026-05-02,evening,P08,professional,10.7,1,78.0,81.0,79.0,79.5,79.5
CK-101950,S115,2026-05-02,midday,P02,professional,6.6,0,77.0,82.0,89.0,81.6,81.6
CK-101951,S013,2026-05-03,evening,P22,professional,8.9,1,87.0,79.0,85.0,83.6,83.6
CK-101952,S017,2026-05-03,evening,P03,professional,6.4,1,74.0,75.0,77.0,72.1,72.1
CK-101953,S020,2026-05-03,evening,P21,professional,6.5,1,61.0,72.0,71.0,68.4,68.4
CK-101954,S025,2026-05-03,midday,P22,professional,5.2,1,88.0,88.0,92.0,86.7,86.7
CK-101955,S026,2026-05-03,midday,P16,professional,7.7,1,79.0,84.0,73.0,73.9,73.9
CK-101956,S035,2026-05-03,evening,P04,professional,7.4,1,75.0,79.0,70.0,74.7,74.7
CK-101957,S048,2026-05-03,midday,P25,professional,2.0,0,72.0,75.0,85.0,86.0,86.0
CK-101958,S053,2026-05-03,evening,P06,professional,4.5,1,78.0,78.0,76.0,77.7,77.7
CK-101959,S057,2026-05-03,morning,P12,professional,1.6,1,65.0,78.0,74.0,76.9,76.9
CK-101960,S060,2026-05-03,morning,P12,professional,3.4,1,74.0,70.0,71.0,73.7,73.7
CK-101961,S061,2026-05-03,midday,P05,professional,3.3,1,85.0,74.0,73.0,74.6,74.6
CK-101962,S069,2026-05-03,evening,P19,professional,2.4,1,76.0,92.0,85.0,85.1,85.1
CK-101963,S070,2026-05-03,evening,P25,professional,1.6,0,75.0,68.0,68.0,74.2,74.2
CK-101964,S071,2026-05-03,morning,P21,professional,5.8,1,68.0,82.0,79.0,78.7,78.7
CK-101965,S095,2026-05-03,evening,P30,professional,12.8,1,66.0,55.0,63.0,61.3,61.3
CK-101966,S007,2026-05-04,midday,P26,professional,4.7,1,67.0,66.0,69.0,70.2,70.2
CK-101967,S016,2026-05-04,evening,P07,professional,13.6,1,67.0,75.0,79.0,75.0,75.0
CK-101968,S030,2026-05-04,midday,P26,professional,4.1,1,92.0,89.0,81.0,86.7,86.7
CK-101969,S035,2026-05-04,morning,P13,professional,5.1,1,71.0,69.0,64.0,70.4,70.4
CK-101970,S048,2026-05-04,morning,P04,professional,5.4,1,85.0,77.0,79.0,78.0,78.0
CK-101971,S051,2026-05-04,evening,P06,professional,13.5,1,70.0,64.0,72.0,74.2,74.2
CK-101972,S052,2026-05-04,midday,P06,professional,2.1,1,74.0,81.0,75.0,77.8,77.8
CK-101973,S060,2026-05-04,midday,P18,professional,4.4,1,83.0,86.0,74.0,79.7,79.7
CK-101974,S069,2026-05-04,midday,P05,professional,2.7,1,78.0,78.0,74.0,76.5,76.5
CK-101975,S073,2026-05-04,evening,P06,professional,7.1,1,70.0,78.0,67.0,69.2,69.2
CK-101976,S004,2026-05-05,midday,P29,professional,3.2,1,68.0,78.0,72.0,76.2,76.2
CK-101977,S033,2026-05-05,morning,P03,professional,3.1,1,87.0,88.0,84.0,84.2,84.2
CK-101978,S045,2026-05-05,morning,P04,professional,8.8,1,80.0,76.0,76.0,79.2,79.2
CK-101979,S046,2026-05-05,midday,P14,professional,2.1,1,73.0,74.0,75.0,71.0,71.0
CK-101980,S059,2026-05-05,evening,P24,professional,4.7,1,68.0,70.0,66.0,70.3,70.3
CK-101981,S062,2026-05-05,midday,P17,professional,2.8,1,80.0,86.0,77.0,79.8,79.8
CK-101982,S063,2026-05-05,morning,P21,professional,4.2,1,78.0,79.0,73.0,75.5,75.5
CK-101983,S073,2026-05-05,midday,P30,professional,8.1,1,86.0,82.0,82.0,82.3,82.3
CK-101984,S087,2026-05-05,evening,P17,professional,11.8,1,72.0,82.0,69.0,75.4,75.4
CK-101985,S093,2026-05-05,morning,P16,professional,4.7,1,84.0,92.0,89.0,90.2,90.2
CK-101986,S097,2026-05-05,morning,P30,professional,1.7,0,77.0,74.0,77.0,76.9,76.9
CK-101987,S115,2026-05-05,morning,P28,professional,6.8,1,94.0,83.0,75.0,83.5,83.5
CK-101988,S014,2026-05-06,evening,P27,professional,6.8,1,74.0,69.0,69.0,70.8,70.8
CK-101989,S031,2026-05-06,midday,P05,professional,5.4,1,82.0,77.0,84.0,85.3,85.3
CK-101990,S041,2026-05-06,evening,P03,professional,7.7,1,84.0,81.0,72.0,76.4,76.4
CK-101991,S043,2026-05-06,morning,P05,professional,4.5,1,69.0,68.0,71.0,71.1,71.1
CK-101992,S052,2026-05-06,evening,P25,professional,3.9,1,82.0,87.0,76.0,77.0,77.0
CK-101993,S053,2026-05-06,morning,P25,professional,5.0,1,71.0,72.0,74.0,72.6,72.6
CK-101994,S074,2026-05-06,evening,P23,professional,6.9,1,68.0,72.0,71.0,69.0,69.0
CK-101995,S091,2026-05-06,midday,P01,professional,3.1,1,81.0,75.0,79.0,79.9,79.9
CK-101996,S095,2026-05-06,evening,P22,professional,4.8,1,71.0,86.0,70.0,74.9,74.9
CK-101997,S096,2026-05-06,evening,P25,professional,6.6,1,83.0,95.0,93.0,90.8,90.8
CK-101998,S098,2026-05-06,evening,P25,professional,6.7,1,77.0,84.0,76.0,76.8,76.8
CK-101999,S104,2026-05-06,evening,P26,professional,5.1,1,74.0,70.0,70.0,69.6,69.6
CK-102000,S111,2026-05-06,midday,P17,professional,4.3,1,89.0,79.0,85.0,83.0,83.0
CK-102001,S114,2026-05-06,midday,P29,professional,6.8,1,69.0,76.0,78.0,72.7,72.7
CK-102002,S118,2026-05-06,midday,P08,professional,7.8,1,86.0,75.0,79.0,80.2,80.2
CK-102003,S016,2026-05-07,midday,P17,professional,4.8,1,68.0,76.0,70.0,68.0,68.0
CK-102004,S019,2026-05-07,midday,P06,professional,3.7,1,100.0,97.0,100.0,96.5,96.5
CK-102005,S022,2026-05-07,morning,P18,professional,3.6,1,72.0,82.0,75.0,78.3,78.3
CK-102006,S023,2026-05-07,midday,P25,professional,2.5,1,78.0,83.0,73.0,77.4,77.4
CK-102007,S040,2026-05-07,midday,P07,professional,8.3,1,61.0,77.0,79.0,73.3,73.3
CK-102008,S058,2026-05-07,midday,P05,professional,2.5,1,72.0,70.0,73.0,66.1,66.1
CK-102009,S082,2026-05-07,evening,P01,professional,4.3,1,76.0,72.0,68.0,75.5,75.5
CK-102010,S088,2026-05-07,evening,P08,professional,2.9,1,85.0,81.0,69.0,75.1,75.1
CK-102011,S095,2026-05-07,morning,P18,professional,1.5,1,69.0,70.0,72.0,77.8,77.8
CK-102012,S107,2026-05-07,midday,P26,professional,3.9,0,80.0,81.0,87.0,83.2,83.2
CK-102013,S109,2026-05-07,evening,P25,professional,8.7,1,67.0,70.0,72.0,70.4,70.4
CK-102014,S003,2026-05-08,morning,P02,professional,4.9,1,88.0,72.0,78.0,81.1,81.1
CK-102015,S008,2026-05-08,evening,P08,professional,4.3,1,89.0,82.0,84.0,85.1,85.1
CK-102016,S012,2026-05-08,morning,P12,professional,4.0,1,79.0,76.0,77.0,77.9,77.9
CK-102017,S019,2026-05-08,evening,P02,professional,2.7,1,53.0,61.0,60.0,64.3,64.3
CK-102018,S025,2026-05-08,midday,P10,professional,4.2,1,76.0,74.0,68.0,68.5,68.5
CK-102019,S032,2026-05-08,evening,P10,professional,7.7,1,77.0,75.0,74.0,71.7,71.7
CK-102020,S037,2026-05-08,midday,P11,professional,4.4,1,91.0,78.0,85.0,88.2,88.2
CK-102021,S046,2026-05-08,evening,P13,professional,6.1,1,64.0,66.0,71.0,68.2,68.2
CK-102022,S050,2026-05-08,evening,P08,professional,3.6,1,72.0,63.0,69.0,71.5,71.5
CK-102023,S052,2026-05-08,morning,P09,professional,5.5,1,79.0,76.0,73.0,78.6,78.6
CK-102024,S061,2026-05-08,morning,P14,professional,3.9,1,80.0,81.0,83.0,82.1,82.1
CK-102025,S067,2026-05-08,evening,P13,professional,9.4,1,66.0,75.0,69.0,72.2,72.2
CK-102026,S082,2026-05-08,midday,P18,professional,3.7,1,80.0,80.0,75.0,77.7,77.7
CK-102027,S085,2026-05-08,midday,P05,professional,2.2,1,72.0,75.0,76.0,76.3,76.3
CK-102028,S086,2026-05-08,evening,P29,professional,3.2,1,58.0,58.0,73.0,63.3,63.3
CK-102029,S100,2026-05-08,evening,P07,professional,5.3,0,67.0,63.0,72.0,70.6,70.6
CK-102030,S101,2026-05-08,evening,P16,professional,7.0,1,86.0,90.0,82.0,87.0,87.0
CK-102031,S105,2026-05-08,morning,P17,professional,4.2,1,72.0,69.0,71.0,74.1,74.1
CK-102032,S109,2026-05-08,morning,P25,professional,2.7,1,80.0,80.0,78.0,83.1,83.1
CK-102033,S111,2026-05-08,morning,P22,professional,7.5,1,84.0,76.0,86.0,81.5,81.5
CK-102034,S116,2026-05-08,evening,P03,professional,3.5,1,82.0,90.0,76.0,82.4,82.4
CK-102035,S003,2026-05-09,morning,P10,professional,2.5,0,74.0,86.0,74.0,81.7,81.7
CK-102036,S009,2026-05-09,morning,P14,professional,3.5,1,73.0,69.0,70.0,72.9,72.9
CK-102037,S012,2026-05-09,midday,P04,professional,7.7,1,78.0,71.0,72.0,78.1,78.1
CK-102038,S017,2026-05-09,morning,P17,professional,4.9,1,79.0,84.0,80.0,80.5,80.5
CK-102039,S018,2026-05-09,evening,P02,professional,5.0,0,72.0,65.0,67.0,68.8,68.8
CK-102040,S039,2026-05-09,morning,P22,professional,3.7,1,82.0,87.0,91.0,85.5,85.5
CK-102041,S044,2026-05-09,evening,P29,professional,2.8,1,72.0,72.0,74.0,74.6,74.6
CK-102042,S047,2026-05-09,evening,P01,professional,6.6,1,79.0,89.0,93.0,83.1,83.1
CK-102043,S050,2026-05-09,morning,P05,professional,4.6,1,71.0,71.0,74.0,72.6,72.6
CK-102044,S055,2026-05-09,midday,P22,professional,2.8,1,72.0,72.0,64.0,64.6,64.6
CK-102045,S059,2026-05-09,morning,P27,professional,2.3,1,76.0,76.0,76.0,75.4,75.4
CK-102046,S063,2026-05-09,evening,P25,professional,10.1,1,88.0,71.0,86.0,80.6,80.6
CK-102047,S064,2026-05-09,morning,P12,professional,4.8,1,77.0,73.0,84.0,74.2,74.2
CK-102048,S074,2026-05-09,morning,P03,professional,3.3,0,70.0,72.0,74.0,73.9,73.9
CK-102049,S081,2026-05-09,midday,P25,professional,2.8,1,93.0,88.0,98.0,93.1,93.1
CK-102050,S099,2026-05-09,morning,P01,professional,2.8,1,79.0,88.0,83.0,83.8,83.8
CK-102051,S107,2026-05-09,evening,P24,professional,4.1,1,73.0,77.0,80.0,76.3,76.3
CK-102052,S119,2026-05-09,evening,P13,professional,5.4,1,70.0,52.0,67.0,67.2,67.2
CK-102053,S018,2026-05-10,morning,P19,professional,3.3,1,70.0,78.0,81.0,78.7,78.7
CK-102054,S027,2026-05-10,midday,P24,professional,6.1,0,73.0,85.0,76.0,82.3,82.3
CK-102055,S036,2026-05-10,morning,P04,professional,1.7,1,91.0,95.0,80.0,85.6,85.6
CK-102056,S042,2026-05-10,morning,P05,professional,5.6,1,83.0,69.0,81.0,81.8,81.8
CK-102057,S076,2026-05-10,evening,P18,professional,3.2,0,76.0,77.0,82.0,77.2,77.2
CK-102058,S080,2026-05-10,morning,P24,professional,6.8,1,84.0,71.0,77.0,74.2,74.2
CK-102059,S083,2026-05-10,evening,P21,professional,8.4,1,81.0,77.0,81.0,83.1,83.1
CK-102060,S087,2026-05-10,morning,P18,professional,6.4,1,86.0,82.0,84.0,81.1,81.1
CK-102061,S089,2026-05-10,morning,P29,professional,2.1,1,83.0,77.0,82.0,76.3,76.3
CK-102062,S100,2026-05-10,morning,P05,professional,2.8,1,84.0,84.0,82.0,79.4,79.4
CK-102063,S106,2026-05-10,evening,P04,professional,6.1,0,76.0,80.0,72.0,75.6,75.6
CK-102064,S108,2026-05-10,morning,P22,professional,6.0,1,75.0,65.0,68.0,66.7,66.7
CK-102065,S119,2026-05-10,morning,P29,professional,5.7,1,90.0,94.0,100.0,92.6,92.6
CK-102066,S001,2026-05-11,midday,P04,professional,2.3,1,85.0,85.0,82.0,80.9,80.9
CK-102067,S011,2026-05-11,evening,P29,professional,3.8,0,84.0,89.0,84.0,82.8,82.8
CK-102068,S029,2026-05-11,midday,P09,professional,4.3,1,73.0,79.0,74.0,76.1,76.1
CK-102069,S042,2026-05-11,evening,P09,professional,8.1,1,69.0,70.0,70.0,68.7,68.7
CK-102070,S045,2026-05-11,evening,P19,professional,6.9,1,69.0,68.0,63.0,69.3,69.3
CK-102071,S054,2026-05-11,morning,P11,professional,6.0,1,76.0,93.0,87.0,84.2,84.2
CK-102072,S055,2026-05-11,midday,P16,professional,3.8,1,73.0,75.0,75.0,76.1,76.1
CK-102073,S065,2026-05-11,morning,P03,professional,2.2,1,67.0,64.0,68.0,67.3,67.3
CK-102074,S072,2026-05-11,evening,P23,professional,11.7,0,69.0,81.0,78.0,72.1,72.1
CK-102075,S075,2026-05-11,evening,P25,professional,14.3,0,58.0,75.0,64.0,64.5,64.5
CK-102076,S085,2026-05-11,evening,P01,professional,4.2,1,69.0,82.0,80.0,74.2,74.2
CK-102077,S107,2026-05-11,morning,P26,professional,3.5,1,79.0,80.0,89.0,86.6,86.6
CK-102078,S002,2026-05-12,midday,P04,professional,2.4,1,76.0,80.0,68.0,77.3,77.3
CK-102079,S004,2026-05-12,morning,P30,professional,2.9,1,68.0,76.0,77.0,75.3,75.3
CK-102080,S012,2026-05-12,morning,P12,professional,5.4,0,73.0,78.0,82.0,77.9,77.9
CK-102081,S017,2026-05-12,evening,P20,professional,4.2,0,64.0,62.0,59.0,64.9,64.9
CK-102082,S018,2026-05-12,midday,P07,professional,5.6,1,80.0,71.0,80.0,77.9,77.9
CK-102083,S039,2026-05-12,morning,P17,professional,3.4,1,80.0,77.0,71.0,76.9,76.9
CK-102084,S041,2026-05-12,midday,P27,professional,5.2,1,74.0,71.0,67.0,73.0,73.0
CK-102085,S050,2026-05-12,evening,P16,professional,4.2,1,72.0,72.0,74.0,72.5,72.5
CK-102086,S051,2026-05-12,midday,P19,professional,2.7,0,66.0,57.0,63.0,60.9,60.9
CK-102087,S077,2026-05-12,morning,P10,professional,4.3,1,97.0,95.0,80.0,88.1,88.1
CK-102088,S088,2026-05-12,morning,P24,professional,3.1,1,81.0,75.0,71.0,78.9,78.9
CK-102089,S089,2026-05-12,evening,P10,professional,5.0,1,73.0,75.0,61.0,69.6,69.6
CK-102090,S091,2026-05-12,evening,P26,professional,7.5,1,82.0,82.0,78.0,81.7,81.7
CK-102091,S093,2026-05-12,evening,P04,professional,5.4,1,71.0,66.0,79.0,76.5,76.5
CK-102092,S097,2026-05-12,midday,P30,professional,3.1,1,83.0,78.0,70.0,76.7,76.7
CK-102093,S099,2026-05-12,morning,P19,professional,6.6,1,74.0,70.0,66.0,71.9,71.9
CK-102094,S101,2026-05-12,midday,P10,professional,2.9,1,75.0,66.0,69.0,70.3,70.3
CK-102095,S102,2026-05-12,morning,P10,professional,4.1,1,80.0,83.0,84.0,83.9,83.9
CK-102096,S104,2026-05-12,evening,P24,professional,1.5,0,74.0,78.0,74.0,80.8,80.8
CK-102097,S108,2026-05-12,evening,P06,professional,3.8,1,86.0,87.0,83.0,84.5,84.5
CK-102098,S112,2026-05-12,morning,P08,professional,3.0,1,78.0,65.0,76.0,74.8,74.8
CK-102099,S002,2026-05-13,evening,P30,professional,3.9,1,84.0,98.0,87.0,90.7,90.7
CK-102100,S009,2026-05-13,morning,P08,professional,5.8,1,65.0,63.0,72.0,70.7,70.7
CK-102101,S022,2026-05-13,evening,P21,professional,3.1,1,74.0,67.0,75.0,74.4,74.4
CK-102102,S027,2026-05-13,evening,P16,professional,8.6,1,74.0,81.0,76.0,77.6,77.6
CK-102103,S035,2026-05-13,midday,P29,professional,6.0,1,80.0,75.0,78.0,76.6,76.6
CK-102104,S038,2026-05-13,midday,P11,professional,2.9,1,92.0,84.0,91.0,90.3,90.3
CK-102105,S059,2026-05-13,evening,P17,professional,5.4,0,68.0,66.0,68.0,70.5,70.5
CK-102106,S062,2026-05-13,evening,P02,professional,7.4,1,64.0,74.0,68.0,66.6,66.6
CK-102107,S078,2026-05-13,morning,P13,professional,3.6,1,77.0,82.0,76.0,79.2,79.2
CK-102108,S083,2026-05-13,midday,P07,professional,3.0,1,84.0,79.0,85.0,81.6,81.6
CK-102109,S084,2026-05-13,morning,P02,professional,5.8,1,78.0,77.0,73.0,77.7,77.7
CK-102110,S106,2026-05-13,midday,P08,professional,4.2,1,89.0,95.0,90.0,91.5,91.5
CK-102111,S109,2026-05-13,midday,P07,professional,3.8,1,66.0,75.0,81.0,75.6,75.6
CK-102112,S116,2026-05-13,evening,P10,professional,15.2,0,80.0,83.0,80.0,81.0,81.0
CK-102113,S005,2026-05-14,morning,P22,professional,3.7,1,89.0,80.0,78.0,78.0,78.0
CK-102114,S007,2026-05-14,evening,P13,professional,9.7,1,74.0,77.0,77.0,70.5,70.5
CK-102115,S014,2026-05-14,evening,P04,professional,3.7,1,74.0,65.0,76.0,68.6,68.6
CK-102116,S019,2026-05-14,midday,P07,professional,2.1,1,84.0,84.0,82.0,83.2,83.2
CK-102117,S025,2026-05-14,evening,P03,professional,4.5,1,53.0,69.0,60.0,59.7,59.7
CK-102118,S028,2026-05-14,midday,P01,professional,4.2,0,70.0,64.0,68.0,70.2,70.2
CK-102119,S056,2026-05-14,morning,P03,professional,4.8,0,91.0,75.0,72.0,77.1,77.1
CK-102120,S060,2026-05-14,evening,P16,professional,3.9,1,75.0,72.0,65.0,74.5,74.5
CK-102121,S074,2026-05-14,evening,P24,professional,10.6,1,85.0,90.0,89.0,84.1,84.1
CK-102122,S089,2026-05-14,evening,P11,professional,5.5,1,83.0,81.0,75.0,81.2,81.2
CK-102123,S094,2026-05-14,midday,P01,professional,5.4,1,97.0,81.0,86.0,83.8,83.8
CK-102124,S109,2026-05-14,midday,P13,professional,5.5,1,74.0,81.0,71.0,71.2,71.2
CK-102125,S110,2026-05-14,evening,P04,professional,5.4,1,65.0,68.0,61.0,63.0,63.0
CK-102126,S120,2026-05-14,morning,P03,professional,2.7,1,73.0,72.0,68.0,71.5,71.5
CK-102127,S001,2026-05-15,midday,P22,professional,1.9,1,67.0,67.0,67.0,68.3,68.3
CK-102128,S006,2026-05-15,midday,P06,professional,4.5,0,75.0,83.0,76.0,76.1,76.1
CK-102129,S026,2026-05-15,morning,P18,professional,4.9,1,86.0,81.0,90.0,84.7,84.7
CK-102130,S032,2026-05-15,evening,P11,professional,12.2,1,84.0,77.0,72.0,70.9,70.9
CK-102131,S033,2026-05-15,midday,P06,professional,5.4,1,78.0,74.0,80.0,81.4,81.4
CK-102132,S040,2026-05-15,evening,P07,professional,12.5,1,75.0,80.0,86.0,78.7,78.7
CK-102133,S044,2026-05-15,morning,P14,professional,6.7,1,76.0,77.0,76.0,79.2,79.2
CK-102134,S045,2026-05-15,morning,P21,professional,2.9,1,74.0,76.0,65.0,72.5,72.5
CK-102135,S054,2026-05-15,midday,P08,professional,4.1,1,74.0,82.0,87.0,79.2,79.2
CK-102136,S057,2026-05-15,morning,P05,professional,5.4,1,86.0,80.0,87.0,80.4,80.4
CK-102137,S058,2026-05-15,morning,P30,professional,1.5,1,79.0,69.0,74.0,74.1,74.1
CK-102138,S059,2026-05-15,midday,P10,professional,3.7,1,79.0,76.0,83.0,77.4,77.4
CK-102139,S070,2026-05-15,midday,P28,professional,1.6,1,87.0,83.0,76.0,77.2,77.2
CK-102140,S098,2026-05-15,midday,P19,professional,6.6,1,72.0,73.0,74.0,75.2,75.2
CK-102141,S099,2026-05-15,midday,P10,professional,3.0,1,72.0,73.0,67.0,68.8,68.8
CK-102142,S112,2026-05-15,midday,P09,professional,3.6,1,63.0,67.0,67.0,71.6,71.6
CK-102143,S115,2026-05-15,evening,P26,professional,5.9,1,65.0,57.0,65.0,68.1,68.1
CK-102144,S118,2026-05-15,evening,P30,professional,4.6,1,82.0,88.0,87.0,87.7,87.7
CK-102145,S120,2026-05-15,morning,P20,professional,2.2,1,78.0,93.0,86.0,88.3,88.3
CK-102146,S001,2026-05-16,morning,P28,professional,4.5,1,65.0,65.0,69.0,69.3,69.3
CK-102147,S012,2026-05-16,evening,P14,professional,4.4,0,71.0,71.0,66.0,73.3,73.3
CK-102148,S013,2026-05-16,midday,P28,professional,5.7,1,95.0,89.0,86.0,88.4,88.4
CK-102149,S020,2026-05-16,midday,P15,professional,4.0,1,79.0,70.0,83.0,76.1,76.1
CK-102150,S021,2026-05-16,morning,P06,professional,5.2,1,79.0,87.0,75.0,77.9,77.9
CK-102151,S030,2026-05-16,morning,P24,professional,4.1,0,64.0,76.0,78.0,71.9,71.9
CK-102152,S039,2026-05-16,midday,P18,professional,2.8,1,65.0,72.0,69.0,73.4,73.4
CK-102153,S053,2026-05-16,midday,P21,professional,4.9,1,74.0,75.0,78.0,73.4,73.4
CK-102154,S057,2026-05-16,midday,P04,professional,12.0,1,91.0,81.0,83.0,84.9,84.9
CK-102155,S078,2026-05-16,morning,P22,professional,2.2,1,68.0,65.0,75.0,72.7,72.7
CK-102156,S079,2026-05-16,morning,P12,professional,11.5,1,75.0,89.0,88.0,84.0,84.0
CK-102157,S103,2026-05-16,midday,P30,professional,1.9,1,88.0,72.0,83.0,83.0,83.0
CK-102158,S113,2026-05-16,morning,P08,professional,6.5,0,72.0,78.0,77.0,76.2,76.2
CK-102159,S118,2026-05-16,morning,P21,professional,3.9,1,65.0,73.0,65.0,71.2,71.2
CK-102160,S004,2026-05-17,evening,P15,professional,4.0,1,73.0,80.0,77.0,75.4,75.4
CK-102161,S010,2026-05-17,morning,P27,professional,4.7,1,78.0,87.0,80.0,85.5,85.5
CK-102162,S011,2026-05-17,evening,P23,professional,4.0,1,88.0,92.0,91.0,84.6,84.6
CK-102163,S032,2026-05-17,midday,P21,professional,5.0,1,72.0,70.0,74.0,72.9,72.9
CK-102164,S033,2026-05-17,evening,P27,professional,8.1,1,72.0,81.0,78.0,75.9,75.9
CK-102165,S034,2026-05-17,morning,P23,professional,2.8,1,84.0,84.0,90.0,85.7,85.7
CK-102166,S040,2026-05-17,midday,P11,professional,3.9,1,88.0,88.0,94.0,91.9,91.9
CK-102167,S054,2026-05-17,morning,P28,professional,2.9,1,75.0,84.0,80.0,79.9,79.9
CK-102168,S065,2026-05-17,evening,P17,professional,12.8,1,76.0,74.0,73.0,76.3,76.3
CK-102169,S072,2026-05-17,midday,P04,professional,4.9,1,82.0,81.0,82.0,75.6,75.6
CK-102170,S080,2026-05-17,evening,P03,professional,6.7,1,79.0,83.0,74.0,71.4,71.4
CK-102171,S082,2026-05-17,morning,P30,professional,4.8,1,83.0,80.0,82.0,82.4,82.4
CK-102172,S092,2026-05-17,morning,P26,professional,2.2,1,80.0,87.0,82.0,80.3,80.3
CK-102173,S094,2026-05-17,midday,P18,professional,2.3,1,86.0,83.0,83.0,83.7,83.7
CK-102174,S103,2026-05-17,midday,P26,professional,2.5,1,78.0,88.0,80.0,81.1,81.1
CK-102175,S120,2026-05-17,midday,P17,professional,6.2,1,67.0,73.0,77.0,72.3,72.3
CK-102176,S004,2026-05-18,midday,P24,professional,4.4,1,78.0,76.0,72.0,75.6,75.6
CK-102177,S014,2026-05-18,morning,P11,professional,4.2,1,71.0,69.0,64.0,67.4,67.4
CK-102178,S027,2026-05-18,morning,P01,professional,4.6,1,81.0,76.0,77.0,77.9,77.9
CK-102179,S031,2026-05-18,midday,P01,professional,2.4,1,85.0,83.0,78.0,81.0,81.0
CK-102180,S048,2026-05-18,morning,P20,professional,4.7,1,82.0,78.0,71.0,75.8,75.8
CK-102181,S056,2026-05-18,evening,P19,professional,7.4,1,58.0,65.0,65.0,67.7,67.7
CK-102182,S075,2026-05-18,morning,P28,professional,3.9,1,81.0,88.0,92.0,84.1,84.1
CK-102183,S079,2026-05-18,evening,P20,professional,6.1,1,91.0,85.0,97.0,90.2,90.2
CK-102184,S090,2026-05-18,evening,P18,professional,12.0,0,88.0,78.0,80.0,81.7,81.7
CK-102185,S097,2026-05-18,midday,P05,professional,3.8,1,89.0,92.0,88.0,86.9,86.9
CK-102186,S102,2026-05-18,morning,P04,professional,3.6,1,80.0,89.0,91.0,83.3,83.3
CK-102187,S105,2026-05-18,morning,P30,professional,2.1,1,96.0,87.0,96.0,91.6,91.6
CK-102188,S110,2026-05-18,morning,P16,professional,6.1,1,76.0,71.0,77.0,71.1,71.1
CK-102189,S113,2026-05-18,evening,P14,professional,5.7,1,71.0,58.0,69.0,70.1,70.1
CK-102190,S119,2026-05-18,midday,P08,professional,10.8,1,87.0,80.0,80.0,80.1,80.1
CK-102191,S009,2026-05-19,midday,P16,professional,3.4,1,83.0,92.0,84.0,84.7,84.7
CK-102192,S010,2026-05-19,evening,P15,professional,7.0,1,83.0,82.0,73.0,76.4,76.4
CK-102193,S024,2026-05-19,morning,P28,professional,6.5,1,88.0,73.0,80.0,81.2,81.2
CK-102194,S028,2026-05-19,midday,P03,professional,4.3,1,78.0,81.0,81.0,81.2,81.2
CK-102195,S029,2026-05-19,evening,P23,professional,13.6,1,68.0,73.0,72.0,70.0,70.0
CK-102196,S036,2026-05-19,midday,P14,professional,4.2,0,96.0,95.0,91.0,89.8,89.8
CK-102197,S037,2026-05-19,evening,P23,professional,4.7,1,83.0,77.0,92.0,82.2,82.2
CK-102198,S041,2026-05-19,morning,P29,professional,4.4,1,71.0,69.0,76.0,69.7,69.7
CK-102199,S047,2026-05-19,evening,P16,professional,2.6,1,78.0,76.0,90.0,77.3,77.3
CK-102200,S049,2026-05-19,morning,P24,professional,4.4,1,84.0,82.0,80.0,79.3,79.3
CK-102201,S058,2026-05-19,evening,P14,professional,5.0,1,96.0,84.0,87.0,84.0,84.0
CK-102202,S062,2026-05-19,evening,P10,professional,6.2,1,81.0,76.0,91.0,79.3,79.3
CK-102203,S070,2026-05-19,morning,P09,professional,10.0,1,85.0,82.0,92.0,86.2,86.2
CK-102204,S071,2026-05-19,midday,P13,professional,3.2,1,65.0,70.0,69.0,70.3,70.3
CK-102205,S081,2026-05-19,morning,P15,professional,5.9,1,82.0,84.0,85.0,86.7,86.7
CK-102206,S098,2026-05-19,morning,P24,professional,3.4,1,65.0,76.0,80.0,80.6,80.6
CK-102207,S101,2026-05-19,morning,P24,professional,2.7,1,80.0,82.0,80.0,77.7,77.7
CK-102208,S013,2026-05-20,morning,P27,professional,2.8,1,80.0,89.0,80.0,81.5,81.5
CK-102209,S015,2026-05-20,midday,P04,professional,2.5,1,83.0,84.0,85.0,83.0,83.0
CK-102210,S021,2026-05-20,morning,P18,professional,6.1,1,80.0,90.0,80.0,81.0,81.0
CK-102211,S028,2026-05-20,morning,P10,professional,2.6,1,76.0,77.0,72.0,79.3,79.3
CK-102212,S043,2026-05-20,midday,P22,professional,8.4,1,79.0,73.0,81.0,79.9,79.9
CK-102213,S077,2026-05-20,evening,P10,professional,5.1,1,72.0,77.0,79.0,77.1,77.1
CK-102214,S086,2026-05-20,midday,P08,professional,3.6,1,63.0,68.0,65.0,69.0,69.0
CK-102215,S096,2026-05-20,morning,P03,professional,5.9,1,91.0,100.0,90.0,88.1,88.1
CK-102216,S103,2026-05-20,morning,P27,professional,3.3,1,90.0,84.0,91.0,93.8,93.8
CK-102217,S105,2026-05-20,midday,P19,professional,3.1,1,83.0,71.0,76.0,77.4,77.4
CK-102218,S106,2026-05-20,morning,P21,professional,6.8,1,87.0,91.0,100.0,91.7,91.7
CK-102219,S111,2026-05-20,morning,P02,professional,2.4,1,74.0,73.0,73.0,74.9,74.9
CK-102220,S003,2026-05-21,midday,P01,professional,6.9,1,76.0,73.0,75.0,80.1,80.1
CK-102221,S010,2026-05-21,midday,P28,professional,6.0,1,61.0,63.0,65.0,65.6,65.6
CK-102222,S026,2026-05-21,evening,P22,professional,7.2,0,63.0,67.0,66.0,65.2,65.2
CK-102223,S038,2026-05-21,evening,P08,professional,4.9,1,76.0,72.0,72.0,71.2,71.2
CK-102224,S063,2026-05-21,midday,P04,professional,5.5,1,74.0,87.0,88.0,83.9,83.9
CK-102225,S064,2026-05-21,evening,P10,professional,8.2,1,74.0,73.0,80.0,73.5,73.5
CK-102226,S067,2026-05-21,midday,P14,professional,3.4,1,62.0,77.0,57.0,68.0,68.0
CK-102227,S068,2026-05-21,morning,P04,professional,1.7,1,75.0,69.0,78.0,75.9,75.9
CK-102228,S072,2026-05-21,morning,P02,professional,4.7,1,75.0,79.0,71.0,75.3,75.3
CK-102229,S074,2026-05-21,midday,P19,professional,5.1,1,87.0,83.0,85.0,83.6,83.6
CK-102230,S075,2026-05-21,midday,P20,professional,5.4,1,94.0,95.0,91.0,89.3,89.3
CK-102231,S086,2026-05-21,evening,P24,professional,11.9,1,70.0,84.0,71.0,73.3,73.3
CK-102232,S090,2026-05-21,midday,P07,professional,2.2,1,77.0,68.0,80.0,78.5,78.5
CK-102233,S094,2026-05-21,evening,P02,professional,12.9,1,70.0,75.0,81.0,79.5,79.5
CK-102234,S110,2026-05-21,midday,P24,professional,2.4,1,74.0,70.0,69.0,73.3,73.3
CK-102235,S113,2026-05-21,midday,P19,professional,4.2,1,81.0,83.0,88.0,81.0,81.0
CK-102236,S114,2026-05-21,morning,P16,professional,3.9,1,74.0,82.0,81.0,79.8,79.8
CK-102237,S116,2026-05-21,midday,P23,professional,4.3,1,77.0,76.0,75.0,76.2,76.2
CK-102238,S002,2026-05-22,evening,P10,professional,8.5,1,81.0,85.0,85.0,85.7,85.7
CK-102239,S015,2026-05-22,evening,P15,professional,17.2,1,70.0,69.0,64.0,68.2,68.2
CK-102240,S027,2026-05-22,morning,P22,professional,8.7,1,85.0,91.0,85.0,84.5,84.5
CK-102241,S036,2026-05-22,evening,P01,professional,7.3,1,67.0,60.0,64.0,65.7,65.7
CK-102242,S041,2026-05-22,evening,P18,professional,5.3,1,72.0,79.0,73.0,76.6,76.6
CK-102243,S047,2026-05-22,morning,P06,professional,5.1,1,70.0,80.0,75.0,71.3,71.3
CK-102244,S066,2026-05-22,evening,P10,professional,3.9,1,76.0,70.0,77.0,66.9,66.9
CK-102245,S077,2026-05-22,evening,P19,professional,4.8,1,75.0,69.0,81.0,76.9,76.9
CK-102246,S084,2026-05-22,morning,P20,professional,2.2,1,83.0,84.0,81.0,84.4,84.4
CK-102247,S090,2026-05-22,morning,P23,professional,4.0,1,73.0,67.0,66.0,71.0,71.0
CK-102248,S097,2026-05-22,evening,P26,professional,4.2,1,77.0,83.0,83.0,78.9,78.9
CK-102249,S102,2026-05-22,evening,P27,professional,4.2,1,79.0,79.0,72.0,79.1,79.1
CK-102250,S001,2026-05-23,evening,P19,professional,9.6,1,76.0,58.0,74.0,73.8,73.8
CK-102251,S009,2026-05-23,evening,P07,professional,5.9,1,79.0,83.0,78.0,79.3,79.3
CK-102252,S017,2026-05-23,midday,P25,professional,2.7,1,64.0,72.0,72.0,69.1,69.1
CK-102253,S036,2026-05-23,morning,P21,professional,4.0,0,69.0,76.0,74.0,73.3,73.3
CK-102254,S037,2026-05-23,midday,P11,professional,3.9,1,72.0,78.0,75.0,76.6,76.6
CK-102255,S055,2026-05-23,evening,P25,professional,4.3,1,81.0,84.0,84.0,82.5,82.5
CK-102256,S071,2026-05-23,evening,P22,professional,6.3,1,69.0,79.0,76.0,72.4,72.4
CK-102257,S084,2026-05-23,evening,P04,professional,6.6,0,71.0,61.0,69.0,66.4,66.4
CK-102258,S088,2026-05-23,midday,P17,professional,2.2,1,71.0,83.0,81.0,79.0,79.0
CK-102259,S120,2026-05-23,evening,P13,professional,5.1,1,76.0,73.0,70.0,75.5,75.5
CK-102260,S007,2026-05-24,midday,P22,professional,8.2,1,79.0,83.0,86.0,81.5,81.5
CK-102261,S011,2026-05-24,midday,P29,professional,3.3,1,75.0,72.0,81.0,80.5,80.5
CK-102262,S015,2026-05-24,morning,P14,professional,5.4,1,77.0,62.0,71.0,72.7,72.7
CK-102263,S020,2026-05-24,evening,P07,professional,5.0,1,75.0,82.0,74.0,74.6,74.6
CK-102264,S022,2026-05-24,midday,P22,professional,5.6,1,76.0,80.0,74.0,82.1,82.1
CK-102265,S025,2026-05-24,morning,P16,professional,4.2,1,76.0,68.0,75.0,76.6,76.6
CK-102266,S029,2026-05-24,evening,P19,professional,3.8,1,68.0,73.0,66.0,66.2,66.2
CK-102267,S030,2026-05-24,morning,P11,professional,7.4,1,74.0,76.0,83.0,85.4,85.4
CK-102268,S044,2026-05-24,evening,P22,professional,2.7,1,90.0,77.0,89.0,83.7,83.7
CK-102269,S045,2026-05-24,midday,P23,professional,3.1,1,79.0,78.0,77.0,78.1,78.1
CK-102270,S046,2026-05-24,morning,P09,professional,3.8,1,72.0,72.0,72.0,70.2,70.2
CK-102271,S049,2026-05-24,evening,P28,professional,5.0,1,89.0,78.0,78.0,78.6,78.6
CK-102272,S052,2026-05-24,midday,P30,professional,5.8,1,87.0,87.0,82.0,83.6,83.6
CK-102273,S053,2026-05-24,evening,P13,professional,8.5,1,73.0,75.0,72.0,71.6,71.6
CK-102274,S057,2026-05-24,evening,P18,professional,4.0,1,83.0,89.0,93.0,87.4,87.4
CK-102275,S062,2026-05-24,morning,P16,professional,4.8,1,77.0,70.0,74.0,76.1,76.1
CK-102276,S068,2026-05-24,evening,P10,professional,9.3,1,87.0,82.0,76.0,81.9,81.9
CK-102277,S070,2026-05-24,midday,P13,professional,5.8,1,87.0,87.0,82.0,82.5,82.5
CK-102278,S071,2026-05-24,evening,P12,professional,13.2,1,72.0,72.0,76.0,76.0,76.0
CK-102279,S075,2026-05-24,morning,P30,professional,3.6,1,86.0,72.0,80.0,77.0,77.0
CK-102280,S076,2026-05-24,midday,P09,professional,2.2,1,87.0,82.0,74.0,83.4,83.4
CK-102281,S008,2026-05-25,morning,P28,professional,8.2,1,79.0,84.0,81.0,84.5,84.5
CK-102282,S011,2026-05-25,morning,P02,professional,8.1,0,71.0,67.0,70.0,70.4,70.4
CK-102283,S024,2026-05-25,morning,P23,professional,6.1,1,93.0,93.0,84.0,88.7,88.7
CK-102284,S034,2026-05-25,evening,P05,professional,3.3,1,81.0,82.0,84.0,77.9,77.9
CK-102285,S038,2026-05-25,morning,P09,professional,6.8,1,84.0,94.0,84.0,88.9,88.9
CK-102286,S042,2026-05-25,morning,P10,professional,2.2,1,81.0,81.0,81.0,82.1,82.1
CK-102287,S043,2026-05-25,evening,P14,professional,3.5,1,97.0,95.0,91.0,89.2,89.2
CK-102288,S050,2026-05-25,midday,P07,professional,5.3,1,85.0,82.0,83.0,86.4,86.4
CK-102289,S060,2026-05-25,morning,P22,professional,9.8,1,75.0,70.0,80.0,76.5,76.5
CK-102290,S065,2026-05-25,evening,P19,professional,7.3,1,85.0,77.0,81.0,79.6,79.6
CK-102291,S069,2026-05-25,morning,P18,professional,2.2,1,85.0,87.0,86.0,86.1,86.1
CK-102292,S092,2026-05-25,evening,P17,professional,5.6,1,84.0,90.0,82.0,87.9,87.9
CK-102293,S094,2026-05-25,morning,P25,professional,4.4,1,79.0,73.0,79.0,76.7,76.7
CK-102294,S096,2026-05-25,morning,P16,professional,2.8,1,77.0,71.0,73.0,75.1,75.1
CK-102295,S100,2026-05-25,midday,P12,professional,3.4,1,84.0,84.0,76.0,82.4,82.4
CK-102296,S104,2026-05-25,morning,P25,professional,2.1,1,86.0,92.0,94.0,91.5,91.5
CK-102297,S108,2026-05-25,morning,P16,professional,2.7,1,90.0,83.0,85.0,82.6,82.6
CK-102298,S110,2026-05-25,evening,P16,professional,6.4,1,61.0,71.0,58.0,61.2,61.2
CK-102299,S115,2026-05-25,midday,P23,professional,8.3,1,62.0,65.0,71.0,67.0,67.0
CK-102300,S006,2026-05-26,evening,P14,professional,6.5,1,70.0,72.0,78.0,73.9,73.9
CK-102301,S007,2026-05-26,morning,P04,professional,4.5,1,82.0,83.0,88.0,85.7,85.7
CK-102302,S024,2026-05-26,midday,P24,professional,4.3,1,75.0,70.0,70.0,71.6,71.6
CK-102303,S029,2026-05-26,morning,P10,professional,6.1,1,81.0,72.0,71.0,74.4,74.4
CK-102304,S046,2026-05-26,midday,P10,professional,9.7,1,84.0,81.0,80.0,80.0,80.0
CK-102305,S054,2026-05-26,evening,P09,professional,3.0,1,66.0,74.0,68.0,69.8,69.8
CK-102306,S061,2026-05-26,midday,P14,professional,10.3,1,78.0,89.0,90.0,88.8,88.8
CK-102307,S064,2026-05-26,midday,P11,professional,7.0,1,82.0,92.0,93.0,86.2,86.2
CK-102308,S066,2026-05-26,morning,P26,professional,3.1,0,77.0,62.0,75.0,71.0,71.0
CK-102309,S076,2026-05-26,morning,P13,professional,6.0,1,79.0,83.0,78.0,83.0,83.0
CK-102310,S083,2026-05-26,morning,P09,professional,4.0,1,81.0,83.0,88.0,86.9,86.9
CK-102311,S086,2026-05-26,morning,P03,professional,8.0,1,66.0,75.0,68.0,68.8,68.8
CK-102312,S092,2026-05-26,midday,P20,professional,2.8,1,78.0,83.0,77.0,76.2,76.2
CK-102313,S104,2026-05-26,midday,P21,professional,10.7,1,92.0,90.0,86.0,87.6,87.6
CK-102314,S108,2026-05-26,midday,P25,professional,2.5,1,83.0,84.0,85.0,86.1,86.1
CK-102315,S112,2026-05-26,midday,P16,professional,1.9,1,85.0,89.0,85.0,81.9,81.9
CK-102316,S006,2026-05-27,morning,P04,professional,9.5,1,87.0,86.0,85.0,87.6,87.6
CK-102317,S023,2026-05-27,evening,P16,professional,9.8,1,71.0,60.0,74.0,66.9,66.9
CK-102318,S026,2026-05-27,evening,P17,professional,7.5,1,71.0,68.0,64.0,65.8,65.8
CK-102319,S034,2026-05-27,midday,P15,professional,6.0,1,87.0,84.0,85.0,82.9,82.9
CK-102320,S040,2026-05-27,morning,P13,professional,5.2,1,78.0,92.0,87.0,84.8,84.8
CK-102321,S051,2026-05-27,morning,P02,professional,2.0,1,86.0,89.0,88.0,83.9,83.9
CK-102322,S067,2026-05-27,morning,P16,professional,1.6,1,88.0,83.0,76.0,83.0,83.0
CK-102323,S073,2026-05-27,morning,P20,professional,6.5,1,77.0,72.0,79.0,82.6,82.6
CK-102324,S078,2026-05-27,evening,P01,professional,8.4,1,83.0,82.0,79.0,80.5,80.5
CK-102325,S079,2026-05-27,midday,P18,professional,5.4,0,63.0,64.0,69.0,70.2,70.2
CK-102326,S093,2026-05-27,morning,P15,professional,1.7,1,69.0,67.0,70.0,69.5,69.5
CK-102327,S107,2026-05-27,evening,P12,professional,4.9,1,73.0,78.0,79.0,75.4,75.4
CK-102328,S006,2026-05-28,morning,P02,professional,2.7,1,81.0,80.0,77.0,81.5,81.5
CK-102329,S010,2026-05-28,midday,P13,professional,4.5,1,89.0,91.0,87.0,88.2,88.2
CK-102330,S034,2026-05-28,midday,P28,professional,3.6,1,73.0,78.0,78.0,79.1,79.1
CK-102331,S055,2026-05-28,morning,P17,professional,4.0,1,93.0,93.0,93.0,93.0,93.0
CK-102332,S058,2026-05-28,midday,P01,professional,4.1,1,78.0,82.0,78.0,79.4,79.4
CK-102333,S072,2026-05-28,morning,P10,professional,8.2,1,93.0,84.0,89.0,83.5,83.5
CK-102334,S073,2026-05-28,midday,P22,professional,5.9,1,77.0,74.0,80.0,78.9,78.9
CK-102335,S076,2026-05-28,midday,P13,professional,3.5,1,90.0,100.0,92.0,96.0,96.0
CK-102336,S080,2026-05-28,evening,P08,professional,4.1,1,74.0,74.0,73.0,76.1,76.1
CK-102337,S091,2026-05-28,morning,P07,professional,4.2,1,83.0,84.0,78.0,80.3,80.3
CK-102338,S095,2026-05-28,midday,P11,professional,6.8,1,81.0,75.0,74.0,74.3,74.3
CK-102339,S096,2026-05-28,midday,P11,professional,2.7,1,87.0,82.0,73.0,80.7,80.7
CK-102340,S111,2026-05-28,evening,P11,professional,2.5,1,66.0,68.0,74.0,72.8,72.8
CK-102341,S117,2026-05-28,midday,P19,professional,2.7,1,91.0,86.0,92.0,87.9,87.9
CK-102342,S119,2026-05-28,evening,P15,professional,6.3,1,78.0,82.0,77.0,76.1,76.1
CK-102343,S005,2026-05-29,evening,P04,professional,6.8,1,81.0,83.0,87.0,81.3,81.3
CK-102344,S013,2026-05-29,midday,P13,professional,4.0,1,88.0,82.0,85.0,86.6,86.6
CK-102345,S016,2026-05-29,morning,P01,professional,3.3,0,61.0,63.0,69.0,64.6,64.6
CK-102346,S019,2026-05-29,morning,P12,professional,8.5,1,79.0,72.0,73.0,76.8,76.8
CK-102347,S044,2026-05-29,midday,P17,professional,3.9,1,66.0,76.0,83.0,79.3,79.3
CK-102348,S051,2026-05-29,morning,P20,professional,2.6,1,93.0,90.0,88.0,92.2,92.2
CK-102349,S065,2026-05-29,midday,P29,professional,4.0,1,71.0,69.0,75.0,71.8,71.8
CK-102350,S067,2026-05-29,midday,P18,professional,8.5,1,92.0,93.0,95.0,93.3,93.3
CK-102351,S068,2026-05-29,midday,P02,professional,6.9,1,76.0,62.0,71.0,72.1,72.1
CK-102352,S069,2026-05-29,morning,P15,professional,5.5,1,87.0,82.0,79.0,80.1,80.1
CK-102353,S077,2026-05-29,midday,P26,professional,10.1,0,81.0,84.0,84.0,81.0,81.0
CK-102354,S081,2026-05-29,evening,P08,professional,5.3,1,88.0,87.0,80.0,79.4,79.4
CK-102355,S090,2026-05-29,morning,P07,professional,3.7,1,78.0,78.0,73.0,77.3,77.3
CK-102356,S003,2026-05-30,evening,P22,professional,3.2,1,69.0,70.0,66.0,65.7,65.7
CK-102357,S008,2026-05-30,midday,P03,professional,4.7,1,93.0,83.0,95.0,91.7,91.7
CK-102358,S015,2026-05-30,morning,P17,professional,2.3,1,74.0,77.0,80.0,74.4,74.4
CK-102359,S021,2026-05-30,midday,P23,professional,2.4,1,83.0,72.0,85.0,80.4,80.4
CK-102360,S022,2026-05-30,midday,P03,professional,4.8,1,74.0,78.0,77.0,75.9,75.9
CK-102361,S047,2026-05-30,midday,P24,professional,4.8,1,86.0,85.0,85.0,83.5,83.5
CK-102362,S056,2026-05-30,evening,P22,professional,5.5,1,75.0,76.0,73.0,70.9,70.9
CK-102363,S066,2026-05-30,morning,P04,professional,4.6,1,89.0,80.0,91.0,86.3,86.3
CK-102364,S068,2026-05-30,evening,P18,professional,3.9,1,56.0,55.0,64.0,60.8,60.8
CK-102365,S078,2026-05-30,midday,P10,professional,2.5,1,69.0,82.0,67.0,70.7,70.7
CK-102366,S079,2026-05-30,midday,P18,professional,3.4,1,68.0,69.0,83.0,74.8,74.8
CK-102367,S082,2026-05-30,midday,P02,professional,5.9,1,97.0,100.0,85.0,92.1,92.1
CK-102368,S088,2026-05-30,midday,P20,professional,9.0,1,95.0,89.0,92.0,87.1,87.1
CK-102369,S089,2026-05-30,midday,P24,professional,6.4,1,85.0,87.0,77.0,88.4,88.4
CK-102370,S100,2026-05-30,midday,P04,professional,2.5,1,93.0,88.0,90.0,91.5,91.5
CK-102371,S102,2026-05-30,midday,P04,professional,4.4,1,80.0,81.0,73.0,74.8,74.8
CK-102372,S103,2026-05-30,evening,P11,professional,13.0,0,58.0,73.0,69.0,64.0,64.0
CK-102373,S105,2026-05-30,evening,P19,professional,11.5,1,70.0,79.0,88.0,80.7,80.7
CK-102374,S106,2026-05-30,midday,P15,professional,4.9,1,78.0,84.0,75.0,80.6,80.6
CK-102375,S112,2026-05-30,evening,P17,professional,9.4,1,81.0,80.0,85.0,80.7,80.7
CK-102376,S116,2026-05-30,morning,P29,professional,8.0,1,98.0,96.0,96.0,100.0,100.0
CK-102377,S117,2026-05-30,morning,P13,professional,4.5,1,81.0,87.0,93.0,84.7,84.7
CK-102378,S118,2026-05-30,midday,P10,professional,3.7,1,85.0,78.0,83.0,80.6,80.6
CK-102379,S002,2026-05-31,morning,P13,professional,4.6,1,87.0,95.0,80.0,81.4,81.4
CK-102380,S005,2026-05-31,evening,P04,professional,2.7,1,85.0,63.0,67.0,74.8,74.8
CK-102381,S008,2026-05-31,evening,P04,professional,6.7,1,73.0,68.0,70.0,70.6,70.6
CK-102382,S014,2026-05-31,midday,P08,professional,3.9,1,86.0,72.0,81.0,79.8,79.8
CK-102383,S018,2026-05-31,morning,P06,professional,7.2,1,80.0,82.0,81.0,81.4,81.4
CK-102384,S023,2026-05-31,evening,P04,professional,4.1,1,87.0,81.0,81.0,78.1,78.1
CK-102385,S032,2026-05-31,morning,P27,professional,4.5,1,73.0,78.0,85.0,78.4,78.4
CK-102386,S033,2026-05-31,morning,P20,professional,3.5,1,94.0,96.0,90.0,94.7,94.7
CK-102387,S035,2026-05-31,evening,P01,professional,5.6,1,75.0,79.0,78.0,76.7,76.7
CK-102388,S037,2026-05-31,morning,P25,professional,7.7,1,94.0,94.0,86.0,89.0,89.0
CK-102389,S039,2026-05-31,evening,P15,professional,6.6,1,76.0,71.0,75.0,74.8,74.8
CK-102390,S048,2026-05-31,evening,P22,professional,2.2,1,73.0,78.0,78.0,77.5,77.5
CK-102391,S056,2026-05-31,midday,P27,professional,3.1,1,77.0,78.0,71.0,77.1,77.1
CK-102392,S066,2026-05-31,midday,P11,professional,2.9,1,87.0,88.0,85.0,82.6,82.6
CK-102393,S085,2026-05-31,morning,P21,professional,5.3,1,95.0,94.0,89.0,88.5,88.5
CK-102394,S087,2026-05-31,midday,P30,professional,5.5,1,77.0,70.0,75.0,75.5,75.5
CK-102395,S092,2026-05-31,evening,P13,professional,5.1,1,64.0,73.0,71.0,66.2,66.2
CK-102396,S098,2026-05-31,evening,P15,professional,3.2,1,96.0,83.0,77.0,87.1,87.1
CK-102397,S099,2026-05-31,evening,P11,professional,3.6,1,68.0,73.0,71.0,74.9,74.9
CK-102398,S101,2026-05-31,evening,P29,professional,4.9,0,64.0,72.0,70.0,69.1,69.1
CK-102399,S114,2026-05-31,morning,P09,professional,6.0,1,67.0,70.0,81.0,74.6,74.6
CK-102400,S117,2026-05-31,evening,P04,professional,6.4,1,79.0,82.0,82.0,79.8,79.8
CK-102401,S006,2026-06-01,evening,A0086,app_volunteer,9.6,1,74.0,83.0,78.0,75.0,77.0
CK-102402,S010,2026-06-01,evening,A0039,app_volunteer,6.3,1,77.0,79.0,78.0,76.3,78.3
CK-102403,S021,2026-06-01,midday,A0091,app_volunteer,2.2,1,70.0,65.0,78.0,69.7,71.7
CK-102404,S021,2026-06-01,evening,A0156,app_volunteer,5.9,1,72.0,71.0,70.0,69.3,71.3
CK-102405,S029,2026-06-01,midday,A0156,app_volunteer,1.8,1,80.0,80.0,75.0,76.1,78.1
CK-102406,S029,2026-06-01,evening,A0252,app_volunteer,10.5,1,80.0,79.0,80.0,78.7,80.7
CK-102407,S033,2026-06-01,evening,A0385,app_volunteer,13.4,1,65.0,73.0,83.0,76.8,78.8
CK-102408,S034,2026-06-01,evening,A0128,app_volunteer,7.5,1,69.0,71.0,72.0,72.7,74.7
CK-102409,S060,2026-06-01,evening,A0003,app_volunteer,2.1,1,84.0,71.0,71.0,76.0,78.0
CK-102410,S065,2026-06-01,evening,A0193,app_volunteer,3.9,1,77.0,81.0,72.0,78.2,80.2
CK-102411,S075,2026-06-01,midday,A0278,app_volunteer,2.9,1,92.0,89.0,93.0,88.1,90.1
CK-102412,S075,2026-06-01,morning,A0084,app_volunteer,3.3,1,85.0,71.0,79.0,75.2,77.2
CK-102413,S080,2026-06-01,evening,A0168,app_volunteer,10.1,1,76.0,85.0,83.0,82.2,84.2
CK-102414,S090,2026-06-01,evening,A0347,app_volunteer,5.5,1,70.0,70.0,77.0,76.0,78.0
CK-102415,S100,2026-06-01,evening,A0090,app_volunteer,10.9,0,63.0,74.0,72.0,72.6,74.6
CK-102416,S108,2026-06-01,evening,A0249,app_volunteer,4.9,1,74.0,81.0,80.0,76.2,78.2
CK-102417,S110,2026-06-01,evening,A0266,app_volunteer,3.8,1,56.0,55.0,61.0,58.2,60.2
CK-102418,S010,2026-06-02,evening,A0221,app_volunteer,3.7,1,80.0,72.0,76.0,77.7,79.7
CK-102419,S013,2026-06-02,midday,A0234,app_volunteer,4.6,1,74.0,80.0,78.0,80.9,82.9
CK-102420,S017,2026-06-02,evening,A0302,app_volunteer,12.2,1,80.0,60.0,71.0,72.2,74.2
CK-102421,S020,2026-06-02,morning,A0202,app_volunteer,3.8,1,76.0,72.0,74.0,78.9,80.9
CK-102422,S029,2026-06-02,evening,A0289,app_volunteer,8.9,1,68.0,62.0,64.0,65.3,67.3
CK-102423,S029,2026-06-02,evening,A0090,app_volunteer,3.2,0,80.0,69.0,73.0,72.3,74.3
CK-102424,S030,2026-06-02,midday,A0185,app_volunteer,7.8,1,82.0,79.0,80.0,79.1,81.1
CK-102425,S034,2026-06-02,evening,A0309,app_volunteer,5.7,1,71.0,79.0,70.0,70.0,72.0
CK-102426,S035,2026-06-02,midday,A0288,app_volunteer,4.4,1,83.0,79.0,76.0,79.1,81.1
CK-102427,S040,2026-06-02,evening,A0260,app_volunteer,5.1,1,62.0,69.0,70.0,69.7,71.7
CK-102428,S055,2026-06-02,evening,A0182,app_volunteer,4.9,0,83.0,77.0,84.0,77.8,79.8
CK-102429,S060,2026-06-02,evening,A0074,app_volunteer,6.0,1,77.0,75.0,83.0,79.9,81.9
CK-102430,S071,2026-06-02,evening,A0210,app_volunteer,5.4,1,63.0,62.0,60.0,61.4,63.4
CK-102431,S078,2026-06-02,morning,A0122,app_volunteer,6.0,1,84.0,76.0,68.0,74.2,76.2
CK-102432,S079,2026-06-02,evening,A0175,app_volunteer,10.1,1,74.0,79.0,76.0,77.8,79.8
CK-102433,S079,2026-06-02,evening,A0093,app_volunteer,4.3,1,74.0,62.0,64.0,66.9,68.9
CK-102434,S084,2026-06-02,midday,A0333,app_volunteer,5.1,1,77.0,78.0,76.0,78.6,80.6
CK-102435,S084,2026-06-02,evening,A0109,app_volunteer,7.2,1,74.0,66.0,72.0,69.9,71.9
CK-102436,S086,2026-06-02,evening,A0240,app_volunteer,4.5,1,81.0,88.0,81.0,83.2,85.2
CK-102437,S092,2026-06-02,evening,A0030,app_volunteer,14.7,1,84.0,74.0,76.0,81.5,83.5
CK-102438,S101,2026-06-02,evening,A0140,app_volunteer,3.7,1,78.0,88.0,91.0,81.4,83.4
CK-102439,S110,2026-06-02,evening,A0257,app_volunteer,4.1,1,67.0,75.0,69.0,71.1,73.1
CK-102440,S116,2026-06-02,evening,A0108,app_volunteer,6.3,1,79.0,79.0,91.0,79.0,81.0
CK-102441,S006,2026-06-03,midday,A0153,app_volunteer,10.5,1,79.0,71.0,75.0,68.5,70.5
CK-102442,S010,2026-06-03,evening,A0169,app_volunteer,3.2,1,78.0,82.0,85.0,81.8,83.8
CK-102443,S010,2026-06-03,midday,A0094,app_volunteer,10.0,1,74.0,67.0,63.0,65.9,67.9
CK-102444,S017,2026-06-03,midday,A0364,app_volunteer,2.1,1,79.0,70.0,65.0,67.6,69.6
CK-102445,S022,2026-06-03,evening,A0077,app_volunteer,6.4,1,77.0,71.0,61.0,69.3,71.3
CK-102446,S026,2026-06-03,evening,A0381,app_volunteer,9.8,1,80.0,77.0,76.0,80.1,82.1
CK-102447,S029,2026-06-03,evening,A0248,app_volunteer,20.9,1,75.0,81.0,78.0,74.9,76.9
CK-102448,S030,2026-06-03,evening,A0257,app_volunteer,8.6,1,68.0,72.0,73.0,72.7,74.7
CK-102449,S032,2026-06-03,evening,A0128,app_volunteer,10.4,1,85.0,60.0,71.0,70.0,72.0
CK-102450,S036,2026-06-03,evening,A0024,app_volunteer,3.1,1,82.0,85.0,80.0,79.8,81.8
CK-102451,S043,2026-06-03,evening,A0398,app_volunteer,5.3,1,82.0,84.0,78.0,77.4,79.4
CK-102452,S050,2026-06-03,evening,A0014,app_volunteer,3.3,1,73.0,69.0,74.0,72.1,74.1
CK-102453,S053,2026-06-03,evening,A0102,app_volunteer,2.9,1,70.0,66.0,70.0,67.1,69.1
CK-102454,S061,2026-06-03,midday,A0003,app_volunteer,5.8,1,79.0,76.0,76.0,79.2,81.2
CK-102455,S065,2026-06-03,evening,A0038,app_volunteer,5.8,1,74.0,78.0,68.0,68.0,70.0
CK-102456,S068,2026-06-03,midday,A0121,app_volunteer,2.7,1,66.0,61.0,65.0,67.2,69.2
CK-102457,S070,2026-06-03,midday,A0200,app_volunteer,3.2,1,78.0,75.0,83.0,78.7,80.7
CK-102458,S072,2026-06-03,evening,A0062,app_volunteer,3.8,1,71.0,70.0,72.0,72.1,74.1
CK-102459,S074,2026-06-03,evening,A0221,app_volunteer,10.9,1,69.0,69.0,73.0,69.6,71.6
CK-102460,S083,2026-06-03,evening,A0037,app_volunteer,8.2,1,85.0,87.0,84.0,85.4,87.4
CK-102461,S085,2026-06-03,evening,A0080,app_volunteer,7.4,1,81.0,78.0,77.0,78.9,80.9
CK-102462,S095,2026-06-03,evening,A0234,app_volunteer,4.7,1,83.0,76.0,81.0,77.6,79.6
CK-102463,S097,2026-06-03,evening,A0206,app_volunteer,5.6,0,80.0,78.0,74.0,77.1,79.1
CK-102464,S003,2026-06-04,evening,A0221,app_volunteer,4.1,1,57.0,62.0,60.0,66.2,68.2
CK-102465,S007,2026-06-04,midday,A0102,app_volunteer,3.5,1,77.0,75.0,67.0,65.7,67.7
CK-102466,S021,2026-06-04,evening,A0163,app_volunteer,9.3,0,75.0,62.0,69.0,66.4,68.4
CK-102467,S037,2026-06-04,evening,A0262,app_volunteer,4.2,1,69.0,77.0,77.0,75.3,77.3
CK-102468,S051,2026-06-04,morning,A0379,app_volunteer,6.4,1,66.0,59.0,67.0,66.4,68.4
CK-102469,S060,2026-06-04,evening,A0375,app_volunteer,4.7,1,80.0,87.0,78.0,78.4,80.4
CK-102470,S061,2026-06-04,evening,A0287,app_volunteer,7.5,1,74.0,61.0,70.0,67.2,69.2
CK-102471,S067,2026-06-04,morning,A0386,app_volunteer,1.6,1,92.0,97.0,96.0,97.4,99.4
CK-102472,S068,2026-06-04,midday,A0150,app_volunteer,2.8,1,72.0,75.0,71.0,74.5,76.5
CK-102473,S070,2026-06-04,evening,A0372,app_volunteer,4.3,1,79.0,79.0,78.0,75.7,77.7
CK-102474,S075,2026-06-04,midday,A0252,app_volunteer,2.7,1,66.0,73.0,75.0,69.2,71.2
CK-102475,S078,2026-06-04,midday,A0180,app_volunteer,5.6,1,79.0,78.0,84.0,77.8,79.8
CK-102476,S078,2026-06-04,midday,A0358,app_volunteer,3.5,1,77.0,85.0,82.0,80.0,82.0
CK-102477,S082,2026-06-04,evening,A0046,app_volunteer,9.0,1,55.0,61.0,57.0,61.4,63.4
CK-102478,S083,2026-06-04,evening,A0321,app_volunteer,5.7,1,71.0,74.0,75.0,68.5,70.5
CK-102479,S085,2026-06-04,evening,A0327,app_volunteer,5.5,1,67.0,71.0,59.0,65.3,67.3
CK-102480,S093,2026-06-04,morning,A0260,app_volunteer,5.1,1,72.0,69.0,69.0,70.8,72.8
CK-102481,S095,2026-06-04,evening,A0059,app_volunteer,6.6,1,82.0,75.0,77.0,75.6,77.6
CK-102482,S096,2026-06-04,midday,A0223,app_volunteer,4.4,1,79.0,88.0,90.0,87.6,89.6
CK-102483,S100,2026-06-04,evening,A0133,app_volunteer,20.5,1,75.0,65.0,65.0,70.6,72.6
CK-102484,S100,2026-06-04,midday,A0059,app_volunteer,10.7,1,84.0,82.0,86.0,78.4,80.4
CK-102485,S100,2026-06-04,evening,A0109,app_volunteer,14.6,1,67.0,63.0,63.0,64.9,66.9
CK-102486,S118,2026-06-04,evening,A0026,app_volunteer,8.9,1,86.0,83.0,85.0,84.3,86.3
CK-102487,S002,2026-06-05,midday,A0213,app_volunteer,8.0,1,77.0,76.0,79.0,79.4,81.4
CK-102488,S007,2026-06-05,evening,A0330,app_volunteer,2.1,1,71.0,79.0,77.0,75.2,77.2
CK-102489,S009,2026-06-05,evening,A0147,app_volunteer,3.6,1,85.0,81.0,85.0,81.7,83.7
CK-102490,S017,2026-06-05,evening,A0208,app_volunteer,16.9,1,65.0,78.0,71.0,69.3,71.3
CK-102491,S024,2026-06-05,evening,A0358,app_volunteer,21.5,1,81.0,83.0,87.0,82.5,84.5
CK-102492,S029,2026-06-05,morning,A0281,app_volunteer,4.0,1,76.0,83.0,76.0,76.2,78.2
CK-102493,S037,2026-06-05,evening,A0083,app_volunteer,5.7,1,87.0,78.0,86.0,81.8,83.8
CK-102494,S044,2026-06-05,midday,A0084,app_volunteer,6.9,1,100.0,93.0,96.0,93.4,95.4
CK-102495,S049,2026-06-05,midday,A0285,app_volunteer,2.3,1,65.0,64.0,72.0,66.7,68.7
CK-102496,S064,2026-06-05,evening,A0147,app_volunteer,8.4,1,73.0,78.0,80.0,76.7,78.7
CK-102497,S065,2026-06-05,evening,A0338,app_volunteer,4.0,1,66.0,76.0,61.0,66.2,68.2
CK-102498,S066,2026-06-05,midday,A0395,app_volunteer,5.3,1,84.0,73.0,82.0,83.1,85.1
CK-102499,S068,2026-06-05,evening,A0195,app_volunteer,9.2,1,74.0,73.0,76.0,76.2,78.2
CK-102500,S069,2026-06-05,evening,A0202,app_volunteer,5.9,1,86.0,88.0,84.0,85.8,87.8
CK-102501,S070,2026-06-05,midday,A0055,app_volunteer,8.1,1,77.0,69.0,72.0,69.1,71.1
CK-102502,S075,2026-06-05,midday,A0288,app_volunteer,4.7,1,86.0,90.0,83.0,85.4,87.4
CK-102503,S080,2026-06-05,midday,A0271,app_volunteer,4.2,1,80.0,83.0,84.0,86.7,88.7
CK-102504,S080,2026-06-05,midday,A0102,app_volunteer,6.1,1,82.0,88.0,79.0,83.6,85.6
CK-102505,S085,2026-06-05,evening,A0165,app_volunteer,9.9,1,71.0,77.0,77.0,77.0,79.0
CK-102506,S086,2026-06-05,evening,A0221,app_volunteer,6.8,1,72.0,67.0,74.0,73.5,75.5
CK-102507,S095,2026-06-05,morning,A0370,app_volunteer,3.8,1,76.0,79.0,78.0,75.2,77.2
CK-102508,S095,2026-06-05,evening,A0073,app_volunteer,3.3,1,83.0,97.0,91.0,86.8,88.8
CK-102509,S098,2026-06-05,evening,A0236,app_volunteer,5.1,1,68.0,75.0,64.0,69.3,71.3
CK-102510,S100,2026-06-05,evening,A0360,app_volunteer,4.6,1,68.0,77.0,75.0,79.1,81.1
CK-102511,S015,2026-06-06,evening,A0229,app_volunteer,5.8,1,62.0,73.0,63.0,68.4,70.4
CK-102512,S016,2026-06-06,evening,A0067,app_volunteer,3.6,1,74.0,78.0,78.0,73.3,75.3
CK-102513,S017,2026-06-06,evening,A0036,app_volunteer,10.5,0,78.0,75.0,76.0,77.7,79.7
CK-102514,S018,2026-06-06,evening,A0366,app_volunteer,4.3,1,80.0,64.0,74.0,73.3,75.3
CK-102515,S026,2026-06-06,evening,A0320,app_volunteer,3.2,0,74.0,66.0,67.0,71.3,73.3
CK-102516,S038,2026-06-06,midday,A0389,app_volunteer,4.6,1,71.0,62.0,74.0,69.5,71.5
CK-102517,S055,2026-06-06,evening,A0197,app_volunteer,9.2,0,70.0,77.0,75.0,73.6,75.6
CK-102518,S057,2026-06-06,midday,A0175,app_volunteer,4.6,1,85.0,86.0,89.0,84.8,86.8
CK-102519,S060,2026-06-06,midday,A0255,app_volunteer,3.7,1,79.0,76.0,77.0,74.4,76.4
CK-102520,S065,2026-06-06,midday,A0287,app_volunteer,4.7,1,79.0,79.0,78.0,80.5,82.5
CK-102521,S066,2026-06-06,midday,A0352,app_volunteer,2.4,1,84.0,72.0,79.0,81.3,83.3
CK-102522,S075,2026-06-06,evening,A0247,app_volunteer,2.3,1,78.0,76.0,74.0,75.1,77.1
CK-102523,S086,2026-06-06,evening,A0249,app_volunteer,5.0,1,64.0,57.0,51.0,59.8,61.8
CK-102524,S094,2026-06-06,evening,A0323,app_volunteer,2.9,1,72.0,73.0,85.0,80.6,82.6
CK-102525,S102,2026-06-06,midday,A0397,app_volunteer,3.5,1,61.0,68.0,70.0,66.6,68.6
CK-102526,S106,2026-06-06,evening,A0303,app_volunteer,3.6,1,62.0,62.0,61.0,64.1,66.1
CK-102527,S006,2026-06-07,evening,A0123,app_volunteer,4.7,1,69.0,65.0,70.0,70.3,72.3
CK-102528,S007,2026-06-07,midday,A0278,app_volunteer,3.6,1,81.0,89.0,72.0,77.4,79.4
CK-102529,S015,2026-06-07,midday,A0060,app_volunteer,7.6,1,90.0,78.0,83.0,81.4,83.4
CK-102530,S022,2026-06-07,evening,A0247,app_volunteer,6.9,1,71.0,70.0,65.0,69.4,71.4
CK-102531,S022,2026-06-07,evening,A0117,app_volunteer,5.5,1,69.0,66.0,59.0,61.9,63.9
CK-102532,S030,2026-06-07,midday,A0303,app_volunteer,6.6,1,83.0,74.0,79.0,82.1,84.1
CK-102533,S044,2026-06-07,evening,A0309,app_volunteer,6.0,1,76.0,67.0,68.0,71.8,73.8
CK-102534,S050,2026-06-07,evening,A0384,app_volunteer,5.1,1,75.0,69.0,75.0,73.7,75.7
CK-102535,S056,2026-06-07,evening,A0255,app_volunteer,11.3,1,55.0,52.0,62.0,58.9,60.9
CK-102536,S060,2026-06-07,evening,A0198,app_volunteer,12.0,1,80.0,79.0,75.0,77.1,79.1
CK-102537,S061,2026-06-07,morning,A0102,app_volunteer,2.0,1,94.0,81.0,91.0,92.2,94.2
CK-102538,S065,2026-06-07,evening,A0324,app_volunteer,5.7,1,65.0,70.0,70.0,67.9,69.9
CK-102539,S070,2026-06-07,evening,A0099,app_volunteer,9.0,1,71.0,83.0,72.0,78.7,80.7
CK-102540,S081,2026-06-07,evening,A0204,app_volunteer,15.4,1,87.0,95.0,90.0,91.5,93.5
CK-102541,S085,2026-06-07,midday,A0145,app_volunteer,2.7,1,86.0,71.0,82.0,82.9,84.9
CK-102542,S085,2026-06-07,midday,A0073,app_volunteer,3.7,0,66.0,71.0,67.0,68.9,70.9
CK-102543,S088,2026-06-07,evening,A0080,app_volunteer,7.6,1,87.0,89.0,72.0,80.4,82.4
CK-102544,S103,2026-06-07,evening,A0255,app_volunteer,9.3,0,66.0,74.0,71.0,67.8,69.8
CK-102545,S106,2026-06-07,morning,A0153,app_volunteer,2.1,1,75.0,76.0,72.0,77.2,79.2
CK-102546,S013,2026-06-08,evening,A0078,app_volunteer,9.8,1,86.0,80.0,78.0,79.3,81.3
CK-102547,S020,2026-06-08,evening,A0142,app_volunteer,3.2,1,65.0,71.0,58.0,65.3,67.3
CK-102548,S023,2026-06-08,evening,A0145,app_volunteer,5.6,1,71.0,74.0,83.0,77.0,79.0
CK-102549,S044,2026-06-08,evening,A0137,app_volunteer,2.9,1,56.0,58.0,56.0,58.8,60.8
CK-102550,S055,2026-06-08,evening,A0313,app_volunteer,3.5,1,87.0,74.0,73.0,76.6,78.6
CK-102551,S055,2026-06-08,evening,A0190,app_volunteer,4.4,1,62.0,72.0,66.0,68.2,70.2
CK-102552,S056,2026-06-08,evening,A0373,app_volunteer,2.7,1,76.0,75.0,68.0,70.9,72.9
CK-102553,S061,2026-06-08,evening,A0264,app_volunteer,5.4,1,77.0,81.0,79.0,82.5,84.5
CK-102554,S062,2026-06-08,evening,A0341,app_volunteer,8.3,1,77.0,67.0,71.0,75.0,77.0
CK-102555,S075,2026-06-08,midday,A0082,app_volunteer,3.2,1,76.0,78.0,82.0,80.8,82.8
CK-102556,S078,2026-06-08,morning,A0393,app_volunteer,9.4,1,89.0,83.0,74.0,77.4,79.4
CK-102557,S080,2026-06-08,evening,A0064,app_volunteer,7.5,1,68.0,66.0,66.0,69.2,71.2
CK-102558,S080,2026-06-08,evening,A0217,app_volunteer,4.3,1,82.0,81.0,81.0,81.8,83.8
CK-102559,S083,2026-06-08,evening,A0287,app_volunteer,12.3,1,80.0,75.0,80.0,81.1,83.1
CK-102560,S084,2026-06-08,evening,A0100,app_volunteer,13.4,1,62.0,69.0,72.0,73.0,75.0
CK-102561,S085,2026-06-08,evening,A0158,app_volunteer,6.2,1,60.0,69.0,67.0,67.6,69.6
CK-102562,S090,2026-06-08,evening,A0314,app_volunteer,3.5,1,78.0,79.0,70.0,76.9,78.9
CK-102563,S095,2026-06-08,evening,A0013,app_volunteer,5.9,1,55.0,55.0,62.0,63.0,65.0
CK-102564,S097,2026-06-08,evening,A0023,app_volunteer,5.6,1,82.0,83.0,77.0,74.8,76.8
CK-102565,S097,2026-06-08,evening,A0309,app_volunteer,5.9,0,71.0,73.0,71.0,74.1,76.1
CK-102566,S112,2026-06-08,evening,A0048,app_volunteer,3.2,0,86.0,76.0,82.0,82.9,84.9
CK-102567,S114,2026-06-08,evening,A0208,app_volunteer,3.9,1,68.0,72.0,65.0,65.7,67.7
CK-102568,S116,2026-06-08,midday,A0314,app_volunteer,4.2,1,69.0,67.0,54.0,64.8,66.8
CK-102569,S004,2026-06-09,midday,A0394,app_volunteer,4.7,1,61.0,69.0,68.0,65.5,67.5
CK-102570,S010,2026-06-09,midday,A0391,app_volunteer,3.3,1,71.0,73.0,71.0,70.4,72.4
CK-102571,S010,2026-06-09,evening,A0322,app_volunteer,8.8,1,66.0,63.0,58.0,58.6,60.6
CK-102572,S013,2026-06-09,evening,A0126,app_volunteer,9.2,1,79.0,86.0,74.0,80.5,82.5
CK-102573,S015,2026-06-09,midday,A0155,app_volunteer,2.8,1,68.0,76.0,71.0,72.4,74.4
CK-102574,S021,2026-06-09,evening,A0228,app_volunteer,10.1,1,84.0,75.0,75.0,81.1,83.1
CK-102575,S023,2026-06-09,midday,A0072,app_volunteer,3.9,1,78.0,79.0,76.0,75.9,77.9
CK-102576,S025,2026-06-09,midday,A0347,app_volunteer,4.6,1,65.0,67.0,64.0,70.3,72.3
CK-102577,S030,2026-06-09,evening,A0364,app_volunteer,7.9,1,79.0,85.0,87.0,85.3,87.3
CK-102578,S045,2026-06-09,evening,A0380,app_volunteer,4.1,1,87.0,78.0,78.0,79.5,81.5
CK-102579,S049,2026-06-09,evening,A0049,app_volunteer,6.8,1,71.0,86.0,76.0,79.9,81.9
CK-102580,S056,2026-06-09,midday,A0030,app_volunteer,4.8,1,67.0,77.0,72.0,72.4,74.4
CK-102581,S057,2026-06-09,morning,A0348,app_volunteer,3.6,1,73.0,83.0,75.0,78.9,80.9
CK-102582,S062,2026-06-09,evening,A0373,app_volunteer,18.3,1,61.0,81.0,76.0,68.9,70.9
CK-102583,S066,2026-06-09,midday,A0137,app_volunteer,4.7,1,82.0,84.0,90.0,84.1,86.1
CK-102584,S075,2026-06-09,evening,A0126,app_volunteer,8.0,1,88.0,76.0,78.0,79.9,81.9
CK-102585,S076,2026-06-09,midday,A0254,app_volunteer,2.6,1,78.0,89.0,85.0,82.9,84.9
CK-102586,S080,2026-06-09,evening,A0034,app_volunteer,5.4,1,67.0,60.0,65.0,64.1,66.1
CK-102587,S101,2026-06-09,evening,A0256,app_volunteer,7.6,1,61.0,64.0,62.0,63.9,65.9
CK-102588,S105,2026-06-09,evening,A0345,app_volunteer,3.7,1,70.0,70.0,75.0,71.8,73.8
CK-102589,S107,2026-06-09,evening,A0058,app_volunteer,8.9,0,76.0,74.0,71.0,72.2,74.2
CK-102590,S117,2026-06-09,evening,A0253,app_volunteer,3.1,1,58.0,77.0,65.0,68.9,70.9
CK-102591,S006,2026-06-10,evening,A0326,app_volunteer,5.4,1,75.0,74.0,70.0,78.9,80.9
CK-102592,S015,2026-06-10,evening,A0024,app_volunteer,3.7,1,65.0,63.0,71.0,67.3,69.3
CK-102593,S021,2026-06-10,midday,A0025,app_volunteer,7.9,1,75.0,80.0,76.0,77.5,79.5
CK-102594,S025,2026-06-10,evening,A0267,app_volunteer,5.8,1,59.0,63.0,68.0,67.7,69.7
CK-102595,S025,2026-06-10,evening,A0069,app_volunteer,8.0,1,72.0,69.0,84.0,78.1,80.1
CK-102596,S029,2026-06-10,evening,A0277,app_volunteer,3.5,1,71.0,66.0,67.0,65.2,67.2
CK-102597,S029,2026-06-10,midday,A0083,app_volunteer,5.8,1,73.0,70.0,65.0,68.0,70.0
CK-102598,S050,2026-06-10,midday,A0326,app_volunteer,6.7,1,67.0,74.0,73.0,72.5,74.5
CK-102599,S055,2026-06-10,evening,A0160,app_volunteer,5.4,1,82.0,84.0,85.0,84.0,86.0
CK-102600,S055,2026-06-10,evening,A0203,app_volunteer,8.1,1,80.0,73.0,79.0,74.3,76.3
CK-102601,S055,2026-06-10,evening,A0109,app_volunteer,6.5,1,76.0,77.0,78.0,78.8,80.8
CK-102602,S065,2026-06-10,midday,A0219,app_volunteer,6.9,1,78.0,78.0,82.0,79.1,81.1
CK-102603,S069,2026-06-10,midday,A0347,app_volunteer,4.6,1,84.0,84.0,82.0,81.9,83.9
CK-102604,S077,2026-06-10,midday,A0249,app_volunteer,5.5,0,86.0,83.0,82.0,81.2,83.2
CK-102605,S086,2026-06-10,evening,A0255,app_volunteer,5.4,1,69.0,78.0,76.0,70.7,72.7
CK-102606,S089,2026-06-10,evening,A0173,app_volunteer,4.9,1,75.0,73.0,82.0,76.5,78.5
CK-102607,S090,2026-06-10,morning,A0379,app_volunteer,6.4,1,80.0,75.0,82.0,80.2,82.2
CK-102608,S090,2026-06-10,evening,A0382,app_volunteer,6.2,0,79.0,76.0,64.0,72.9,74.9
CK-102609,S105,2026-06-10,evening,A0125,app_volunteer,7.9,1,71.0,79.0,76.0,76.3,78.3
CK-102610,S001,2026-06-11,midday,A0342,app_volunteer,5.4,1,80.0,77.0,78.0,78.1,80.1
CK-102611,S003,2026-06-11,midday,A0324,app_volunteer,6.0,1,82.0,85.0,75.0,79.0,81.0
CK-102612,S010,2026-06-11,evening,A0347,app_volunteer,3.5,0,63.0,63.0,67.0,66.3,68.3
CK-102613,S011,2026-06-11,midday,A0225,app_volunteer,3.0,1,67.0,74.0,64.0,64.3,66.3
CK-102614,S014,2026-06-11,evening,A0007,app_volunteer,4.0,1,67.0,68.0,73.0,71.3,73.3
CK-102615,S015,2026-06-11,evening,A0276,app_volunteer,4.5,1,65.0,78.0,63.0,68.3,70.3
CK-102616,S017,2026-06-11,midday,A0359,app_volunteer,3.7,1,95.0,85.0,82.0,86.6,88.6
CK-102617,S017,2026-06-11,evening,A0133,app_volunteer,4.4,1,62.0,62.0,64.0,58.2,60.2
CK-102618,S025,2026-06-11,evening,A0324,app_volunteer,8.1,1,73.0,74.0,74.0,75.5,77.5
CK-102619,S029,2026-06-11,morning,A0329,app_volunteer,5.0,1,79.0,69.0,77.0,74.0,76.0
CK-102620,S029,2026-06-11,evening,A0299,app_volunteer,7.0,1,81.0,80.0,80.0,76.0,78.0
CK-102621,S030,2026-06-11,evening,A0050,app_volunteer,5.8,1,79.0,74.0,59.0,70.5,72.5
CK-102622,S035,2026-06-11,midday,A0226,app_volunteer,4.3,1,54.0,69.0,61.0,60.5,62.5
CK-102623,S038,2026-06-11,midday,A0378,app_volunteer,5.0,1,73.0,73.0,76.0,75.1,77.1
CK-102624,S040,2026-06-11,evening,A0027,app_volunteer,13.2,1,80.0,70.0,75.0,78.6,80.6
CK-102625,S040,2026-06-11,midday,A0013,app_volunteer,8.5,0,82.0,83.0,73.0,76.4,78.4
CK-102626,S040,2026-06-11,morning,A0325,app_volunteer,2.8,1,87.0,83.0,81.0,83.1,85.1
CK-102627,S049,2026-06-11,evening,A0142,app_volunteer,7.7,1,74.0,78.0,80.0,74.4,76.4
CK-102628,S050,2026-06-11,morning,A0313,app_volunteer,6.4,1,75.0,74.0,79.0,79.8,81.8
CK-102629,S053,2026-06-11,evening,A0210,app_volunteer,10.1,1,75.0,73.0,70.0,72.4,74.4
CK-102630,S055,2026-06-11,evening,A0294,app_volunteer,4.4,1,82.0,77.0,70.0,75.4,77.4
CK-102631,S055,2026-06-11,midday,A0330,app_volunteer,3.5,0,85.0,82.0,87.0,85.1,87.1
CK-102632,S067,2026-06-11,midday,A0371,app_volunteer,2.5,1,65.0,73.0,73.0,68.5,70.5
CK-102633,S078,2026-06-11,midday,A0251,app_volunteer,3.8,1,100.0,93.0,88.0,86.5,88.5
CK-102634,S083,2026-06-11,midday,A0108,app_volunteer,3.3,1,75.0,74.0,74.0,76.1,78.1
CK-102635,S083,2026-06-11,midday,A0312,app_volunteer,4.5,1,78.0,77.0,73.0,74.6,76.6
CK-102636,S085,2026-06-11,evening,A0110,app_volunteer,7.8,0,77.0,72.0,74.0,75.5,77.5
CK-102637,S090,2026-06-11,morning,A0137,app_volunteer,9.3,1,84.0,88.0,88.0,83.3,85.3
CK-102638,S100,2026-06-11,midday,A0325,app_volunteer,5.4,1,76.0,82.0,86.0,78.4,80.4
CK-102639,S101,2026-06-11,evening,A0284,app_volunteer,10.7,1,74.0,65.0,74.0,72.0,74.0
CK-102640,S105,2026-06-11,midday,A0280,app_volunteer,3.6,1,78.0,78.0,78.0,77.2,79.2
CK-102641,S107,2026-06-11,midday,A0051,app_volunteer,3.8,1,73.0,80.0,71.0,74.2,76.2
CK-102642,S108,2026-06-11,evening,A0151,app_volunteer,7.1,1,65.0,71.0,66.0,70.9,72.9
CK-102643,S110,2026-06-11,morning,A0237,app_volunteer,2.5,0,68.0,69.0,74.0,71.1,73.1
CK-102644,S111,2026-06-11,midday,A0335,app_volunteer,9.8,1,74.0,91.0,89.0,79.7,81.7
CK-102645,S004,2026-06-12,midday,A0340,app_volunteer,2.0,1,72.0,69.0,68.0,70.5,72.5
CK-102646,S005,2026-06-12,evening,A0109,app_volunteer,3.6,1,74.0,79.0,76.0,76.4,78.4
CK-102647,S025,2026-06-12,evening,A0232,app_volunteer,9.8,1,62.0,67.0,70.0,67.3,69.3
CK-102648,S030,2026-06-12,evening,A0167,app_volunteer,5.8,1,67.0,63.0,68.0,68.1,70.1
CK-102649,S033,2026-06-12,midday,A0278,app_volunteer,2.2,1,74.0,71.0,73.0,71.0,73.0
CK-102650,S038,2026-06-12,evening,A0184,app_volunteer,8.0,0,57.0,67.0,66.0,63.8,65.8
CK-102651,S055,2026-06-12,evening,A0180,app_volunteer,7.1,1,75.0,76.0,82.0,75.7,77.7
CK-102652,S059,2026-06-12,evening,A0161,app_volunteer,2.6,1,71.0,81.0,73.0,72.9,74.9
CK-102653,S060,2026-06-12,evening,A0167,app_volunteer,3.9,1,91.0,77.0,81.0,82.8,84.8
CK-102654,S060,2026-06-12,evening,A0189,app_volunteer,26.1,1,79.0,82.0,74.0,77.2,79.2
CK-102655,S065,2026-06-12,midday,A0316,app_volunteer,6.9,1,70.0,69.0,69.0,76.2,78.2
CK-102656,S067,2026-06-12,evening,A0121,app_volunteer,3.2,1,79.0,73.0,81.0,77.8,79.8
CK-102657,S074,2026-06-12,evening,A0322,app_volunteer,4.6,1,84.0,70.0,70.0,75.1,77.1
CK-102658,S088,2026-06-12,evening,A0247,app_volunteer,7.5,1,74.0,80.0,80.0,79.4,81.4
CK-102659,S100,2026-06-12,evening,A0331,app_volunteer,7.3,1,86.0,82.0,90.0,85.2,87.2
CK-102660,S102,2026-06-12,midday,A0050,app_volunteer,5.3,1,68.0,69.0,67.0,69.0,71.0
CK-102661,S004,2026-06-13,evening,A0355,app_volunteer,6.6,1,74.0,65.0,80.0,71.8,73.8
CK-102662,S005,2026-06-13,midday,A0032,app_volunteer,5.2,1,87.0,89.0,84.0,81.9,83.9
CK-102663,S005,2026-06-13,midday,A0004,app_volunteer,2.4,0,93.0,94.0,82.0,81.4,83.4
CK-102664,S008,2026-06-13,midday,A0395,app_volunteer,3.4,0,85.0,79.0,79.0,75.6,77.6
CK-102665,S010,2026-06-13,midday,A0288,app_volunteer,4.7,1,85.0,92.0,78.0,81.8,83.8
CK-102666,S010,2026-06-13,evening,A0250,app_volunteer,4.2,1,70.0,77.0,64.0,75.2,77.2
CK-102667,S013,2026-06-13,evening,A0276,app_volunteer,2.5,1,79.0,73.0,62.0,72.3,74.3
CK-102668,S015,2026-06-13,midday,A0377,app_volunteer,4.6,1,84.0,77.0,86.0,82.0,84.0
CK-102669,S024,2026-06-13,evening,A0160,app_volunteer,10.3,1,69.0,72.0,77.0,73.0,75.0
CK-102670,S025,2026-06-13,evening,A0131,app_volunteer,10.7,1,65.0,73.0,66.0,70.6,72.6
CK-102671,S029,2026-06-13,evening,A0373,app_volunteer,8.1,1,64.0,55.0,70.0,65.4,67.4
CK-102672,S036,2026-06-13,evening,A0260,app_volunteer,2.5,1,76.0,82.0,71.0,79.8,81.8
CK-102673,S050,2026-06-13,evening,A0271,app_volunteer,8.2,1,87.0,80.0,74.0,77.4,79.4
CK-102674,S061,2026-06-13,evening,A0322,app_volunteer,9.5,1,70.0,77.0,74.0,79.8,81.8
CK-102675,S065,2026-06-13,evening,A0105,app_volunteer,2.9,1,74.0,87.0,81.0,76.1,78.1
CK-102676,S070,2026-06-13,evening,A0366,app_volunteer,9.1,1,60.0,59.0,57.0,62.0,64.0
CK-102677,S075,2026-06-13,evening,A0054,app_volunteer,6.8,1,66.0,88.0,85.0,83.2,85.2
CK-102678,S094,2026-06-13,midday,A0124,app_volunteer,5.5,1,88.0,93.0,89.0,88.9,90.9
CK-102679,S110,2026-06-13,midday,A0216,app_volunteer,2.4,1,68.0,74.0,77.0,71.8,73.8
CK-102680,S007,2026-06-14,midday,A0344,app_volunteer,5.0,1,84.0,65.0,79.0,73.7,75.7
CK-102681,S015,2026-06-14,evening,A0149,app_volunteer,4.8,1,79.0,85.0,70.0,73.6,75.6
CK-102682,S016,2026-06-14,midday,A0269,app_volunteer,5.5,1,90.0,83.0,90.0,84.6,86.6
CK-102683,S019,2026-06-14,evening,A0217,app_volunteer,15.5,1,75.0,81.0,71.0,76.6,78.6
CK-102684,S020,2026-06-14,evening,A0282,app_volunteer,5.7,1,75.0,87.0,79.0,76.8,78.8
CK-102685,S020,2026-06-14,evening,A0317,app_volunteer,8.4,1,87.0,72.0,75.0,75.7,77.7
CK-102686,S020,2026-06-14,midday,A0013,app_volunteer,4.6,1,80.0,84.0,83.0,85.0,87.0
CK-102687,S029,2026-06-14,evening,A0061,app_volunteer,3.4,1,70.0,65.0,64.0,67.8,69.8
CK-102688,S030,2026-06-14,morning,A0163,app_volunteer,2.5,1,79.0,82.0,80.0,79.6,81.6
CK-102689,S040,2026-06-14,midday,A0103,app_volunteer,4.5,1,86.0,85.0,89.0,85.6,87.6
CK-102690,S041,2026-06-14,evening,A0038,app_volunteer,3.7,1,68.0,64.0,69.0,71.9,73.9
CK-102691,S041,2026-06-14,evening,A0203,app_volunteer,10.5,1,75.0,82.0,74.0,75.6,77.6
CK-102692,S046,2026-06-14,midday,A0107,app_volunteer,5.8,1,86.0,88.0,83.0,82.9,84.9
CK-102693,S050,2026-06-14,midday,A0103,app_volunteer,7.3,1,82.0,89.0,87.0,84.3,86.3
CK-102694,S051,2026-06-14,midday,A0224,app_volunteer,3.5,0,81.0,77.0,78.0,76.3,78.3
CK-102695,S065,2026-06-14,evening,A0208,app_volunteer,4.9,1,65.0,69.0,58.0,63.4,65.4
CK-102696,S073,2026-06-14,midday,A0280,app_volunteer,6.4,1,89.0,86.0,89.0,84.8,86.8
CK-102697,S075,2026-06-14,evening,A0325,app_volunteer,3.8,1,63.0,64.0,62.0,64.5,66.5
CK-102698,S075,2026-06-14,evening,A0088,app_volunteer,5.1,1,73.0,68.0,74.0,72.9,74.9
CK-102699,S080,2026-06-14,evening,A0020,app_volunteer,4.6,1,82.0,73.0,69.0,71.9,73.9
CK-102700,S080,2026-06-14,midday,A0282,app_volunteer,3.1,1,79.0,77.0,78.0,77.0,79.0
CK-102701,S095,2026-06-14,evening,A0312,app_volunteer,5.0,1,70.0,73.0,61.0,68.0,70.0
CK-102702,S112,2026-06-14,evening,A0369,app_volunteer,5.3,1,62.0,69.0,68.0,64.1,66.1
CK-102703,S002,2026-06-15,midday,A0286,app_volunteer,2.0,1,78.0,77.0,83.0,78.2,80.2
CK-102704,S012,2026-06-15,evening,A0158,app_volunteer,6.0,1,72.0,71.0,69.0,67.1,69.1
CK-102705,S023,2026-06-15,evening,A0398,app_volunteer,4.4,1,68.0,70.0,73.0,75.1,77.1
CK-102706,S025,2026-06-15,evening,A0166,app_volunteer,5.8,1,71.0,85.0,82.0,78.3,80.3
CK-102707,S025,2026-06-15,midday,A0381,app_volunteer,3.1,1,58.0,77.0,65.0,70.0,72.0
CK-102708,S029,2026-06-15,evening,A0049,app_volunteer,5.5,1,63.0,65.0,68.0,65.1,67.1
CK-102709,S029,2026-06-15,evening,A0044,app_volunteer,15.5,1,76.0,71.0,66.0,70.7,72.7
CK-102710,S030,2026-06-15,midday,A0378,app_volunteer,2.0,1,87.0,81.0,89.0,83.7,85.7
CK-102711,S031,2026-06-15,midday,A0365,app_volunteer,6.1,1,76.0,68.0,69.0,71.4,73.4
CK-102712,S032,2026-06-15,midday,A0214,app_volunteer,2.4,1,69.0,67.0,78.0,77.2,79.2
CK-102713,S040,2026-06-15,evening,A0033,app_volunteer,9.4,1,78.0,76.0,88.0,83.4,85.4
CK-102714,S043,2026-06-15,midday,A0070,app_volunteer,3.3,1,94.0,85.0,93.0,85.9,87.9
CK-102715,S049,2026-06-15,evening,A0114,app_volunteer,3.7,1,57.0,58.0,59.0,59.3,61.3
CK-102716,S050,2026-06-15,midday,A0362,app_volunteer,2.9,1,81.0,89.0,84.0,83.5,85.5
CK-102717,S057,2026-06-15,evening,A0064,app_volunteer,4.1,1,60.0,58.0,56.0,60.0,62.0
CK-102718,S061,2026-06-15,evening,A0293,app_volunteer,10.5,1,73.0,76.0,73.0,72.4,74.4
CK-102719,S061,2026-06-15,morning,A0385,app_volunteer,12.0,1,72.0,86.0,80.0,85.5,87.5
CK-102720,S065,2026-06-15,midday,A0222,app_volunteer,2.4,1,74.0,82.0,83.0,77.8,79.8
CK-102721,S074,2026-06-15,midday,A0299,app_volunteer,5.0,1,73.0,75.0,68.0,73.2,75.2
CK-102722,S079,2026-06-15,evening,A0271,app_volunteer,5.1,1,70.0,67.0,77.0,69.9,71.9
CK-102723,S085,2026-06-15,morning,A0041,app_volunteer,2.0,1,84.0,83.0,90.0,88.6,90.6
CK-102724,S089,2026-06-15,evening,A0062,app_volunteer,3.1,1,59.0,54.0,57.0,57.8,59.8
CK-102725,S095,2026-06-15,morning,A0297,app_volunteer,3.4,0,70.0,64.0,78.0,72.8,74.8
CK-102726,S100,2026-06-15,evening,A0032,app_volunteer,3.7,1,78.0,85.0,84.0,85.2,87.2
CK-102727,S106,2026-06-15,evening,A0259,app_volunteer,7.1,1,79.0,88.0,84.0,81.6,83.6
CK-102728,S005,2026-06-16,midday,A0122,app_volunteer,2.2,1,92.0,84.0,77.0,79.1,81.1
CK-102729,S005,2026-06-16,evening,A0267,app_volunteer,4.2,1,69.0,86.0,83.0,81.1,83.1
CK-102730,S017,2026-06-16,midday,A0109,app_volunteer,1.0,1,86.0,89.0,78.0,84.1,86.1
CK-102731,S019,2026-06-16,morning,A0294,app_volunteer,2.6,1,72.0,73.0,66.0,68.1,70.1
CK-102732,S023,2026-06-16,evening,A0080,app_volunteer,7.7,1,74.0,86.0,79.0,81.1,83.1
CK-102733,S031,2026-06-16,evening,A0395,app_volunteer,6.3,1,71.0,71.0,68.0,67.7,69.7
CK-102734,S037,2026-06-16,evening,A0348,app_volunteer,5.4,1,61.0,64.0,65.0,65.2,67.2
CK-102735,S042,2026-06-16,evening,A0211,app_volunteer,7.1,1,76.0,72.0,71.0,72.1,74.1
CK-102736,S053,2026-06-16,midday,A0372,app_volunteer,4.3,1,63.0,66.0,63.0,63.3,65.3
CK-102737,S061,2026-06-16,evening,A0056,app_volunteer,3.2,0,73.0,70.0,71.0,76.4,78.4
CK-102738,S065,2026-06-16,evening,A0117,app_volunteer,2.6,1,77.0,79.0,71.0,77.0,79.0
CK-102739,S067,2026-06-16,evening,A0264,app_volunteer,12.8,1,70.0,79.0,67.0,74.0,76.0
CK-102740,S070,2026-06-16,midday,A0336,app_volunteer,7.4,1,75.0,67.0,64.0,69.2,71.2
CK-102741,S083,2026-06-16,evening,A0320,app_volunteer,5.7,1,76.0,85.0,73.0,76.4,78.4
CK-102742,S085,2026-06-16,morning,A0242,app_volunteer,3.8,1,75.0,87.0,84.0,81.6,83.6
CK-102743,S086,2026-06-16,midday,A0090,app_volunteer,3.3,1,78.0,86.0,70.0,75.5,77.5
CK-102744,S090,2026-06-16,evening,A0152,app_volunteer,5.4,1,65.0,67.0,73.0,71.6,73.6
CK-102745,S090,2026-06-16,midday,A0054,app_volunteer,1.5,1,82.0,78.0,84.0,81.6,83.6
CK-102746,S093,2026-06-16,evening,A0112,app_volunteer,3.3,1,81.0,70.0,78.0,77.0,79.0
CK-102747,S095,2026-06-16,midday,A0400,app_volunteer,5.0,1,87.0,72.0,72.0,78.2,80.2
CK-102748,S100,2026-06-16,midday,A0297,app_volunteer,7.5,1,80.0,75.0,74.0,72.3,74.3
CK-102749,S109,2026-06-16,morning,A0050,app_volunteer,4.3,1,68.0,82.0,77.0,75.5,77.5
CK-102750,S113,2026-06-16,evening,A0049,app_volunteer,8.0,1,61.0,72.0,70.0,66.0,68.0
CK-102751,S007,2026-06-17,morning,A0027,app_volunteer,4.9,1,82.0,85.0,88.0,82.3,84.3
CK-102752,S010,2026-06-17,midday,A0355,app_volunteer,3.0,1,70.0,87.0,91.0,90.8,92.8
CK-102753,S012,2026-06-17,evening,A0276,app_volunteer,7.6,1,68.0,68.0,65.0,65.6,67.6
CK-102754,S017,2026-06-17,evening,A0060,app_volunteer,9.3,1,68.0,70.0,67.0,70.0,72.0
CK-102755,S028,2026-06-17,evening,A0211,app_volunteer,6.0,1,83.0,84.0,75.0,78.1,80.1
CK-102756,S031,2026-06-17,evening,A0170,app_volunteer,7.5,1,87.0,80.0,85.0,84.4,86.4
CK-102757,S035,2026-06-17,evening,A0094,app_volunteer,2.9,1,68.0,70.0,68.0,69.2,71.2
CK-102758,S047,2026-06-17,midday,A0167,app_volunteer,2.5,1,76.0,73.0,66.0,68.4,70.4
CK-102759,S056,2026-06-17,evening,A0010,app_volunteer,9.5,1,73.0,76.0,75.0,76.3,78.3
CK-102760,S058,2026-06-17,evening,A0040,app_volunteer,4.1,1,55.0,68.0,68.0,62.7,64.7
CK-102761,S059,2026-06-17,evening,A0146,app_volunteer,5.8,1,88.0,83.0,83.0,79.7,81.7
CK-102762,S068,2026-06-17,evening,A0242,app_volunteer,11.0,1,73.0,66.0,72.0,73.7,75.7
CK-102763,S071,2026-06-17,evening,A0282,app_volunteer,5.9,1,70.0,64.0,72.0,71.1,73.1
CK-102764,S080,2026-06-17,midday,A0267,app_volunteer,7.0,0,81.0,77.0,76.0,86.6,88.6
CK-102765,S080,2026-06-17,evening,A0294,app_volunteer,8.3,1,72.0,56.0,62.0,64.3,66.3
CK-102766,S082,2026-06-17,midday,A0191,app_volunteer,6.9,1,73.0,69.0,79.0,78.3,80.3
CK-102767,S083,2026-06-17,evening,A0250,app_volunteer,3.5,1,77.0,74.0,78.0,72.7,74.7
CK-102768,S083,2026-06-17,morning,A0032,app_volunteer,5.8,1,68.0,65.0,69.0,68.2,70.2
CK-102769,S090,2026-06-17,evening,A0158,app_volunteer,7.2,1,71.0,61.0,70.0,62.4,64.4
CK-102770,S092,2026-06-17,midday,A0171,app_volunteer,7.1,1,79.0,92.0,80.0,85.4,87.4
CK-102771,S100,2026-06-17,midday,A0318,app_volunteer,3.5,1,80.0,78.0,74.0,77.4,79.4
CK-102772,S116,2026-06-17,midday,A0316,app_volunteer,2.5,1,78.0,78.0,76.0,80.0,82.0
CK-102773,S117,2026-06-17,evening,A0329,app_volunteer,2.9,1,72.0,82.0,72.0,74.3,76.3
CK-102774,S005,2026-06-18,evening,A0361,app_volunteer,6.7,1,61.0,64.0,72.0,68.4,70.4
CK-102775,S029,2026-06-18,evening,A0365,app_volunteer,4.9,1,81.0,70.0,77.0,78.2,80.2
CK-102776,S030,2026-06-18,midday,A0089,app_volunteer,5.7,1,91.0,83.0,83.0,85.3,87.3
CK-102777,S031,2026-06-18,morning,A0181,app_volunteer,4.5,1,78.0,83.0,75.0,74.8,76.8
CK-102778,S042,2026-06-18,midday,A0187,app_volunteer,2.5,1,61.0,70.0,63.0,66.8,68.8
CK-102779,S045,2026-06-18,midday,A0230,app_volunteer,3.8,0,56.0,68.0,67.0,63.3,65.3
CK-102780,S061,2026-06-18,evening,A0255,app_volunteer,10.6,1,77.0,84.0,84.0,84.4,86.4
CK-102781,S069,2026-06-18,evening,A0351,app_volunteer,11.8,1,76.0,68.0,75.0,73.4,75.4
CK-102782,S071,2026-06-18,midday,A0275,app_volunteer,4.7,1,77.0,74.0,64.0,73.4,75.4
CK-102783,S077,2026-06-18,midday,A0325,app_volunteer,2.3,1,83.0,83.0,84.0,83.7,85.7
CK-102784,S083,2026-06-18,morning,A0305,app_volunteer,4.6,0,79.0,81.0,69.0,76.6,78.6
CK-102785,S093,2026-06-18,morning,A0355,app_volunteer,4.6,1,72.0,78.0,75.0,75.5,77.5
CK-102786,S095,2026-06-18,evening,A0131,app_volunteer,4.1,0,78.0,81.0,75.0,78.8,80.8
CK-102787,S005,2026-06-19,evening,A0333,app_volunteer,3.4,1,81.0,83.0,77.0,82.3,84.3
CK-102788,S010,2026-06-19,morning,A0329,app_volunteer,3.4,1,62.0,63.0,62.0,62.2,64.2
CK-102789,S010,2026-06-19,midday,A0053,app_volunteer,2.4,1,68.0,66.0,70.0,69.8,71.8
CK-102790,S016,2026-06-19,midday,A0318,app_volunteer,5.2,1,73.0,69.0,76.0,77.3,79.3
CK-102791,S024,2026-06-19,morning,A0008,app_volunteer,7.6,1,73.0,61.0,68.0,68.9,70.9
CK-102792,S029,2026-06-19,evening,A0334,app_volunteer,5.7,1,86.0,95.0,83.0,84.8,86.8
CK-102793,S030,2026-06-19,evening,A0208,app_volunteer,6.8,1,94.0,87.0,83.0,83.4,85.4
CK-102794,S042,2026-06-19,evening,A0030,app_volunteer,4.9,1,70.0,77.0,77.0,75.0,77.0
CK-102795,S043,2026-06-19,evening,A0082,app_volunteer,16.6,1,63.0,65.0,65.0,66.4,68.4
CK-102796,S050,2026-06-19,evening,A0328,app_volunteer,5.8,1,79.0,76.0,78.0,73.3,75.3
CK-102797,S056,2026-06-19,evening,A0225,app_volunteer,4.5,1,71.0,58.0,70.0,69.4,71.4
CK-102798,S060,2026-06-19,midday,A0119,app_volunteer,4.3,1,70.0,72.0,72.0,74.5,76.5
CK-102799,S061,2026-06-19,midday,A0029,app_volunteer,5.5,1,79.0,73.0,85.0,78.1,80.1
CK-102800,S062,2026-06-19,midday,A0171,app_volunteer,16.5,1,85.0,75.0,76.0,80.5,82.5
CK-102801,S062,2026-06-19,morning,A0054,app_volunteer,14.7,1,80.0,79.0,75.0,77.9,79.9
CK-102802,S065,2026-06-19,evening,A0106,app_volunteer,3.6,1,81.0,78.0,77.0,76.3,78.3
CK-102803,S067,2026-06-19,evening,A0044,app_volunteer,5.9,1,77.0,71.0,65.0,72.0,74.0
CK-102804,S070,2026-06-19,evening,A0090,app_volunteer,4.0,1,74.0,86.0,73.0,73.5,75.5
CK-102805,S070,2026-06-19,evening,A0102,app_volunteer,4.2,1,63.0,59.0,70.0,62.6,64.6
CK-102806,S075,2026-06-19,evening,A0309,app_volunteer,7.9,1,86.0,83.0,77.0,78.4,80.4
CK-102807,S075,2026-06-19,evening,A0134,app_volunteer,3.7,1,77.0,70.0,73.0,73.9,75.9
CK-102808,S078,2026-06-19,midday,A0235,app_volunteer,3.5,1,82.0,78.0,82.0,80.6,82.6
CK-102809,S083,2026-06-19,midday,A0064,app_volunteer,3.9,1,72.0,73.0,80.0,77.9,79.9
CK-102810,S090,2026-06-19,evening,A0194,app_volunteer,4.4,1,67.0,80.0,73.0,75.5,77.5
CK-102811,S093,2026-06-19,evening,A0376,app_volunteer,5.9,1,74.0,80.0,82.0,76.6,78.6
CK-102812,S096,2026-06-19,midday,A0272,app_volunteer,5.0,1,63.0,67.0,77.0,71.9,73.9
CK-102813,S004,2026-06-20,evening,A0344,app_volunteer,4.1,1,53.0,54.0,53.0,54.1,56.1
CK-102814,S010,2026-06-20,evening,A0147,app_volunteer,3.9,1,68.0,72.0,70.0,71.1,73.1
CK-102815,S014,2026-06-20,evening,A0199,app_volunteer,4.8,1,70.0,79.0,72.0,76.5,78.5
CK-102816,S017,2026-06-20,evening,A0292,app_volunteer,11.3,1,84.0,82.0,85.0,84.3,86.3
CK-102817,S017,2026-06-20,midday,A0087,app_volunteer,7.4,1,79.0,78.0,77.0,74.4,76.4
CK-102818,S028,2026-06-20,midday,A0044,app_volunteer,3.7,0,69.0,69.0,69.0,72.6,74.6
CK-102819,S029,2026-06-20,morning,A0246,app_volunteer,4.4,1,93.0,77.0,86.0,86.3,88.3
CK-102820,S034,2026-06-20,evening,A0192,app_volunteer,5.3,1,71.0,75.0,72.0,69.1,71.1
CK-102821,S042,2026-06-20,midday,A0060,app_volunteer,2.8,1,69.0,72.0,71.0,75.5,77.5
CK-102822,S043,2026-06-20,evening,A0263,app_volunteer,2.8,1,83.0,65.0,68.0,72.4,74.4
CK-102823,S044,2026-06-20,evening,A0376,app_volunteer,8.3,1,65.0,68.0,68.0,66.9,68.9
CK-102824,S054,2026-06-20,evening,A0106,app_volunteer,3.5,1,69.0,77.0,74.0,69.1,71.1
CK-102825,S055,2026-06-20,evening,A0394,app_volunteer,6.3,1,68.0,61.0,66.0,68.1,70.1
CK-102826,S056,2026-06-20,midday,A0031,app_volunteer,8.7,1,64.0,69.0,59.0,61.3,63.3
CK-102827,S059,2026-06-20,midday,A0177,app_volunteer,6.2,1,78.0,76.0,75.0,77.0,79.0
CK-102828,S074,2026-06-20,morning,A0031,app_volunteer,1.8,1,83.0,77.0,79.0,81.2,83.2
CK-102829,S083,2026-06-20,morning,A0134,app_volunteer,4.7,1,80.0,78.0,71.0,75.5,77.5
CK-102830,S085,2026-06-20,evening,A0246,app_volunteer,5.0,1,79.0,67.0,71.0,71.9,73.9
CK-102831,S091,2026-06-20,evening,A0045,app_volunteer,4.3,0,71.0,78.0,77.0,74.3,76.3
CK-102832,S093,2026-06-20,evening,A0026,app_volunteer,6.2,1,82.0,73.0,77.0,77.8,79.8
CK-102833,S094,2026-06-20,evening,A0046,app_volunteer,3.7,1,79.0,79.0,97.0,82.1,84.1
CK-102834,S104,2026-06-20,evening,A0236,app_volunteer,6.6,1,72.0,75.0,70.0,69.5,71.5
CK-102835,S107,2026-06-20,evening,A0129,app_volunteer,6.0,1,67.0,71.0,71.0,70.9,72.9
CK-102836,S115,2026-06-20,evening,A0224,app_volunteer,8.8,1,70.0,71.0,71.0,72.3,74.3
CK-102837,S017,2026-06-21,evening,A0354,app_volunteer,4.5,0,72.0,74.0,69.0,76.9,78.9
CK-102838,S017,2026-06-21,evening,A0302,app_volunteer,13.7,1,85.0,82.0,79.0,80.8,82.8
CK-102839,S020,2026-06-21,evening,A0092,app_volunteer,4.0,1,78.0,64.0,62.0,66.3,68.3
CK-102840,S042,2026-06-21,evening,A0393,app_volunteer,8.3,1,81.0,81.0,89.0,83.8,85.8
CK-102841,S046,2026-06-21,evening,A0185,app_volunteer,2.7,1,74.0,78.0,73.0,74.5,76.5
CK-102842,S070,2026-06-21,midday,A0141,app_volunteer,5.7,1,80.0,66.0,74.0,79.2,81.2
CK-102843,S075,2026-06-21,evening,A0118,app_volunteer,2.9,1,78.0,76.0,79.0,74.9,76.9
CK-102844,S078,2026-06-21,evening,A0022,app_volunteer,3.0,1,61.0,70.0,67.0,66.7,68.7
CK-102845,S080,2026-06-21,evening,A0023,app_volunteer,4.6,1,81.0,82.0,81.0,83.4,85.4
CK-102846,S090,2026-06-21,evening,A0112,app_volunteer,13.8,1,74.0,75.0,69.0,73.4,75.4
CK-102847,S095,2026-06-21,morning,A0265,app_volunteer,3.0,1,83.0,81.0,73.0,79.4,81.4
CK-102848,S099,2026-06-21,evening,A0261,app_volunteer,4.6,1,90.0,84.0,84.0,87.8,89.8
CK-102849,S119,2026-06-21,evening,A0392,app_volunteer,10.6,1,90.0,77.0,84.0,79.9,81.9
CK-102850,S001,2026-06-22,midday,A0298,app_volunteer,6.5,1,81.0,73.0,71.0,73.9,75.9
CK-102851,S005,2026-06-22,midday,A0057,app_volunteer,4.0,1,61.0,72.0,64.0,69.0,71.0
CK-102852,S005,2026-06-22,evening,A0339,app_volunteer,3.8,1,80.0,64.0,68.0,73.5,75.5
CK-102853,S005,2026-06-22,midday,A0226,app_volunteer,1.7,1,78.0,84.0,87.0,82.4,84.4
CK-102854,S017,2026-06-22,midday,A0014,app_volunteer,2.4,1,67.0,57.0,63.0,63.1,65.1
CK-102855,S019,2026-06-22,evening,A0346,app_volunteer,22.9,1,86.0,92.0,82.0,86.6,88.6
CK-102856,S020,2026-06-22,evening,A0227,app_volunteer,7.4,1,64.0,67.0,71.0,72.3,74.3
CK-102857,S020,2026-06-22,evening,A0321,app_volunteer,6.7,1,69.0,62.0,69.0,70.8,72.8
CK-102858,S025,2026-06-22,midday,A0120,app_volunteer,4.6,1,79.0,75.0,78.0,79.6,81.6
CK-102859,S027,2026-06-22,evening,A0014,app_volunteer,8.6,1,71.0,68.0,69.0,66.3,68.3
CK-102860,S032,2026-06-22,morning,A0270,app_volunteer,3.0,1,86.0,71.0,70.0,74.8,76.8
CK-102861,S048,2026-06-22,evening,A0129,app_volunteer,3.2,1,64.0,66.0,69.0,70.2,72.2
CK-102862,S060,2026-06-22,evening,A0046,app_volunteer,4.5,1,84.0,74.0,74.0,78.1,80.1
CK-102863,S064,2026-06-22,evening,A0219,app_volunteer,5.8,1,75.0,78.0,77.0,78.3,80.3
CK-102864,S065,2026-06-22,evening,A0091,app_volunteer,7.3,1,65.0,68.0,58.0,63.5,65.5
CK-102865,S085,2026-06-22,midday,A0342,app_volunteer,3.0,1,67.0,65.0,65.0,66.4,68.4
CK-102866,S086,2026-06-22,midday,A0232,app_volunteer,5.2,1,76.0,75.0,80.0,77.4,79.4
CK-102867,S093,2026-06-22,midday,A0166,app_volunteer,7.4,1,82.0,76.0,72.0,75.5,77.5
CK-102868,S095,2026-06-22,midday,A0197,app_volunteer,2.9,1,89.0,91.0,76.0,80.9,82.9
CK-102869,S100,2026-06-22,evening,A0064,app_volunteer,4.7,1,65.0,69.0,79.0,76.2,78.2
CK-102870,S101,2026-06-22,midday,A0230,app_volunteer,3.1,1,85.0,77.0,82.0,84.2,86.2
CK-102871,S104,2026-06-22,evening,A0364,app_volunteer,6.4,1,69.0,59.0,75.0,70.6,72.6
CK-102872,S007,2026-06-23,evening,A0075,app_volunteer,7.9,1,79.0,72.0,74.0,73.5,75.5
CK-102873,S010,2026-06-23,midday,A0341,app_volunteer,4.7,1,77.0,82.0,74.0,77.3,79.3
CK-102874,S010,2026-06-23,midday,A0027,app_volunteer,4.5,1,85.0,85.0,89.0,87.0,89.0
CK-102875,S012,2026-06-23,midday,A0265,app_volunteer,5.1,1,68.0,79.0,72.0,72.1,74.1
CK-102876,S015,2026-06-23,evening,A0371,app_volunteer,4.9,1,78.0,80.0,76.0,77.9,79.9
CK-102877,S015,2026-06-23,evening,A0360,app_volunteer,3.7,0,73.0,79.0,74.0,75.0,77.0
CK-102878,S020,2026-06-23,midday,A0055,app_volunteer,3.1,1,71.0,68.0,72.0,68.7,70.7
CK-102879,S020,2026-06-23,midday,A0140,app_volunteer,3.2,1,67.0,80.0,72.0,69.7,71.7
CK-102880,S024,2026-06-23,evening,A0334,app_volunteer,4.4,1,72.0,60.0,69.0,61.9,63.9
CK-102881,S030,2026-06-23,evening,A0335,app_volunteer,4.9,1,75.0,79.0,68.0,78.5,80.5
CK-102882,S030,2026-06-23,morning,A0176,app_volunteer,2.1,1,75.0,76.0,72.0,77.0,79.0
CK-102883,S038,2026-06-23,midday,A0085,app_volunteer,7.1,1,90.0,86.0,84.0,79.1,81.1
CK-102884,S041,2026-06-23,evening,A0075,app_volunteer,10.8,0,66.0,72.0,71.0,70.0,72.0
CK-102885,S055,2026-06-23,morning,A0008,app_volunteer,5.8,1,68.0,76.0,71.0,73.1,75.1
CK-102886,S060,2026-06-23,midday,A0116,app_volunteer,3.2,1,71.0,60.0,71.0,70.4,72.4
CK-102887,S066,2026-06-23,midday,A0183,app_volunteer,8.3,0,77.0,85.0,82.0,80.2,82.2
CK-102888,S072,2026-06-23,midday,A0307,app_volunteer,3.8,1,67.0,72.0,68.0,66.5,68.5
CK-102889,S075,2026-06-23,midday,A0337,app_volunteer,3.3,1,67.0,63.0,66.0,68.2,70.2
CK-102890,S078,2026-06-23,midday,A0002,app_volunteer,10.8,1,78.0,78.0,75.0,78.0,80.0
CK-102891,S079,2026-06-23,evening,A0219,app_volunteer,10.2,1,70.0,69.0,68.0,69.5,71.5
CK-102892,S080,2026-06-23,evening,A0368,app_volunteer,4.4,1,82.0,86.0,84.0,78.2,80.2
CK-102893,S095,2026-06-23,evening,A0394,app_volunteer,8.4,1,84.0,78.0,81.0,80.9,82.9
CK-102894,S100,2026-06-23,midday,A0280,app_volunteer,5.4,1,62.0,69.0,83.0,73.5,75.5
CK-102895,S108,2026-06-23,midday,A0113,app_volunteer,5.3,1,73.0,67.0,69.0,72.5,74.5
CK-102896,S110,2026-06-23,morning,A0377,app_volunteer,4.6,1,70.0,71.0,81.0,75.9,77.9
CK-102897,S007,2026-06-24,midday,A0067,app_volunteer,7.3,1,75.0,73.0,73.0,72.1,74.1
CK-102898,S008,2026-06-24,midday,A0092,app_volunteer,4.3,0,67.0,59.0,68.0,68.8,70.8
CK-102899,S013,2026-06-24,midday,A0156,app_volunteer,1.8,1,77.0,73.0,77.0,76.8,78.8
CK-102900,S016,2026-06-24,morning,A0010,app_volunteer,3.9,0,77.0,73.0,79.0,76.1,78.1
CK-102901,S025,2026-06-24,evening,A0326,app_volunteer,5.4,1,76.0,78.0,71.0,70.6,72.6
CK-102902,S029,2026-06-24,midday,A0071,app_volunteer,3.3,1,70.0,63.0,71.0,67.5,69.5
CK-102903,S030,2026-06-24,evening,A0394,app_volunteer,3.9,1,83.0,86.0,89.0,91.1,93.1
CK-102904,S030,2026-06-24,midday,A0227,app_volunteer,6.9,1,77.0,82.0,82.0,78.9,80.9
CK-102905,S032,2026-06-24,midday,A0329,app_volunteer,7.7,1,77.0,71.0,74.0,71.1,73.1
CK-102906,S060,2026-06-24,evening,A0099,app_volunteer,4.9,1,70.0,64.0,79.0,69.5,71.5
CK-102907,S061,2026-06-24,evening,A0028,app_volunteer,11.0,1,69.0,69.0,70.0,68.2,70.2
CK-102908,S063,2026-06-24,evening,A0004,app_volunteer,4.1,1,53.0,53.0,61.0,59.9,61.9
CK-102909,S065,2026-06-24,midday,A0129,app_volunteer,2.6,1,81.0,78.0,76.0,78.1,80.1
CK-102910,S067,2026-06-24,evening,A0359,app_volunteer,9.7,1,89.0,92.0,87.0,86.0,88.0
CK-102911,S080,2026-06-24,midday,A0278,app_volunteer,7.6,1,61.0,72.0,64.0,66.8,68.8
CK-102912,S083,2026-06-24,midday,A0294,app_volunteer,4.1,0,77.0,79.0,79.0,78.0,80.0
CK-102913,S090,2026-06-24,midday,A0283,app_volunteer,3.9,1,93.0,95.0,96.0,88.9,90.9
CK-102914,S096,2026-06-24,evening,A0316,app_volunteer,6.1,0,80.0,70.0,82.0,79.4,81.4
CK-102915,S100,2026-06-24,evening,A0145,app_volunteer,18.6,1,63.0,63.0,65.0,68.3,70.3
CK-102916,S106,2026-06-24,evening,A0218,app_volunteer,7.1,1,77.0,71.0,69.0,71.7,73.7
CK-102917,S110,2026-06-24,midday,A0294,app_volunteer,4.9,1,83.0,70.0,74.0,75.5,77.5
CK-102918,S110,2026-06-24,evening,A0154,app_volunteer,6.5,1,86.0,80.0,78.0,77.1,79.1
CK-102919,S008,2026-06-25,evening,A0298,app_volunteer,9.9,1,60.0,75.0,66.0,68.5,70.5
CK-102920,S010,2026-06-25,morning,A0390,app_volunteer,1.7,1,76.0,76.0,70.0,70.1,72.1
CK-102921,S015,2026-06-25,midday,A0132,app_volunteer,3.8,1,81.0,83.0,76.0,79.4,81.4
CK-102922,S019,2026-06-25,evening,A0105,app_volunteer,4.8,1,75.0,73.0,73.0,71.5,73.5
CK-102923,S061,2026-06-25,evening,A0182,app_volunteer,4.4,1,83.0,81.0,76.0,79.8,81.8
CK-102924,S063,2026-06-25,evening,A0149,app_volunteer,6.4,1,73.0,75.0,77.0,74.8,76.8
CK-102925,S067,2026-06-25,midday,A0007,app_volunteer,2.8,1,83.0,72.0,88.0,78.0,80.0
CK-102926,S075,2026-06-25,midday,A0096,app_volunteer,9.2,1,74.0,72.0,74.0,71.1,73.1
CK-102927,S075,2026-06-25,morning,A0059,app_volunteer,2.0,0,94.0,94.0,96.0,93.0,95.0
CK-102928,S083,2026-06-25,midday,A0005,app_volunteer,2.0,0,64.0,76.0,65.0,67.6,69.6
CK-102929,S085,2026-06-25,midday,A0375,app_volunteer,4.9,1,90.0,87.0,83.0,85.3,87.3
CK-102930,S085,2026-06-25,evening,A0204,app_volunteer,4.6,1,79.0,80.0,73.0,75.0,77.0
CK-102931,S088,2026-06-25,evening,A0050,app_volunteer,13.0,1,85.0,89.0,80.0,82.7,84.7
CK-102932,S088,2026-06-25,evening,A0291,app_volunteer,6.2,1,68.0,67.0,78.0,70.4,72.4
CK-102933,S100,2026-06-25,evening,A0291,app_volunteer,5.7,0,71.0,72.0,72.0,78.4,80.4
CK-102934,S110,2026-06-25,evening,A0039,app_volunteer,6.6,0,89.0,72.0,73.0,77.4,79.4
CK-102935,S010,2026-06-26,evening,A0243,app_volunteer,2.8,1,73.0,67.0,60.0,69.6,71.6
CK-102936,S010,2026-06-26,evening,A0038,app_volunteer,6.9,1,65.0,74.0,70.0,68.1,70.1
CK-102937,S028,2026-06-26,evening,A0129,app_volunteer,5.7,1,63.0,58.0,65.0,63.0,65.0
CK-102938,S030,2026-06-26,midday,A0219,app_volunteer,2.0,1,79.0,92.0,88.0,84.9,86.9
CK-102939,S037,2026-06-26,evening,A0038,app_volunteer,6.3,1,59.0,70.0,64.0,63.7,65.7
CK-102940,S040,2026-06-26,midday,A0221,app_volunteer,4.1,1,82.0,74.0,71.0,75.1,77.1
CK-102941,S049,2026-06-26,midday,A0219,app_volunteer,7.7,1,91.0,89.0,87.0,84.5,86.5
CK-102942,S060,2026-06-26,evening,A0287,app_volunteer,3.5,1,71.0,68.0,74.0,72.8,74.8
CK-102943,S068,2026-06-26,evening,A0109,app_volunteer,7.8,1,75.0,73.0,70.0,74.4,76.4
CK-102944,S070,2026-06-26,evening,A0224,app_volunteer,9.9,1,83.0,84.0,80.0,77.2,79.2
CK-102945,S070,2026-06-26,midday,A0259,app_volunteer,4.0,1,94.0,78.0,86.0,86.7,88.7
CK-102946,S080,2026-06-26,midday,A0099,app_volunteer,7.3,1,90.0,84.0,81.0,86.1,88.1
CK-102947,S080,2026-06-26,midday,A0297,app_volunteer,5.1,1,81.0,83.0,79.0,79.8,81.8
CK-102948,S085,2026-06-26,evening,A0332,app_volunteer,5.6,1,70.0,80.0,71.0,73.0,75.0
CK-102949,S085,2026-06-26,midday,A0150,app_volunteer,4.0,1,79.0,81.0,83.0,84.3,86.3
CK-102950,S087,2026-06-26,evening,A0008,app_volunteer,5.2,1,79.0,80.0,78.0,80.6,82.6
CK-102951,S092,2026-06-26,evening,A0203,app_volunteer,6.9,1,83.0,76.0,79.0,78.6,80.6
CK-102952,S104,2026-06-26,midday,A0093,app_volunteer,4.2,1,79.0,81.0,86.0,81.9,83.9
CK-102953,S105,2026-06-26,evening,A0325,app_volunteer,6.2,1,68.0,69.0,62.0,63.3,65.3
CK-102954,S113,2026-06-26,evening,A0118,app_volunteer,4.8,1,61.0,71.0,75.0,72.3,74.3
CK-102955,S120,2026-06-26,midday,A0383,app_volunteer,2.4,1,72.0,72.0,66.0,70.8,72.8
CK-102956,S001,2026-06-27,evening,A0254,app_volunteer,4.2,1,84.0,76.0,81.0,80.2,82.2
CK-102957,S020,2026-06-27,midday,A0151,app_volunteer,3.6,1,72.0,73.0,81.0,81.2,83.2
CK-102958,S029,2026-06-27,morning,A0123,app_volunteer,6.2,1,72.0,64.0,69.0,66.9,68.9
CK-102959,S035,2026-06-27,evening,A0112,app_volunteer,11.0,1,75.0,87.0,85.0,77.1,79.1
CK-102960,S039,2026-06-27,evening,A0227,app_volunteer,4.7,1,78.0,78.0,90.0,82.3,84.3
CK-102961,S044,2026-06-27,evening,A0370,app_volunteer,11.5,1,71.0,59.0,59.0,60.0,62.0
CK-102962,S048,2026-06-27,midday,A0037,app_volunteer,4.4,1,68.0,80.0,77.0,76.1,78.1
CK-102963,S055,2026-06-27,evening,A0008,app_volunteer,2.7,1,71.0,78.0,80.0,74.5,76.5
CK-102964,S061,2026-06-27,evening,A0387,app_volunteer,7.7,1,78.0,71.0,69.0,73.6,75.6
CK-102965,S071,2026-06-27,midday,A0294,app_volunteer,2.4,1,64.0,72.0,69.0,66.6,68.6
CK-102966,S073,2026-06-27,evening,A0260,app_volunteer,6.4,1,65.0,60.0,56.0,55.5,57.5
CK-102967,S078,2026-06-27,evening,A0327,app_volunteer,5.8,1,79.0,83.0,71.0,76.1,78.1
CK-102968,S086,2026-06-27,midday,A0179,app_volunteer,2.7,1,63.0,76.0,69.0,70.0,72.0
CK-102969,S091,2026-06-27,evening,A0073,app_volunteer,5.0,1,88.0,78.0,82.0,84.6,86.6
CK-102970,S006,2026-06-28,evening,A0020,app_volunteer,7.1,0,50.0,59.0,55.0,54.1,56.1
CK-102971,S017,2026-06-28,evening,A0019,app_volunteer,4.6,1,63.0,64.0,69.0,68.8,70.8
CK-102972,S019,2026-06-28,midday,A0262,app_volunteer,2.9,1,71.0,81.0,80.0,74.7,76.7
CK-102973,S020,2026-06-28,evening,A0215,app_volunteer,4.0,1,82.0,67.0,75.0,73.2,75.2
CK-102974,S035,2026-06-28,midday,A0287,app_volunteer,4.1,1,88.0,83.0,89.0,89.0,91.0
CK-102975,S051,2026-06-28,morning,A0111,app_volunteer,7.7,1,66.0,67.0,68.0,69.3,71.3
CK-102976,S055,2026-06-28,midday,A0145,app_volunteer,1.8,1,77.0,78.0,81.0,75.7,77.7
CK-102977,S061,2026-06-28,midday,A0300,app_volunteer,1.5,1,92.0,85.0,99.0,86.8,88.8
CK-102978,S061,2026-06-28,midday,A0230,app_volunteer,3.5,1,96.0,100.0,88.0,95.0,97.0
CK-102979,S065,2026-06-28,evening,A0201,app_volunteer,8.3,1,72.0,86.0,75.0,77.1,79.1
CK-102980,S075,2026-06-28,evening,A0086,app_volunteer,6.0,0,85.0,89.0,83.0,84.1,86.1
CK-102981,S083,2026-06-28,morning,A0241,app_volunteer,3.6,1,79.0,84.0,75.0,81.8,83.8
CK-102982,S083,2026-06-28,evening,A0293,app_volunteer,3.9,1,70.0,69.0,76.0,73.6,75.6
CK-102983,S084,2026-06-28,evening,A0123,app_volunteer,5.8,1,67.0,67.0,64.0,67.1,69.1
CK-102984,S085,2026-06-28,morning,A0397,app_volunteer,2.7,1,80.0,77.0,83.0,82.9,84.9
CK-102985,S086,2026-06-28,midday,A0371,app_volunteer,5.6,1,80.0,79.0,79.0,80.6,82.6
CK-102986,S093,2026-06-28,evening,A0112,app_volunteer,10.9,1,83.0,82.0,84.0,82.5,84.5
CK-102987,S095,2026-06-28,evening,A0313,app_volunteer,3.6,0,59.0,63.0,61.0,64.7,66.7
CK-102988,S100,2026-06-28,evening,A0082,app_volunteer,8.8,1,71.0,73.0,76.0,75.2,77.2
CK-102989,S107,2026-06-28,evening,A0144,app_volunteer,5.4,1,69.0,81.0,85.0,79.1,81.1
CK-102990,S112,2026-06-28,midday,A0381,app_volunteer,6.7,1,80.0,85.0,80.0,80.7,82.7
CK-102991,S117,2026-06-28,evening,A0297,app_volunteer,6.3,1,66.0,72.0,66.0,68.8,70.8
CK-102992,S009,2026-06-29,evening,A0066,app_volunteer,14.2,1,86.0,82.0,76.0,78.2,80.2
CK-102993,S010,2026-06-29,midday,A0352,app_volunteer,6.1,1,72.0,84.0,91.0,80.5,82.5
CK-102994,S019,2026-06-29,morning,A0123,app_volunteer,5.1,1,81.0,91.0,85.0,86.1,88.1
CK-102995,S052,2026-06-29,midday,A0369,app_volunteer,8.5,1,66.0,68.0,72.0,75.0,77.0
CK-102996,S055,2026-06-29,evening,A0197,app_volunteer,5.8,1,88.0,82.0,74.0,73.6,75.6
CK-102997,S072,2026-06-29,midday,A0099,app_volunteer,5.5,1,83.0,79.0,79.0,83.7,85.7
CK-102998,S075,2026-06-29,morning,A0300,app_volunteer,3.2,1,77.0,75.0,75.0,82.6,84.6
CK-102999,S085,2026-06-29,evening,A0069,app_volunteer,13.7,1,53.0,53.0,51.0,53.2,55.2
CK-103000,S088,2026-06-29,evening,A0138,app_volunteer,1.9,1,73.0,67.0,75.0,70.6,72.6
CK-103001,S095,2026-06-29,evening,A0264,app_volunteer,4.4,1,77.0,63.0,69.0,70.7,72.7
CK-103002,S102,2026-06-29,evening,A0182,app_volunteer,2.7,1,72.0,58.0,62.0,67.9,69.9
CK-103003,S113,2026-06-29,evening,A0360,app_volunteer,3.4,1,59.0,63.0,63.0,66.0,68.0
CK-103004,S116,2026-06-29,evening,A0270,app_volunteer,14.1,1,63.0,60.0,52.0,60.5,62.5
CK-103005,S117,2026-06-29,morning,A0183,app_volunteer,4.6,1,84.0,89.0,81.0,85.5,87.5
CK-103006,S001,2026-06-30,midday,A0349,app_volunteer,3.4,1,83.0,81.0,74.0,81.1,83.1
CK-103007,S002,2026-06-30,midday,A0315,app_volunteer,3.3,1,87.0,78.0,80.0,81.7,83.7
CK-103008,S015,2026-06-30,evening,A0080,app_volunteer,2.8,1,72.0,67.0,73.0,71.8,73.8
CK-103009,S024,2026-06-30,evening,A0255,app_volunteer,5.2,1,72.0,68.0,73.0,71.1,73.1
CK-103010,S055,2026-06-30,midday,A0152,app_volunteer,5.8,1,77.0,74.0,77.0,77.0,79.0
CK-103011,S065,2026-06-30,evening,A0168,app_volunteer,8.2,1,66.0,71.0,65.0,68.4,70.4
CK-103012,S076,2026-06-30,evening,A0246,app_volunteer,10.1,1,79.0,72.0,69.0,73.1,75.1
CK-103013,S082,2026-06-30,evening,A0086,app_volunteer,4.4,1,62.0,69.0,77.0,73.4,75.4
CK-103014,S085,2026-06-30,evening,A0049,app_volunteer,7.2,1,73.0,61.0,69.0,69.3,71.3
CK-103015,S100,2026-06-30,evening,A0087,app_volunteer,2.4,1,66.0,68.0,69.0,66.9,68.9
CK-103016,S101,2026-06-30,evening,A0369,app_volunteer,7.6,1,62.0,74.0,66.0,61.6,63.6
CK-103017,S110,2026-06-30,evening,A0005,app_volunteer,6.0,1,67.0,65.0,64.0,63.7,65.7
CK-103018,S008,2026-07-01,midday,A0244,app_volunteer,2.8,1,76.0,79.0,73.0,74.5,76.5
CK-103019,S010,2026-07-01,evening,A0170,app_volunteer,5.5,1,64.0,75.0,70.0,72.0,74.0
CK-103020,S018,2026-07-01,evening,A0200,app_volunteer,6.9,1,68.0,78.0,79.0,74.9,76.9
CK-103021,S029,2026-07-01,midday,A0370,app_volunteer,3.1,0,90.0,83.0,80.0,85.2,87.2
CK-103022,S041,2026-07-01,evening,A0124,app_volunteer,13.7,1,64.0,74.0,69.0,72.2,74.2
CK-103023,S041,2026-07-01,morning,A0064,app_volunteer,3.2,1,64.0,65.0,61.0,68.6,70.6
CK-103024,S042,2026-07-01,evening,A0378,app_volunteer,4.8,0,74.0,64.0,75.0,72.8,74.8
CK-103025,S046,2026-07-01,midday,A0033,app_volunteer,5.7,1,89.0,83.0,81.0,84.1,86.1
CK-103026,S050,2026-07-01,evening,A0243,app_volunteer,2.9,1,57.0,52.0,56.0,59.2,61.2
CK-103027,S083,2026-07-01,evening,A0221,app_volunteer,5.9,1,78.0,68.0,80.0,73.5,75.5
CK-103028,S085,2026-07-01,evening,A0377,app_volunteer,7.7,1,83.0,87.0,84.0,88.0,90.0
CK-103029,S090,2026-07-01,evening,A0182,app_volunteer,4.2,0,75.0,65.0,73.0,77.6,79.6
CK-103030,S091,2026-07-01,midday,A0186,app_volunteer,2.7,1,81.0,83.0,80.0,81.1,83.1
CK-103031,S105,2026-07-01,evening,A0328,app_volunteer,3.8,1,70.0,62.0,67.0,70.6,72.6
CK-103032,S106,2026-07-01,midday,A0133,app_volunteer,2.3,0,77.0,74.0,77.0,72.4,74.4
CK-103033,S112,2026-07-01,midday,A0028,app_volunteer,6.4,1,71.0,65.0,73.0,67.6,69.6
CK-103034,S114,2026-07-01,midday,A0268,app_volunteer,3.9,1,95.0,92.0,95.0,90.0,92.0
CK-103035,S117,2026-07-01,evening,A0095,app_volunteer,4.2,1,89.0,81.0,79.0,77.2,79.2
CK-103036,S120,2026-07-01,evening,A0379,app_volunteer,4.7,1,74.0,71.0,70.0,68.9,70.9
CK-103037,S010,2026-07-02,midday,A0084,app_volunteer,2.5,1,82.0,70.0,68.0,71.0,73.0
CK-103038,S010,2026-07-02,evening,A0237,app_volunteer,5.6,0,79.0,73.0,67.0,70.0,72.0
CK-103039,S015,2026-07-02,midday,A0301,app_volunteer,3.8,1,61.0,72.0,70.0,66.2,68.2
CK-103040,S015,2026-07-02,morning,A0238,app_volunteer,2.6,1,81.0,81.0,78.0,77.4,79.4
CK-103041,S015,2026-07-02,evening,A0258,app_volunteer,9.8,1,53.0,70.0,66.0,65.5,67.5
CK-103042,S017,2026-07-02,evening,A0164,app_volunteer,3.2,0,58.0,55.0,63.0,61.6,63.6
CK-103043,S017,2026-07-02,evening,A0374,app_volunteer,21.2,1,73.0,68.0,71.0,65.9,67.9
CK-103044,S019,2026-07-02,evening,A0030,app_volunteer,5.6,1,79.0,80.0,80.0,83.4,85.4
CK-103045,S022,2026-07-02,evening,A0118,app_volunteer,3.5,1,74.0,74.0,70.0,73.6,75.6
CK-103046,S028,2026-07-02,midday,A0232,app_volunteer,3.3,1,75.0,73.0,63.0,72.2,74.2
CK-103047,S032,2026-07-02,evening,A0361,app_volunteer,8.0,1,69.0,79.0,85.0,75.5,77.5
CK-103048,S040,2026-07-02,midday,A0001,app_volunteer,4.7,1,80.0,73.0,72.0,76.7,78.7
CK-103049,S040,2026-07-02,evening,A0351,app_volunteer,6.6,1,88.0,77.0,77.0,77.6,79.6
CK-103050,S040,2026-07-02,evening,A0104,app_volunteer,7.4,1,82.0,75.0,64.0,69.2,71.2
CK-103051,S040,2026-07-02,morning,A0263,app_volunteer,2.9,1,75.0,70.0,75.0,71.4,73.4
CK-103052,S040,2026-07-02,midday,A0245,app_volunteer,1.4,1,66.0,63.0,66.0,66.8,68.8
CK-103053,S050,2026-07-02,midday,A0040,app_volunteer,5.3,1,73.0,66.0,71.0,68.7,70.7
CK-103054,S050,2026-07-02,evening,A0216,app_volunteer,9.1,1,83.0,70.0,72.0,74.2,76.2
CK-103055,S055,2026-07-02,midday,A0032,app_volunteer,7.4,1,70.0,73.0,72.0,73.7,75.7
CK-103056,S055,2026-07-02,evening,A0379,app_volunteer,5.8,1,74.0,80.0,88.0,84.2,86.2
CK-103057,S061,2026-07-02,evening,A0067,app_volunteer,9.8,1,68.0,58.0,67.0,67.6,69.6
CK-103058,S075,2026-07-02,evening,A0333,app_volunteer,7.9,1,86.0,80.0,87.0,84.2,86.2
CK-103059,S080,2026-07-02,evening,A0280,app_volunteer,26.1,1,83.0,80.0,68.0,74.0,76.0
CK-103060,S082,2026-07-02,morning,A0353,app_volunteer,2.8,0,86.0,71.0,76.0,74.7,76.7
CK-103061,S083,2026-07-02,midday,A0244,app_volunteer,2.9,1,71.0,72.0,73.0,70.7,72.7
CK-103062,S088,2026-07-02,midday,A0138,app_volunteer,4.7,1,82.0,91.0,82.0,86.4,88.4
CK-103063,S094,2026-07-02,evening,A0293,app_volunteer,6.1,1,79.0,77.0,79.0,75.7,77.7
CK-103064,S095,2026-07-02,evening,A0352,app_volunteer,4.5,1,69.0,64.0,68.0,63.3,65.3
CK-103065,S107,2026-07-02,morning,A0355,app_volunteer,1.6,1,94.0,95.0,93.0,91.6,93.6
CK-103066,S005,2026-07-03,midday,A0252,app_volunteer,7.9,0,81.0,82.0,86.0,81.4,83.4
CK-103067,S009,2026-07-03,evening,A0244,app_volunteer,8.5,1,79.0,63.0,67.0,69.8,71.8
CK-103068,S010,2026-07-03,midday,A0104,app_volunteer,8.2,1,84.0,78.0,75.0,78.8,80.8
CK-103069,S017,2026-07-03,midday,A0382,app_volunteer,2.1,1,73.0,72.0,71.0,76.2,78.2
CK-103070,S020,2026-07-03,midday,A0045,app_volunteer,4.1,1,86.0,85.0,86.0,81.5,83.5
CK-103071,S030,2026-07-03,morning,A0029,app_volunteer,5.9,1,65.0,64.0,59.0,64.8,66.8
CK-103072,S038,2026-07-03,morning,A0222,app_volunteer,3.2,1,85.0,84.0,91.0,85.1,87.1
CK-103073,S042,2026-07-03,midday,A0251,app_volunteer,5.2,1,69.0,72.0,66.0,70.8,72.8
CK-103074,S047,2026-07-03,evening,A0339,app_volunteer,4.2,1,64.0,68.0,71.0,66.2,68.2
CK-103075,S061,2026-07-03,midday,A0392,app_volunteer,3.5,1,70.0,78.0,77.0,78.4,80.4
CK-103076,S069,2026-07-03,evening,A0010,app_volunteer,5.0,1,66.0,63.0,71.0,68.1,70.1
CK-103077,S070,2026-07-03,evening,A0306,app_volunteer,7.1,1,73.0,80.0,74.0,69.7,71.7
CK-103078,S076,2026-07-03,evening,A0392,app_volunteer,7.9,1,68.0,62.0,66.0,68.0,70.0
CK-103079,S078,2026-07-03,evening,A0051,app_volunteer,7.1,1,76.0,88.0,74.0,73.6,75.6
CK-103080,S081,2026-07-03,midday,A0104,app_volunteer,5.6,1,86.0,87.0,82.0,84.6,86.6
CK-103081,S090,2026-07-03,morning,A0117,app_volunteer,3.6,1,76.0,80.0,73.0,74.3,76.3
CK-103082,S095,2026-07-03,midday,A0269,app_volunteer,2.2,1,74.0,77.0,86.0,79.3,81.3
CK-103083,S095,2026-07-03,evening,A0388,app_volunteer,6.5,1,77.0,75.0,73.0,74.5,76.5
CK-103084,S100,2026-07-03,morning,A0385,app_volunteer,4.5,1,69.0,64.0,68.0,69.1,71.1
CK-103085,S107,2026-07-03,morning,A0352,app_volunteer,4.1,1,78.0,77.0,73.0,77.2,79.2
CK-103086,S001,2026-07-04,midday,A0010,app_volunteer,8.2,1,91.0,85.0,81.0,84.8,86.8
CK-103087,S010,2026-07-04,midday,A0097,app_volunteer,2.4,1,74.0,69.0,71.0,70.2,72.2
CK-103088,S015,2026-07-04,evening,A0076,app_volunteer,1.9,1,74.0,82.0,72.0,76.3,78.3
CK-103089,S016,2026-07-04,morning,A0320,app_volunteer,3.1,1,60.0,67.0,67.0,65.6,67.6
CK-103090,S017,2026-07-04,evening,A0347,app_volunteer,2.7,1,72.0,56.0,64.0,68.9,70.9
CK-103091,S021,2026-07-04,evening,A0076,app_volunteer,3.7,1,82.0,80.0,87.0,82.6,84.6
CK-103092,S030,2026-07-04,evening,A0109,app_volunteer,7.3,1,73.0,68.0,74.0,71.5,73.5
CK-103093,S035,2026-07-04,midday,A0092,app_volunteer,4.6,1,74.0,59.0,63.0,68.1,70.1
CK-103094,S036,2026-07-04,midday,A0124,app_volunteer,6.2,0,70.0,60.0,67.0,70.2,72.2
CK-103095,S040,2026-07-04,midday,A0216,app_volunteer,3.0,1,78.0,74.0,73.0,74.3,76.3
CK-103096,S043,2026-07-04,evening,A0025,app_volunteer,6.0,1,74.0,71.0,72.0,69.3,71.3
CK-103097,S045,2026-07-04,evening,A0053,app_volunteer,18.9,1,67.0,59.0,61.0,66.6,68.6
CK-103098,S050,2026-07-04,evening,A0201,app_volunteer,2.6,1,69.0,79.0,78.0,74.9,76.9
CK-103099,S071,2026-07-04,evening,A0318,app_volunteer,8.3,1,76.0,76.0,75.0,73.9,75.9
CK-103100,S084,2026-07-04,midday,A0014,app_volunteer,6.4,1,75.0,74.0,74.0,74.7,76.7
CK-103101,S095,2026-07-04,midday,A0158,app_volunteer,4.3,1,85.0,81.0,77.0,79.1,81.1
CK-103102,S095,2026-07-04,midday,A0212,app_volunteer,5.5,1,67.0,65.0,64.0,66.0,68.0
CK-103103,S107,2026-07-04,evening,A0130,app_volunteer,8.6,1,82.0,71.0,70.0,73.5,75.5
CK-103104,S109,2026-07-04,midday,A0081,app_volunteer,3.7,1,66.0,68.0,66.0,66.7,68.7
CK-103105,S113,2026-07-04,evening,A0084,app_volunteer,7.6,1,73.0,71.0,72.0,70.0,72.0
CK-103106,S113,2026-07-04,evening,A0081,app_volunteer,4.1,1,74.0,69.0,75.0,72.7,74.7
CK-103107,S012,2026-07-05,evening,A0022,app_volunteer,3.3,1,80.0,80.0,78.0,76.9,78.9
CK-103108,S017,2026-07-05,evening,A0058,app_volunteer,7.8,1,51.0,61.0,54.0,53.9,55.9
CK-103109,S025,2026-07-05,morning,A0311,app_volunteer,4.2,1,73.0,67.0,67.0,74.0,76.0
CK-103110,S026,2026-07-05,midday,A0017,app_volunteer,8.4,1,75.0,78.0,85.0,80.0,82.0
CK-103111,S038,2026-07-05,evening,A0133,app_volunteer,3.6,0,80.0,82.0,77.0,74.2,76.2
CK-103112,S046,2026-07-05,midday,A0305,app_volunteer,2.2,1,69.0,78.0,77.0,75.4,77.4
CK-103113,S048,2026-07-05,evening,A0107,app_volunteer,5.0,1,57.0,64.0,59.0,67.9,69.9
CK-103114,S048,2026-07-05,midday,A0335,app_volunteer,5.7,0,73.0,70.0,78.0,77.2,79.2
CK-103115,S051,2026-07-05,evening,A0217,app_volunteer,7.3,1,74.0,62.0,69.0,70.3,72.3
CK-103116,S055,2026-07-05,midday,A0230,app_volunteer,5.6,1,95.0,90.0,82.0,83.3,85.3
CK-103117,S055,2026-07-05,evening,A0242,app_volunteer,4.5,1,75.0,75.0,69.0,74.1,76.1
CK-103118,S068,2026-07-05,evening,A0375,app_volunteer,6.3,1,88.0,100.0,77.0,84.4,86.4
CK-103119,S069,2026-07-05,evening,A0050,app_volunteer,5.2,1,69.0,66.0,63.0,67.5,69.5
CK-103120,S073,2026-07-05,morning,A0270,app_volunteer,6.9,1,72.0,60.0,69.0,70.7,72.7
CK-103121,S082,2026-07-05,midday,A0278,app_volunteer,10.7,1,87.0,79.0,77.0,81.3,83.3
CK-103122,S083,2026-07-05,evening,A0215,app_volunteer,4.8,1,71.0,75.0,68.0,70.0,72.0
CK-103123,S083,2026-07-05,evening,A0253,app_volunteer,8.1,1,55.0,64.0,56.0,55.3,57.3
CK-103124,S086,2026-07-05,evening,A0311,app_volunteer,5.9,1,63.0,67.0,67.0,64.8,66.8
CK-103125,S100,2026-07-05,evening,A0074,app_volunteer,6.1,0,79.0,88.0,93.0,85.5,87.5
CK-103126,S101,2026-07-05,evening,A0204,app_volunteer,3.0,1,75.0,74.0,84.0,79.6,81.6
CK-103127,S101,2026-07-05,evening,A0216,app_volunteer,8.5,1,75.0,80.0,74.0,77.7,79.7
CK-103128,S109,2026-07-05,evening,A0168,app_volunteer,5.3,1,68.0,81.0,79.0,77.3,79.3
CK-103129,S110,2026-07-05,midday,A0126,app_volunteer,2.8,1,92.0,93.0,80.0,85.1,87.1
CK-103130,S111,2026-07-05,evening,A0179,app_volunteer,9.1,1,73.0,78.0,76.0,75.7,77.7
CK-103131,S005,2026-07-06,evening,A0022,app_volunteer,7.7,1,73.0,73.0,70.0,70.0,72.0
CK-103132,S005,2026-07-06,midday,A0164,app_volunteer,3.3,1,74.0,65.0,76.0,76.9,78.9
CK-103133,S007,2026-07-06,midday,A0054,app_volunteer,4.9,1,67.0,74.0,70.0,70.1,72.1
CK-103134,S019,2026-07-06,evening,A0083,app_volunteer,4.9,1,63.0,70.0,64.0,69.2,71.2
CK-103135,S041,2026-07-06,midday,A0231,app_volunteer,3.9,1,82.0,85.0,86.0,81.3,83.3
CK-103136,S047,2026-07-06,evening,A0362,app_volunteer,5.4,0,73.0,74.0,77.0,73.5,75.5
CK-103137,S049,2026-07-06,evening,A0379,app_volunteer,4.3,1,66.0,69.0,75.0,69.4,71.4
CK-103138,S055,2026-07-06,morning,A0382,app_volunteer,5.9,1,63.0,71.0,73.0,68.7,70.7
CK-103139,S060,2026-07-06,evening,A0063,app_volunteer,6.2,1,72.0,75.0,76.0,75.2,77.2
CK-103140,S068,2026-07-06,evening,A0314,app_volunteer,8.9,1,89.0,85.0,95.0,91.2,93.2
CK-103141,S087,2026-07-06,evening,A0174,app_volunteer,4.7,1,62.0,67.0,64.0,60.0,62.0
CK-103142,S090,2026-07-06,midday,A0128,app_volunteer,3.8,1,79.0,68.0,78.0,75.2,77.2
CK-103143,S098,2026-07-06,midday,A0063,app_volunteer,2.3,1,81.0,77.0,73.0,78.0,80.0
CK-103144,S100,2026-07-06,evening,A0288,app_volunteer,6.7,1,58.0,71.0,59.0,65.5,67.5
CK-103145,S107,2026-07-06,evening,A0208,app_volunteer,3.4,1,75.0,74.0,74.0,77.6,79.6
CK-103146,S110,2026-07-06,evening,A0056,app_volunteer,11.1,1,78.0,62.0,71.0,70.5,72.5
CK-103147,S110,2026-07-06,evening,A0364,app_volunteer,10.2,1,68.0,71.0,67.0,64.8,66.8
CK-103148,S112,2026-07-06,evening,A0009,app_volunteer,6.4,1,67.0,71.0,63.0,67.5,69.5
CK-103149,S119,2026-07-06,evening,A0309,app_volunteer,6.5,1,83.0,78.0,85.0,79.4,81.4
CK-103150,S005,2026-07-07,evening,A0005,app_volunteer,4.2,1,69.0,69.0,65.0,71.9,73.9
CK-103151,S007,2026-07-07,evening,A0105,app_volunteer,4.2,1,79.0,66.0,77.0,71.1,73.1
CK-103152,S008,2026-07-07,midday,A0040,app_volunteer,2.2,1,86.0,90.0,78.0,77.1,79.1
CK-103153,S015,2026-07-07,morning,A0168,app_volunteer,3.3,1,86.0,84.0,86.0,84.6,86.6
CK-103154,S020,2026-07-07,midday,A0162,app_volunteer,2.8,1,75.0,70.0,68.0,73.9,75.9
CK-103155,S025,2026-07-07,evening,A0074,app_volunteer,8.8,1,64.0,80.0,76.0,71.1,73.1
CK-103156,S030,2026-07-07,midday,A0386,app_volunteer,2.0,1,82.0,75.0,85.0,80.1,82.1
CK-103157,S030,2026-07-07,midday,A0176,app_volunteer,2.3,1,90.0,88.0,82.0,85.8,87.8
CK-103158,S030,2026-07-07,evening,A0313,app_volunteer,5.8,1,75.0,75.0,74.0,72.3,74.3
CK-103159,S038,2026-07-07,midday,A0396,app_volunteer,3.7,1,71.0,75.0,83.0,76.4,78.4
CK-103160,S040,2026-07-07,midday,A0240,app_volunteer,4.1,1,69.0,73.0,65.0,71.1,73.1
CK-103161,S051,2026-07-07,morning,A0145,app_volunteer,7.0,1,77.0,68.0,76.0,72.0,74.0
CK-103162,S053,2026-07-07,midday,A0059,app_volunteer,6.3,1,83.0,86.0,69.0,75.9,77.9
CK-103163,S059,2026-07-07,morning,A0353,app_volunteer,4.5,0,77.0,69.0,74.0,74.1,76.1
CK-103164,S060,2026-07-07,evening,A0208,app_volunteer,7.0,1,77.0,73.0,74.0,68.4,70.4
CK-103165,S063,2026-07-07,midday,A0149,app_volunteer,8.4,1,73.0,75.0,78.0,75.1,77.1
CK-103166,S074,2026-07-07,midday,A0359,app_volunteer,2.9,1,70.0,71.0,72.0,73.0,75.0
CK-103167,S095,2026-07-07,evening,A0004,app_volunteer,11.0,1,91.0,74.0,77.0,76.3,78.3
CK-103168,S116,2026-07-07,evening,A0206,app_volunteer,8.2,1,70.0,79.0,80.0,76.8,78.8
CK-103169,S007,2026-07-08,evening,A0303,app_volunteer,12.4,1,70.0,70.0,69.0,67.4,69.4
CK-103170,S019,2026-07-08,evening,A0292,app_volunteer,5.6,1,59.0,70.0,68.0,65.3,67.3
CK-103171,S028,2026-07-08,midday,A0319,app_volunteer,3.8,1,87.0,78.0,82.0,88.2,90.2
CK-103172,S029,2026-07-08,midday,V9999,qa_internal,1.0,1,100.0,100.0,100.0,100.0,102.0
CK-103173,S029,2026-07-08,evening,V9999,qa_internal,1.0,1,100.0,100.0,100.0,100.0,102.0
CK-103174,S029,2026-07-08,morning,V9999,qa_internal,1.0,1,100.0,100.0,100.0,100.0,102.0
CK-103175,S035,2026-07-08,midday,A0019,app_volunteer,4.1,1,90.0,100.0,89.0,91.6,93.6
CK-103176,S040,2026-07-08,midday,A0311,app_volunteer,3.9,1,72.0,82.0,82.0,79.3,81.3
CK-103177,S044,2026-07-08,evening,A0166,app_volunteer,15.3,1,59.0,61.0,71.0,64.1,66.1
CK-103178,S050,2026-07-08,evening,A0286,app_volunteer,7.8,1,82.0,89.0,84.0,83.5,85.5
CK-103179,S052,2026-07-08,evening,A0347,app_volunteer,2.8,1,79.0,84.0,82.0,80.4,82.4
CK-103180,S061,2026-07-08,midday,A0337,app_volunteer,4.8,1,80.0,73.0,71.0,72.1,74.1
CK-103181,S061,2026-07-08,evening,A0155,app_volunteer,5.8,1,78.0,80.0,84.0,78.6,80.6
CK-103182,S083,2026-07-08,evening,A0266,app_volunteer,5.8,1,63.0,62.0,70.0,63.6,65.6
CK-103183,S090,2026-07-08,evening,A0330,app_volunteer,3.8,1,75.0,76.0,68.0,68.7,70.7
CK-103184,S091,2026-07-08,evening,A0244,app_volunteer,8.9,1,89.0,82.0,86.0,83.9,85.9
CK-103185,S100,2026-07-08,evening,A0247,app_volunteer,9.9,1,73.0,72.0,67.0,71.0,73.0
CK-103186,S100,2026-07-08,evening,A0332,app_volunteer,7.2,1,74.0,77.0,75.0,77.1,79.1
CK-103187,S108,2026-07-08,evening,A0071,app_volunteer,5.4,1,56.0,70.0,64.0,65.2,67.2
CK-103188,S111,2026-07-08,evening,A0292,app_volunteer,11.2,1,75.0,77.0,68.0,68.5,70.5
CK-103189,S014,2026-07-09,morning,A0302,app_volunteer,3.5,1,69.0,72.0,71.0,70.7,72.7
CK-103190,S015,2026-07-09,evening,A0344,app_volunteer,10.0,1,72.0,73.0,73.0,74.6,76.6
CK-103191,S029,2026-07-09,evening,A0256,app_volunteer,9.8,1,66.0,77.0,67.0,68.8,70.8
CK-103192,S035,2026-07-09,midday,A0245,app_volunteer,9.9,1,73.0,82.0,85.0,80.3,82.3
CK-103193,S046,2026-07-09,evening,A0366,app_volunteer,2.9,1,65.0,69.0,67.0,70.7,72.7
CK-103194,S048,2026-07-09,evening,A0316,app_volunteer,3.3,1,64.0,50.0,63.0,59.6,61.6
CK-103195,S049,2026-07-09,morning,A0154,app_volunteer,5.0,1,80.0,82.0,78.0,78.1,80.1
CK-103196,S055,2026-07-09,evening,A0220,app_volunteer,4.4,1,73.0,64.0,69.0,72.0,74.0
CK-103197,S055,2026-07-09,evening,A0369,app_volunteer,4.8,1,87.0,90.0,88.0,82.7,84.7
CK-103198,S070,2026-07-09,midday,A0048,app_volunteer,6.1,0,87.0,82.0,89.0,85.1,87.1
CK-103199,S075,2026-07-09,midday,A0094,app_volunteer,3.2,1,87.0,69.0,79.0,80.1,82.1
CK-103200,S080,2026-07-09,evening,A0375,app_volunteer,6.4,1,75.0,69.0,69.0,69.5,71.5
CK-103201,S080,2026-07-09,evening,A0116,app_volunteer,4.5,1,57.0,72.0,69.0,71.3,73.3
CK-103202,S083,2026-07-09,evening,A0245,app_volunteer,6.8,1,63.0,71.0,64.0,65.4,67.4
CK-103203,S085,2026-07-09,evening,A0304,app_volunteer,7.8,1,82.0,77.0,82.0,76.3,78.3
CK-103204,S085,2026-07-09,evening,A0035,app_volunteer,12.6,1,87.0,85.0,81.0,83.2,85.2
CK-103205,S086,2026-07-09,evening,A0095,app_volunteer,4.3,0,64.0,62.0,67.0,62.9,64.9
CK-103206,S087,2026-07-09,evening,A0047,app_volunteer,3.2,1,83.0,82.0,77.0,75.1,77.1
CK-103207,S095,2026-07-09,evening,A0237,app_volunteer,8.0,1,63.0,65.0,71.0,71.5,73.5
CK-103208,S095,2026-07-09,evening,A0001,app_volunteer,5.0,1,65.0,61.0,64.0,62.9,64.9
CK-103209,S114,2026-07-09,evening,A0097,app_volunteer,2.8,1,74.0,70.0,76.0,72.9,74.9
CK-103210,S005,2026-07-10,midday,A0154,app_volunteer,6.9,1,93.0,96.0,87.0,86.3,88.3
CK-103211,S010,2026-07-10,evening,A0143,app_volunteer,5.2,1,67.0,64.0,65.0,67.1,69.1
CK-103212,S011,2026-07-10,midday,A0265,app_volunteer,3.3,1,69.0,69.0,74.0,70.1,72.1
CK-103213,S013,2026-07-10,midday,A0136,app_volunteer,7.0,1,78.0,89.0,88.0,82.9,84.9
CK-103214,S016,2026-07-10,evening,A0160,app_volunteer,4.6,1,69.0,59.0,70.0,68.3,70.3
CK-103215,S017,2026-07-10,midday,A0087,app_volunteer,8.4,1,64.0,73.0,66.0,68.8,70.8
CK-103216,S029,2026-07-10,morning,A0260,app_volunteer,8.7,1,83.0,80.0,90.0,84.9,86.9
CK-103217,S029,2026-07-10,evening,V9999,qa_internal,1.0,1,100.0,100.0,100.0,100.0,102.0
CK-103218,S029,2026-07-10,evening,V9999,qa_internal,1.0,1,100.0,100.0,100.0,100.0,102.0
CK-103219,S029,2026-07-10,evening,V9999,qa_internal,1.0,1,100.0,100.0,100.0,100.0,102.0
CK-103220,S034,2026-07-10,evening,A0036,app_volunteer,3.1,1,75.0,82.0,75.0,77.4,79.4
CK-103221,S036,2026-07-10,evening,A0386,app_volunteer,3.0,1,58.0,64.0,63.0,65.2,67.2
CK-103222,S038,2026-07-10,morning,A0276,app_volunteer,3.5,1,77.0,78.0,80.0,74.5,76.5
CK-103223,S044,2026-07-10,evening,A0072,app_volunteer,3.9,1,67.0,64.0,64.0,67.1,69.1
CK-103224,S050,2026-07-10,evening,A0024,app_volunteer,8.7,0,83.0,77.0,80.0,77.1,79.1
CK-103225,S061,2026-07-10,evening,A0257,app_volunteer,4.8,1,83.0,79.0,71.0,74.4,76.4
CK-103226,S074,2026-07-10,evening,A0202,app_volunteer,5.7,1,74.0,81.0,79.0,75.0,77.0
CK-103227,S078,2026-07-10,evening,A0388,app_volunteer,7.3,1,77.0,84.0,89.0,85.9,87.9
CK-103228,S082,2026-07-10,evening,A0400,app_volunteer,4.6,1,82.0,76.0,77.0,76.8,78.8
CK-103229,S086,2026-07-10,evening,A0034,app_volunteer,8.8,1,58.0,57.0,60.0,61.8,63.8
CK-103230,S090,2026-07-10,evening,A0047,app_volunteer,7.8,1,77.0,70.0,77.0,74.7,76.7
CK-103231,S100,2026-07-10,midday,A0382,app_volunteer,5.7,1,80.0,76.0,79.0,79.0,81.0
CK-103232,S109,2026-07-10,midday,A0080,app_volunteer,3.5,1,73.0,74.0,72.0,72.1,74.1
CK-103233,S001,2026-07-11,evening,A0191,app_volunteer,6.8,1,64.0,73.0,66.0,67.8,69.8
CK-103234,S005,2026-07-11,midday,A0202,app_volunteer,4.5,1,73.0,82.0,82.0,80.0,82.0
CK-103235,S005,2026-07-11,evening,A0025,app_volunteer,9.6,1,72.0,63.0,62.0,65.8,67.8
CK-103236,S010,2026-07-11,midday,A0072,app_volunteer,3.8,1,76.0,72.0,67.0,69.7,71.7
CK-103237,S015,2026-07-11,midday,A0059,app_volunteer,6.9,1,64.0,67.0,63.0,59.5,61.5
CK-103238,S017,2026-07-11,evening,A0270,app_volunteer,8.6,1,78.0,71.0,72.0,71.8,73.8
CK-103239,S029,2026-07-11,evening,A0262,app_volunteer,7.8,1,84.0,79.0,75.0,75.6,77.6
CK-103240,S029,2026-07-11,morning,V9999,qa_internal,1.0,1,100.0,100.0,100.0,100.0,102.0
CK-103241,S029,2026-07-11,morning,V9999,qa_internal,1.0,1,100.0,100.0,100.0,100.0,102.0
CK-103242,S033,2026-07-11,evening,A0308,app_volunteer,3.1,1,89.0,81.0,80.0,81.7,83.7
CK-103243,S033,2026-07-11,midday,A0164,app_volunteer,8.9,1,79.0,82.0,83.0,78.6,80.6
CK-103244,S055,2026-07-11,morning,A0041,app_volunteer,6.7,1,73.0,76.0,78.0,77.1,79.1
CK-103245,S060,2026-07-11,evening,A0073,app_volunteer,7.7,1,57.0,62.0,55.0,56.1,58.1
CK-103246,S061,2026-07-11,evening,A0009,app_volunteer,9.2,1,74.0,69.0,64.0,65.5,67.5
CK-103247,S074,2026-07-11,evening,A0177,app_volunteer,3.5,1,78.0,69.0,73.0,76.3,78.3
CK-103248,S080,2026-07-11,evening,A0314,app_volunteer,9.9,1,74.0,77.0,84.0,77.2,79.2
CK-103249,S095,2026-07-11,midday,A0036,app_volunteer,4.4,1,89.0,91.0,82.0,83.6,85.6
CK-103250,S095,2026-07-11,evening,A0287,app_volunteer,6.6,1,66.0,68.0,71.0,64.8,66.8
CK-103251,S097,2026-07-11,evening,A0135,app_volunteer,6.0,1,66.0,76.0,74.0,72.3,74.3
CK-103252,S097,2026-07-11,evening,A0392,app_volunteer,6.6,1,59.0,60.0,64.0,63.9,65.9
CK-103253,S106,2026-07-11,evening,A0230,app_volunteer,10.6,1,84.0,84.0,85.0,86.2,88.2
CK-103254,S109,2026-07-11,midday,A0250,app_volunteer,3.3,1,89.0,88.0,83.0,84.5,86.5
CK-103255,S110,2026-07-11,evening,A0366,app_volunteer,5.1,1,85.0,72.0,79.0,81.7,83.7
CK-103256,S110,2026-07-11,evening,A0021,app_volunteer,6.0,1,66.0,65.0,66.0,69.7,71.7
CK-103257,S110,2026-07-11,midday,A0169,app_volunteer,2.0,1,77.0,63.0,79.0,76.7,78.7
CK-103258,S119,2026-07-11,midday,A0079,app_volunteer,9.3,1,81.0,75.0,78.0,77.9,79.9
CK-103259,S005,2026-07-12,evening,A0399,app_volunteer,7.7,1,74.0,73.0,77.0,71.9,73.9
CK-103260,S006,2026-07-12,evening,A0389,app_volunteer,11.4,1,82.0,77.0,79.0,79.9,81.9
CK-103261,S010,2026-07-12,evening,A0106,app_volunteer,7.1,1,79.0,67.0,84.0,77.0,79.0
CK-103262,S015,2026-07-12,evening,A0046,app_volunteer,3.9,1,55.0,68.0,65.0,65.3,67.3
CK-103263,S015,2026-07-12,morning,A0233,app_volunteer,2.7,1,81.0,85.0,79.0,77.4,79.4
CK-103264,S023,2026-07-12,morning,A0307,app_volunteer,3.8,1,100.0,91.0,85.0,91.2,93.2
CK-103265,S025,2026-07-12,midday,A0069,app_volunteer,4.4,1,83.0,66.0,71.0,74.8,76.8
CK-103266,S029,2026-07-12,evening,A0049,app_volunteer,5.8,1,77.0,80.0,75.0,78.6,80.6
CK-103267,S029,2026-07-12,morning,V9999,qa_internal,1.0,1,100.0,100.0,100.0,100.0,102.0
CK-103268,S029,2026-07-12,morning,V9999,qa_internal,1.0,1,100.0,100.0,100.0,100.0,102.0
CK-103269,S035,2026-07-12,evening,A0165,app_volunteer,4.0,1,72.0,76.0,71.0,75.8,77.8
CK-103270,S040,2026-07-12,evening,A0080,app_volunteer,4.3,1,88.0,81.0,80.0,81.5,83.5
CK-103271,S043,2026-07-12,midday,A0232,app_volunteer,9.7,1,89.0,77.0,78.0,82.9,84.9
CK-103272,S045,2026-07-12,midday,A0192,app_volunteer,2.5,1,63.0,65.0,71.0,70.5,72.5
CK-103273,S065,2026-07-12,evening,A0284,app_volunteer,3.2,1,80.0,73.0,84.0,77.1,79.1
CK-103274,S080,2026-07-12,morning,A0349,app_volunteer,5.3,1,97.0,95.0,80.0,83.9,85.9
CK-103275,S083,2026-07-12,evening,A0035,app_volunteer,5.8,1,75.0,67.0,69.0,69.9,71.9
CK-103276,S087,2026-07-12,evening,A0394,app_volunteer,7.1,1,82.0,75.0,78.0,81.0,83.0
CK-103277,S098,2026-07-12,evening,A0381,app_volunteer,6.6,1,61.0,66.0,60.0,68.5,70.5
CK-103278,S100,2026-07-12,evening,A0356,app_volunteer,7.4,1,79.0,78.0,78.0,76.9,78.9
CK-103279,S110,2026-07-12,evening,A0056,app_volunteer,3.9,0,73.0,73.0,68.0,68.4,70.4
CK-103280,S111,2026-07-12,evening,A0258,app_volunteer,2.6,1,72.0,80.0,72.0,75.6,77.6
CK-103281,S117,2026-07-12,evening,A0101,app_volunteer,7.8,1,64.0,66.0,77.0,72.5,74.5
CK-103282,S005,2026-07-13,midday,A0116,app_volunteer,2.3,0,79.0,71.0,75.0,72.2,74.2
CK-103283,S010,2026-07-13,evening,A0070,app_volunteer,7.8,1,81.0,77.0,71.0,76.6,78.6
CK-103284,S017,2026-07-13,midday,A0178,app_volunteer,4.1,1,59.0,63.0,57.0,60.1,62.1
CK-103285,S025,2026-07-13,evening,A0070,app_volunteer,7.1,1,76.0,78.0,83.0,78.1,80.1
CK-103286,S029,2026-07-13,evening,V9999,qa_internal,1.0,1,100.0,100.0,100.0,100.0,102.0
CK-103287,S029,2026-07-13,morning,V9999,qa_internal,1.0,1,100.0,100.0,100.0,100.0,102.0
CK-103288,S030,2026-07-13,evening,A0046,app_volunteer,6.7,1,82.0,79.0,76.0,78.5,80.5
CK-103289,S047,2026-07-13,midday,A0236,app_volunteer,2.6,1,79.0,76.0,87.0,75.5,77.5
CK-103290,S055,2026-07-13,midday,A0189,app_volunteer,2.8,1,79.0,79.0,71.0,72.2,74.2
CK-103291,S056,2026-07-13,evening,A0179,app_volunteer,4.3,1,63.0,67.0,66.0,69.2,71.2
CK-103292,S060,2026-07-13,evening,A0065,app_volunteer,4.8,1,72.0,78.0,83.0,74.2,76.2
CK-103293,S061,2026-07-13,evening,A0103,app_volunteer,5.6,1,88.0,93.0,89.0,89.0,91.0
CK-103294,S065,2026-07-13,evening,A0187,app_volunteer,4.0,1,61.0,68.0,69.0,65.1,67.1
CK-103295,S067,2026-07-13,evening,A0173,app_volunteer,2.7,1,79.0,75.0,83.0,77.4,79.4
CK-103296,S084,2026-07-13,midday,A0290,app_volunteer,3.4,1,86.0,94.0,90.0,85.6,87.6
CK-103297,S100,2026-07-13,midday,A0364,app_volunteer,3.4,0,80.0,89.0,81.0,81.1,83.1
CK-103298,S101,2026-07-13,evening,A0043,app_volunteer,2.6,1,72.0,71.0,74.0,71.8,73.8
CK-103299,S107,2026-07-13,morning,A0198,app_volunteer,1.7,1,65.0,68.0,69.0,66.7,68.7
CK-103300,S116,2026-07-13,morning,A0205,app_volunteer,7.5,1,84.0,76.0,77.0,77.7,79.7
CK-103301,S001,2026-07-14,evening,A0234,app_volunteer,5.0,1,68.0,73.0,70.0,71.5,73.5
CK-103302,S005,2026-07-14,evening,A0121,app_volunteer,5.8,1,74.0,74.0,78.0,73.9,75.9
CK-103303,S005,2026-07-14,midday,A0076,app_volunteer,4.6,1,70.0,70.0,70.0,68.6,70.6
CK-103304,S025,2026-07-14,evening,A0052,app_volunteer,8.6,1,66.0,70.0,76.0,73.9,75.9
CK-103305,S029,2026-07-14,morning,V9999,qa_internal,1.0,1,100.0,100.0,100.0,100.0,102.0
CK-103306,S030,2026-07-14,evening,A0028,app_volunteer,6.4,1,75.0,76.0,61.0,71.2,73.2
CK-103307,S031,2026-07-14,midday,A0290,app_volunteer,3.9,1,76.0,77.0,81.0,79.0,81.0
CK-103308,S035,2026-07-14,midday,A0152,app_volunteer,5.7,1,66.0,52.0,68.0,61.5,63.5
CK-103309,S046,2026-07-14,morning,A0098,app_volunteer,5.4,1,59.0,66.0,64.0,62.8,64.8
CK-103310,S050,2026-07-14,evening,A0055,app_volunteer,5.2,1,85.0,89.0,91.0,87.5,89.5
CK-103311,S055,2026-07-14,evening,A0259,app_volunteer,7.0,1,76.0,74.0,82.0,82.2,84.2
CK-103312,S061,2026-07-14,evening,A0074,app_volunteer,2.9,1,72.0,73.0,79.0,71.7,73.7
CK-103313,S061,2026-07-14,midday,A0208,app_volunteer,11.8,1,83.0,80.0,77.0,76.5,78.5
CK-103314,S061,2026-07-14,midday,A0172,app_volunteer,5.9,1,79.0,74.0,82.0,77.3,79.3
CK-103315,S061,2026-07-14,evening,A0356,app_volunteer,6.1,1,63.0,69.0,69.0,70.8,72.8
CK-103316,S062,2026-07-14,midday,A0124,app_volunteer,5.8,1,66.0,65.0,72.0,67.3,69.3
CK-103317,S066,2026-07-14,evening,A0166,app_volunteer,5.4,1,63.0,60.0,60.0,60.8,62.8
CK-103318,S074,2026-07-14,evening,A0226,app_volunteer,10.1,1,60.0,67.0,71.0,67.9,69.9
CK-103319,S079,2026-07-14,evening,A0181,app_volunteer,5.9,1,75.0,71.0,79.0,77.1,79.1
CK-103320,S095,2026-07-14,midday,A0102,app_volunteer,4.7,0,72.0,83.0,72.0,73.8,75.8
CK-103321,S095,2026-07-14,midday,A0266,app_volunteer,8.0,1,77.0,86.0,85.0,81.0,83.0
CK-103322,S101,2026-07-14,evening,A0251,app_volunteer,4.8,1,67.0,57.0,75.0,64.7,66.7
CK-103323,S103,2026-07-14,morning,A0305,app_volunteer,3.8,1,66.0,86.0,81.0,79.1,81.1
CK-103324,S108,2026-07-14,evening,A0285,app_volunteer,3.3,1,77.0,74.0,79.0,74.4,76.4
CK-103325,S111,2026-07-14,midday,A0323,app_volunteer,2.0,1,79.0,73.0,74.0,76.6,78.6
CK-103326,S117,2026-07-14,midday,A0172,app_volunteer,4.6,1,79.0,72.0,79.0,78.7,80.7
CK-103327,S002,2026-07-15,evening,A0009,app_volunteer,3.8,1,52.0,59.0,71.0,67.2,69.2
CK-103328,S012,2026-07-15,evening,A0165,app_volunteer,5.5,1,74.0,75.0,79.0,78.0,80.0
CK-103329,S017,2026-07-15,evening,A0229,app_volunteer,4.1,1,73.0,65.0,63.0,67.5,69.5
CK-103330,S017,2026-07-15,midday,A0287,app_volunteer,7.1,1,80.0,78.0,74.0,72.0,74.0
CK-103331,S024,2026-07-15,morning,A0004,app_volunteer,3.5,1,87.0,94.0,90.0,89.7,91.7
CK-103332,S029,2026-07-15,evening,A0297,app_volunteer,6.9,1,78.0,68.0,77.0,76.2,78.2
CK-103333,S032,2026-07-15,evening,A0210,app_volunteer,7.4,1,75.0,82.0,67.0,70.9,72.9
CK-103334,S033,2026-07-15,evening,A0394,app_volunteer,8.3,1,80.0,80.0,76.0,81.1,83.1
CK-103335,S039,2026-07-15,evening,A0149,app_volunteer,6.7,1,87.0,81.0,81.0,79.6,81.6
CK-103336,S039,2026-07-15,midday,A0369,app_volunteer,6.1,1,65.0,66.0,63.0,70.5,72.5
CK-103337,S040,2026-07-15,evening,A0073,app_volunteer,8.7,1,72.0,71.0,70.0,70.5,72.5
CK-103338,S045,2026-07-15,evening,A0096,app_volunteer,7.6,1,76.0,72.0,72.0,74.1,76.1
CK-103339,S050,2026-07-15,midday,A0205,app_volunteer,3.2,1,84.0,79.0,92.0,81.9,83.9
CK-103340,S055,2026-07-15,evening,A0280,app_volunteer,4.8,1,61.0,73.0,64.0,64.4,66.4
CK-103341,S061,2026-07-15,evening,A0024,app_volunteer,6.9,1,72.0,71.0,74.0,69.9,71.9
CK-103342,S065,2026-07-15,midday,A0205,app_volunteer,3.9,1,80.0,74.0,71.0,75.0,77.0
CK-103343,S072,2026-07-15,evening,A0151,app_volunteer,5.5,1,70.0,78.0,73.0,74.6,76.6
CK-103344,S078,2026-07-15,midday,A0385,app_volunteer,1.9,1,85.0,84.0,84.0,85.5,87.5
CK-103345,S085,2026-07-15,midday,A0096,app_volunteer,6.0,1,74.0,69.0,73.0,72.4,74.4
CK-103346,S086,2026-07-15,midday,A0029,app_volunteer,8.1,1,96.0,80.0,80.0,81.3,83.3
CK-103347,S095,2026-07-15,midday,A0151,app_volunteer,3.6,0,64.0,84.0,75.0,72.7,74.7
CK-103348,S110,2026-07-15,morning,A0240,app_volunteer,8.1,1,78.0,77.0,67.0,72.9,74.9
CK-103349,S110,2026-07-15,evening,A0389,app_volunteer,3.8,0,57.0,60.0,66.0,60.6,62.6
CK-103350,S110,2026-07-15,midday,A0303,app_volunteer,4.2,1,77.0,78.0,74.0,76.1,78.1
CK-103351,S112,2026-07-15,evening,A0353,app_volunteer,4.5,1,76.0,84.0,81.0,80.5,82.5
CK-103352,S113,2026-07-15,morning,A0167,app_volunteer,3.0,1,76.0,79.0,76.0,77.0,79.0
CK-103353,S011,2026-07-16,midday,A0142,app_volunteer,4.4,1,79.0,82.0,77.0,76.9,78.9
CK-103354,S012,2026-07-16,evening,A0221,app_volunteer,10.3,1,67.0,64.0,73.0,70.1,72.1
CK-103355,S015,2026-07-16,evening,A0367,app_volunteer,3.2,1,71.0,67.0,75.0,73.6,75.6
CK-103356,S017,2026-07-16,evening,A0103,app_volunteer,6.9,1,72.0,66.0,66.0,69.4,71.4
CK-103357,S029,2026-07-16,evening,A0112,app_volunteer,7.4,1,64.0,69.0,55.0,64.8,66.8
CK-103358,S029,2026-07-16,evening,A0138,app_volunteer,5.3,1,79.0,65.0,73.0,71.7,73.7
CK-103359,S029,2026-07-16,evening,A0236,app_volunteer,3.3,1,69.0,71.0,68.0,68.3,70.3
CK-103360,S029,2026-07-16,morning,V9999,qa_internal,1.0,1,100.0,100.0,100.0,100.0,102.0
CK-103361,S029,2026-07-16,evening,V9999,qa_internal,1.0,1,100.0,100.0,100.0,100.0,102.0
CK-103362,S035,2026-07-16,evening,A0388,app_volunteer,7.6,1,64.0,71.0,81.0,70.8,72.8
CK-103363,S036,2026-07-16,evening,A0056,app_volunteer,3.9,1,75.0,88.0,84.0,81.5,83.5
CK-103364,S037,2026-07-16,evening,A0188,app_volunteer,7.0,1,73.0,72.0,75.0,69.7,71.7
CK-103365,S055,2026-07-16,evening,A0292,app_volunteer,3.9,1,63.0,65.0,62.0,64.4,66.4
CK-103366,S056,2026-07-16,evening,A0256,app_volunteer,4.3,1,86.0,84.0,88.0,86.3,88.3
CK-103367,S056,2026-07-16,evening,A0138,app_volunteer,8.5,0,59.0,68.0,67.0,66.5,68.5
CK-103368,S063,2026-07-16,evening,A0396,app_volunteer,10.1,0,75.0,82.0,81.0,77.2,79.2
CK-103369,S065,2026-07-16,evening,A0283,app_volunteer,4.9,1,55.0,70.0,69.0,66.7,68.7
CK-103370,S077,2026-07-16,evening,A0142,app_volunteer,3.9,1,71.0,70.0,75.0,71.0,73.0
CK-103371,S082,2026-07-16,midday,A0320,app_volunteer,5.4,1,82.0,85.0,81.0,81.2,83.2
CK-103372,S083,2026-07-16,evening,A0060,app_volunteer,4.0,1,56.0,67.0,66.0,66.5,68.5
CK-103373,S087,2026-07-16,evening,A0327,app_volunteer,10.8,1,67.0,73.0,65.0,69.1,71.1
CK-103374,S093,2026-07-16,midday,A0036,app_volunteer,4.3,1,85.0,84.0,79.0,83.5,85.5
CK-103375,S095,2026-07-16,evening,A0272,app_volunteer,7.1,1,70.0,72.0,66.0,69.2,71.2
CK-103376,S099,2026-07-16,morning,A0088,app_volunteer,6.1,1,76.0,83.0,74.0,78.4,80.4
CK-103377,S106,2026-07-16,evening,A0244,app_volunteer,9.4,0,74.0,74.0,76.0,75.4,77.4
CK-103378,S107,2026-07-16,midday,A0315,app_volunteer,6.0,1,77.0,73.0,75.0,76.7,78.7
CK-103379,S003,2026-07-17,evening,A0134,app_volunteer,6.6,1,72.0,74.0,66.0,75.5,77.5
CK-103380,S010,2026-07-17,evening,A0008,app_volunteer,6.1,1,82.0,76.0,75.0,76.8,78.8
CK-103381,S017,2026-07-17,morning,A0283,app_volunteer,5.2,1,69.0,85.0,83.0,80.9,82.9
CK-103382,S020,2026-07-17,evening,A0141,app_volunteer,3.3,1,76.0,68.0,72.0,71.4,73.4
CK-103383,S030,2026-07-17,midday,A0062,app_volunteer,15.6,0,82.0,85.0,86.0,82.9,84.9
CK-103384,S030,2026-07-17,midday,A0042,app_volunteer,4.0,1,96.0,87.0,93.0,91.1,93.1
CK-103385,S050,2026-07-17,evening,A0301,app_volunteer,7.0,1,71.0,76.0,77.0,73.6,75.6
CK-103386,S051,2026-07-17,evening,A0256,app_volunteer,6.0,1,84.0,93.0,82.0,88.4,90.4
CK-103387,S054,2026-07-17,evening,A0362,app_volunteer,11.6,1,75.0,66.0,66.0,71.6,73.6
CK-103388,S055,2026-07-17,midday,A0082,app_volunteer,4.8,1,88.0,79.0,88.0,84.2,86.2
CK-103389,S056,2026-07-17,evening,A0322,app_volunteer,8.1,1,67.0,70.0,71.0,74.7,76.7
CK-103390,S060,2026-07-17,evening,A0066,app_volunteer,5.8,1,70.0,66.0,68.0,69.5,71.5
CK-103391,S061,2026-07-17,evening,A0054,app_volunteer,4.3,0,83.0,85.0,79.0,81.2,83.2
CK-103392,S080,2026-07-17,midday,A0174,app_volunteer,3.1,1,85.0,82.0,71.0,80.0,82.0
CK-103393,S085,2026-07-17,evening,A0113,app_volunteer,5.9,1,61.0,60.0,61.0,62.3,64.3
CK-103394,S097,2026-07-17,evening,A0063,app_volunteer,4.2,1,78.0,73.0,70.0,76.4,78.4
CK-103395,S102,2026-07-17,evening,A0116,app_volunteer,6.5,1,77.0,82.0,80.0,79.7,81.7
CK-103396,S110,2026-07-17,evening,A0285,app_volunteer,3.3,1,74.0,81.0,78.0,75.5,77.5
CK-103397,S114,2026-07-17,evening,A0382,app_volunteer,6.5,1,60.0,73.0,63.0,64.8,66.8
CK-103398,S006,2026-07-18,morning,A0323,app_volunteer,1.4,1,67.0,71.0,69.0,72.0,74.0
CK-103399,S010,2026-07-18,morning,A0324,app_volunteer,6.5,1,85.0,80.0,80.0,81.0,83.0
CK-103400,S010,2026-07-18,evening,A0205,app_volunteer,3.1,1,74.0,65.0,77.0,75.7,77.7
CK-103401,S020,2026-07-18,midday,A0237,app_volunteer,3.3,1,81.0,69.0,77.0,77.2,79.2
CK-103402,S025,2026-07-18,evening,A0083,app_volunteer,6.6,1,70.0,75.0,70.0,73.6,75.6
CK-103403,S037,2026-07-18,midday,A0249,app_volunteer,4.5,1,68.0,67.0,64.0,63.4,65.4
CK-103404,S040,2026-07-18,evening,A0017,app_volunteer,7.9,1,69.0,62.0,70.0,68.2,70.2
CK-103405,S052,2026-07-18,midday,A0330,app_volunteer,2.7,1,73.0,79.0,73.0,75.1,77.1
CK-103406,S055,2026-07-18,evening,A0367,app_volunteer,4.6,1,69.0,70.0,76.0,72.7,74.7
CK-103407,S061,2026-07-18,evening,A0079,app_volunteer,4.3,1,68.0,74.0,74.0,75.5,77.5
CK-103408,S065,2026-07-18,evening,A0324,app_volunteer,2.4,1,66.0,76.0,83.0,69.5,71.5
CK-103409,S075,2026-07-18,morning,A0234,app_volunteer,7.3,1,79.0,78.0,74.0,74.1,76.1
CK-103410,S085,2026-07-18,morning,A0390,app_volunteer,15.5,1,88.0,96.0,90.0,91.2,93.2
CK-103411,S108,2026-07-18,midday,A0007,app_volunteer,7.4,1,63.0,59.0,67.0,65.7,67.7
CK-103412,S120,2026-07-18,midday,A0114,app_volunteer,3.9,1,71.0,80.0,69.0,73.5,75.5
CK-103413,S010,2026-07-19,midday,A0217,app_volunteer,4.2,1,80.0,83.0,78.0,82.8,84.8
CK-103414,S011,2026-07-19,midday,A0184,app_volunteer,2.4,1,84.0,88.0,87.0,86.8,88.8
CK-103415,S020,2026-07-19,evening,A0081,app_volunteer,6.7,1,77.0,82.0,86.0,77.3,79.3
CK-103416,S029,2026-07-19,morning,V9999,qa_internal,1.0,1,100.0,100.0,100.0,100.0,102.0
CK-103417,S029,2026-07-19,midday,V9999,qa_internal,1.0,1,100.0,100.0,100.0,100.0,102.0
CK-103418,S029,2026-07-19,midday,V9999,qa_internal,1.0,1,100.0,100.0,100.0,100.0,102.0
CK-103419,S029,2026-07-19,midday,V9999,qa_internal,1.0,1,100.0,100.0,100.0,100.0,102.0
CK-103420,S030,2026-07-19,evening,A0094,app_volunteer,8.7,1,91.0,79.0,90.0,84.7,86.7
CK-103421,S035,2026-07-19,evening,A0062,app_volunteer,3.0,1,84.0,84.0,78.0,79.5,81.5
CK-103422,S037,2026-07-19,evening,A0259,app_volunteer,2.0,1,74.0,73.0,64.0,74.2,76.2
CK-103423,S050,2026-07-19,midday,A0269,app_volunteer,2.2,1,85.0,90.0,81.0,83.6,85.6
CK-103424,S050,2026-07-19,midday,A0318,app_volunteer,2.9,0,91.0,91.0,83.0,88.4,90.4
CK-103425,S061,2026-07-19,midday,A0049,app_volunteer,3.2,1,70.0,72.0,81.0,74.9,76.9
CK-103426,S065,2026-07-19,evening,A0366,app_volunteer,6.5,1,67.0,63.0,65.0,69.1,71.1
CK-103427,S071,2026-07-19,evening,A0011,app_volunteer,6.5,1,60.0,63.0,71.0,67.1,69.1
CK-103428,S075,2026-07-19,evening,A0106,app_volunteer,2.9,1,85.0,79.0,81.0,82.0,84.0
CK-103429,S075,2026-07-19,midday,A0177,app_volunteer,8.9,1,82.0,78.0,84.0,82.7,84.7
CK-103430,S090,2026-07-19,morning,A0322,app_volunteer,4.6,1,80.0,75.0,76.0,75.4,77.4
CK-103431,S114,2026-07-19,evening,A0238,app_volunteer,2.9,1,73.0,84.0,87.0,79.2,81.2
CK-103432,S007,2026-07-20,evening,A0325,app_volunteer,6.8,1,83.0,81.0,81.0,80.4,82.4
CK-103433,S008,2026-07-20,evening,A0258,app_volunteer,5.0,1,74.0,77.0,77.0,75.7,77.7
CK-103434,S010,2026-07-20,evening,A0333,app_volunteer,6.2,1,67.0,74.0,58.0,65.4,67.4
CK-103435,S010,2026-07-20,midday,A0056,app_volunteer,5.4,1,76.0,79.0,84.0,81.6,83.6
CK-103436,S010,2026-07-20,evening,A0380,app_volunteer,4.2,1,67.0,62.0,64.0,64.0,66.0
CK-103437,S019,2026-07-20,morning,A0297,app_volunteer,4.9,1,82.0,74.0,69.0,79.1,81.1
CK-103438,S020,2026-07-20,midday,A0215,app_volunteer,2.5,1,88.0,82.0,87.0,85.7,87.7
CK-103439,S020,2026-07-20,evening,A0097,app_volunteer,4.3,1,79.0,71.0,81.0,75.0,77.0
CK-103440,S020,2026-07-20,evening,A0366,app_volunteer,8.9,0,71.0,70.0,67.0,72.1,74.1
CK-103441,S029,2026-07-20,midday,V9999,qa_internal,1.0,1,100.0,100.0,100.0,100.0,102.0
CK-103442,S029,2026-07-20,midday,V9999,qa_internal,1.0,1,100.0,100.0,100.0,100.0,102.0
CK-103443,S029,2026-07-20,evening,V9999,qa_internal,1.0,1,100.0,100.0,100.0,100.0,102.0
CK-103444,S030,2026-07-20,midday,A0304,app_volunteer,3.0,1,85.0,89.0,93.0,89.4,91.4
CK-103445,S033,2026-07-20,midday,A0379,app_volunteer,3.9,1,78.0,74.0,74.0,79.6,81.6
CK-103446,S070,2026-07-20,evening,A0305,app_volunteer,5.4,1,68.0,68.0,68.0,68.1,70.1
CK-103447,S070,2026-07-20,evening,A0109,app_volunteer,2.7,1,68.0,72.0,74.0,79.7,81.7
CK-103448,S076,2026-07-20,evening,A0300,app_volunteer,4.6,1,69.0,63.0,72.0,70.5,72.5
CK-103449,S078,2026-07-20,midday,A0113,app_volunteer,6.6,1,79.0,84.0,85.0,77.1,79.1
CK-103450,S083,2026-07-20,midday,A0089,app_volunteer,10.0,1,58.0,61.0,65.0,59.1,61.1
CK-103451,S083,2026-07-20,morning,A0164,app_volunteer,10.6,1,57.0,63.0,55.0,58.8,60.8
CK-103452,S085,2026-07-20,evening,A0347,app_volunteer,5.4,1,62.0,58.0,64.0,66.3,68.3
CK-103453,S088,2026-07-20,midday,A0310,app_volunteer,6.8,1,60.0,78.0,71.0,70.6,72.6
CK-103454,S095,2026-07-20,evening,A0053,app_volunteer,5.3,1,84.0,86.0,87.0,83.3,85.3
CK-103455,S109,2026-07-20,evening,A0261,app_volunteer,14.4,1,59.0,72.0,71.0,66.8,68.8
CK-103456,S110,2026-07-20,morning,A0232,app_volunteer,3.9,1,75.0,81.0,75.0,74.1,76.1
CK-103457,S112,2026-07-20,evening,A0046,app_volunteer,11.9,1,72.0,80.0,74.0,72.4,74.4
CK-103458,S005,2026-07-21,morning,A0238,app_volunteer,2.4,1,74.0,68.0,64.0,68.8,70.8
CK-103459,S005,2026-07-21,midday,A0307,app_volunteer,3.2,1,75.0,84.0,72.0,80.7,82.7
CK-103460,S021,2026-07-21,midday,A0244,app_volunteer,5.1,1,70.0,61.0,70.0,66.8,68.8
CK-103461,S023,2026-07-21,evening,A0316,app_volunteer,3.9,1,72.0,73.0,77.0,73.9,75.9
CK-103462,S029,2026-07-21,evening,V9999,qa_internal,1.0,1,100.0,100.0,100.0,100.0,102.0
CK-103463,S030,2026-07-21,evening,A0227,app_volunteer,5.4,1,67.0,58.0,69.0,64.5,66.5
CK-103464,S031,2026-07-21,midday,A0253,app_volunteer,7.7,1,83.0,82.0,80.0,83.3,85.3
CK-103465,S035,2026-07-21,evening,A0094,app_volunteer,10.2,1,77.0,71.0,79.0,76.2,78.2
CK-103466,S041,2026-07-21,midday,A0017,app_volunteer,6.2,0,70.0,74.0,67.0,69.2,71.2
CK-103467,S055,2026-07-21,evening,A0169,app_volunteer,6.1,1,77.0,81.0,77.0,81.5,83.5
CK-103468,S055,2026-07-21,evening,A0234,app_volunteer,5.8,1,65.0,66.0,64.0,69.5,71.5
CK-103469,S061,2026-07-21,evening,A0295,app_volunteer,8.9,1,84.0,79.0,83.0,84.6,86.6
CK-103470,S073,2026-07-21,evening,A0107,app_volunteer,16.9,1,78.0,74.0,76.0,77.2,79.2
CK-103471,S075,2026-07-21,midday,A0284,app_volunteer,4.4,1,70.0,74.0,65.0,70.0,72.0
CK-103472,S086,2026-07-21,evening,A0067,app_volunteer,5.5,1,73.0,76.0,78.0,75.4,77.4
CK-103473,S093,2026-07-21,evening,A0307,app_volunteer,4.3,1,82.0,76.0,75.0,76.4,78.4
CK-103474,S099,2026-07-21,evening,A0265,app_volunteer,4.4,1,81.0,79.0,74.0,73.7,75.7
CK-103475,S110,2026-07-21,midday,A0207,app_volunteer,3.7,1,81.0,82.0,78.0,81.3,83.3
CK-103476,S011,2026-07-22,evening,A0250,app_volunteer,7.6,1,82.0,76.0,73.0,77.5,79.5
CK-103477,S015,2026-07-22,evening,A0046,app_volunteer,5.3,1,71.0,61.0,76.0,74.2,76.2
CK-103478,S019,2026-07-22,midday,A0175,app_volunteer,4.8,1,74.0,78.0,72.0,73.1,75.1
CK-103479,S025,2026-07-22,evening,A0342,app_volunteer,3.8,0,61.0,66.0,69.0,64.4,66.4
CK-103480,S025,2026-07-22,evening,A0393,app_volunteer,10.0,1,65.0,68.0,66.0,64.3,66.3
CK-103481,S029,2026-07-22,midday,V9999,qa_internal,1.0,1,100.0,100.0,100.0,100.0,102.0
CK-103482,S029,2026-07-22,evening,V9999,qa_internal,1.0,1,100.0,100.0,100.0,100.0,102.0
CK-103483,S030,2026-07-22,evening,A0216,app_volunteer,3.7,1,74.0,81.0,85.0,77.9,79.9
CK-103484,S039,2026-07-22,morning,A0291,app_volunteer,3.1,1,69.0,73.0,75.0,73.8,75.8
CK-103485,S050,2026-07-22,evening,A0307,app_volunteer,8.0,1,73.0,69.0,67.0,70.0,72.0
CK-103486,S052,2026-07-22,evening,A0350,app_volunteer,2.7,1,64.0,70.0,70.0,66.1,68.1
CK-103487,S055,2026-07-22,evening,A0246,app_volunteer,10.8,1,65.0,67.0,62.0,62.0,64.0
CK-103488,S059,2026-07-22,evening,A0119,app_volunteer,6.7,1,78.0,87.0,79.0,81.3,83.3
CK-103489,S061,2026-07-22,midday,A0060,app_volunteer,12.2,1,83.0,85.0,88.0,85.3,87.3
CK-103490,S066,2026-07-22,evening,A0344,app_volunteer,5.7,1,69.0,77.0,64.0,67.5,69.5
CK-103491,S075,2026-07-22,midday,A0033,app_volunteer,4.1,1,67.0,82.0,70.0,73.5,75.5
CK-103492,S080,2026-07-22,evening,A0348,app_volunteer,2.9,1,73.0,75.0,76.0,73.6,75.6
CK-103493,S084,2026-07-22,evening,A0016,app_volunteer,6.2,1,81.0,81.0,83.0,78.9,80.9
CK-103494,S100,2026-07-22,evening,A0284,app_volunteer,10.8,1,68.0,70.0,75.0,71.9,73.9
CK-103495,S100,2026-07-22,evening,A0065,app_volunteer,5.9,1,78.0,77.0,79.0,76.6,78.6
CK-103496,S112,2026-07-22,evening,A0178,app_volunteer,5.7,1,78.0,69.0,75.0,73.6,75.6
CK-103497,S001,2026-07-23,evening,A0198,app_volunteer,7.2,1,59.0,72.0,68.0,66.4,68.4
CK-103498,S015,2026-07-23,evening,A0215,app_volunteer,8.8,1,73.0,80.0,69.0,74.7,76.7
CK-103499,S024,2026-07-23,evening,A0059,app_volunteer,5.8,1,70.0,76.0,80.0,72.1,74.1
CK-103500,S025,2026-07-23,evening,A0025,app_volunteer,7.7,1,71.0,84.0,82.0,83.4,85.4
CK-103501,S029,2026-07-23,evening,A0202,app_volunteer,4.8,1,75.0,71.0,63.0,68.0,70.0
CK-103502,S029,2026-07-23,midday,A0333,app_volunteer,6.2,1,73.0,69.0,75.0,72.7,74.7
CK-103503,S037,2026-07-23,evening,A0038,app_volunteer,3.9,1,69.0,80.0,75.0,75.0,77.0
CK-103504,S044,2026-07-23,evening,A0398,app_volunteer,5.7,1,68.0,66.0,72.0,68.8,70.8
CK-103505,S045,2026-07-23,midday,A0388,app_volunteer,5.4,1,62.0,70.0,65.0,70.2,72.2
CK-103506,S047,2026-07-23,evening,A0269,app_volunteer,4.4,0,76.0,72.0,74.0,75.8,77.8
CK-103507,S054,2026-07-23,evening,A0305,app_volunteer,4.9,1,73.0,74.0,73.0,72.3,74.3
CK-103508,S054,2026-07-23,midday,A0358,app_volunteer,2.6,1,69.0,64.0,68.0,67.4,69.4
CK-103509,S055,2026-07-23,evening,A0384,app_volunteer,4.6,1,81.0,84.0,75.0,74.7,76.7
CK-103510,S055,2026-07-23,morning,A0181,app_volunteer,2.3,1,100.0,94.0,90.0,91.1,93.1
CK-103511,S055,2026-07-23,midday,A0241,app_volunteer,7.7,1,88.0,84.0,91.0,85.5,87.5
CK-103512,S057,2026-07-23,midday,A0186,app_volunteer,4.0,1,74.0,86.0,83.0,84.7,86.7
CK-103513,S065,2026-07-23,midday,A0102,app_volunteer,6.2,1,69.0,69.0,73.0,72.8,74.8
CK-103514,S069,2026-07-23,evening,A0140,app_volunteer,6.3,1,78.0,77.0,71.0,69.9,71.9
CK-103515,S070,2026-07-23,evening,A0124,app_volunteer,4.2,1,81.0,87.0,78.0,80.5,82.5
CK-103516,S075,2026-07-23,evening,A0086,app_volunteer,5.7,1,63.0,74.0,67.0,71.8,73.8
CK-103517,S091,2026-07-23,evening,A0245,app_volunteer,7.3,1,78.0,80.0,73.0,76.9,78.9
CK-103518,S092,2026-07-23,evening,A0383,app_volunteer,3.7,1,63.0,73.0,69.0,67.5,69.5
CK-103519,S100,2026-07-23,evening,A0076,app_volunteer,8.4,1,71.0,81.0,78.0,82.7,84.7
CK-103520,S108,2026-07-23,evening,A0382,app_volunteer,4.3,1,63.0,74.0,66.0,68.4,70.4
CK-103521,S110,2026-07-23,evening,A0110,app_volunteer,11.0,1,65.0,70.0,64.0,66.1,68.1
CK-103522,S110,2026-07-23,morning,A0024,app_volunteer,4.8,1,74.0,76.0,71.0,71.8,73.8
CK-103523,S004,2026-07-24,midday,A0131,app_volunteer,6.6,1,85.0,84.0,81.0,82.4,84.4
CK-103524,S005,2026-07-24,evening,A0096,app_volunteer,6.5,1,81.0,72.0,83.0,80.6,82.6
CK-103525,S009,2026-07-24,evening,A0341,app_volunteer,6.2,1,63.0,69.0,59.0,64.6,66.6
CK-103526,S009,2026-07-24,midday,A0037,app_volunteer,3.8,1,79.0,79.0,76.0,77.8,79.8
CK-103527,S017,2026-07-24,midday,A0178,app_volunteer,5.0,1,76.0,69.0,77.0,74.7,76.7
CK-103528,S020,2026-07-24,evening,A0364,app_volunteer,5.5,1,68.0,77.0,71.0,72.8,74.8
CK-103529,S021,2026-07-24,midday,A0247,app_volunteer,4.2,1,83.0,67.0,61.0,70.1,72.1
CK-103530,S035,2026-07-24,midday,A0362,app_volunteer,4.7,1,81.0,83.0,76.0,76.0,78.0
CK-103531,S035,2026-07-24,midday,A0197,app_volunteer,2.0,1,81.0,84.0,73.0,77.9,79.9
CK-103532,S035,2026-07-24,evening,A0152,app_volunteer,5.6,1,68.0,62.0,74.0,72.0,74.0
CK-103533,S049,2026-07-24,evening,A0350,app_volunteer,5.5,1,69.0,48.0,67.0,63.2,65.2
CK-103534,S050,2026-07-24,midday,A0231,app_volunteer,4.1,1,81.0,74.0,77.0,76.7,78.7
CK-103535,S052,2026-07-24,evening,A0035,app_volunteer,7.1,1,75.0,64.0,74.0,73.0,75.0
CK-103536,S059,2026-07-24,evening,A0169,app_volunteer,7.8,1,63.0,70.0,68.0,67.6,69.6
CK-103537,S063,2026-07-24,midday,A0200,app_volunteer,4.2,1,73.0,66.0,80.0,74.1,76.1
CK-103538,S064,2026-07-24,evening,A0008,app_volunteer,3.9,1,80.0,88.0,81.0,83.8,85.8
CK-103539,S075,2026-07-24,evening,A0265,app_volunteer,5.0,1,83.0,81.0,80.0,82.5,84.5
CK-103540,S077,2026-07-24,evening,A0378,app_volunteer,4.3,1,63.0,52.0,66.0,67.9,69.9
CK-103541,S080,2026-07-24,midday,A0295,app_volunteer,5.2,1,78.0,79.0,86.0,78.9,80.9
CK-103542,S080,2026-07-24,evening,A0346,app_volunteer,3.9,1,72.0,69.0,64.0,71.8,73.8
CK-103543,S086,2026-07-24,evening,A0369,app_volunteer,12.1,1,67.0,76.0,73.0,72.9,74.9
CK-103544,S087,2026-07-24,midday,A0280,app_volunteer,4.3,1,76.0,77.0,69.0,76.2,78.2
CK-103545,S090,2026-07-24,midday,A0260,app_volunteer,3.5,1,78.0,86.0,79.0,79.1,81.1
CK-103546,S103,2026-07-24,evening,A0251,app_volunteer,3.1,1,73.0,75.0,72.0,73.9,75.9
CK-103547,S116,2026-07-24,midday,A0279,app_volunteer,3.3,1,90.0,85.0,82.0,90.1,92.1
CK-103548,S119,2026-07-24,evening,A0345,app_volunteer,10.3,1,75.0,68.0,77.0,78.9,80.9
CK-103549,S005,2026-07-25,evening,A0281,app_volunteer,7.0,1,68.0,86.0,74.0,74.7,76.7
CK-103550,S008,2026-07-25,evening,A0076,app_volunteer,7.3,1,83.0,89.0,91.0,82.8,84.8
CK-103551,S019,2026-07-25,evening,A0063,app_volunteer,7.3,1,80.0,83.0,81.0,79.0,81.0
CK-103552,S020,2026-07-25,evening,A0116,app_volunteer,5.2,1,80.0,83.0,76.0,77.4,79.4
CK-103553,S022,2026-07-25,evening,A0285,app_volunteer,5.9,1,78.0,71.0,81.0,78.0,80.0
CK-103554,S025,2026-07-25,midday,A0145,app_volunteer,6.0,1,70.0,80.0,81.0,79.0,81.0
CK-103555,S030,2026-07-25,midday,A0272,app_volunteer,5.5,1,72.0,67.0,74.0,72.1,74.1
CK-103556,S032,2026-07-25,evening,A0125,app_volunteer,5.2,1,73.0,63.0,61.0,65.3,67.3
CK-103557,S035,2026-07-25,midday,A0350,app_volunteer,4.5,1,70.0,72.0,69.0,71.3,73.3
CK-103558,S037,2026-07-25,midday,A0238,app_volunteer,3.1,1,95.0,95.0,89.0,85.6,87.6
CK-103559,S049,2026-07-25,evening,A0007,app_volunteer,6.3,1,64.0,62.0,74.0,72.5,74.5
CK-103560,S055,2026-07-25,evening,A0217,app_volunteer,4.3,1,79.0,67.0,76.0,69.3,71.3
CK-103561,S061,2026-07-25,midday,A0230,app_volunteer,2.5,1,70.0,66.0,70.0,67.1,69.1
CK-103562,S061,2026-07-25,evening,A0144,app_volunteer,2.7,1,73.0,73.0,69.0,73.4,75.4
CK-103563,S065,2026-07-25,evening,A0274,app_volunteer,5.5,1,89.0,89.0,77.0,87.4,89.4
CK-103564,S065,2026-07-25,midday,A0255,app_volunteer,1.8,1,80.0,85.0,68.0,78.8,80.8
CK-103565,S083,2026-07-25,evening,A0373,app_volunteer,5.3,0,69.0,60.0,64.0,64.3,66.3
CK-103566,S084,2026-07-25,midday,A0183,app_volunteer,3.6,1,78.0,80.0,74.0,79.1,81.1
CK-103567,S088,2026-07-25,morning,A0221,app_volunteer,4.6,1,84.0,71.0,78.0,79.6,81.6
CK-103568,S116,2026-07-25,morning,A0223,app_volunteer,4.9,1,65.0,80.0,69.0,68.9,70.9
CK-103569,S025,2026-07-26,midday,A0013,app_volunteer,7.7,1,72.0,65.0,70.0,68.7,70.7
CK-103570,S035,2026-07-26,morning,A0025,app_volunteer,3.8,1,64.0,60.0,70.0,63.3,65.3
CK-103571,S044,2026-07-26,evening,A0270,app_volunteer,4.6,1,69.0,73.0,66.0,69.8,71.8
CK-103572,S055,2026-07-26,morning,A0237,app_volunteer,4.2,1,86.0,88.0,87.0,83.0,85.0
CK-103573,S065,2026-07-26,evening,A0118,app_volunteer,5.8,0,67.0,73.0,72.0,70.8,72.8
CK-103574,S071,2026-07-26,evening,A0022,app_volunteer,4.2,1,73.0,67.0,77.0,74.2,76.2
CK-103575,S073,2026-07-26,evening,A0170,app_volunteer,3.7,1,73.0,72.0,65.0,72.1,74.1
CK-103576,S077,2026-07-26,evening,A0333,app_volunteer,6.3,1,70.0,80.0,73.0,70.5,72.5
CK-103577,S083,2026-07-26,morning,A0297,app_volunteer,2.7,1,74.0,76.0,76.0,74.1,76.1
CK-103578,S089,2026-07-26,evening,A0226,app_volunteer,5.8,0,74.0,68.0,67.0,67.0,69.0
CK-103579,S095,2026-07-26,evening,A0259,app_volunteer,6.5,1,72.0,74.0,75.0,76.2,78.2
CK-103580,S110,2026-07-26,midday,A0272,app_volunteer,8.4,1,81.0,81.0,72.0,75.9,77.9
CK-103581,S111,2026-07-26,midday,A0317,app_volunteer,4.1,1,78.0,70.0,64.0,70.0,72.0
CK-103582,S002,2026-07-27,midday,A0019,app_volunteer,5.2,1,68.0,75.0,83.0,79.6,81.6
CK-103583,S005,2026-07-27,evening,A0382,app_volunteer,6.6,1,72.0,78.0,79.0,77.9,79.9
CK-103584,S017,2026-07-27,evening,A0041,app_volunteer,5.7,1,60.0,58.0,60.0,59.6,61.6
CK-103585,S019,2026-07-27,midday,A0201,app_volunteer,4.4,1,83.0,80.0,86.0,84.0,86.0
CK-103586,S020,2026-07-27,evening,A0198,app_volunteer,8.2,1,66.0,74.0,76.0,74.1,76.1
CK-103587,S044,2026-07-27,evening,A0342,app_volunteer,8.0,1,66.0,63.0,64.0,67.2,69.2
CK-103588,S049,2026-07-27,morning,A0295,app_volunteer,16.0,1,69.0,74.0,69.0,71.3,73.3
CK-103589,S056,2026-07-27,evening,A0247,app_volunteer,5.4,1,74.0,60.0,60.0,66.7,68.7
CK-103590,S060,2026-07-27,midday,A0059,app_volunteer,5.4,0,74.0,87.0,80.0,77.5,79.5
CK-103591,S061,2026-07-27,midday,A0189,app_volunteer,12.2,1,74.0,75.0,74.0,73.6,75.6
CK-103592,S061,2026-07-27,evening,A0070,app_volunteer,3.5,1,62.0,72.0,62.0,61.3,63.3
CK-103593,S065,2026-07-27,evening,A0097,app_volunteer,11.5,1,72.0,74.0,72.0,73.2,75.2
CK-103594,S070,2026-07-27,evening,A0348,app_volunteer,5.7,0,84.0,74.0,73.0,78.9,80.9
CK-103595,S070,2026-07-27,evening,A0032,app_volunteer,5.6,1,75.0,72.0,81.0,78.5,80.5
CK-103596,S075,2026-07-27,morning,A0153,app_volunteer,3.4,1,83.0,74.0,72.0,76.6,78.6
CK-103597,S080,2026-07-27,evening,A0157,app_volunteer,4.7,0,83.0,81.0,76.0,78.1,80.1
CK-103598,S085,2026-07-27,morning,A0158,app_volunteer,2.5,1,65.0,77.0,74.0,72.5,74.5
CK-103599,S089,2026-07-27,evening,A0139,app_volunteer,3.8,1,67.0,64.0,67.0,71.4,73.4
CK-103600,S095,2026-07-27,evening,A0191,app_volunteer,8.8,1,52.0,58.0,61.0,61.1,63.1
CK-103601,S098,2026-07-27,evening,A0261,app_volunteer,8.6,1,73.0,70.0,74.0,80.9,82.9
CK-103602,S104,2026-07-27,evening,A0259,app_volunteer,4.8,1,80.0,78.0,77.0,78.0,80.0
CK-103603,S104,2026-07-27,morning,A0016,app_volunteer,4.5,1,74.0,71.0,74.0,74.5,76.5
CK-103604,S110,2026-07-27,evening,A0373,app_volunteer,4.4,1,64.0,79.0,72.0,72.7,74.7
CK-103605,S016,2026-07-28,midday,A0023,app_volunteer,4.4,1,78.0,81.0,79.0,80.7,82.7
CK-103606,S020,2026-07-28,evening,A0168,app_volunteer,7.1,1,64.0,63.0,64.0,59.4,61.4
CK-103607,S020,2026-07-28,evening,A0326,app_volunteer,4.6,1,87.0,77.0,82.0,80.9,82.9
CK-103608,S030,2026-07-28,midday,A0259,app_volunteer,3.9,1,86.0,94.0,88.0,89.6,91.6
CK-103609,S030,2026-07-28,evening,A0174,app_volunteer,3.2,1,69.0,69.0,77.0,71.9,73.9
CK-103610,S032,2026-07-28,morning,A0131,app_volunteer,4.8,1,73.0,81.0,83.0,78.8,80.8
CK-103611,S035,2026-07-28,midday,A0108,app_volunteer,1.9,1,60.0,75.0,73.0,75.2,77.2
CK-103612,S041,2026-07-28,midday,A0193,app_volunteer,2.2,1,73.0,67.0,83.0,77.6,79.6
CK-103613,S061,2026-07-28,evening,A0215,app_volunteer,6.8,1,74.0,77.0,77.0,75.3,77.3
CK-103614,S064,2026-07-28,evening,A0084,app_volunteer,9.3,1,69.0,60.0,61.0,62.1,64.1
CK-103615,S080,2026-07-28,midday,A0180,app_volunteer,5.3,1,86.0,79.0,80.0,85.8,87.8
CK-103616,S090,2026-07-28,evening,A0045,app_volunteer,5.2,1,61.0,64.0,58.0,60.8,62.8
CK-103617,S114,2026-07-28,evening,A0023,app_volunteer,4.4,0,63.0,77.0,76.0,73.0,75.0
CK-103618,S007,2026-07-29,evening,A0290,app_volunteer,7.1,1,76.0,85.0,76.0,80.0,82.0
CK-103619,S017,2026-07-29,morning,A0130,app_volunteer,4.2,1,71.0,68.0,68.0,69.4,71.4
CK-103620,S017,2026-07-29,evening,A0276,app_volunteer,2.5,1,79.0,75.0,76.0,76.3,78.3
CK-103621,S018,2026-07-29,midday,A0342,app_volunteer,3.7,0,79.0,68.0,77.0,76.1,78.1
CK-103622,S030,2026-07-29,midday,A0183,app_volunteer,11.3,1,85.0,83.0,85.0,83.4,85.4
CK-103623,S061,2026-07-29,midday,A0043,app_volunteer,5.1,1,90.0,81.0,82.0,82.9,84.9
CK-103624,S061,2026-07-29,evening,A0228,app_volunteer,5.2,1,72.0,80.0,71.0,76.3,78.3
CK-103625,S065,2026-07-29,evening,A0196,app_volunteer,4.7,1,81.0,81.0,88.0,79.9,81.9
CK-103626,S065,2026-07-29,evening,A0169,app_volunteer,6.9,1,66.0,73.0,69.0,69.0,71.0
CK-103627,S069,2026-07-29,evening,A0137,app_volunteer,14.0,1,99.0,86.0,93.0,92.1,94.1
CK-103628,S080,2026-07-29,midday,A0332,app_volunteer,9.1,1,85.0,88.0,85.0,86.1,88.1
CK-103629,S090,2026-07-29,evening,A0343,app_volunteer,6.9,1,67.0,59.0,61.0,60.7,62.7
CK-103630,S090,2026-07-29,evening,A0116,app_volunteer,7.1,1,68.0,59.0,72.0,69.6,71.6
CK-103631,S100,2026-07-29,evening,A0102,app_volunteer,12.5,1,64.0,58.0,68.0,63.6,65.6
CK-103632,S100,2026-07-29,evening,A0084,app_volunteer,5.2,1,71.0,69.0,74.0,69.9,71.9
CK-103633,S113,2026-07-29,morning,A0163,app_volunteer,3.8,1,84.0,75.0,84.0,77.5,79.5
CK-103634,S020,2026-07-30,midday,A0221,app_volunteer,3.9,1,86.0,87.0,100.0,92.2,94.2
CK-103635,S025,2026-07-30,evening,A0274,app_volunteer,5.6,1,65.0,71.0,68.0,68.9,70.9
CK-103636,S027,2026-07-30,midday,A0129,app_volunteer,3.6,1,75.0,72.0,68.0,70.3,72.3
CK-103637,S029,2026-07-30,midday,A0033,app_volunteer,1.8,1,82.0,74.0,68.0,71.4,73.4
CK-103638,S039,2026-07-30,midday,A0006,app_volunteer,6.2,1,70.0,82.0,72.0,75.1,77.1
CK-103639,S040,2026-07-30,morning,A0161,app_volunteer,3.9,1,74.0,70.0,70.0,75.4,77.4
CK-103640,S052,2026-07-30,midday,A0110,app_volunteer,4.6,1,72.0,80.0,71.0,73.0,75.0
CK-103641,S055,2026-07-30,evening,A0197,app_volunteer,4.0,1,62.0,65.0,63.0,64.0,66.0
CK-103642,S063,2026-07-30,midday,A0026,app_volunteer,4.3,1,94.0,73.0,86.0,82.3,84.3
CK-103643,S072,2026-07-30,evening,A0046,app_volunteer,4.1,1,69.0,70.0,73.0,73.0,75.0
CK-103644,S078,2026-07-30,midday,A0230,app_volunteer,4.9,1,65.0,64.0,68.0,68.9,70.9
CK-103645,S080,2026-07-30,midday,A0389,app_volunteer,3.7,1,80.0,79.0,79.0,78.4,80.4
CK-103646,S090,2026-07-30,midday,A0126,app_volunteer,7.0,1,63.0,82.0,84.0,80.7,82.7
CK-103647,S097,2026-07-30,evening,A0375,app_volunteer,7.8,1,84.0,71.0,82.0,77.0,79.0
CK-103648,S098,2026-07-30,midday,A0315,app_volunteer,7.7,1,75.0,86.0,82.0,75.9,77.9
CK-103649,S005,2026-07-31,evening,A0329,app_volunteer,8.8,0,69.0,73.0,73.0,71.9,73.9
CK-103650,S009,2026-07-31,evening,A0290,app_volunteer,6.7,1,68.0,77.0,69.0,74.9,76.9
CK-103651,S017,2026-07-31,evening,A0174,app_volunteer,9.0,1,56.0,50.0,57.0,55.8,57.8
CK-103652,S021,2026-07-31,morning,A0204,app_volunteer,3.2,1,88.0,84.0,90.0,89.0,91.0
CK-103653,S029,2026-07-31,evening,A0086,app_volunteer,4.0,1,75.0,72.0,74.0,72.7,74.7
CK-103654,S040,2026-07-31,evening,A0045,app_volunteer,5.6,1,79.0,65.0,87.0,76.6,78.6
CK-103655,S040,2026-07-31,evening,A0279,app_volunteer,12.3,1,71.0,73.0,72.0,72.5,74.5
CK-103656,S041,2026-07-31,evening,A0066,app_volunteer,7.2,1,69.0,56.0,69.0,66.1,68.1
CK-103657,S045,2026-07-31,evening,A0007,app_volunteer,5.3,1,68.0,59.0,71.0,69.0,71.0
CK-103658,S053,2026-07-31,evening,A0074,app_volunteer,3.8,1,72.0,72.0,71.0,73.1,75.1
CK-103659,S055,2026-07-31,evening,A0014,app_volunteer,4.4,1,73.0,74.0,70.0,73.2,75.2
CK-103660,S055,2026-07-31,midday,A0141,app_volunteer,1.9,1,79.0,84.0,82.0,82.1,84.1
CK-103661,S059,2026-07-31,evening,A0102,app_volunteer,7.9,1,100.0,77.0,92.0,89.0,91.0
CK-103662,S060,2026-07-31,morning,A0321,app_volunteer,2.0,1,79.0,75.0,78.0,79.8,81.8
CK-103663,S060,2026-07-31,evening,A0172,app_volunteer,11.3,1,74.0,94.0,91.0,81.3,83.3
CK-103664,S065,2026-07-31,evening,A0099,app_volunteer,11.4,1,74.0,70.0,69.0,73.7,75.7
CK-103665,S065,2026-07-31,morning,A0357,app_volunteer,2.6,1,76.0,79.0,73.0,76.2,78.2
CK-103666,S075,2026-07-31,evening,A0311,app_volunteer,7.8,1,74.0,69.0,81.0,76.1,78.1
CK-103667,S075,2026-07-31,evening,A0117,app_volunteer,7.8,1,78.0,68.0,71.0,71.9,73.9
CK-103668,S091,2026-07-31,morning,A0145,app_volunteer,5.2,1,77.0,76.0,79.0,73.2,75.2
CK-103669,S094,2026-07-31,midday,A0157,app_volunteer,3.4,1,87.0,74.0,78.0,79.7,81.7
CK-103670,S095,2026-07-31,evening,A0023,app_volunteer,5.4,1,78.0,66.0,69.0,71.8,73.8
CK-103671,S106,2026-07-31,evening,A0070,app_volunteer,7.5,1,69.0,73.0,66.0,66.6,68.6
CK-103672,S110,2026-07-31,evening,A0200,app_volunteer,8.4,1,83.0,78.0,72.0,76.7,78.7
CK-103673,S110,2026-07-31,midday,A0140,app_volunteer,3.6,1,57.0,61.0,59.0,60.4,62.4
CK-103674,S111,2026-07-31,evening,A0086,app_volunteer,3.9,1,73.0,71.0,69.0,74.8,76.8
CK-103675,S005,2026-08-01,midday,A0217,app_volunteer,7.3,1,80.0,90.0,87.0,82.6,84.6
CK-103676,S016,2026-08-01,evening,A0327,app_volunteer,8.4,1,90.0,83.0,80.0,83.3,85.3
CK-103677,S017,2026-08-01,morning,A0099,app_volunteer,3.4,1,61.0,63.0,64.0,62.5,64.5
CK-103678,S017,2026-08-01,evening,A0037,app_volunteer,3.5,1,82.0,76.0,79.0,77.6,79.6
CK-103679,S024,2026-08-01,evening,A0219,app_volunteer,12.0,1,68.0,68.0,72.0,71.2,73.2
CK-103680,S033,2026-08-01,midday,A0224,app_volunteer,7.3,1,71.0,88.0,88.0,80.7,82.7
CK-103681,S041,2026-08-01,midday,A0110,app_volunteer,4.6,1,60.0,62.0,54.0,58.3,60.3
CK-103682,S047,2026-08-01,midday,A0334,app_volunteer,6.4,1,84.0,81.0,89.0,86.6,88.6
CK-103683,S055,2026-08-01,evening,A0143,app_volunteer,11.4,1,88.0,71.0,83.0,81.6,83.6
CK-103684,S060,2026-08-01,evening,A0205,app_volunteer,5.8,1,72.0,62.0,68.0,69.2,71.2
CK-103685,S070,2026-08-01,morning,A0329,app_volunteer,3.1,1,88.0,89.0,85.0,87.5,89.5
CK-103686,S075,2026-08-01,evening,A0336,app_volunteer,3.8,1,57.0,66.0,64.0,65.6,67.6
CK-103687,S076,2026-08-01,evening,A0091,app_volunteer,6.5,1,72.0,71.0,73.0,73.6,75.6
CK-103688,S077,2026-08-01,evening,A0095,app_volunteer,5.2,1,62.0,64.0,76.0,70.0,72.0
CK-103689,S080,2026-08-01,midday,A0382,app_volunteer,3.3,1,73.0,88.0,79.0,79.9,81.9
CK-103690,S083,2026-08-01,midday,A0368,app_volunteer,4.9,1,59.0,67.0,71.0,67.9,69.9
CK-103691,S004,2026-08-02,evening,A0378,app_volunteer,2.4,0,67.0,60.0,64.0,61.4,63.4
CK-103692,S007,2026-08-02,evening,A0287,app_volunteer,5.5,1,69.0,74.0,72.0,70.8,72.8
CK-103693,S010,2026-08-02,evening,A0217,app_volunteer,12.2,1,87.0,82.0,80.0,82.8,84.8
CK-103694,S020,2026-08-02,evening,A0277,app_volunteer,6.5,1,67.0,79.0,66.0,67.7,69.7
CK-103695,S020,2026-08-02,evening,A0181,app_volunteer,3.6,1,72.0,82.0,71.0,77.7,79.7
CK-103696,S025,2026-08-02,evening,A0174,app_volunteer,4.0,1,72.0,77.0,74.0,70.6,72.6
CK-103697,S029,2026-08-02,evening,A0208,app_volunteer,9.0,1,64.0,75.0,72.0,73.1,75.1
CK-103698,S030,2026-08-02,evening,A0263,app_volunteer,9.3,1,82.0,78.0,79.0,75.4,77.4
CK-103699,S036,2026-08-02,evening,A0385,app_volunteer,10.7,1,68.0,66.0,70.0,66.0,68.0
CK-103700,S040,2026-08-02,midday,A0357,app_volunteer,6.4,1,71.0,84.0,78.0,75.0,77.0
CK-103701,S042,2026-08-02,evening,A0246,app_volunteer,5.8,1,74.0,69.0,66.0,71.9,73.9
CK-103702,S042,2026-08-02,midday,A0038,app_volunteer,7.7,1,73.0,84.0,84.0,82.4,84.4
CK-103703,S050,2026-08-02,morning,A0156,app_volunteer,2.8,1,90.0,87.0,75.0,80.9,82.9
CK-103704,S050,2026-08-02,evening,A0096,app_volunteer,10.5,1,76.0,79.0,68.0,73.2,75.2
CK-103705,S060,2026-08-02,evening,A0253,app_volunteer,3.5,1,80.0,72.0,73.0,72.9,74.9
CK-103706,S060,2026-08-02,evening,A0160,app_volunteer,2.0,1,77.0,67.0,66.0,71.0,73.0
CK-103707,S061,2026-08-02,evening,A0201,app_volunteer,5.5,0,74.0,69.0,70.0,71.3,73.3
CK-103708,S070,2026-08-02,morning,A0306,app_volunteer,6.1,1,76.0,72.0,75.0,76.3,78.3
CK-103709,S070,2026-08-02,midday,A0178,app_volunteer,4.9,1,76.0,75.0,81.0,72.4,74.4
CK-103710,S080,2026-08-02,midday,A0369,app_volunteer,1.7,1,85.0,78.0,81.0,86.4,88.4
CK-103711,S083,2026-08-02,evening,A0010,app_volunteer,7.9,1,69.0,64.0,66.0,64.7,66.7
CK-103712,S088,2026-08-02,midday,A0199,app_volunteer,4.7,1,73.0,73.0,77.0,77.1,79.1
CK-103713,S103,2026-08-02,evening,A0253,app_volunteer,7.7,1,63.0,53.0,64.0,66.5,68.5
CK-103714,S109,2026-08-02,evening,A0053,app_volunteer,8.9,1,79.0,79.0,68.0,73.4,75.4
CK-103715,S111,2026-08-02,morning,A0258,app_volunteer,5.4,1,81.0,75.0,79.0,78.8,80.8
CK-103716,S115,2026-08-02,evening,A0018,app_volunteer,8.8,1,69.0,72.0,67.0,73.9,75.9
CK-103717,S004,2026-08-03,evening,A0186,app_volunteer,6.0,1,74.0,84.0,72.0,76.1,78.1
CK-103718,S005,2026-08-03,evening,A0249,app_volunteer,8.0,1,86.0,73.0,78.0,83.8,85.8
CK-103719,S010,2026-08-03,morning,A0109,app_volunteer,2.0,1,85.0,78.0,79.0,78.4,80.4
CK-103720,S014,2026-08-03,evening,A0306,app_volunteer,7.8,1,66.0,66.0,56.0,63.1,65.1
CK-103721,S017,2026-08-03,evening,A0117,app_volunteer,6.9,1,44.0,56.0,49.0,50.4,52.4
CK-103722,S019,2026-08-03,evening,A0232,app_volunteer,9.2,1,68.0,77.0,79.0,74.1,76.1
CK-103723,S020,2026-08-03,midday,A0080,app_volunteer,9.5,1,79.0,73.0,74.0,77.1,79.1
CK-103724,S035,2026-08-03,evening,A0262,app_volunteer,7.3,1,76.0,83.0,77.0,76.8,78.8
CK-103725,S035,2026-08-03,evening,A0115,app_volunteer,11.7,1,59.0,63.0,55.0,61.6,63.6
CK-103726,S050,2026-08-03,midday,A0105,app_volunteer,5.6,1,81.0,88.0,79.0,80.3,82.3
CK-103727,S070,2026-08-03,morning,A0025,app_volunteer,6.1,1,73.0,64.0,76.0,71.3,73.3
CK-103728,S074,2026-08-03,midday,A0395,app_volunteer,5.4,1,69.0,73.0,69.0,77.3,79.3
CK-103729,S083,2026-08-03,morning,A0312,app_volunteer,3.5,1,86.0,70.0,84.0,73.9,75.9
CK-103730,S089,2026-08-03,midday,A0366,app_volunteer,5.5,1,75.0,80.0,80.0,79.4,81.4
CK-103731,S095,2026-08-03,evening,A0138,app_volunteer,5.6,1,65.0,68.0,80.0,73.6,75.6
CK-103732,S095,2026-08-03,midday,A0002,app_volunteer,3.8,1,74.0,78.0,82.0,79.5,81.5
CK-103733,S107,2026-08-03,midday,A0154,app_volunteer,1.8,1,63.0,66.0,73.0,69.9,71.9
CK-103734,S005,2026-08-04,evening,A0348,app_volunteer,2.6,1,75.0,71.0,70.0,71.1,73.1
CK-103735,S011,2026-08-04,evening,A0104,app_volunteer,5.1,1,64.0,85.0,77.0,74.3,76.3
CK-103736,S014,2026-08-04,evening,A0205,app_volunteer,9.7,1,67.0,76.0,63.0,70.0,72.0
CK-103737,S017,2026-08-04,evening,A0259,app_volunteer,10.5,0,53.0,56.0,64.0,60.9,62.9
CK-103738,S035,2026-08-04,evening,A0307,app_volunteer,7.8,0,59.0,62.0,71.0,65.3,67.3
CK-103739,S039,2026-08-04,evening,A0384,app_volunteer,2.8,0,80.0,89.0,79.0,82.7,84.7
CK-103740,S050,2026-08-04,evening,A0205,app_volunteer,4.1,1,62.0,71.0,71.0,65.0,67.0
CK-103741,S060,2026-08-04,evening,A0204,app_volunteer,2.6,1,77.0,79.0,84.0,79.8,81.8
CK-103742,S060,2026-08-04,midday,A0100,app_volunteer,5.6,1,81.0,72.0,81.0,80.1,82.1
CK-103743,S062,2026-08-04,evening,A0188,app_volunteer,12.6,1,74.0,80.0,73.0,76.1,78.1
CK-103744,S075,2026-08-04,evening,A0058,app_volunteer,6.9,1,71.0,60.0,61.0,62.0,64.0
CK-103745,S075,2026-08-04,evening,A0114,app_volunteer,15.0,1,78.0,77.0,82.0,79.6,81.6
CK-103746,S100,2026-08-04,evening,A0139,app_volunteer,6.4,1,70.0,77.0,85.0,73.6,75.6
CK-103747,S118,2026-08-04,midday,A0383,app_volunteer,5.4,1,93.0,91.0,90.0,92.0,94.0
CK-103748,S013,2026-08-05,evening,A0062,app_volunteer,8.1,1,86.0,87.0,78.0,81.3,83.3
CK-103749,S020,2026-08-05,midday,A0049,app_volunteer,8.1,1,83.0,78.0,88.0,81.0,83.0
CK-103750,S020,2026-08-05,evening,A0258,app_volunteer,3.5,0,73.0,70.0,63.0,69.7,71.7
CK-103751,S035,2026-08-05,evening,A0089,app_volunteer,6.7,1,77.0,75.0,79.0,76.1,78.1
CK-103752,S039,2026-08-05,evening,A0256,app_volunteer,4.1,1,71.0,70.0,68.0,69.4,71.4
CK-103753,S040,2026-08-05,evening,A0387,app_volunteer,4.5,1,70.0,68.0,70.0,70.8,72.8
CK-103754,S046,2026-08-05,midday,A0271,app_volunteer,3.9,0,60.0,59.0,56.0,62.2,64.2
CK-103755,S055,2026-08-05,evening,A0348,app_volunteer,6.8,1,65.0,71.0,69.0,71.6,73.6
CK-103756,S057,2026-08-05,evening,A0377,app_volunteer,5.5,1,56.0,64.0,63.0,62.4,64.4
CK-103757,S061,2026-08-05,evening,A0247,app_volunteer,4.7,1,85.0,84.0,84.0,83.8,85.8
CK-103758,S070,2026-08-05,midday,A0185,app_volunteer,2.8,1,74.0,84.0,80.0,75.3,77.3
CK-103759,S075,2026-08-05,evening,A0314,app_volunteer,7.4,1,82.0,79.0,74.0,79.1,81.1
CK-103760,S083,2026-08-05,midday,A0061,app_volunteer,4.3,1,73.0,63.0,68.0,71.9,73.9
CK-103761,S089,2026-08-05,evening,A0281,app_volunteer,15.5,1,63.0,66.0,59.0,64.8,66.8
CK-103762,S090,2026-08-05,evening,A0239,app_volunteer,8.8,1,64.0,55.0,63.0,60.6,62.6
CK-103763,S090,2026-08-05,midday,A0380,app_volunteer,5.7,1,87.0,85.0,83.0,83.6,85.6
CK-103764,S092,2026-08-05,evening,A0368,app_volunteer,4.7,0,66.0,67.0,59.0,65.8,67.8
CK-103765,S095,2026-08-05,midday,A0138,app_volunteer,4.9,1,87.0,91.0,79.0,83.9,85.9
CK-103766,S115,2026-08-05,evening,A0278,app_volunteer,4.5,1,81.0,70.0,69.0,73.0,75.0
CK-103767,S117,2026-08-05,midday,A0015,app_volunteer,2.1,1,71.0,82.0,69.0,69.0,71.0
CK-103768,S120,2026-08-05,midday,A0076,app_volunteer,2.7,1,71.0,70.0,80.0,75.8,77.8
CK-103769,S002,2026-08-06,morning,A0123,app_volunteer,3.7,1,80.0,79.0,78.0,80.3,82.3
CK-103770,S009,2026-08-06,evening,A0258,app_volunteer,6.6,1,78.0,71.0,76.0,76.1,78.1
CK-103771,S010,2026-08-06,midday,A0279,app_volunteer,7.5,1,73.0,61.0,75.0,75.8,77.8
CK-103772,S010,2026-08-06,midday,A0336,app_volunteer,5.3,1,79.0,67.0,71.0,70.7,72.7
CK-103773,S015,2026-08-06,morning,A0329,app_volunteer,4.8,1,68.0,77.0,78.0,76.7,78.7
CK-103774,S015,2026-08-06,morning,A0281,app_volunteer,4.3,1,81.0,73.0,76.0,77.8,79.8
CK-103775,S017,2026-08-06,midday,A0296,app_volunteer,8.2,1,78.0,74.0,75.0,78.7,80.7
CK-103776,S017,2026-08-06,evening,A0128,app_volunteer,6.6,1,64.0,64.0,72.0,65.4,67.4
CK-103777,S030,2026-08-06,morning,A0189,app_volunteer,3.3,1,83.0,89.0,86.0,88.9,90.9
CK-103778,S036,2026-08-06,evening,A0188,app_volunteer,4.2,1,79.0,79.0,77.0,78.5,80.5
CK-103779,S041,2026-08-06,midday,A0166,app_volunteer,7.7,1,69.0,67.0,66.0,66.5,68.5
CK-103780,S043,2026-08-06,evening,A0117,app_volunteer,1.5,1,78.0,77.0,79.0,75.1,77.1
CK-103781,S059,2026-08-06,evening,A0304,app_volunteer,3.7,1,64.0,66.0,76.0,68.9,70.9
CK-103782,S061,2026-08-06,midday,A0173,app_volunteer,7.2,1,76.0,80.0,70.0,75.1,77.1
CK-103783,S065,2026-08-06,midday,A0221,app_volunteer,5.4,1,81.0,76.0,85.0,81.1,83.1
CK-103784,S069,2026-08-06,midday,A0334,app_volunteer,5.6,1,80.0,80.0,72.0,77.4,79.4
CK-103785,S070,2026-08-06,morning,A0157,app_volunteer,2.0,0,76.0,81.0,73.0,76.1,78.1
CK-103786,S076,2026-08-06,midday,A0370,app_volunteer,2.7,1,66.0,75.0,75.0,72.1,74.1
CK-103787,S080,2026-08-06,midday,A0364,app_volunteer,3.7,1,77.0,72.0,76.0,76.5,78.5
CK-103788,S087,2026-08-06,midday,A0351,app_volunteer,3.3,1,89.0,89.0,86.0,85.8,87.8
CK-103789,S087,2026-08-06,evening,A0124,app_volunteer,4.0,1,75.0,64.0,61.0,65.3,67.3
CK-103790,S090,2026-08-06,midday,A0210,app_volunteer,3.8,0,63.0,64.0,69.0,69.4,71.4
CK-103791,S095,2026-08-06,evening,A0275,app_volunteer,12.3,1,83.0,83.0,86.0,80.7,82.7
CK-103792,S095,2026-08-06,morning,A0315,app_volunteer,5.1,1,95.0,91.0,97.0,90.5,92.5
CK-103793,S110,2026-08-06,evening,A0113,app_volunteer,6.9,1,72.0,75.0,62.0,69.9,71.9
CK-103794,S003,2026-08-07,evening,A0289,app_volunteer,7.0,1,67.0,67.0,73.0,68.8,70.8
CK-103795,S005,2026-08-07,midday,A0300,app_volunteer,5.7,1,93.0,94.0,96.0,95.1,97.1
CK-103796,S008,2026-08-07,evening,A0077,app_volunteer,3.2,1,78.0,64.0,76.0,71.4,73.4
CK-103797,S025,2026-08-07,evening,A0357,app_volunteer,8.4,1,81.0,77.0,79.0,80.0,82.0
CK-103798,S025,2026-08-07,midday,A0204,app_volunteer,8.8,1,86.0,79.0,75.0,79.0,81.0
CK-103799,S029,2026-08-07,midday,A0359,app_volunteer,2.3,1,61.0,57.0,65.0,63.1,65.1
CK-103800,S029,2026-08-07,midday,A0031,app_volunteer,5.0,1,86.0,70.0,85.0,72.3,74.3
CK-103801,S029,2026-08-07,midday,A0295,app_volunteer,6.5,1,62.0,70.0,68.0,68.1,70.1
CK-103802,S039,2026-08-07,evening,A0111,app_volunteer,13.9,1,60.0,70.0,63.0,66.3,68.3
CK-103803,S039,2026-08-07,evening,A0346,app_volunteer,19.4,1,78.0,83.0,71.0,75.2,77.2
CK-103804,S040,2026-08-07,evening,A0120,app_volunteer,4.7,1,81.0,72.0,80.0,81.0,83.0
CK-103805,S050,2026-08-07,evening,A0363,app_volunteer,7.0,1,80.0,77.0,81.0,76.4,78.4
CK-103806,S054,2026-08-07,evening,A0252,app_volunteer,10.1,1,71.0,70.0,79.0,75.3,77.3
CK-103807,S058,2026-08-07,midday,A0036,app_volunteer,3.1,1,71.0,78.0,72.0,70.3,72.3
CK-103808,S064,2026-08-07,midday,A0116,app_volunteer,6.3,0,77.0,84.0,82.0,83.8,85.8
CK-103809,S065,2026-08-07,midday,A0275,app_volunteer,6.2,1,76.0,73.0,75.0,74.0,76.0
CK-103810,S065,2026-08-07,midday,A0275,app_volunteer,5.6,1,67.0,56.0,61.0,61.9,63.9
CK-103811,S072,2026-08-07,evening,A0246,app_volunteer,11.9,1,69.0,69.0,69.0,68.1,70.1
CK-103812,S074,2026-08-07,midday,A0342,app_volunteer,3.0,1,75.0,72.0,75.0,73.4,75.4
CK-103813,S076,2026-08-07,evening,A0141,app_volunteer,6.7,1,61.0,67.0,70.0,72.2,74.2
CK-103814,S083,2026-08-07,morning,A0025,app_volunteer,4.3,1,91.0,83.0,80.0,83.6,85.6
CK-103815,S084,2026-08-07,evening,A0328,app_volunteer,7.2,1,61.0,58.0,68.0,62.0,64.0
CK-103816,S096,2026-08-07,evening,A0056,app_volunteer,8.9,1,78.0,71.0,69.0,72.3,74.3
CK-103817,S100,2026-08-07,midday,A0274,app_volunteer,2.8,1,87.0,86.0,86.0,82.0,84.0
CK-103818,S114,2026-08-07,evening,A0068,app_volunteer,7.3,1,73.0,62.0,74.0,68.4,70.4
CK-103819,S010,2026-08-08,midday,A0001,app_volunteer,5.8,1,73.0,74.0,68.0,72.2,74.2
CK-103820,S013,2026-08-08,midday,A0068,app_volunteer,3.5,0,76.0,71.0,74.0,73.7,75.7
CK-103821,S015,2026-08-08,midday,A0319,app_volunteer,4.5,0,67.0,73.0,74.0,68.4,70.4
CK-103822,S017,2026-08-08,evening,A0039,app_volunteer,6.8,1,52.0,61.0,64.0,64.0,66.0
CK-103823,S018,2026-08-08,morning,A0346,app_volunteer,7.5,1,80.0,77.0,76.0,76.5,78.5
CK-103824,S025,2026-08-08,midday,A0209,app_volunteer,2.1,1,83.0,73.0,79.0,77.7,79.7
CK-103825,S030,2026-08-08,midday,A0096,app_volunteer,3.7,1,79.0,79.0,80.0,78.8,80.8
CK-103826,S030,2026-08-08,evening,A0289,app_volunteer,3.6,1,72.0,65.0,80.0,75.1,77.1
CK-103827,S036,2026-08-08,evening,A0117,app_volunteer,6.3,1,63.0,59.0,70.0,66.6,68.6
CK-103828,S044,2026-08-08,evening,A0387,app_volunteer,17.0,1,80.0,78.0,82.0,80.7,82.7
CK-103829,S079,2026-08-08,morning,A0160,app_volunteer,4.6,1,92.0,78.0,87.0,83.9,85.9
CK-103830,S080,2026-08-08,morning,A0243,app_volunteer,5.3,1,64.0,63.0,70.0,71.4,73.4
CK-103831,S083,2026-08-08,evening,A0014,app_volunteer,7.8,0,63.0,66.0,65.0,65.6,67.6
CK-103832,S090,2026-08-08,evening,A0274,app_volunteer,5.9,1,66.0,78.0,72.0,73.6,75.6
CK-103833,S090,2026-08-08,midday,A0301,app_volunteer,1.8,1,62.0,60.0,64.0,61.5,63.5
CK-103834,S090,2026-08-08,morning,A0241,app_volunteer,2.4,1,83.0,85.0,76.0,79.5,81.5
CK-103835,S093,2026-08-08,evening,A0039,app_volunteer,6.2,1,74.0,83.0,83.0,81.1,83.1
CK-103836,S095,2026-08-08,evening,A0222,app_volunteer,15.0,1,82.0,92.0,84.0,85.2,87.2
CK-103837,S095,2026-08-08,evening,A0237,app_volunteer,7.6,1,80.0,73.0,76.0,72.1,74.1
CK-103838,S100,2026-08-08,evening,A0131,app_volunteer,4.3,1,73.0,76.0,72.0,71.5,73.5
CK-103839,S110,2026-08-08,midday,A0303,app_volunteer,2.6,1,76.0,72.0,69.0,70.2,72.2
CK-103840,S115,2026-08-08,evening,A0389,app_volunteer,4.8,1,67.0,74.0,76.0,71.1,73.1
CK-103841,S001,2026-08-09,evening,A0354,app_volunteer,3.4,1,63.0,62.0,67.0,65.1,67.1
CK-103842,S022,2026-08-09,morning,A0303,app_volunteer,8.9,1,72.0,82.0,75.0,75.3,77.3
CK-103843,S039,2026-08-09,evening,A0394,app_volunteer,4.3,1,73.0,81.0,77.0,73.4,75.4
CK-103844,S055,2026-08-09,evening,A0040,app_volunteer,2.9,1,81.0,71.0,81.0,79.6,81.6
CK-103845,S065,2026-08-09,evening,A0158,app_volunteer,6.0,1,76.0,85.0,80.0,78.1,80.1
CK-103846,S065,2026-08-09,evening,A0015,app_volunteer,7.1,1,60.0,70.0,68.0,66.3,68.3
CK-103847,S070,2026-08-09,midday,A0091,app_volunteer,6.0,1,65.0,69.0,71.0,72.8,74.8
CK-103848,S070,2026-08-09,midday,A0267,app_volunteer,2.5,1,86.0,85.0,84.0,83.1,85.1
CK-103849,S075,2026-08-09,evening,A0181,app_volunteer,6.1,1,84.0,70.0,81.0,78.5,80.5
CK-103850,S080,2026-08-09,evening,A0143,app_volunteer,7.4,1,69.0,63.0,69.0,66.9,68.9
CK-103851,S080,2026-08-09,evening,A0162,app_volunteer,6.5,1,70.0,70.0,66.0,68.8,70.8
CK-103852,S083,2026-08-09,midday,A0143,app_volunteer,6.2,1,73.0,64.0,71.0,67.8,69.8
CK-103853,S091,2026-08-09,evening,A0168,app_volunteer,4.7,1,73.0,79.0,71.0,76.8,78.8
CK-103854,S095,2026-08-09,midday,A0384,app_volunteer,5.8,1,72.0,85.0,74.0,74.3,76.3
CK-103855,S095,2026-08-09,evening,A0112,app_volunteer,7.0,1,67.0,73.0,72.0,69.5,71.5
CK-103856,S105,2026-08-09,evening,A0341,app_volunteer,7.8,1,67.0,64.0,66.0,69.8,71.8
CK-103857,S115,2026-08-09,midday,A0273,app_volunteer,4.2,1,81.0,90.0,90.0,88.2,90.2
CK-103858,S006,2026-08-10,morning,A0007,app_volunteer,4.7,1,84.0,84.0,76.0,80.0,82.0
CK-103859,S009,2026-08-10,midday,A0158,app_volunteer,4.2,1,75.0,71.0,74.0,72.7,74.7
CK-103860,S015,2026-08-10,evening,A0315,app_volunteer,5.4,1,64.0,62.0,67.0,64.9,66.9
CK-103861,S025,2026-08-10,evening,A0293,app_volunteer,11.1,1,79.0,77.0,79.0,81.9,83.9
CK-103862,S025,2026-08-10,morning,A0266,app_volunteer,5.7,1,82.0,82.0,88.0,84.6,86.6
CK-103863,S025,2026-08-10,evening,A0358,app_volunteer,3.5,1,76.0,75.0,83.0,77.8,79.8
CK-103864,S027,2026-08-10,morning,A0009,app_volunteer,3.3,1,82.0,73.0,82.0,77.7,79.7
CK-103865,S046,2026-08-10,evening,A0373,app_volunteer,7.8,0,69.0,69.0,83.0,71.2,73.2
CK-103866,S081,2026-08-10,midday,A0041,app_volunteer,2.2,1,71.0,76.0,77.0,78.4,80.4
CK-103867,S083,2026-08-10,evening,A0298,app_volunteer,9.9,1,73.0,67.0,72.0,70.1,72.1
CK-103868,S091,2026-08-10,evening,A0172,app_volunteer,7.8,1,76.0,73.0,71.0,72.3,74.3
CK-103869,S100,2026-08-10,midday,A0241,app_volunteer,2.4,1,75.0,72.0,82.0,76.7,78.7
CK-103870,S101,2026-08-10,evening,A0056,app_volunteer,7.2,1,75.0,74.0,67.0,70.9,72.9
CK-103871,S119,2026-08-10,evening,A0102,app_volunteer,6.5,1,77.0,84.0,79.0,79.7,81.7
CK-103872,S004,2026-08-11,midday,A0341,app_volunteer,7.4,1,72.0,73.0,74.0,73.6,75.6
CK-103873,S005,2026-08-11,evening,A0020,app_volunteer,10.0,0,67.0,73.0,73.0,70.3,72.3
CK-103874,S005,2026-08-11,midday,A0374,app_volunteer,3.9,1,84.0,71.0,81.0,79.7,81.7
CK-103875,S007,2026-08-11,evening,A0111,app_volunteer,3.4,1,78.0,69.0,66.0,69.7,71.7
CK-103876,S015,2026-08-11,midday,A0113,app_volunteer,2.0,1,91.0,84.0,81.0,81.2,83.2
CK-103877,S017,2026-08-11,evening,A0020,app_volunteer,3.6,1,63.0,60.0,73.0,63.8,65.8
CK-103878,S025,2026-08-11,evening,A0070,app_volunteer,6.9,1,64.0,65.0,67.0,64.5,66.5
CK-103879,S035,2026-08-11,evening,A0289,app_volunteer,8.1,1,61.0,71.0,68.0,65.9,67.9
CK-103880,S042,2026-08-11,evening,A0061,app_volunteer,7.8,1,69.0,70.0,81.0,74.7,76.7
CK-103881,S060,2026-08-11,evening,A0095,app_volunteer,5.2,1,70.0,67.0,79.0,74.0,76.0
CK-103882,S065,2026-08-11,evening,A0258,app_volunteer,7.7,1,59.0,72.0,68.0,71.4,73.4
CK-103883,S070,2026-08-11,evening,A0080,app_volunteer,4.4,1,67.0,64.0,68.0,65.1,67.1
CK-103884,S073,2026-08-11,midday,A0226,app_volunteer,4.6,1,78.0,72.0,79.0,74.5,76.5
CK-103885,S074,2026-08-11,evening,A0318,app_volunteer,4.6,1,60.0,65.0,59.0,59.0,61.0
CK-103886,S075,2026-08-11,evening,A0111,app_volunteer,4.5,1,70.0,68.0,72.0,74.5,76.5
CK-103887,S090,2026-08-11,evening,A0174,app_volunteer,5.5,1,54.0,63.0,68.0,62.5,64.5
CK-103888,S097,2026-08-11,evening,A0044,app_volunteer,5.7,1,70.0,84.0,66.0,71.3,73.3
CK-103889,S115,2026-08-11,evening,A0323,app_volunteer,6.4,1,57.0,62.0,54.0,61.4,63.4
CK-103890,S005,2026-08-12,midday,A0356,app_volunteer,3.4,1,82.0,83.0,87.0,83.0,85.0
CK-103891,S015,2026-08-12,evening,A0071,app_volunteer,1.9,1,74.0,66.0,69.0,62.7,64.7
CK-103892,S015,2026-08-12,midday,A0222,app_volunteer,4.4,1,61.0,56.0,60.0,62.1,64.1
CK-103893,S017,2026-08-12,evening,A0217,app_volunteer,3.7,1,70.0,66.0,76.0,72.7,74.7
CK-103894,S020,2026-08-12,evening,A0049,app_volunteer,3.9,1,65.0,74.0,78.0,69.6,71.6
CK-103895,S030,2026-08-12,evening,A0262,app_volunteer,7.2,1,75.0,67.0,75.0,70.6,72.6
CK-103896,S030,2026-08-12,evening,A0165,app_volunteer,5.1,1,75.0,77.0,82.0,80.2,82.2
CK-103897,S039,2026-08-12,evening,A0122,app_volunteer,6.4,1,72.0,76.0,79.0,79.3,81.3
CK-103898,S055,2026-08-12,evening,A0368,app_volunteer,4.0,1,60.0,70.0,63.0,63.7,65.7
CK-103899,S059,2026-08-12,evening,A0044,app_volunteer,4.4,0,68.0,70.0,72.0,66.7,68.7
CK-103900,S061,2026-08-12,evening,A0003,app_volunteer,7.3,1,82.0,80.0,81.0,78.5,80.5
CK-103901,S061,2026-08-12,evening,A0276,app_volunteer,10.3,1,83.0,83.0,75.0,77.6,79.6
CK-103902,S062,2026-08-12,evening,A0332,app_volunteer,5.2,1,54.0,62.0,68.0,66.2,68.2
CK-103903,S064,2026-08-12,midday,A0146,app_volunteer,3.6,1,67.0,87.0,82.0,76.2,78.2
CK-103904,S065,2026-08-12,evening,A0203,app_volunteer,6.6,1,67.0,69.0,66.0,65.7,67.7
CK-103905,S065,2026-08-12,evening,A0155,app_volunteer,7.5,1,75.0,70.0,72.0,70.7,72.7
CK-103906,S066,2026-08-12,evening,A0055,app_volunteer,8.1,1,70.0,68.0,74.0,71.7,73.7
CK-103907,S068,2026-08-12,midday,A0258,app_volunteer,8.2,1,63.0,76.0,73.0,68.7,70.7
CK-103908,S070,2026-08-12,midday,A0228,app_volunteer,3.7,1,54.0,56.0,66.0,57.6,59.6
CK-103909,S080,2026-08-12,morning,A0256,app_volunteer,3.9,1,74.0,70.0,64.0,71.6,73.6
CK-103910,S080,2026-08-12,midday,A0206,app_volunteer,7.2,1,74.0,84.0,73.0,76.3,78.3
CK-103911,S081,2026-08-12,midday,A0380,app_volunteer,3.7,1,83.0,82.0,80.0,78.2,80.2
CK-103912,S088,2026-08-12,midday,A0075,app_volunteer,3.1,1,91.0,93.0,97.0,94.3,96.3
CK-103913,S089,2026-08-12,morning,A0301,app_volunteer,4.9,1,76.0,82.0,70.0,71.2,73.2
CK-103914,S090,2026-08-12,midday,A0156,app_volunteer,2.9,1,79.0,78.0,82.0,80.0,82.0
CK-103915,S093,2026-08-12,evening,A0387,app_volunteer,5.7,1,66.0,65.0,63.0,66.1,68.1
CK-103916,S100,2026-08-12,morning,A0332,app_volunteer,9.4,1,69.0,69.0,67.0,71.6,73.6
CK-103917,S106,2026-08-12,evening,A0046,app_volunteer,8.3,1,90.0,81.0,76.0,75.2,77.2
CK-103918,S110,2026-08-12,morning,A0212,app_volunteer,4.2,1,69.0,73.0,72.0,72.7,74.7
CK-103919,S117,2026-08-12,midday,A0233,app_volunteer,2.0,0,74.0,77.0,73.0,77.1,79.1
CK-103920,S010,2026-08-13,evening,A0231,app_volunteer,5.3,0,70.0,58.0,69.0,65.6,67.6
CK-103921,S010,2026-08-13,evening,A0129,app_volunteer,5.2,1,79.0,75.0,80.0,77.3,79.3
CK-103922,S015,2026-08-13,midday,A0168,app_volunteer,4.3,1,85.0,79.0,79.0,77.4,79.4
CK-103923,S017,2026-08-13,evening,A0185,app_volunteer,4.6,1,73.0,76.0,79.0,74.0,76.0
CK-103924,S025,2026-08-13,evening,A0099,app_volunteer,13.0,1,79.0,71.0,76.0,73.3,75.3
CK-103925,S030,2026-08-13,evening,A0215,app_volunteer,7.1,1,67.0,73.0,78.0,71.3,73.3
CK-103926,S035,2026-08-13,evening,A0390,app_volunteer,7.8,1,77.0,91.0,80.0,82.2,84.2
CK-103927,S041,2026-08-13,evening,A0181,app_volunteer,5.8,1,69.0,62.0,63.0,66.7,68.7
CK-103928,S052,2026-08-13,evening,A0094,app_volunteer,5.0,1,73.0,76.0,68.0,69.3,71.3
CK-103929,S056,2026-08-13,evening,A0314,app_volunteer,6.6,1,77.0,73.0,77.0,74.4,76.4
CK-103930,S057,2026-08-13,evening,A0355,app_volunteer,8.8,1,67.0,61.0,65.0,63.0,65.0
CK-103931,S072,2026-08-13,evening,A0140,app_volunteer,3.7,1,70.0,59.0,65.0,64.4,66.4
CK-103932,S073,2026-08-13,midday,A0110,app_volunteer,6.6,1,66.0,66.0,73.0,70.6,72.6
CK-103933,S079,2026-08-13,evening,A0143,app_volunteer,3.4,1,69.0,74.0,78.0,80.1,82.1
CK-103934,S091,2026-08-13,evening,A0097,app_volunteer,3.4,1,89.0,89.0,85.0,81.3,83.3
CK-103935,S093,2026-08-13,midday,A0395,app_volunteer,6.6,1,85.0,80.0,80.0,82.0,84.0
CK-103936,S097,2026-08-13,midday,A0367,app_volunteer,3.1,1,68.0,68.0,73.0,69.3,71.3
CK-103937,S101,2026-08-13,midday,A0393,app_volunteer,5.8,1,87.0,73.0,84.0,80.5,82.5
CK-103938,S101,2026-08-13,evening,A0012,app_volunteer,5.7,1,78.0,80.0,78.0,76.7,78.7
CK-103939,S104,2026-08-13,evening,A0382,app_volunteer,9.3,1,82.0,72.0,66.0,71.8,73.8
CK-103940,S110,2026-08-13,morning,A0163,app_volunteer,2.6,1,74.0,86.0,76.0,78.2,80.2
CK-103941,S110,2026-08-13,evening,A0205,app_volunteer,3.6,1,77.0,81.0,71.0,77.7,79.7
CK-103942,S115,2026-08-13,morning,A0231,app_volunteer,2.9,1,69.0,76.0,68.0,69.7,71.7
CK-103943,S119,2026-08-13,evening,A0366,app_volunteer,9.5,1,85.0,84.0,81.0,79.8,81.8
CK-103944,S010,2026-08-14,midday,A0175,app_volunteer,6.1,1,52.0,65.0,58.0,63.7,65.7
CK-103945,S010,2026-08-14,evening,A0304,app_volunteer,6.2,0,72.0,67.0,75.0,70.9,72.9
CK-103946,S011,2026-08-14,evening,A0275,app_volunteer,9.5,1,76.0,79.0,76.0,75.1,77.1
CK-103947,S015,2026-08-14,evening,A0130,app_volunteer,8.6,1,69.0,67.0,70.0,70.5,72.5
CK-103948,S017,2026-08-14,evening,A0050,app_volunteer,14.2,1,70.0,63.0,68.0,68.4,70.4
CK-103949,S029,2026-08-14,evening,A0260,app_volunteer,3.8,1,72.0,62.0,72.0,72.2,74.2
CK-103950,S032,2026-08-14,evening,A0345,app_volunteer,4.8,1,75.0,64.0,73.0,74.1,76.1
CK-103951,S047,2026-08-14,evening,A0029,app_volunteer,4.5,1,74.0,75.0,81.0,79.5,81.5
CK-103952,S050,2026-08-14,evening,A0308,app_volunteer,5.4,1,83.0,80.0,68.0,75.1,77.1
CK-103953,S050,2026-08-14,midday,A0334,app_volunteer,5.2,1,87.0,87.0,86.0,85.2,87.2
CK-103954,S060,2026-08-14,morning,A0292,app_volunteer,3.3,1,80.0,90.0,84.0,84.9,86.9
CK-103955,S070,2026-08-14,evening,A0054,app_volunteer,11.2,1,76.0,76.0,74.0,73.6,75.6
CK-103956,S073,2026-08-14,evening,A0223,app_volunteer,4.3,1,79.0,86.0,72.0,78.7,80.7
CK-103957,S077,2026-08-14,midday,A0366,app_volunteer,2.3,1,77.0,79.0,79.0,76.0,78.0
CK-103958,S078,2026-08-14,midday,A0363,app_volunteer,5.2,0,77.0,62.0,69.0,66.0,68.0
CK-103959,S089,2026-08-14,evening,A0382,app_volunteer,4.8,1,71.0,87.0,82.0,85.0,87.0
CK-103960,S119,2026-08-14,evening,A0262,app_volunteer,6.8,1,85.0,82.0,86.0,80.6,82.6
CK-103961,S003,2026-08-15,evening,A0117,app_volunteer,11.8,1,66.0,66.0,68.0,65.3,67.3
CK-103962,S003,2026-08-15,midday,A0308,app_volunteer,2.6,1,76.0,82.0,83.0,77.6,79.6
CK-103963,S015,2026-08-15,evening,A0253,app_volunteer,7.9,1,80.0,75.0,74.0,79.6,81.6
CK-103964,S021,2026-08-15,evening,A0150,app_volunteer,10.9,1,59.0,58.0,59.0,59.2,61.2
CK-103965,S030,2026-08-15,evening,A0245,app_volunteer,12.1,1,84.0,78.0,86.0,82.8,84.8
CK-103966,S034,2026-08-15,evening,A0254,app_volunteer,7.9,1,81.0,86.0,76.0,78.5,80.5
CK-103967,S060,2026-08-15,midday,A0055,app_volunteer,2.9,1,76.0,81.0,84.0,80.8,82.8
CK-103968,S065,2026-08-15,evening,A0108,app_volunteer,9.2,1,75.0,65.0,74.0,67.4,69.4
CK-103969,S065,2026-08-15,evening,A0073,app_volunteer,7.0,1,91.0,89.0,86.0,88.3,90.3
CK-103970,S070,2026-08-15,evening,A0344,app_volunteer,1.9,1,66.0,68.0,65.0,62.2,64.2
CK-103971,S080,2026-08-15,evening,A0012,app_volunteer,4.0,1,70.0,79.0,66.0,72.5,74.5
CK-103972,S080,2026-08-15,midday,A0164,app_volunteer,3.0,1,66.0,75.0,65.0,70.4,72.4
CK-103973,S080,2026-08-15,evening,A0387,app_volunteer,4.2,1,75.0,71.0,64.0,68.2,70.2
CK-103974,S084,2026-08-15,morning,A0118,app_volunteer,5.0,1,76.0,71.0,82.0,77.4,79.4
CK-103975,S090,2026-08-15,evening,A0321,app_volunteer,16.5,1,67.0,70.0,77.0,75.0,77.0
CK-103976,S107,2026-08-15,morning,A0257,app_volunteer,5.3,1,83.0,80.0,80.0,78.1,80.1
CK-103977,S110,2026-08-15,midday,A0008,app_volunteer,6.7,1,79.0,84.0,84.0,82.6,84.6
CK-103978,S110,2026-08-15,midday,A0124,app_volunteer,6.5,1,77.0,73.0,73.0,74.9,76.9
CK-103979,S111,2026-08-15,evening,A0170,app_volunteer,6.5,1,82.0,89.0,81.0,86.3,88.3
CK-103980,S112,2026-08-15,midday,A0393,app_volunteer,4.1,1,89.0,80.0,93.0,89.0,91.0
CK-103981,S014,2026-08-16,evening,A0112,app_volunteer,5.4,1,73.0,83.0,80.0,77.8,79.8
CK-103982,S027,2026-08-16,evening,A0305,app_volunteer,1.8,1,76.0,72.0,75.0,75.8,77.8
CK-103983,S036,2026-08-16,evening,A0334,app_volunteer,5.5,1,71.0,65.0,67.0,66.2,68.2
CK-103984,S045,2026-08-16,midday,A0064,app_volunteer,5.7,1,83.0,79.0,77.0,78.7,80.7
CK-103985,S047,2026-08-16,evening,A0170,app_volunteer,7.3,1,66.0,77.0,69.0,68.6,70.6
CK-103986,S050,2026-08-16,morning,A0160,app_volunteer,3.8,1,61.0,70.0,71.0,73.0,75.0
CK-103987,S061,2026-08-16,evening,A0260,app_volunteer,7.4,1,77.0,81.0,80.0,80.1,82.1
CK-103988,S062,2026-08-16,midday,A0252,app_volunteer,4.0,0,83.0,82.0,86.0,81.8,83.8
CK-103989,S065,2026-08-16,midday,A0320,app_volunteer,7.1,1,69.0,71.0,75.0,74.9,76.9
CK-103990,S065,2026-08-16,evening,A0222,app_volunteer,4.3,1,77.0,82.0,70.0,74.6,76.6
CK-103991,S070,2026-08-16,midday,A0335,app_volunteer,6.3,1,68.0,72.0,73.0,74.4,76.4
CK-103992,S075,2026-08-16,evening,A0364,app_volunteer,7.2,0,88.0,86.0,90.0,83.0,85.0
CK-103993,S075,2026-08-16,morning,A0092,app_volunteer,5.3,1,88.0,76.0,78.0,82.1,84.1
CK-103994,S077,2026-08-16,midday,A0118,app_volunteer,5.0,1,90.0,92.0,83.0,81.3,83.3
CK-103995,S078,2026-08-16,evening,A0263,app_volunteer,7.8,1,83.0,86.0,81.0,80.7,82.7
CK-103996,S086,2026-08-16,midday,A0262,app_volunteer,7.0,1,76.0,80.0,78.0,75.0,77.0
CK-103997,S095,2026-08-16,evening,A0294,app_volunteer,5.4,1,82.0,83.0,81.0,81.0,83.0
CK-103998,S100,2026-08-16,evening,A0099,app_volunteer,4.9,1,77.0,77.0,72.0,71.8,73.8
CK-103999,S110,2026-08-16,midday,A0122,app_volunteer,2.3,1,82.0,89.0,74.0,77.4,79.4
CK-104000,S116,2026-08-16,evening,A0268,app_volunteer,4.1,1,83.0,84.0,82.0,79.6,81.6
CK-104001,S001,2026-08-17,evening,A0092,app_volunteer,4.2,1,57.0,56.0,65.0,63.6,65.6
CK-104002,S006,2026-08-17,evening,A0361,app_volunteer,4.7,1,64.0,78.0,72.0,73.1,75.1
CK-104003,S017,2026-08-17,morning,A0058,app_volunteer,3.0,1,58.0,67.0,62.0,60.5,62.5
CK-104004,S017,2026-08-17,midday,A0345,app_volunteer,4.0,1,77.0,75.0,84.0,79.6,81.6
CK-104005,S020,2026-08-17,evening,A0317,app_volunteer,5.9,1,71.0,58.0,63.0,62.3,64.3
CK-104006,S023,2026-08-17,evening,A0025,app_volunteer,2.6,1,58.0,57.0,61.0,56.7,58.7
CK-104007,S027,2026-08-17,evening,A0294,app_volunteer,12.9,1,68.0,71.0,71.0,72.2,74.2
CK-104008,S035,2026-08-17,evening,A0346,app_volunteer,10.7,1,78.0,68.0,87.0,79.5,81.5
CK-104009,S036,2026-08-17,midday,A0030,app_volunteer,5.0,1,88.0,92.0,85.0,85.3,87.3
CK-104010,S040,2026-08-17,evening,A0108,app_volunteer,7.8,1,62.0,64.0,70.0,68.4,70.4
CK-104011,S045,2026-08-17,morning,A0400,app_volunteer,5.1,1,87.0,91.0,92.0,90.0,92.0
CK-104012,S050,2026-08-17,evening,A0023,app_volunteer,6.4,1,80.0,89.0,91.0,85.1,87.1
CK-104013,S059,2026-08-17,evening,A0002,app_volunteer,7.3,1,75.0,51.0,59.0,64.0,66.0
CK-104014,S067,2026-08-17,evening,A0321,app_volunteer,3.8,1,67.0,70.0,64.0,67.1,69.1
CK-104015,S070,2026-08-17,midday,A0214,app_volunteer,7.6,1,76.0,81.0,82.0,78.9,80.9
CK-104016,S077,2026-08-17,midday,A0266,app_volunteer,3.8,1,90.0,93.0,79.0,84.7,86.7
CK-104017,S079,2026-08-17,evening,A0088,app_volunteer,13.5,1,68.0,72.0,71.0,69.1,71.1
CK-104018,S081,2026-08-17,evening,A0023,app_volunteer,6.5,1,78.0,79.0,75.0,81.5,83.5
CK-104019,S081,2026-08-17,evening,A0129,app_volunteer,6.7,1,77.0,67.0,69.0,76.9,78.9
CK-104020,S083,2026-08-17,evening,A0164,app_volunteer,3.7,1,46.0,60.0,56.0,56.2,58.2
CK-104021,S090,2026-08-17,evening,A0351,app_volunteer,12.9,1,69.0,61.0,75.0,68.3,70.3
CK-104022,S090,2026-08-17,evening,A0225,app_volunteer,7.8,1,66.0,67.0,66.0,65.9,67.9
CK-104023,S091,2026-08-17,morning,A0029,app_volunteer,2.4,1,72.0,70.0,65.0,73.1,75.1
CK-104024,S102,2026-08-17,evening,A0017,app_volunteer,8.3,1,76.0,84.0,76.0,76.0,78.0
CK-104025,S110,2026-08-17,evening,A0373,app_volunteer,6.8,1,67.0,76.0,80.0,76.8,78.8
CK-104026,S111,2026-08-17,midday,A0130,app_volunteer,3.2,0,76.0,82.0,83.0,78.8,80.8
CK-104027,S008,2026-08-18,evening,A0055,app_volunteer,6.1,1,48.0,59.0,43.0,50.4,52.4
CK-104028,S015,2026-08-18,morning,A0097,app_volunteer,3.9,1,88.0,85.0,89.0,85.3,87.3
CK-104029,S016,2026-08-18,evening,A0144,app_volunteer,10.0,1,72.0,67.0,71.0,71.8,73.8
CK-104030,S018,2026-08-18,evening,A0206,app_volunteer,3.5,1,76.0,79.0,68.0,71.2,73.2
CK-104031,S020,2026-08-18,evening,A0122,app_volunteer,6.3,1,70.0,71.0,72.0,68.8,70.8
CK-104032,S023,2026-08-18,evening,A0181,app_volunteer,8.0,0,79.0,77.0,69.0,72.5,74.5
CK-104033,S039,2026-08-18,midday,A0147,app_volunteer,2.8,1,72.0,74.0,69.0,74.6,76.6
CK-104034,S055,2026-08-18,evening,A0313,app_volunteer,10.2,1,53.0,57.0,61.0,57.3,59.3
CK-104035,S061,2026-08-18,midday,A0339,app_volunteer,2.4,1,69.0,65.0,64.0,67.8,69.8
CK-104036,S061,2026-08-18,midday,A0075,app_volunteer,4.2,1,81.0,77.0,85.0,82.8,84.8
CK-104037,S062,2026-08-18,midday,A0381,app_volunteer,2.9,1,79.0,84.0,84.0,82.9,84.9
CK-104038,S071,2026-08-18,evening,A0270,app_volunteer,6.1,1,71.0,62.0,64.0,62.9,64.9
CK-104039,S072,2026-08-18,evening,A0025,app_volunteer,4.4,1,79.0,86.0,75.0,79.8,81.8
CK-104040,S074,2026-08-18,evening,A0172,app_volunteer,3.4,1,77.0,65.0,79.0,75.3,77.3
CK-104041,S075,2026-08-18,midday,A0167,app_volunteer,3.8,1,84.0,84.0,75.0,80.7,82.7
CK-104042,S076,2026-08-18,evening,A0369,app_volunteer,3.6,1,73.0,70.0,69.0,66.4,68.4
CK-104043,S082,2026-08-18,midday,A0059,app_volunteer,3.4,1,76.0,67.0,71.0,70.2,72.2
CK-104044,S093,2026-08-18,midday,A0283,app_volunteer,5.5,1,89.0,84.0,76.0,85.3,87.3
CK-104045,S095,2026-08-18,evening,A0394,app_volunteer,12.0,0,79.0,75.0,72.0,71.5,73.5
CK-104046,S100,2026-08-18,evening,A0246,app_volunteer,5.0,1,82.0,73.0,76.0,76.3,78.3
CK-104047,S108,2026-08-18,midday,A0384,app_volunteer,3.5,1,84.0,86.0,93.0,86.5,88.5
CK-104048,S108,2026-08-18,midday,A0251,app_volunteer,2.8,1,66.0,75.0,77.0,76.5,78.5
CK-104049,S110,2026-08-18,evening,A0114,app_volunteer,14.1,1,80.0,77.0,79.0,76.5,78.5
CK-104050,S007,2026-08-19,evening,A0148,app_volunteer,5.3,1,74.0,75.0,71.0,75.2,77.2
CK-104051,S008,2026-08-19,midday,A0018,app_volunteer,5.3,1,73.0,70.0,74.0,73.5,75.5
CK-104052,S010,2026-08-19,evening,A0205,app_volunteer,3.9,1,64.0,56.0,64.0,58.8,60.8
CK-104053,S013,2026-08-19,midday,A0398,app_volunteer,8.0,1,75.0,79.0,79.0,77.8,79.8
CK-104054,S020,2026-08-19,evening,A0092,app_volunteer,9.0,1,70.0,77.0,86.0,76.6,78.6
CK-104055,S022,2026-08-19,morning,A0196,app_volunteer,4.6,1,86.0,66.0,62.0,70.7,72.7
CK-104056,S032,2026-08-19,morning,A0302,app_volunteer,4.4,1,93.0,84.0,87.0,85.3,87.3
CK-104057,S034,2026-08-19,midday,A0040,app_volunteer,2.8,1,59.0,74.0,73.0,74.6,76.6
CK-104058,S034,2026-08-19,midday,A0057,app_volunteer,6.3,1,75.0,82.0,85.0,81.6,83.6
CK-104059,S044,2026-08-19,evening,A0078,app_volunteer,3.6,1,70.0,69.0,72.0,70.5,72.5
CK-104060,S050,2026-08-19,evening,A0095,app_volunteer,5.9,1,88.0,89.0,85.0,86.0,88.0
CK-104061,S055,2026-08-19,evening,A0171,app_volunteer,15.0,1,79.0,85.0,76.0,80.2,82.2
CK-104062,S059,2026-08-19,midday,A0305,app_volunteer,3.8,1,73.0,77.0,71.0,76.0,78.0
CK-104063,S061,2026-08-19,evening,A0110,app_volunteer,8.2,1,68.0,73.0,77.0,69.7,71.7
CK-104064,S080,2026-08-19,evening,A0290,app_volunteer,3.8,1,83.0,79.0,81.0,78.2,80.2
CK-104065,S080,2026-08-19,morning,A0390,app_volunteer,9.0,1,71.0,69.0,69.0,67.7,69.7
CK-104066,S090,2026-08-19,morning,A0018,app_volunteer,4.7,1,76.0,79.0,78.0,78.2,80.2
CK-104067,S095,2026-08-19,evening,A0024,app_volunteer,6.4,1,82.0,75.0,68.0,75.2,77.2
CK-104068,S006,2026-08-20,evening,A0087,app_volunteer,7.2,1,70.0,78.0,72.0,73.8,75.8
CK-104069,S015,2026-08-20,morning,A0202,app_volunteer,8.8,1,63.0,57.0,55.0,61.0,63.0
CK-104070,S020,2026-08-20,evening,A0021,app_volunteer,6.8,1,60.0,66.0,61.0,62.0,64.0
CK-104071,S035,2026-08-20,evening,A0238,app_volunteer,4.3,1,67.0,75.0,75.0,78.1,80.1
CK-104072,S042,2026-08-20,evening,A0335,app_volunteer,10.8,1,66.0,72.0,63.0,66.5,68.5
CK-104073,S045,2026-08-20,evening,A0300,app_volunteer,10.1,1,65.0,81.0,81.0,76.9,78.9
CK-104074,S050,2026-08-20,evening,A0297,app_volunteer,5.2,1,76.0,71.0,78.0,78.5,80.5
CK-104075,S060,2026-08-20,midday,A0208,app_volunteer,5.5,0,61.0,79.0,78.0,72.6,74.6
CK-104076,S068,2026-08-20,evening,A0285,app_volunteer,6.9,1,69.0,84.0,86.0,82.8,84.8
CK-104077,S073,2026-08-20,midday,A0398,app_volunteer,10.4,1,85.0,98.0,80.0,84.2,86.2
CK-104078,S073,2026-08-20,evening,A0129,app_volunteer,1.9,1,72.0,68.0,70.0,71.4,73.4
CK-104079,S090,2026-08-20,morning,A0071,app_volunteer,2.7,1,86.0,89.0,84.0,86.2,88.2
CK-104080,S095,2026-08-20,evening,A0186,app_volunteer,7.2,1,66.0,72.0,61.0,69.5,71.5
CK-104081,S100,2026-08-20,morning,A0234,app_volunteer,4.0,1,87.0,91.0,86.0,85.4,87.4
CK-104082,S010,2026-08-21,midday,A0251,app_volunteer,6.6,1,87.0,85.0,88.0,85.3,87.3
CK-104083,S016,2026-08-21,morning,A0224,app_volunteer,5.0,1,66.0,66.0,67.0,71.5,73.5
CK-104084,S026,2026-08-21,evening,A0244,app_volunteer,7.3,1,86.0,81.0,92.0,85.0,87.0
CK-104085,S029,2026-08-21,midday,A0128,app_volunteer,5.3,1,75.0,88.0,84.0,83.8,85.8
CK-104086,S034,2026-08-21,evening,A0178,app_volunteer,5.1,1,62.0,66.0,66.0,66.7,68.7
CK-104087,S034,2026-08-21,evening,A0253,app_volunteer,6.2,1,71.0,78.0,80.0,73.3,75.3
CK-104088,S040,2026-08-21,evening,A0371,app_volunteer,3.3,1,75.0,80.0,73.0,72.9,74.9
CK-104089,S050,2026-08-21,evening,A0264,app_volunteer,5.8,1,57.0,51.0,64.0,62.5,64.5
CK-104090,S061,2026-08-21,evening,A0050,app_volunteer,6.3,1,82.0,77.0,79.0,80.4,82.4
CK-104091,S061,2026-08-21,evening,A0371,app_volunteer,9.1,1,63.0,70.0,70.0,64.8,66.8
CK-104092,S065,2026-08-21,evening,A0086,app_volunteer,4.9,1,66.0,60.0,66.0,63.6,65.6
CK-104093,S071,2026-08-21,evening,A0296,app_volunteer,6.4,1,79.0,78.0,77.0,75.3,77.3
CK-104094,S073,2026-08-21,evening,A0381,app_volunteer,9.4,1,93.0,90.0,93.0,90.5,92.5
CK-104095,S083,2026-08-21,evening,A0347,app_volunteer,5.1,1,74.0,79.0,80.0,76.5,78.5
CK-104096,S083,2026-08-21,evening,A0166,app_volunteer,2.3,1,55.0,53.0,50.0,50.2,52.2
CK-104097,S085,2026-08-21,midday,A0008,app_volunteer,1.5,1,70.0,95.0,70.0,75.1,77.1
CK-104098,S098,2026-08-21,evening,A0341,app_volunteer,10.3,1,81.0,85.0,85.0,85.2,87.2
CK-104099,S106,2026-08-21,evening,A0300,app_volunteer,6.3,1,83.0,85.0,86.0,83.4,85.4
CK-104100,S110,2026-08-21,midday,A0292,app_volunteer,2.3,1,67.0,65.0,68.0,67.4,69.4
CK-104101,S008,2026-08-22,midday,A0264,app_volunteer,7.5,1,72.0,81.0,83.0,77.4,79.4
CK-104102,S018,2026-08-22,evening,A0159,app_volunteer,7.3,1,73.0,81.0,75.0,76.2,78.2
CK-104103,S025,2026-08-22,midday,A0017,app_volunteer,0.9,1,79.0,80.0,72.0,79.4,81.4
CK-104104,S035,2026-08-22,midday,A0269,app_volunteer,3.5,1,81.0,80.0,76.0,74.1,76.1
CK-104105,S036,2026-08-22,evening,A0096,app_volunteer,4.8,1,64.0,75.0,71.0,68.1,70.1
CK-104106,S040,2026-08-22,evening,A0208,app_volunteer,4.6,1,67.0,70.0,68.0,73.2,75.2
CK-104107,S041,2026-08-22,evening,A0350,app_volunteer,4.4,1,79.0,72.0,78.0,73.2,75.2
CK-104108,S053,2026-08-22,evening,A0315,app_volunteer,4.6,1,65.0,70.0,75.0,71.6,73.6
CK-104109,S069,2026-08-22,midday,A0046,app_volunteer,3.9,1,80.0,82.0,83.0,80.3,82.3
CK-104110,S070,2026-08-22,midday,A0333,app_volunteer,5.8,0,91.0,83.0,83.0,85.5,87.5
CK-104111,S070,2026-08-22,morning,A0252,app_volunteer,3.5,1,72.0,75.0,84.0,79.4,81.4
CK-104112,S070,2026-08-22,midday,A0318,app_volunteer,9.3,0,75.0,80.0,77.0,77.3,79.3
CK-104113,S071,2026-08-22,evening,A0071,app_volunteer,3.2,1,64.0,73.0,68.0,69.2,71.2
CK-104114,S074,2026-08-22,evening,A0221,app_volunteer,3.4,1,69.0,62.0,68.0,67.6,69.6
CK-104115,S075,2026-08-22,midday,A0259,app_volunteer,3.2,1,69.0,67.0,78.0,76.2,78.2
CK-104116,S083,2026-08-22,morning,A0174,app_volunteer,2.1,1,49.0,78.0,56.0,62.8,64.8
CK-104117,S096,2026-08-22,midday,A0128,app_volunteer,4.1,1,90.0,82.0,95.0,82.8,84.8
CK-104118,S100,2026-08-22,midday,A0355,app_volunteer,7.0,1,65.0,67.0,69.0,68.7,70.7
CK-104119,S005,2026-08-23,evening,A0367,app_volunteer,10.4,1,80.0,74.0,74.0,72.8,74.8
CK-104120,S006,2026-08-23,evening,A0396,app_volunteer,3.4,1,69.0,67.0,79.0,74.0,76.0
CK-104121,S010,2026-08-23,evening,A0119,app_volunteer,7.4,1,86.0,84.0,74.0,82.5,84.5
CK-104122,S010,2026-08-23,evening,A0003,app_volunteer,6.3,0,81.0,79.0,77.0,76.5,78.5
CK-104123,S014,2026-08-23,evening,A0097,app_volunteer,9.9,1,76.0,73.0,68.0,73.3,75.3
CK-104124,S027,2026-08-23,midday,A0050,app_volunteer,3.4,1,74.0,74.0,76.0,77.2,79.2
CK-104125,S029,2026-08-23,midday,A0085,app_volunteer,2.9,1,71.0,77.0,72.0,73.1,75.1
CK-104126,S039,2026-08-23,evening,A0167,app_volunteer,4.3,1,66.0,76.0,62.0,69.9,71.9
CK-104127,S040,2026-08-23,midday,A0319,app_volunteer,1.7,1,85.0,75.0,86.0,81.2,83.2
CK-104128,S047,2026-08-23,evening,A0146,app_volunteer,0.8,1,73.0,79.0,76.0,74.4,76.4
CK-104129,S050,2026-08-23,evening,A0021,app_volunteer,11.3,1,88.0,76.0,84.0,81.2,83.2
CK-104130,S055,2026-08-23,evening,A0038,app_volunteer,5.5,1,63.0,60.0,61.0,62.4,64.4
CK-104131,S061,2026-08-23,evening,A0258,app_volunteer,12.5,1,69.0,74.0,61.0,67.7,69.7
CK-104132,S061,2026-08-23,evening,A0137,app_volunteer,1.8,1,73.0,76.0,76.0,72.3,74.3
CK-104133,S065,2026-08-23,midday,A0306,app_volunteer,5.2,1,75.0,78.0,76.0,75.9,77.9
CK-104134,S074,2026-08-23,evening,A0216,app_volunteer,3.0,0,74.0,73.0,72.0,72.0,74.0
CK-104135,S077,2026-08-23,midday,A0070,app_volunteer,3.6,1,80.0,76.0,76.0,75.9,77.9
CK-104136,S079,2026-08-23,midday,A0017,app_volunteer,5.8,1,72.0,76.0,67.0,72.9,74.9
CK-104137,S082,2026-08-23,midday,A0363,app_volunteer,7.6,1,57.0,59.0,62.0,59.5,61.5
CK-104138,S097,2026-08-23,evening,A0176,app_volunteer,10.2,1,85.0,83.0,82.0,80.8,82.8
CK-104139,S117,2026-08-23,evening,A0273,app_volunteer,6.6,1,67.0,71.0,71.0,71.9,73.9
CK-104140,S005,2026-08-24,midday,A0166,app_volunteer,3.2,1,82.0,77.0,73.0,76.0,78.0
CK-104141,S007,2026-08-24,evening,A0375,app_volunteer,11.0,1,68.0,65.0,78.0,65.9,67.9
CK-104142,S010,2026-08-24,midday,A0328,app_volunteer,2.4,1,61.0,60.0,53.0,64.5,66.5
CK-104143,S015,2026-08-24,evening,A0140,app_volunteer,6.7,1,61.0,61.0,69.0,64.6,66.6
CK-104144,S020,2026-08-24,midday,A0012,app_volunteer,5.0,1,73.0,72.0,78.0,75.3,77.3
CK-104145,S030,2026-08-24,midday,A0133,app_volunteer,4.1,1,69.0,77.0,71.0,71.7,73.7
CK-104146,S050,2026-08-24,midday,A0327,app_volunteer,4.6,1,87.0,79.0,76.0,75.1,77.1
CK-104147,S055,2026-08-24,midday,A0141,app_volunteer,2.3,1,74.0,81.0,84.0,80.3,82.3
CK-104148,S080,2026-08-24,evening,A0345,app_volunteer,5.7,1,70.0,89.0,79.0,77.4,79.4
CK-104149,S085,2026-08-24,evening,A0050,app_volunteer,5.2,1,84.0,72.0,81.0,82.2,84.2
CK-104150,S096,2026-08-24,midday,A0008,app_volunteer,2.4,1,76.0,67.0,79.0,73.0,75.0
CK-104151,S097,2026-08-24,midday,A0236,app_volunteer,1.7,1,76.0,76.0,73.0,74.3,76.3
CK-104152,S107,2026-08-24,midday,A0208,app_volunteer,3.6,1,85.0,80.0,81.0,76.8,78.8
CK-104153,S108,2026-08-24,evening,A0047,app_volunteer,9.3,0,63.0,49.0,62.0,62.8,64.8
CK-104154,S110,2026-08-24,morning,A0040,app_volunteer,2.5,1,72.0,78.0,73.0,74.6,76.6
CK-104155,S110,2026-08-24,midday,A0375,app_volunteer,8.5,1,82.0,87.0,83.0,85.4,87.4
CK-104156,S110,2026-08-24,evening,A0059,app_volunteer,7.8,1,77.0,76.0,75.0,72.7,74.7
CK-104157,S110,2026-08-24,midday,A0224,app_volunteer,7.2,1,80.0,71.0,75.0,75.9,77.9
CK-104158,S002,2026-08-25,evening,A0225,app_volunteer,3.4,1,74.0,72.0,65.0,70.5,72.5
CK-104159,S005,2026-08-25,evening,A0063,app_volunteer,9.5,1,84.0,75.0,83.0,81.0,83.0
CK-104160,S005,2026-08-25,evening,A0339,app_volunteer,6.7,1,73.0,78.0,75.0,75.1,77.1
CK-104161,S010,2026-08-25,evening,A0013,app_volunteer,3.9,1,68.0,73.0,75.0,71.5,73.5
CK-104162,S015,2026-08-25,evening,A0163,app_volunteer,5.2,1,69.0,70.0,75.0,69.7,71.7
CK-104163,S017,2026-08-25,midday,A0072,app_volunteer,3.7,1,56.0,63.0,65.0,60.3,62.3
CK-104164,S030,2026-08-25,morning,A0372,app_volunteer,2.3,1,90.0,93.0,82.0,86.0,88.0
CK-104165,S035,2026-08-25,evening,A0065,app_volunteer,4.3,1,64.0,70.0,73.0,61.5,63.5
CK-104166,S055,2026-08-25,evening,A0312,app_volunteer,4.2,1,82.0,69.0,67.0,77.9,79.9
CK-104167,S058,2026-08-25,midday,A0096,app_volunteer,3.5,1,74.0,78.0,71.0,78.2,80.2
CK-104168,S080,2026-08-25,evening,A0040,app_volunteer,5.5,1,74.0,61.0,68.0,64.7,66.7
CK-104169,S080,2026-08-25,evening,A0133,app_volunteer,3.0,1,60.0,67.0,65.0,65.4,67.4
CK-104170,S085,2026-08-25,evening,A0372,app_volunteer,8.1,1,74.0,78.0,76.0,72.3,74.3
CK-104171,S104,2026-08-25,midday,A0031,app_volunteer,8.5,1,100.0,87.0,92.0,90.6,92.6
CK-104172,S010,2026-08-26,midday,A0014,app_volunteer,3.1,1,85.0,83.0,84.0,80.6,82.6
CK-104173,S014,2026-08-26,evening,A0256,app_volunteer,5.1,1,67.0,72.0,70.0,72.1,74.1
CK-104174,S015,2026-08-26,evening,A0236,app_volunteer,5.8,1,70.0,68.0,82.0,78.8,80.8
CK-104175,S026,2026-08-26,evening,A0270,app_volunteer,4.2,1,85.0,91.0,88.0,84.6,86.6
CK-104176,S029,2026-08-26,evening,A0272,app_volunteer,5.0,1,72.0,69.0,71.0,70.7,72.7
CK-104177,S035,2026-08-26,evening,A0026,app_volunteer,4.3,1,67.0,68.0,68.0,68.9,70.9
CK-104178,S035,2026-08-26,midday,A0054,app_volunteer,5.0,1,85.0,89.0,78.0,80.7,82.7
CK-104179,S050,2026-08-26,midday,A0164,app_volunteer,13.0,1,88.0,70.0,78.0,75.7,77.7
CK-104180,S051,2026-08-26,evening,A0294,app_volunteer,4.6,1,67.0,66.0,64.0,68.5,70.5
CK-104181,S059,2026-08-26,evening,A0062,app_volunteer,3.1,1,59.0,59.0,74.0,69.2,71.2
CK-104182,S060,2026-08-26,midday,A0212,app_volunteer,2.4,1,91.0,83.0,78.0,85.3,87.3
CK-104183,S066,2026-08-26,midday,A0104,app_volunteer,3.0,1,67.0,76.0,70.0,74.0,76.0
CK-104184,S067,2026-08-26,morning,A0318,app_volunteer,4.6,1,82.0,81.0,74.0,78.2,80.2
CK-104185,S076,2026-08-26,midday,A0090,app_volunteer,6.8,1,91.0,92.0,89.0,88.1,90.1
CK-104186,S080,2026-08-26,evening,A0200,app_volunteer,3.2,1,75.0,75.0,67.0,73.7,75.7
CK-104187,S082,2026-08-26,evening,A0368,app_volunteer,10.3,1,73.0,82.0,77.0,77.0,79.0
CK-104188,S085,2026-08-26,evening,A0272,app_volunteer,11.7,1,70.0,63.0,65.0,65.4,67.4
CK-104189,S090,2026-08-26,evening,A0164,app_volunteer,8.9,1,68.0,72.0,75.0,74.7,76.7
CK-104190,S099,2026-08-26,morning,A0286,app_volunteer,4.6,0,79.0,80.0,78.0,78.5,80.5
CK-104191,S104,2026-08-26,evening,A0035,app_volunteer,4.3,1,80.0,72.0,70.0,67.7,69.7
CK-104192,S104,2026-08-26,midday,A0126,app_volunteer,4.9,1,60.0,62.0,69.0,67.0,69.0
CK-104193,S106,2026-08-26,midday,A0318,app_volunteer,4.7,1,76.0,83.0,80.0,79.7,81.7
CK-104194,S110,2026-08-26,evening,A0309,app_volunteer,3.9,1,78.0,80.0,70.0,71.9,73.9
CK-104195,S112,2026-08-26,evening,A0210,app_volunteer,7.2,1,72.0,80.0,74.0,76.2,78.2
CK-104196,S010,2026-08-27,evening,A0023,app_volunteer,8.5,1,69.0,72.0,82.0,75.4,77.4
CK-104197,S010,2026-08-27,evening,A0261,app_volunteer,5.0,1,77.0,72.0,69.0,76.4,78.4
CK-104198,S016,2026-08-27,evening,A0043,app_volunteer,3.3,1,64.0,70.0,74.0,72.6,74.6
CK-104199,S028,2026-08-27,evening,A0062,app_volunteer,5.2,1,57.0,64.0,64.0,64.0,66.0
CK-104200,S030,2026-08-27,evening,A0258,app_volunteer,11.8,1,82.0,77.0,79.0,76.9,78.9
CK-104201,S031,2026-08-27,evening,A0084,app_volunteer,4.3,1,67.0,65.0,64.0,68.0,70.0
CK-104202,S032,2026-08-27,midday,A0046,app_volunteer,4.9,1,76.0,67.0,77.0,73.6,75.6
CK-104203,S040,2026-08-27,midday,A0302,app_volunteer,4.2,1,79.0,81.0,83.0,82.9,84.9
CK-104204,S043,2026-08-27,evening,A0112,app_volunteer,8.6,1,83.0,72.0,80.0,78.2,80.2
CK-104205,S047,2026-08-27,evening,A0312,app_volunteer,3.7,0,69.0,73.0,73.0,76.1,78.1
CK-104206,S055,2026-08-27,midday,A0271,app_volunteer,3.5,1,88.0,91.0,82.0,82.8,84.8
CK-104207,S059,2026-08-27,evening,A0115,app_volunteer,3.3,1,69.0,72.0,73.0,74.8,76.8
CK-104208,S059,2026-08-27,evening,A0056,app_volunteer,10.7,1,81.0,75.0,78.0,80.1,82.1
CK-104209,S061,2026-08-27,evening,A0121,app_volunteer,7.3,1,57.0,45.0,50.0,52.0,54.0
CK-104210,S065,2026-08-27,evening,A0054,app_volunteer,4.5,1,68.0,71.0,69.0,70.9,72.9
CK-104211,S070,2026-08-27,evening,A0086,app_volunteer,7.3,1,88.0,85.0,79.0,83.8,85.8
CK-104212,S075,2026-08-27,evening,A0218,app_volunteer,7.2,1,65.0,70.0,71.0,68.9,70.9
CK-104213,S075,2026-08-27,morning,A0362,app_volunteer,4.6,1,90.0,72.0,96.0,84.4,86.4
CK-104214,S082,2026-08-27,midday,A0272,app_volunteer,3.7,1,81.0,70.0,75.0,73.9,75.9
CK-104215,S083,2026-08-27,evening,A0259,app_volunteer,9.2,1,67.0,60.0,63.0,66.6,68.6
CK-104216,S084,2026-08-27,midday,A0230,app_volunteer,2.8,1,77.0,76.0,73.0,75.1,77.1
CK-104217,S085,2026-08-27,midday,A0210,app_volunteer,7.1,1,75.0,64.0,69.0,69.0,71.0
CK-104218,S087,2026-08-27,evening,A0092,app_volunteer,13.7,1,82.0,74.0,75.0,74.4,76.4
CK-104219,S088,2026-08-27,midday,A0319,app_volunteer,2.8,1,84.0,81.0,91.0,84.8,86.8
CK-104220,S090,2026-08-27,evening,A0359,app_volunteer,6.5,1,72.0,75.0,78.0,75.2,77.2
CK-104221,S100,2026-08-27,evening,A0034,app_volunteer,5.2,1,72.0,64.0,70.0,69.9,71.9
CK-104222,S101,2026-08-27,morning,A0366,app_volunteer,3.1,1,91.0,92.0,94.0,90.8,92.8
CK-104223,S105,2026-08-27,evening,A0242,app_volunteer,7.9,1,78.0,65.0,72.0,70.3,72.3
CK-104224,S108,2026-08-27,evening,A0089,app_volunteer,7.0,1,68.0,65.0,71.0,67.8,69.8
CK-104225,S114,2026-08-27,evening,A0154,app_volunteer,10.1,0,67.0,71.0,78.0,73.7,75.7
CK-104226,S115,2026-08-27,evening,A0327,app_volunteer,7.2,1,89.0,87.0,80.0,83.0,85.0
CK-104227,S116,2026-08-27,evening,A0221,app_volunteer,11.1,1,83.0,83.0,81.0,81.1,83.1
CK-104228,S119,2026-08-27,midday,A0305,app_volunteer,2.4,1,82.0,86.0,86.0,86.8,88.8
CK-104229,S011,2026-08-28,evening,A0237,app_volunteer,8.8,1,80.0,87.0,78.0,78.5,80.5
CK-104230,S017,2026-08-28,midday,A0097,app_volunteer,4.6,1,62.0,55.0,66.0,57.8,59.8
CK-104231,S017,2026-08-28,morning,A0180,app_volunteer,5.8,1,74.0,76.0,76.0,72.6,74.6
CK-104232,S041,2026-08-28,evening,A0092,app_volunteer,4.0,1,69.0,72.0,82.0,74.7,76.7
CK-104233,S050,2026-08-28,midday,A0254,app_volunteer,2.9,1,85.0,81.0,88.0,81.0,83.0
CK-104234,S067,2026-08-28,midday,A0115,app_volunteer,3.0,1,80.0,90.0,86.0,79.1,81.1
CK-104235,S083,2026-08-28,evening,A0132,app_volunteer,6.5,1,65.0,66.0,72.0,66.6,68.6
CK-104236,S083,2026-08-28,midday,A0017,app_volunteer,3.0,1,74.0,69.0,73.0,70.2,72.2
CK-104237,S085,2026-08-28,midday,A0189,app_volunteer,5.0,1,66.0,61.0,73.0,72.8,74.8
CK-104238,S090,2026-08-28,midday,A0241,app_volunteer,2.7,1,75.0,81.0,82.0,80.7,82.7
CK-104239,S096,2026-08-28,evening,A0072,app_volunteer,4.7,1,76.0,75.0,75.0,75.7,77.7
CK-104240,S100,2026-08-28,evening,A0324,app_volunteer,3.6,1,71.0,74.0,76.0,68.6,70.6
CK-104241,S110,2026-08-28,midday,A0347,app_volunteer,4.6,1,61.0,70.0,69.0,68.7,70.7
CK-104242,S110,2026-08-28,midday,A0219,app_volunteer,4.3,1,76.0,73.0,64.0,69.1,71.1
CK-104243,S016,2026-08-29,evening,A0252,app_volunteer,4.1,1,77.0,86.0,76.0,78.2,80.2
CK-104244,S024,2026-08-29,evening,A0150,app_volunteer,7.0,1,81.0,71.0,71.0,72.6,74.6
CK-104245,S025,2026-08-29,evening,A0336,app_volunteer,6.0,1,80.0,83.0,84.0,79.6,81.6
CK-104246,S029,2026-08-29,midday,A0093,app_volunteer,2.7,1,82.0,89.0,72.0,79.8,81.8
CK-104247,S030,2026-08-29,morning,A0061,app_volunteer,3.9,1,86.0,90.0,95.0,94.2,96.2
CK-104248,S034,2026-08-29,midday,A0182,app_volunteer,3.2,1,69.0,65.0,72.0,73.9,75.9
CK-104249,S040,2026-08-29,midday,A0040,app_volunteer,2.3,1,88.0,82.0,82.0,80.2,82.2
CK-104250,S050,2026-08-29,evening,A0097,app_volunteer,8.1,1,78.0,81.0,77.0,77.6,79.6
CK-104251,S055,2026-08-29,evening,A0244,app_volunteer,6.8,1,75.0,85.0,73.0,77.0,79.0
CK-104252,S056,2026-08-29,evening,A0186,app_volunteer,7.7,1,71.0,61.0,69.0,70.1,72.1
CK-104253,S060,2026-08-29,midday,A0325,app_volunteer,7.7,1,69.0,81.0,78.0,74.5,76.5
CK-104254,S065,2026-08-29,midday,A0195,app_volunteer,3.6,1,75.0,75.0,75.0,76.7,78.7
CK-104255,S071,2026-08-29,evening,A0360,app_volunteer,17.2,1,69.0,68.0,74.0,74.0,76.0
CK-104256,S083,2026-08-29,morning,A0258,app_volunteer,4.2,1,50.0,54.0,51.0,52.5,54.5
CK-104257,S088,2026-08-29,evening,A0384,app_volunteer,7.2,1,84.0,78.0,81.0,79.9,81.9
CK-104258,S089,2026-08-29,evening,A0103,app_volunteer,7.4,1,84.0,82.0,86.0,82.1,84.1
CK-104259,S090,2026-08-29,midday,A0393,app_volunteer,7.0,1,94.0,87.0,86.0,86.4,88.4
CK-104260,S091,2026-08-29,midday,A0127,app_volunteer,1.4,1,85.0,77.0,81.0,76.6,78.6
CK-104261,S101,2026-08-29,midday,A0029,app_volunteer,4.9,1,69.0,64.0,73.0,69.5,71.5
CK-104262,S002,2026-08-30,evening,A0072,app_volunteer,3.9,1,61.0,69.0,61.0,65.8,67.8
CK-104263,S005,2026-08-30,evening,A0037,app_volunteer,12.0,1,73.0,82.0,85.0,78.8,80.8
CK-104264,S005,2026-08-30,midday,A0245,app_volunteer,3.7,1,83.0,89.0,96.0,84.8,86.8
CK-104265,S020,2026-08-30,evening,A0236,app_volunteer,7.3,1,76.0,71.0,70.0,72.9,74.9
CK-104266,S029,2026-08-30,evening,A0009,app_volunteer,10.7,1,74.0,67.0,66.0,70.1,72.1
CK-104267,S029,2026-08-30,midday,A0179,app_volunteer,6.6,1,81.0,74.0,76.0,80.8,82.8
CK-104268,S030,2026-08-30,midday,A0251,app_volunteer,3.5,1,95.0,82.0,91.0,87.4,89.4
CK-104269,S040,2026-08-30,evening,A0137,app_volunteer,9.0,1,64.0,74.0,66.0,71.6,73.6
CK-104270,S040,2026-08-30,evening,A0383,app_volunteer,6.4,1,73.0,76.0,79.0,73.1,75.1
CK-104271,S050,2026-08-30,midday,A0196,app_volunteer,5.7,1,85.0,77.0,78.0,82.2,84.2
CK-104272,S050,2026-08-30,midday,A0015,app_volunteer,7.1,1,85.0,82.0,83.0,85.5,87.5
CK-104273,S055,2026-08-30,evening,A0060,app_volunteer,2.3,1,79.0,81.0,81.0,80.2,82.2
CK-104274,S055,2026-08-30,evening,A0018,app_volunteer,4.5,1,67.0,67.0,70.0,66.5,68.5
CK-104275,S070,2026-08-30,midday,A0270,app_volunteer,3.3,1,92.0,78.0,81.0,85.6,87.6
CK-104276,S083,2026-08-30,evening,A0355,app_volunteer,4.8,1,55.0,55.0,56.0,53.4,55.4
CK-104277,S083,2026-08-30,evening,A0080,app_volunteer,6.9,1,55.0,60.0,72.0,64.7,66.7
CK-104278,S083,2026-08-30,midday,A0205,app_volunteer,3.2,1,60.0,56.0,65.0,66.0,68.0
CK-104279,S090,2026-08-30,evening,A0142,app_volunteer,7.9,1,79.0,83.0,71.0,77.1,79.1
CK-104280,S092,2026-08-30,evening,A0320,app_volunteer,4.5,1,82.0,76.0,84.0,79.2,81.2
CK-104281,S095,2026-08-30,midday,A0146,app_volunteer,5.3,1,80.0,86.0,77.0,80.2,82.2
CK-104282,S103,2026-08-30,evening,A0182,app_volunteer,8.0,1,69.0,69.0,66.0,67.8,69.8
CK-104283,S108,2026-08-30,evening,A0184,app_volunteer,6.5,1,69.0,75.0,76.0,76.7,78.7
CK-104284,S108,2026-08-30,midday,A0184,app_volunteer,4.8,1,74.0,64.0,79.0,77.4,79.4
CK-104285,S110,2026-08-30,evening,A0062,app_volunteer,3.2,1,66.0,60.0,60.0,64.4,66.4
CK-104286,S118,2026-08-30,midday,A0243,app_volunteer,2.9,1,76.0,75.0,77.0,78.4,80.4
CK-104287,S005,2026-08-31,evening,A0124,app_volunteer,2.8,1,62.0,71.0,64.0,67.0,69.0
CK-104288,S005,2026-08-31,evening,A0299,app_volunteer,4.9,1,82.0,74.0,79.0,75.0,77.0
CK-104289,S005,2026-08-31,evening,A0235,app_volunteer,6.5,1,79.0,75.0,77.0,79.6,81.6
CK-104290,S015,2026-08-31,evening,A0230,app_volunteer,5.8,1,71.0,70.0,65.0,65.0,67.0
CK-104291,S016,2026-08-31,evening,A0074,app_volunteer,22.1,1,65.0,72.0,65.0,71.8,73.8
CK-104292,S017,2026-08-31,midday,A0357,app_volunteer,2.9,1,60.0,67.0,58.0,63.1,65.1
CK-104293,S039,2026-08-31,evening,A0129,app_volunteer,2.5,1,68.0,74.0,62.0,68.5,70.5
CK-104294,S052,2026-08-31,midday,A0193,app_volunteer,2.6,1,67.0,88.0,74.0,77.3,79.3
CK-104295,S055,2026-08-31,evening,A0322,app_volunteer,5.1,1,63.0,51.0,57.0,55.9,57.9
CK-104296,S055,2026-08-31,midday,A0389,app_volunteer,5.3,1,85.0,83.0,84.0,87.1,89.1
CK-104297,S055,2026-08-31,evening,A0031,app_volunteer,5.7,1,81.0,81.0,72.0,78.1,80.1
CK-104298,S059,2026-08-31,evening,A0084,app_volunteer,5.2,1,78.0,83.0,79.0,78.4,80.4
CK-104299,S061,2026-08-31,midday,A0111,app_volunteer,4.3,1,68.0,74.0,69.0,70.7,72.7
CK-104300,S065,2026-08-31,evening,A0035,app_volunteer,4.8,1,65.0,82.0,78.0,75.0,77.0
CK-104301,S070,2026-08-31,midday,A0180,app_volunteer,4.5,1,91.0,89.0,82.0,85.4,87.4
CK-104302,S070,2026-08-31,evening,A0025,app_volunteer,6.4,1,87.0,82.0,75.0,77.9,79.9
CK-104303,S081,2026-08-31,midday,A0142,app_volunteer,6.0,1,63.0,63.0,62.0,62.7,64.7
CK-104304,S090,2026-08-31,evening,A0097,app_volunteer,8.5,1,60.0,62.0,64.0,63.9,65.9
CK-104305,S091,2026-08-31,midday,A0400,app_volunteer,3.3,1,76.0,75.0,77.0,75.9,77.9
CK-104306,S097,2026-08-31,morning,A0040,app_volunteer,5.7,1,73.0,78.0,79.0,79.1,81.1
CK-104307,S098,2026-08-31,evening,A0392,app_volunteer,7.7,1,68.0,77.0,67.0,73.9,75.9
CK-104308,S098,2026-08-31,morning,A0363,app_volunteer,3.4,1,85.0,80.0,74.0,76.4,78.4
CK-104309,S105,2026-08-31,evening,A0014,app_volunteer,12.2,1,66.0,64.0,71.0,73.5,75.5
CK-104310,S113,2026-08-31,morning,A0229,app_volunteer,5.6,1,76.0,70.0,76.0,73.9,75.9
CK-104311,S116,2026-08-31,evening,A0271,app_volunteer,4.2,1,85.0,82.0,82.0,81.6,83.6
CK-104312,S005,2026-09-01,morning,A0087,app_volunteer,7.3,1,69.0,66.0,72.0,70.9,72.9
CK-104313,S005,2026-09-01,evening,A0119,app_volunteer,3.6,1,74.0,71.0,66.0,68.3,70.3
CK-104314,S006,2026-09-01,midday,A0334,app_volunteer,8.5,1,69.0,69.0,74.0,70.3,72.3
CK-104315,S009,2026-09-01,morning,A0207,app_volunteer,7.6,1,92.0,90.0,84.0,85.1,87.1
CK-104316,S017,2026-09-01,evening,A0040,app_volunteer,8.8,1,65.0,70.0,64.0,62.8,64.8
CK-104317,S026,2026-09-01,morning,A0117,app_volunteer,4.9,1,77.0,92.0,82.0,79.5,81.5
CK-104318,S027,2026-09-01,evening,A0151,app_volunteer,12.2,1,64.0,54.0,64.0,61.4,63.4
CK-104319,S029,2026-09-01,evening,A0328,app_volunteer,4.0,1,78.0,78.0,66.0,73.7,75.7
CK-104320,S040,2026-09-01,morning,A0078,app_volunteer,3.2,1,67.0,62.0,64.0,62.4,64.4
CK-104321,S051,2026-09-01,evening,A0087,app_volunteer,6.7,1,78.0,65.0,71.0,71.6,73.6
CK-104322,S054,2026-09-01,evening,A0296,app_volunteer,5.1,1,59.0,66.0,67.0,66.7,68.7
CK-104323,S061,2026-09-01,evening,A0113,app_volunteer,3.4,0,55.0,38.0,47.0,49.1,51.1
CK-104324,S065,2026-09-01,evening,A0190,app_volunteer,8.9,1,57.0,53.0,62.0,57.2,59.2
CK-104325,S073,2026-09-01,morning,A0144,app_volunteer,3.0,1,82.0,86.0,82.0,84.1,86.1
CK-104326,S083,2026-09-01,midday,A0305,app_volunteer,9.4,1,67.0,52.0,71.0,62.1,64.1
CK-104327,S085,2026-09-01,evening,A0360,app_volunteer,7.3,0,68.0,76.0,78.0,74.4,76.4
CK-104328,S085,2026-09-01,midday,A0038,app_volunteer,5.1,1,73.0,70.0,67.0,69.8,71.8
CK-104329,S085,2026-09-01,midday,A0263,app_volunteer,12.7,1,84.0,90.0,85.0,85.3,87.3
CK-104330,S090,2026-09-01,evening,A0337,app_volunteer,3.9,1,71.0,72.0,70.0,69.1,71.1
CK-104331,S095,2026-09-01,evening,A0029,app_volunteer,6.7,1,69.0,68.0,70.0,67.7,69.7
CK-104332,S112,2026-09-01,evening,A0307,app_volunteer,6.9,0,63.0,80.0,70.0,69.1,71.1
CK-104333,S118,2026-09-01,evening,A0246,app_volunteer,3.9,1,55.0,58.0,56.0,55.7,57.7
CK-104334,S018,2026-09-02,evening,A0315,app_volunteer,5.7,1,71.0,70.0,69.0,70.3,72.3
CK-104335,S030,2026-09-02,evening,A0229,app_volunteer,5.8,1,87.0,86.0,83.0,79.8,81.8
CK-104336,S042,2026-09-02,evening,A0218,app_volunteer,4.0,1,66.0,69.0,65.0,64.0,66.0
CK-104337,S049,2026-09-02,evening,A0001,app_volunteer,5.5,1,46.0,68.0,60.0,59.6,61.6
CK-104338,S050,2026-09-02,evening,A0198,app_volunteer,3.9,1,57.0,70.0,67.0,67.6,69.6
CK-104339,S065,2026-09-02,evening,A0167,app_volunteer,5.4,1,67.0,62.0,65.0,70.6,72.6
CK-104340,S065,2026-09-02,midday,A0232,app_volunteer,2.9,1,76.0,68.0,65.0,67.2,69.2
CK-104341,S080,2026-09-02,evening,A0102,app_volunteer,12.5,1,74.0,85.0,82.0,78.3,80.3
CK-104342,S083,2026-09-02,evening,A0056,app_volunteer,4.4,0,81.0,75.0,73.0,71.7,73.7
CK-104343,S085,2026-09-02,evening,A0031,app_volunteer,5.1,1,81.0,76.0,74.0,76.6,78.6
CK-104344,S100,2026-09-02,evening,A0089,app_volunteer,8.0,1,70.0,71.0,68.0,69.3,71.3
CK-104345,S103,2026-09-02,evening,A0238,app_volunteer,6.4,1,83.0,70.0,77.0,77.4,79.4
CK-104346,S104,2026-09-02,morning,A0157,app_volunteer,6.8,1,100.0,86.0,97.0,91.1,93.1
CK-104347,S108,2026-09-02,evening,A0141,app_volunteer,4.3,1,74.0,80.0,77.0,75.4,77.4
CK-104348,S010,2026-09-03,evening,A0253,app_volunteer,6.3,1,82.0,81.0,85.0,81.7,83.7
CK-104349,S010,2026-09-03,evening,A0261,app_volunteer,10.0,1,88.0,81.0,80.0,80.7,82.7
CK-104350,S010,2026-09-03,midday,A0373,app_volunteer,9.6,1,84.0,90.0,79.0,79.8,81.8
CK-104351,S013,2026-09-03,evening,A0313,app_volunteer,8.5,0,80.0,71.0,87.0,79.8,81.8
CK-104352,S017,2026-09-03,evening,A0166,app_volunteer,10.9,1,80.0,74.0,72.0,75.3,77.3
CK-104353,S017,2026-09-03,morning,A0078,app_volunteer,2.5,1,59.0,63.0,65.0,64.8,66.8
CK-104354,S021,2026-09-03,midday,A0089,app_volunteer,4.9,1,62.0,61.0,66.0,68.2,70.2
CK-104355,S029,2026-09-03,evening,A0235,app_volunteer,3.4,1,68.0,77.0,74.0,72.4,74.4
CK-104356,S031,2026-09-03,evening,A0175,app_volunteer,10.5,1,64.0,62.0,57.0,62.3,64.3
CK-104357,S031,2026-09-03,midday,A0186,app_volunteer,11.3,1,81.0,76.0,77.0,77.6,79.6
CK-104358,S034,2026-09-03,midday,A0178,app_volunteer,4.7,0,78.0,77.0,77.0,79.7,81.7
CK-104359,S035,2026-09-03,midday,A0036,app_volunteer,3.5,1,78.0,82.0,71.0,75.3,77.3
CK-104360,S042,2026-09-03,evening,A0307,app_volunteer,7.0,1,72.0,71.0,64.0,67.8,69.8
CK-104361,S048,2026-09-03,evening,A0271,app_volunteer,8.8,1,84.0,68.0,79.0,72.0,74.0
CK-104362,S050,2026-09-03,evening,A0007,app_volunteer,7.0,1,83.0,77.0,74.0,77.6,79.6
CK-104363,S055,2026-09-03,evening,A0239,app_volunteer,4.6,1,76.0,76.0,67.0,72.3,74.3
CK-104364,S059,2026-09-03,midday,A0368,app_volunteer,6.4,1,65.0,63.0,62.0,62.7,64.7
CK-104365,S061,2026-09-03,evening,A0252,app_volunteer,4.7,1,76.0,60.0,63.0,62.7,64.7
CK-104366,S062,2026-09-03,evening,A0089,app_volunteer,5.0,0,76.0,75.0,73.0,74.7,76.7
CK-104367,S063,2026-09-03,midday,A0227,app_volunteer,8.2,1,76.0,78.0,83.0,74.8,76.8
CK-104368,S070,2026-09-03,midday,A0365,app_volunteer,1.3,1,90.0,86.0,86.0,88.5,90.5
CK-104369,S070,2026-09-03,evening,A0300,app_volunteer,7.4,1,77.0,84.0,82.0,78.7,80.7
CK-104370,S076,2026-09-03,evening,A0123,app_volunteer,9.5,1,67.0,77.0,71.0,73.6,75.6
CK-104371,S095,2026-09-03,evening,A0344,app_volunteer,5.3,1,83.0,76.0,79.0,78.9,80.9
CK-104372,S100,2026-09-03,evening,A0279,app_volunteer,4.3,1,70.0,65.0,72.0,69.0,71.0
CK-104373,S106,2026-09-03,evening,A0151,app_volunteer,3.6,1,78.0,84.0,78.0,80.7,82.7
CK-104374,S107,2026-09-03,evening,A0205,app_volunteer,7.6,0,77.0,71.0,61.0,71.1,73.1
CK-104375,S114,2026-09-03,midday,A0266,app_volunteer,5.7,1,72.0,54.0,64.0,60.9,62.9
CK-104376,S119,2026-09-03,evening,A0199,app_volunteer,7.9,0,73.0,77.0,80.0,82.6,84.6
CK-104377,S003,2026-09-04,evening,A0393,app_volunteer,3.1,1,91.0,82.0,84.0,87.6,89.6
CK-104378,S005,2026-09-04,evening,A0096,app_volunteer,4.2,1,77.0,87.0,79.0,80.1,82.1
CK-104379,S020,2026-09-04,midday,A0102,app_volunteer,3.2,1,53.0,71.0,54.0,60.9,62.9
CK-104380,S020,2026-09-04,midday,A0027,app_volunteer,3.1,1,85.0,91.0,81.0,89.6,91.6
CK-104381,S029,2026-09-04,evening,A0245,app_volunteer,5.3,1,76.0,78.0,79.0,76.1,78.1
CK-104382,S030,2026-09-04,evening,A0301,app_volunteer,3.8,1,80.0,81.0,81.0,78.3,80.3
CK-104383,S035,2026-09-04,evening,A0030,app_volunteer,3.5,0,56.0,58.0,56.0,62.2,64.2
CK-104384,S036,2026-09-04,midday,A0337,app_volunteer,3.3,1,78.0,80.0,73.0,77.1,79.1
CK-104385,S038,2026-09-04,midday,A0122,app_volunteer,3.2,1,86.0,91.0,87.0,83.3,85.3
CK-104386,S039,2026-09-04,evening,A0308,app_volunteer,3.5,1,64.0,74.0,72.0,74.3,76.3
CK-104387,S044,2026-09-04,evening,A0365,app_volunteer,1.9,1,71.0,60.0,70.0,68.8,70.8
CK-104388,S050,2026-09-04,evening,A0093,app_volunteer,9.8,1,70.0,77.0,67.0,74.3,76.3
CK-104389,S050,2026-09-04,midday,A0104,app_volunteer,3.5,1,80.0,80.0,75.0,78.6,80.6
CK-104390,S051,2026-09-04,midday,A0351,app_volunteer,3.9,1,74.0,88.0,86.0,86.8,88.8
CK-104391,S056,2026-09-04,evening,A0369,app_volunteer,5.8,1,83.0,64.0,74.0,73.0,75.0
CK-104392,S060,2026-09-04,evening,A0157,app_volunteer,10.0,1,75.0,79.0,81.0,80.0,82.0
CK-104393,S060,2026-09-04,morning,A0090,app_volunteer,4.4,0,68.0,64.0,62.0,63.4,65.4
CK-104394,S060,2026-09-04,evening,A0330,app_volunteer,6.3,1,73.0,72.0,72.0,70.0,72.0
CK-104395,S061,2026-09-04,morning,A0123,app_volunteer,3.0,0,77.0,72.0,80.0,81.5,83.5
CK-104396,S061,2026-09-04,evening,A0260,app_volunteer,8.3,1,65.0,69.0,67.0,67.7,69.7
CK-104397,S063,2026-09-04,evening,A0290,app_volunteer,3.3,1,72.0,69.0,74.0,72.1,74.1
CK-104398,S070,2026-09-04,evening,A0056,app_volunteer,10.8,1,77.0,70.0,77.0,74.1,76.1
CK-104399,S074,2026-09-04,midday,A0288,app_volunteer,2.1,1,81.0,83.0,85.0,82.9,84.9
CK-104400,S078,2026-09-04,evening,A0354,app_volunteer,8.0,1,84.0,81.0,80.0,77.9,79.9
CK-104401,S080,2026-09-04,morning,A0217,app_volunteer,2.3,1,74.0,81.0,76.0,74.9,76.9
CK-104402,S082,2026-09-04,evening,A0278,app_volunteer,7.3,1,73.0,70.0,60.0,71.0,73.0
CK-104403,S082,2026-09-04,evening,A0389,app_volunteer,8.0,1,77.0,78.0,81.0,81.0,83.0
CK-104404,S084,2026-09-04,evening,A0326,app_volunteer,12.1,1,70.0,66.0,69.0,72.5,74.5
CK-104405,S085,2026-09-04,evening,A0145,app_volunteer,15.9,1,71.0,72.0,86.0,76.7,78.7
CK-104406,S098,2026-09-04,evening,A0085,app_volunteer,4.3,1,60.0,65.0,66.0,68.6,70.6
CK-104407,S116,2026-09-04,evening,A0222,app_volunteer,4.2,1,68.0,65.0,78.0,78.3,80.3
CK-104408,S119,2026-09-04,evening,A0114,app_volunteer,6.9,1,83.0,90.0,91.0,86.5,88.5
CK-104409,S003,2026-09-05,evening,A0183,app_volunteer,12.3,1,80.0,83.0,75.0,75.2,77.2
CK-104410,S005,2026-09-05,evening,A0131,app_volunteer,5.1,1,77.0,70.0,71.0,71.6,73.6
CK-104411,S012,2026-09-05,evening,A0222,app_volunteer,8.1,1,75.0,76.0,80.0,78.0,80.0
CK-104412,S023,2026-09-05,midday,A0216,app_volunteer,6.4,1,70.0,68.0,69.0,69.3,71.3
CK-104413,S025,2026-09-05,morning,A0018,app_volunteer,3.5,1,92.0,88.0,86.0,91.4,93.4
CK-104414,S027,2026-09-05,midday,A0053,app_volunteer,2.9,1,69.0,75.0,72.0,74.7,76.7
CK-104415,S027,2026-09-05,evening,A0366,app_volunteer,4.5,0,73.0,77.0,68.0,71.5,73.5
CK-104416,S029,2026-09-05,morning,A0048,app_volunteer,4.0,1,87.0,88.0,88.0,93.6,95.6
CK-104417,S029,2026-09-05,morning,A0067,app_volunteer,7.2,1,66.0,69.0,73.0,71.3,73.3
CK-104418,S055,2026-09-05,evening,A0345,app_volunteer,3.8,1,62.0,57.0,53.0,54.7,56.7
CK-104419,S065,2026-09-05,midday,A0351,app_volunteer,3.8,1,75.0,74.0,77.0,73.7,75.7
CK-104420,S085,2026-09-05,evening,A0334,app_volunteer,7.1,1,54.0,69.0,61.0,60.9,62.9
CK-104421,S089,2026-09-05,evening,A0044,app_volunteer,8.0,0,77.0,78.0,86.0,79.7,81.7
CK-104422,S008,2026-09-06,midday,A0400,app_volunteer,2.3,1,86.0,96.0,87.0,89.6,91.6
CK-104423,S023,2026-09-06,morning,A0270,app_volunteer,9.1,0,81.0,79.0,97.0,82.5,84.5
CK-104424,S029,2026-09-06,morning,A0240,app_volunteer,3.3,1,63.0,76.0,71.0,72.0,74.0
CK-104425,S040,2026-09-06,evening,A0134,app_volunteer,5.2,1,76.0,75.0,78.0,72.3,74.3
CK-104426,S046,2026-09-06,midday,A0275,app_volunteer,6.1,1,75.0,69.0,77.0,75.0,77.0
CK-104427,S047,2026-09-06,evening,A0079,app_volunteer,8.8,1,68.0,65.0,80.0,73.7,75.7
CK-104428,S050,2026-09-06,evening,A0249,app_volunteer,5.4,1,72.0,62.0,67.0,65.5,67.5
CK-104429,S055,2026-09-06,evening,A0348,app_volunteer,6.2,1,80.0,71.0,73.0,71.4,73.4
CK-104430,S060,2026-09-06,midday,A0240,app_volunteer,8.2,1,80.0,71.0,77.0,76.3,78.3
CK-104431,S060,2026-09-06,midday,A0385,app_volunteer,6.8,1,92.0,78.0,76.0,80.3,82.3
CK-104432,S061,2026-09-06,evening,A0134,app_volunteer,7.2,1,58.0,65.0,58.0,58.8,60.8
CK-104433,S071,2026-09-06,evening,A0389,app_volunteer,5.6,1,62.0,50.0,61.0,63.5,65.5
CK-104434,S075,2026-09-06,morning,A0120,app_volunteer,4.0,1,77.0,74.0,76.0,73.1,75.1
CK-104435,S090,2026-09-06,evening,A0377,app_volunteer,7.0,1,71.0,83.0,81.0,77.9,79.9
CK-104436,S094,2026-09-06,evening,A0079,app_volunteer,9.8,1,83.0,88.0,83.0,84.3,86.3
CK-104437,S094,2026-09-06,midday,A0007,app_volunteer,4.2,1,78.0,88.0,80.0,81.5,83.5
CK-104438,S095,2026-09-06,evening,A0089,app_volunteer,7.6,1,83.0,81.0,74.0,78.1,80.1
CK-104439,S101,2026-09-06,midday,A0334,app_volunteer,3.1,1,84.0,87.0,73.0,77.1,79.1
CK-104440,S104,2026-09-06,morning,A0184,app_volunteer,4.4,1,74.0,83.0,79.0,78.4,80.4
CK-104441,S117,2026-09-06,evening,A0298,app_volunteer,20.6,1,69.0,64.0,69.0,69.2,71.2
CK-104442,S120,2026-09-06,evening,A0224,app_volunteer,4.8,1,58.0,68.0,64.0,63.4,65.4
CK-104443,S005,2026-09-07,evening,A0122,app_volunteer,3.7,1,71.0,66.0,73.0,74.0,76.0
CK-104444,S008,2026-09-07,midday,A0280,app_volunteer,3.8,1,83.0,75.0,84.0,81.6,83.6
CK-104445,S015,2026-09-07,evening,A0090,app_volunteer,5.4,1,60.0,52.0,64.0,62.3,64.3
CK-104446,S018,2026-09-07,evening,A0326,app_volunteer,5.0,1,74.0,76.0,65.0,71.8,73.8
CK-104447,S021,2026-09-07,midday,A0010,app_volunteer,4.1,1,72.0,65.0,73.0,71.3,73.3
CK-104448,S025,2026-09-07,evening,A0260,app_volunteer,6.1,0,84.0,80.0,87.0,81.6,83.6
CK-104449,S030,2026-09-07,evening,A0376,app_volunteer,5.0,1,83.0,82.0,72.0,80.4,82.4
CK-104450,S035,2026-09-07,evening,A0243,app_volunteer,9.1,1,71.0,69.0,73.0,67.8,69.8
CK-104451,S037,2026-09-07,evening,A0033,app_volunteer,9.5,1,66.0,63.0,62.0,63.8,65.8
CK-104452,S050,2026-09-07,midday,A0083,app_volunteer,3.8,1,73.0,78.0,65.0,71.9,73.9
CK-104453,S055,2026-09-07,evening,A0204,app_volunteer,6.5,1,78.0,81.0,70.0,70.8,72.8
CK-104454,S055,2026-09-07,evening,A0070,app_volunteer,18.7,1,78.0,76.0,75.0,75.7,77.7
CK-104455,S058,2026-09-07,evening,A0384,app_volunteer,3.0,1,73.0,80.0,78.0,77.7,79.7
CK-104456,S060,2026-09-07,midday,A0322,app_volunteer,3.1,1,73.0,74.0,69.0,74.7,76.7
CK-104457,S070,2026-09-07,evening,A0012,app_volunteer,10.7,0,67.0,58.0,66.0,67.6,69.6
CK-104458,S075,2026-09-07,evening,A0201,app_volunteer,5.0,1,82.0,81.0,77.0,78.9,80.9
CK-104459,S075,2026-09-07,midday,A0342,app_volunteer,5.7,1,57.0,65.0,64.0,65.1,67.1
CK-104460,S078,2026-09-07,evening,A0301,app_volunteer,8.2,0,65.0,61.0,68.0,60.5,62.5
CK-104461,S078,2026-09-07,midday,A0342,app_volunteer,4.1,1,74.0,75.0,79.0,77.1,79.1
CK-104462,S080,2026-09-07,evening,A0271,app_volunteer,4.3,1,68.0,66.0,76.0,71.3,73.3
CK-104463,S085,2026-09-07,evening,A0284,app_volunteer,4.8,1,75.0,86.0,81.0,82.0,84.0
CK-104464,S090,2026-09-07,morning,A0060,app_volunteer,4.3,1,75.0,77.0,76.0,76.6,78.6
CK-104465,S095,2026-09-07,morning,A0398,app_volunteer,3.4,1,90.0,83.0,85.0,83.2,85.2
CK-104466,S096,2026-09-07,evening,A0046,app_volunteer,6.7,1,74.0,79.0,81.0,79.7,81.7
CK-104467,S102,2026-09-07,evening,A0245,app_volunteer,3.0,1,73.0,67.0,76.0,76.8,78.8
CK-104468,S103,2026-09-07,evening,A0206,app_volunteer,7.0,1,67.0,66.0,66.0,68.6,70.6
CK-104469,S112,2026-09-07,morning,A0229,app_volunteer,10.5,1,83.0,86.0,83.0,83.5,85.5
CK-104470,S116,2026-09-07,evening,A0034,app_volunteer,6.4,1,72.0,77.0,77.0,79.4,81.4
CK-104471,S118,2026-09-07,evening,A0042,app_volunteer,5.6,1,67.0,70.0,67.0,68.0,70.0
