customer_id,region,acquisition_channel,segment,test_group,age,household_income_k,tenure_months,sessions_90d,avg_session_min,pages_per_session,bounce_rate,mobile_share,email_open_rate,email_click_rate,orders_90d,avg_order_value,items_per_order,revenue_90d,discount_share,return_rate,cart_abandon_rate,shipping_cost_avg,avg_delivery_days,support_tickets_12m,avg_resolution_hours,nps_score,satisfaction_pre,satisfaction_post,days_since_last_order,lifetime_orders,lifetime_revenue,churned_next_90d,converted_promo
10001,South,Organic Search,Returning,Treatment,37,57.3,18,2,5.3,6.6,0.245,0.692,0.066,0.005,0,86.21,1.83,0.0,0.087,0.025,0.36,3.49,3.4,1,17.2,7.0,6,6,190,3,235.64,0,0
10002,West,Organic Search,Returning,Treatment,41,72.9,6,2,2.2,5.3,0.313,0.724,0.107,0.009,0,100.35,3.11,0.0,0.04,0.008,0.46,6.2,4.5,0,,10.0,4,4,117,2,178.55,0,0
10003,Midwest,Referral,Loyal,Control,27,,25,8,6.4,6.1,0.189,0.79,0.155,0.004,2,75.79,1.66,162.57,0.341,0.047,0.53,3.03,4.9,2,23.8,4.0,3,4,84,6,492.98,0,0
10004,Midwest,Social,Returning,Control,39,51.0,13,17,11.0,7.3,0.5,0.77,0.21,0.017,3,88.49,2.26,226.84,0.447,0.077,0.691,7.4,3.6,1,62.3,7.0,6,7,20,1,79.28,0,0
10005,South,Paid Search,Returning,Control,33,33.6,11,3,4.3,5.5,0.256,0.569,0.296,0.049,0,82.47,2.01,0.0,0.185,0.188,0.731,7.16,3.4,0,,6.0,6,6,135,1,99.81,0,0
10006,Midwest,Paid Search,Returning,Control,42,28.3,22,16,4.1,5.3,0.51,0.815,0.353,0.071,3,82.15,2.49,255.03,0.294,0.031,0.752,8.86,3.7,0,,,4,4,2,3,240.98,0,0
10007,West,Paid Search,Returning,Control,51,65.9,12,8,7.7,6.1,0.279,0.55,0.428,0.041,2,90.55,2.78,178.61,0.379,0.05,0.613,6.45,3.8,1,12.1,9.0,6,7,34,5,513.79,0,0
10008,South,Organic Search,New,Treatment,57,66.6,3,1,3.7,4.1,0.236,0.75,0.227,0.002,0,113.34,2.08,0.0,0.077,0.108,0.645,5.08,3.5,1,10.8,5.0,4,5,174,1,116.19,1,0
10009,West,Paid Search,Returning,Control,45,133.6,6,1,5.8,7.1,0.278,0.696,0.221,0.02,0,175.26,2.66,0.0,0.183,0.128,0.578,6.83,2.4,1,27.9,5.0,4,3,231,1,218.75,1,0
10010,West,Paid Search,Returning,Treatment,24,64.2,17,2,7.6,7.0,0.372,0.999,0.051,0.013,0,77.23,1.01,0.0,0.283,0.142,0.653,3.46,5.1,0,,8.0,7,7,153,1,59.88,0,0
10011,South,Organic Search,Loyal,Treatment,30,24.7,25,27,3.7,4.7,0.193,0.865,0.297,0.014,3,121.02,3.38,248.24,0.306,0.167,0.755,6.59,5.0,1,22.1,6.0,5,5,12,9,1113.43,0,0
10012,South,Organic Search,Returning,Treatment,19,45.2,15,12,4.8,4.8,0.262,0.622,0.398,0.118,2,68.29,2.16,108.79,0.2,0.153,0.67,3.91,3.7,0,,7.0,5,6,32,2,132.57,0,0
10013,Midwest,Organic Search,Loyal,Control,35,48.4,27,12,3.9,7.2,0.3,0.708,0.176,0.019,1,80.16,2.41,77.1,0.261,0.076,0.834,5.67,3.3,0,,,5,6,85,2,148.17,1,1
10014,Northeast,Organic Search,Loyal,Control,40,78.7,46,13,7.2,6.2,0.513,0.927,0.29,0.034,1,173.16,2.41,131.47,0.386,0.072,0.591,8.56,4.5,0,,9.0,5,6,15,6,1020.22,0,0
10015,South,Email,Returning,Control,40,45.6,14,21,3.6,4.9,0.292,0.928,0.215,0.021,3,56.66,1.78,185.47,0.219,0.009,0.642,9.38,5.4,0,,6.0,7,7,4,7,372.86,1,0
10016,West,Social,New,Treatment,26,43.6,3,3,7.1,7.8,0.362,0.888,0.295,0.052,1,120.12,3.55,123.39,0.325,0.11,0.633,5.59,3.4,0,,7.0,3,3,22,1,130.99,0,0
10017,West,Organic Search,Returning,Control,38,27.6,18,3,19.4,12.8,0.24,0.529,0.426,0.081,1,88.77,2.17,84.17,0.13,0.111,0.639,6.76,3.9,0,,6.0,3,3,5,4,378.22,0,0
10018,South,Organic Search,New,Treatment,28,,2,9,8.8,8.5,0.108,0.773,0.165,0.02,6,87.12,2.97,451.38,0.371,0.104,0.711,4.27,4.2,0,,9.0,7,7,17,2,190.59,0,0
10019,Northeast,Paid Search,Returning,Control,48,85.4,19,7,6.4,5.4,0.338,0.626,0.285,0.015,1,69.81,1.67,93.41,0.271,0.057,0.703,8.72,2.6,0,,6.0,4,5,20,1,67.83,0,0
10020,Northeast,Social,Loyal,Treatment,20,117.0,64,26,3.9,6.2,0.437,0.538,0.328,0.058,6,103.49,2.36,524.9,0.491,0.174,0.652,4.6,2.8,2,15.3,6.0,5,4,9,17,1650.7,0,0
10021,West,Organic Search,New,Control,43,95.5,3,10,3.8,4.4,0.436,0.814,0.074,0.005,3,149.52,3.51,379.47,0.262,0.125,0.547,9.58,3.5,1,15.4,7.0,5,5,2,1,133.46,0,0
10022,West,Organic Search,Returning,Treatment,42,58.4,15,12,4.0,5.1,0.272,0.814,0.197,0.008,4,72.24,2.99,261.03,0.253,0.017,0.725,4.76,3.1,0,,9.0,5,5,1,1,88.32,0,0
10023,South,Email,Returning,Control,61,130.4,7,19,9.0,8.4,0.268,0.521,0.524,0.076,2,81.8,1.0,149.05,0.243,0.152,0.597,6.31,3.8,1,21.2,7.0,4,5,34,1,75.16,0,0
10024,South,Paid Search,New,Control,33,41.6,1,8,3.4,5.2,0.459,0.993,0.366,0.017,4,51.51,2.01,176.24,0.35,0.202,0.778,8.37,3.6,0,,7.0,6,6,8,1,43.94,0,0
10025,South,Paid Search,Returning,Control,33,127.5,10,9,3.3,8.0,0.566,0.829,0.152,0.016,3,100.28,1.83,360.89,0.418,0.038,0.834,5.35,6.0,1,15.6,7.0,6,5,41,3,311.73,0,0
10026,West,Paid Search,Returning,Control,47,110.1,8,9,6.1,7.1,0.267,0.734,0.185,0.014,0,110.51,3.23,0.0,0.426,0.13,0.572,3.88,2.1,0,,,6,6,142,1,107.62,0,0
10027,Midwest,Paid Search,New,Treatment,59,26.0,1,1,3.4,5.2,0.539,0.474,0.298,0.068,0,67.77,2.36,0.0,0.525,0.02,0.432,6.34,3.6,2,12.9,7.0,7,7,133,1,65.04,1,0
10028,South,Paid Search,Loyal,Control,29,62.7,39,23,6.1,7.8,0.279,0.964,0.024,0.005,1,65.16,2.32,67.98,0.338,0.058,0.622,8.73,1.5,1,34.2,10.0,3,3,35,3,201.62,0,0
10029,West,Organic Search,Loyal,Treatment,46,64.7,43,6,4.8,4.8,0.471,0.73,0.223,0.087,1,68.31,2.75,62.22,0.578,0.108,0.661,4.91,1.9,0,,10.0,6,7,89,9,637.73,0,0
10030,South,Referral,Loyal,Treatment,60,73.0,36,8,2.1,3.8,0.533,0.564,0.248,0.013,0,110.85,3.77,0.0,0.31,0.092,0.774,9.92,4.0,1,26.5,7.0,5,5,173,9,955.99,1,1
10031,Northeast,Paid Search,Loyal,Control,31,102.5,62,5,11.0,7.6,0.251,0.66,0.323,0.031,1,120.2,3.03,122.67,0.14,0.034,0.798,9.67,3.2,1,12.0,8.0,5,4,67,5,601.8,0,0
10032,South,Social,Returning,Treatment,59,45.5,10,9,6.2,6.2,0.268,0.789,0.192,0.043,2,61.29,1.66,126.4,0.479,0.137,0.472,7.33,3.4,1,20.1,8.0,4,4,3,1,51.43,0,0
10033,South,Email,Returning,Treatment,45,51.1,11,26,7.5,8.0,0.226,0.807,0.467,0.04,7,54.28,2.71,346.44,0.249,0.029,0.703,4.13,3.7,2,18.7,6.0,6,6,15,2,78.78,0,0
10034,Midwest,Email,Returning,Treatment,47,79.0,9,10,6.5,5.1,0.346,0.673,0.354,0.014,3,57.68,1.98,162.49,0.392,0.109,0.615,5.95,7.2,1,26.9,7.0,6,6,4,6,380.37,0,1
10035,Northeast,Organic Search,Loyal,Control,44,138.8,28,17,4.0,4.9,0.236,0.823,0.276,0.023,0,118.47,2.36,0.0,0.11,0.035,0.686,6.82,2.7,0,,10.0,6,6,158,9,1159.81,0,0
10036,West,Organic Search,Returning,Treatment,41,43.1,18,14,5.2,6.8,0.064,0.816,0.264,0.027,3,99.47,1.79,381.01,0.253,0.087,0.608,2.93,3.7,2,38.3,10.0,4,4,16,2,187.56,0,0
10037,South,Organic Search,Loyal,Treatment,27,48.1,53,23,4.5,4.9,0.153,0.679,0.242,0.026,5,99.54,3.24,614.75,0.179,0.048,0.556,2.23,2.2,2,14.2,9.0,6,7,20,7,804.09,0,0
10038,Midwest,Social,Returning,Control,43,104.8,11,6,3.9,4.5,0.419,0.816,0.155,0.042,2,100.54,2.69,231.47,0.393,0.091,0.641,6.43,3.6,1,11.9,,6,6,38,1,86.92,0,0
10039,West,Referral,Returning,Treatment,54,95.3,22,9,6.4,8.7,0.145,0.455,0.292,0.04,4,73.13,1.64,336.92,0.338,0.071,0.715,1.93,3.8,0,,7.0,3,4,6,3,216.96,0,0
10040,South,Organic Search,Returning,Treatment,36,60.8,18,2,5.9,6.2,0.383,0.58,0.225,0.007,1,79.29,2.7,94.81,0.091,0.098,0.675,4.9,3.0,1,36.3,6.0,5,5,41,2,138.58,0,0
10041,South,Referral,Loyal,Treatment,37,123.5,69,20,9.8,8.2,0.32,0.701,0.152,0.043,1,71.04,2.63,72.76,0.274,0.041,0.509,2.74,3.1,2,10.7,7.0,6,6,78,19,1363.89,0,0
10042,Northeast,Paid Search,Returning,Treatment,24,74.8,16,1,12.7,9.7,0.219,0.539,0.189,0.028,1,126.45,3.08,162.25,0.461,0.139,0.563,2.43,2.8,2,13.2,7.0,5,5,45,2,209.35,0,0
10043,West,Paid Search,Returning,Control,43,65.5,13,5,13.5,10.2,0.286,0.667,0.354,0.052,0,65.25,2.17,0.0,0.338,0.169,0.744,5.33,4.4,0,,9.0,6,6,97,2,115.62,0,0
10044,West,Social,Returning,Control,59,101.7,15,9,8.1,6.6,0.331,0.527,0.158,0.018,4,110.94,3.32,527.88,0.259,0.039,0.69,6.04,2.1,2,13.0,6.0,3,3,15,4,465.11,0,0
10045,Northeast,Referral,Returning,Control,69,55.8,6,15,5.9,6.4,0.509,0.318,0.171,0.025,2,76.73,1.75,166.74,0.232,0.023,0.693,7.51,2.6,0,,3.0,7,7,50,2,148.07,0,1
10046,Midwest,Paid Search,Loyal,Treatment,60,95.9,45,13,4.0,6.0,0.219,0.523,0.117,0.022,1,92.61,2.62,114.68,0.573,0.081,0.688,3.64,2.6,0,,10.0,6,5,32,5,511.08,0,0
10047,Northeast,Paid Search,New,Treatment,21,52.1,5,2,6.6,6.6,0.337,0.976,0.609,0.129,2,150.17,3.33,237.36,0.459,0.056,0.765,2.51,3.8,0,,8.0,5,6,34,2,378.33,1,0
10048,South,Email,Returning,Control,32,138.9,17,13,15.3,9.6,0.343,0.602,0.612,0.063,1,76.84,2.39,63.63,0.182,0.067,0.81,8.14,6.2,1,24.8,7.0,7,7,59,5,356.1,0,0
10049,Midwest,Paid Search,Returning,Control,51,77.8,19,4,9.8,8.7,0.462,0.647,0.37,0.024,1,48.89,1.89,51.04,0.619,0.03,0.681,10.69,3.2,1,17.3,7.0,4,3,89,2,107.09,0,0
10050,West,Social,Loyal,Treatment,30,54.9,32,2,3.4,4.8,0.428,0.639,0.442,0.099,1,65.46,1.85,58.42,0.161,0.078,0.54,4.31,3.6,4,25.4,9.0,7,7,29,9,471.98,0,0
10051,Northeast,Referral,Loyal,Control,39,28.3,28,6,8.1,5.9,0.233,0.839,0.246,0.022,0,48.29,2.65,0.0,0.217,0.066,0.642,6.48,3.1,0,,10.0,5,6,194,4,235.6,0,0
10052,Midwest,Email,Loyal,Treatment,51,151.0,29,16,6.9,6.1,0.279,0.757,0.283,0.023,4,111.88,2.72,437.33,0.345,0.041,0.67,5.27,2.6,1,14.6,10.0,4,5,11,7,874.29,0,0
10053,South,Social,Returning,Treatment,55,29.4,7,11,3.2,4.8,0.459,0.436,0.295,0.133,2,64.55,3.17,149.0,0.064,0.101,0.734,6.53,6.2,0,,6.0,6,7,36,2,160.58,1,0
10054,Midwest,Paid Search,Returning,Control,26,42.5,17,5,10.3,7.1,0.38,0.858,0.343,0.015,1,97.62,2.55,111.06,0.548,0.182,0.613,6.99,3.2,2,95.0,4.0,2,3,51,4,427.32,1,0
10055,South,Paid Search,Returning,Treatment,43,211.0,23,12,8.3,5.9,0.576,0.714,0.111,0.032,4,137.81,3.34,546.72,0.47,0.165,0.854,3.27,2.1,2,28.8,10.0,5,4,30,6,791.68,0,1
10056,South,Referral,New,Control,30,77.3,1,1,3.8,4.1,0.213,0.546,0.161,0.017,0,80.74,2.76,0.0,0.258,0.181,0.694,5.07,4.3,0,,7.0,5,6,175,1,75.45,1,0
10057,West,Organic Search,New,Treatment,38,102.4,5,3,5.3,6.1,0.515,0.9,0.228,0.036,1,82.71,1.9,63.38,0.365,0.043,0.628,3.13,3.2,0,,10.0,5,4,68,2,163.24,0,0
10058,Northeast,Email,Returning,Control,43,135.5,13,6,4.4,5.0,0.424,0.72,0.552,0.057,2,145.05,3.47,252.93,0.425,0.007,0.524,2.39,4.4,1,20.3,10.0,7,6,21,6,984.15,0,1
10059,South,Organic Search,Returning,Control,39,113.9,14,21,3.5,5.1,0.311,0.671,0.32,0.032,6,103.77,2.71,885.24,0.202,0.149,0.768,6.44,4.4,1,11.4,,6,5,16,3,356.27,0,0
10060,West,Email,Returning,Control,41,33.5,18,22,23.4,12.8,0.484,0.69,0.151,0.012,3,55.89,1.3,135.96,0.352,0.034,0.813,2.25,2.9,0,,4.0,6,7,27,3,143.06,0,0
10061,Midwest,Referral,Loyal,Control,32,67.9,49,14,13.5,8.6,0.13,0.961,0.326,0.006,6,59.48,1.8,302.8,0.485,0.01,0.697,2.09,4.0,0,,8.0,7,7,5,5,263.81,0,0
10062,West,Organic Search,Loyal,Control,35,97.7,32,6,5.8,6.1,0.152,0.506,0.245,0.021,2,179.73,4.41,337.48,0.049,0.051,0.621,7.4,3.0,2,51.2,8.0,6,6,12,5,975.31,0,0
10063,South,Organic Search,Loyal,Treatment,37,38.5,28,18,14.1,9.4,0.222,0.53,0.061,0.002,3,79.06,2.56,334.19,0.419,0.142,0.545,3.52,4.5,0,,10.0,2,1,9,8,562.47,0,0
10064,Midwest,Organic Search,Returning,Treatment,32,54.4,8,3,16.7,11.0,0.284,0.878,0.314,0.016,1,95.26,2.7,129.99,0.129,0.049,0.832,4.77,3.5,0,,9.0,4,4,17,3,268.55,0,0
10065,Northeast,Organic Search,Returning,Control,49,78.8,7,3,5.7,6.7,0.295,0.625,0.495,0.036,2,152.71,3.55,234.21,0.229,0.006,0.638,3.42,1.8,1,15.7,7.0,5,6,52,2,337.57,0,0
10066,South,Organic Search,New,Treatment,43,70.7,1,2,3.3,3.6,0.244,0.605,0.342,0.078,1,77.82,1.1,69.25,0.166,0.085,0.566,4.87,5.5,1,6.2,5.0,4,4,47,1,71.95,1,0
10067,South,Paid Search,New,Control,45,119.3,4,6,5.1,6.8,0.397,0.689,0.32,0.044,0,69.81,1.81,0.0,0.263,0.196,0.626,7.92,3.3,1,15.6,6.0,5,5,137,1,83.72,1,0
10068,West,Email,Loyal,Treatment,57,27.0,36,30,7.1,10.0,0.281,0.205,0.286,0.011,5,65.44,2.48,424.09,0.474,0.015,0.575,5.96,3.2,3,46.6,9.0,6,5,14,4,237.89,0,0
10069,West,Organic Search,Loyal,Control,41,44.0,27,10,6.4,5.9,0.371,0.927,0.404,0.019,2,43.23,1.92,84.43,0.567,0.179,0.811,3.75,3.3,3,6.8,9.0,5,6,4,9,521.01,0,0
10070,West,Social,Loyal,Treatment,37,133.3,39,7,6.9,7.8,0.308,0.599,0.412,0.001,4,180.66,4.73,719.12,0.489,0.106,0.633,7.15,3.0,0,,8.0,5,5,15,5,787.04,0,1
10071,Northeast,Organic Search,Returning,Treatment,46,44.8,12,3,7.8,6.8,0.199,0.538,0.273,0.04,1,71.73,1.0,66.99,0.247,0.052,0.578,5.64,7.5,2,17.2,9.0,5,4,35,5,353.23,0,0
10072,Northeast,Paid Search,New,Control,44,52.9,2,5,18.5,14.6,0.287,0.641,0.243,0.034,2,90.3,2.34,185.87,0.464,0.05,0.813,4.73,1.7,0,,9.0,6,6,21,1,102.56,0,0
10073,Northeast,Organic Search,New,Control,26,133.4,2,5,3.0,4.5,0.209,0.819,0.157,0.012,1,86.2,2.88,66.15,0.19,0.048,0.586,5.17,2.1,0,,10.0,5,6,89,1,92.03,0,1
10074,South,Organic Search,Returning,Treatment,55,46.2,6,5,6.2,6.6,0.147,0.82,0.134,0.021,0,93.96,2.14,0.0,0.129,0.022,0.657,4.25,2.9,0,,10.0,4,5,242,2,183.18,0,0
10075,South,Organic Search,Returning,Treatment,61,43.1,21,10,2.9,4.0,0.136,0.583,0.233,0.039,3,71.65,2.37,198.53,0.377,0.071,0.488,5.78,3.3,1,23.9,7.0,6,7,22,3,203.05,0,0
10076,South,Organic Search,Returning,Control,53,38.4,14,4,3.2,4.4,0.363,0.562,0.259,0.02,1,92.39,2.55,80.9,0.405,0.069,0.739,4.18,7.6,1,19.2,7.0,6,7,59,1,88.47,0,0
10077,West,Email,New,Control,31,81.7,3,3,6.2,5.4,0.069,0.691,0.253,0.057,3,107.13,1.35,321.38,0.3,0.018,0.615,5.57,2.9,0,,5.0,3,4,26,1,97.73,0,0
10078,South,Organic Search,Returning,Treatment,39,38.7,6,12,12.3,11.6,0.182,0.821,0.195,0.053,0,59.29,1.07,0.0,0.034,0.011,0.563,3.67,2.5,1,12.6,7.0,7,7,138,2,116.54,1,0
10079,South,Email,Returning,Control,55,86.8,16,16,3.5,4.7,0.251,0.716,0.541,0.175,4,84.28,2.47,326.72,0.228,0.043,0.808,7.36,3.4,0,,9.0,6,4,23,1,77.23,0,0
10080,Midwest,Paid Search,Loyal,Treatment,31,50.1,69,15,19.4,13.5,0.354,0.934,0.19,0.033,4,99.13,1.71,313.77,0.53,0.136,0.667,7.4,7.6,5,13.9,7.0,7,7,11,20,1945.92,0,0
10081,West,Social,New,Treatment,47,140.5,2,3,4.5,5.7,0.304,0.717,0.078,0.004,0,102.17,2.44,0.0,0.322,0.179,0.646,5.27,5.5,0,,5.0,4,5,212,1,105.29,1,0
10082,West,Email,New,Treatment,41,82.8,1,4,10.6,7.1,0.266,0.889,0.45,0.166,1,62.41,2.78,53.81,0.325,0.121,0.723,7.28,5.0,1,25.5,8.0,4,4,17,1,55.52,0,0
10083,Northeast,Paid Search,Loyal,Treatment,36,70.6,32,12,4.8,9.2,0.487,0.642,0.364,0.046,1,70.9,1.79,74.69,0.383,0.074,0.527,5.87,5.3,2,23.5,10.0,6,6,53,7,562.56,0,0
10084,Northeast,Organic Search,New,Control,20,159.8,4,5,6.9,5.9,0.315,0.997,0.207,0.05,0,119.04,2.33,0.0,0.106,0.071,0.706,7.05,4.7,1,15.4,7.0,6,5,264,1,137.78,1,0
10085,Midwest,Referral,Loyal,Treatment,40,145.3,26,6,13.8,10.2,0.324,0.393,0.378,0.023,0,78.01,2.83,0.0,0.263,0.103,0.736,6.36,2.2,2,9.5,7.0,6,6,159,9,605.79,0,1
10086,West,Organic Search,Returning,Control,53,94.1,11,6,3.5,4.5,0.095,0.677,0.281,0.044,1,131.41,2.25,144.03,0.065,0.046,0.565,8.94,2.1,1,25.1,,4,5,26,4,543.83,1,0
10087,South,Paid Search,Returning,Control,50,,19,17,4.1,5.3,0.423,0.564,0.44,0.023,2,64.95,1.89,104.43,0.327,0.093,0.741,4.68,2.6,1,15.5,8.0,4,3,65,2,146.16,0,0
10088,West,Organic Search,New,Control,63,92.4,3,17,3.9,4.8,0.243,0.796,0.073,0.008,0,86.15,3.1,0.0,0.299,0.012,0.611,9.32,4.4,0,,9.0,5,5,163,1,71.83,0,0
10089,Midwest,Email,Returning,Treatment,52,69.4,8,1,7.8,7.7,0.277,0.662,0.265,0.024,0,85.41,3.84,0.0,0.16,0.007,0.801,2.95,3.6,2,6.1,5.0,5,4,172,2,154.47,0,0
10090,Midwest,Email,New,Treatment,57,62.7,3,1,2.6,4.3,0.272,0.757,0.4,0.131,0,89.85,3.68,0.0,0.267,0.126,0.739,1.94,1.8,1,37.7,7.0,3,2,124,2,187.21,0,0
10091,Midwest,Paid Search,Returning,Control,47,51.5,7,12,8.7,8.1,0.323,0.588,0.222,0.025,3,75.57,2.56,230.09,0.208,0.114,0.636,5.34,4.6,1,25.8,6.0,3,3,54,3,252.59,1,0
10092,South,Social,Returning,Control,61,154.0,6,4,9.6,7.1,0.543,0.65,0.319,0.024,3,138.03,3.47,491.92,0.63,0.084,0.793,6.52,6.6,1,15.2,9.0,5,5,31,2,281.7,0,0
10093,South,Social,Returning,Control,44,63.2,11,3,12.9,11.4,0.487,0.527,0.466,0.08,0,83.93,2.89,0.0,0.13,0.048,0.629,8.9,4.4,1,14.6,5.0,4,4,128,2,174.85,0,0
10094,Midwest,Organic Search,Returning,Control,30,89.9,21,5,7.8,6.1,0.23,0.948,0.267,0.015,3,97.0,3.16,292.42,0.187,0.032,0.584,4.03,2.7,0,,8.0,5,5,28,2,189.7,0,1
10095,West,Social,New,Treatment,22,52.8,5,5,15.1,9.1,0.418,0.918,0.46,0.033,1,72.97,2.37,73.66,0.333,0.038,0.546,1.16,2.3,2,26.5,7.0,5,5,43,4,292.48,0,0
10096,Midwest,Organic Search,Returning,Control,63,122.6,6,6,3.4,6.2,0.332,0.635,0.293,0.01,1,85.6,2.86,79.25,0.263,0.024,0.641,9.97,2.0,0,,9.0,5,5,26,1,92.57,0,0
10097,Northeast,Organic Search,Loyal,Control,32,106.7,27,21,8.7,6.0,0.287,0.803,0.327,0.006,6,107.05,3.01,655.05,0.648,0.017,0.453,7.1,8.8,0,,5.0,5,6,4,7,905.21,0,0
10098,West,Organic Search,Returning,Control,41,80.0,9,7,6.7,5.8,0.194,0.706,0.218,0.043,1,65.22,1.58,60.96,0.24,0.116,0.514,6.9,4.0,1,63.7,7.0,6,7,3,2,132.78,0,0
10099,West,Referral,Loyal,Treatment,23,47.6,46,10,4.3,4.6,0.163,0.89,0.389,0.035,1,91.07,2.54,72.52,0.161,0.097,0.647,7.61,2.9,4,167.8,8.0,6,6,79,10,910.26,0,0
10100,West,Social,Returning,Control,37,39.9,13,9,3.9,5.9,0.459,0.857,0.288,0.039,4,65.96,1.89,259.3,0.388,0.232,0.708,7.68,2.5,1,19.7,8.0,5,6,9,3,232.04,0,0
10101,South,Paid Search,Returning,Treatment,44,83.0,17,17,2.7,3.6,0.508,0.455,0.293,0.038,0,87.81,1.25,0.0,0.159,0.121,0.691,8.39,3.1,0,,9.0,2,3,365,2,183.38,0,0
10102,Midwest,Paid Search,Returning,Control,51,94.9,22,5,4.3,6.7,0.546,0.673,0.403,0.085,2,134.11,3.34,302.8,0.298,0.213,0.653,4.25,2.6,0,,7.0,3,3,5,2,266.02,0,0
10103,Midwest,Paid Search,Returning,Control,40,55.8,23,11,10.6,8.5,0.214,0.51,0.179,0.006,4,97.63,1.81,383.06,0.108,0.053,0.811,7.44,1.5,0,,5.0,4,5,17,3,271.46,0,1
10104,Midwest,Referral,Returning,Control,39,82.5,16,7,12.3,9.8,0.435,0.919,0.482,0.096,1,74.17,1.73,74.41,0.219,0.121,0.748,5.94,2.4,0,,7.0,3,3,89,2,140.59,0,0
10105,West,Organic Search,Returning,Control,35,,21,5,7.8,6.0,0.232,0.828,0.328,0.057,2,81.14,1.8,142.01,0.33,0.055,0.572,8.93,4.0,0,,8.0,6,5,39,3,202.83,1,0
10106,West,Email,Returning,Control,27,83.0,18,15,3.4,3.7,0.333,0.817,0.334,0.004,0,75.46,1.95,0.0,0.498,0.064,0.851,4.98,2.9,2,20.6,9.0,6,5,198,2,147.21,1,0
10107,West,Organic Search,New,Treatment,35,56.2,3,8,11.0,8.9,0.197,0.988,0.47,0.034,0,91.9,3.08,0.0,0.206,0.045,0.813,6.69,2.1,0,,4.0,5,5,365,1,80.31,1,0
10108,South,Email,Returning,Control,18,89.7,20,13,3.6,4.4,0.248,0.81,0.264,0.036,2,73.1,2.17,132.81,0.121,0.159,0.561,8.72,3.6,1,10.6,7.0,6,7,28,9,724.87,0,0
10109,South,Organic Search,Loyal,Treatment,38,137.8,82,13,3.5,6.1,0.204,0.71,0.307,0.066,1,84.11,1.42,76.43,0.061,0.017,0.866,1.4,5.4,5,41.8,8.0,5,5,89,15,1126.44,0,0
10110,West,Paid Search,Returning,Control,33,160.2,7,5,4.0,5.4,0.119,0.645,0.234,0.035,0,134.15,3.68,0.0,0.6,0.056,0.61,3.96,2.8,1,30.2,6.0,5,5,330,2,255.82,1,0
10111,West,Organic Search,Loyal,Control,49,129.0,26,11,8.5,6.5,0.229,0.525,0.157,0.029,1,62.74,2.41,67.58,0.194,0.117,0.673,5.63,1.5,2,9.9,6.0,7,7,13,5,303.36,1,0
10112,West,Social,Returning,Control,39,65.8,8,3,11.2,8.5,0.404,0.765,0.397,0.039,2,143.99,4.29,342.22,0.248,0.12,0.689,5.12,4.0,0,,6.0,4,4,25,1,151.85,0,0
10113,West,Organic Search,Loyal,Treatment,52,112.6,26,12,9.3,6.6,0.393,0.656,0.183,0.015,1,58.47,1.39,58.88,0.099,0.131,0.715,5.87,2.4,0,,5.0,5,5,89,2,113.45,0,0
10114,West,Paid Search,Returning,Control,41,27.9,21,8,5.5,4.8,0.394,0.536,0.188,0.011,3,63.94,2.17,137.51,0.325,0.032,0.744,5.17,4.0,0,,9.0,4,5,5,5,280.74,0,0
10115,Northeast,Social,Loyal,Treatment,39,243.4,34,8,8.1,7.5,0.246,0.911,0.531,0.04,3,133.56,2.85,510.85,0.487,0.117,0.61,3.76,3.7,0,,8.0,6,6,4,2,220.78,0,1
10116,Midwest,Paid Search,Loyal,Treatment,38,96.2,31,21,5.9,5.4,0.308,0.845,0.493,0.008,1,109.76,2.93,93.17,0.579,0.058,0.633,5.64,4.5,1,59.2,10.0,5,5,29,7,720.84,0,0
10117,South,Email,Loyal,Control,40,56.0,54,15,2.5,3.5,0.213,0.692,0.522,0.057,4,112.83,3.27,342.09,0.575,0.033,0.714,10.89,3.5,0,,10.0,4,3,1,4,443.04,0,0
10118,Northeast,Organic Search,Loyal,Control,66,45.5,38,3,4.3,6.6,0.191,0.593,0.242,0.058,0,72.52,2.58,0.0,0.094,0.034,0.792,7.52,3.5,2,18.2,9.0,4,5,199,5,413.6,0,0
10119,West,Organic Search,Returning,Control,25,91.9,18,20,4.1,5.5,0.357,0.828,0.219,0.012,0,91.09,3.65,0.0,0.193,0.048,0.601,7.25,2.4,3,11.6,4.0,3,3,207,2,176.52,1,0
10120,South,Social,Returning,Treatment,64,163.4,6,6,8.5,6.7,0.46,0.777,0.312,0.036,1,107.84,2.44,117.29,0.215,0.112,0.754,5.33,3.4,1,18.2,10.0,4,4,43,1,112.43,0,0
10121,Northeast,Email,Loyal,Treatment,51,216.2,27,7,5.1,5.5,0.155,0.68,0.327,0.019,0,144.94,3.73,0.0,0.235,0.14,0.579,7.03,3.4,0,,10.0,5,5,255,1,146.5,0,0
10122,Northeast,Organic Search,New,Control,72,83.2,5,5,3.1,8.1,0.329,0.714,0.291,0.004,2,107.93,2.4,243.63,0.291,0.058,0.727,4.59,3.5,0,,8.0,3,5,11,1,107.84,0,0
10123,West,Email,Loyal,Treatment,30,45.8,66,14,6.8,7.2,0.291,0.854,0.212,0.007,2,105.9,2.95,218.38,0.126,0.213,0.684,3.07,4.3,6,14.5,7.0,5,4,24,16,1541.02,1,0
10124,West,Social,Loyal,Control,31,78.3,56,24,6.5,5.2,0.348,0.981,0.259,0.026,7,50.76,1.49,310.32,0.685,0.091,0.706,3.65,4.6,0,,,4,4,5,1,54.04,0,0
10125,Midwest,Email,Returning,Treatment,62,,17,10,6.5,5.5,0.548,0.618,0.547,0.095,3,117.08,2.59,337.28,0.262,0.063,0.788,7.28,1.5,1,22.2,6.0,5,5,16,2,249.5,0,0
10126,Northeast,Social,Returning,Control,50,94.8,11,6,7.1,6.8,0.367,0.703,0.398,0.027,0,101.46,1.87,0.0,0.423,0.212,0.517,6.22,4.6,0,,,5,6,169,3,297.89,1,0
10127,West,Referral,Returning,Treatment,49,35.6,22,5,5.6,5.4,0.393,0.739,0.304,0.047,2,58.52,3.41,114.86,0.392,0.014,0.738,4.31,3.9,2,16.2,10.0,7,7,8,8,483.03,0,0
10128,West,Paid Search,Loyal,Treatment,41,106.4,46,5,1.8,4.2,0.174,0.967,0.111,0.027,1,66.25,2.64,44.28,0.399,0.106,0.756,3.54,3.6,1,14.9,6.0,6,5,45,2,124.62,0,0
10129,West,Organic Search,Returning,Treatment,54,91.1,16,13,17.9,11.0,0.11,0.72,0.284,0.026,2,58.55,1.53,97.83,0.25,0.026,0.744,7.84,2.3,3,46.0,7.0,6,6,80,2,109.24,0,1
10130,West,Organic Search,New,Control,41,68.1,5,1,8.8,6.6,0.288,0.783,0.227,0.06,0,66.95,2.68,0.0,0.31,0.186,0.72,9.24,2.2,0,,9.0,5,5,152,1,80.99,0,0
10131,Northeast,Paid Search,Loyal,Treatment,39,51.9,38,5,9.9,7.6,0.194,0.849,0.227,0.055,0,92.35,2.21,0.0,0.39,0.099,0.623,4.12,2.5,0,,10.0,5,6,203,4,367.83,0,0
10132,Midwest,Organic Search,Returning,Control,42,47.9,6,2,5.8,5.5,0.357,0.945,0.291,0.022,0,87.89,2.73,0.0,0.093,0.063,0.731,2.82,3.1,2,13.9,9.0,5,4,93,1,88.75,1,0
10133,Northeast,Social,New,Treatment,31,55.5,1,8,4.0,4.2,0.459,0.771,0.313,0.022,2,129.26,2.84,236.71,0.489,0.132,0.632,4.33,4.7,0,,9.0,4,5,48,1,131.12,0,0
10134,South,Organic Search,Returning,Treatment,26,78.8,14,14,7.6,7.1,0.301,0.898,0.135,0.013,1,55.34,2.01,39.59,0.131,0.079,0.566,2.49,2.8,0,,,5,4,89,2,122.37,0,0
10135,Midwest,Paid Search,Returning,Treatment,53,162.3,9,14,4.1,4.6,0.471,0.645,0.153,0.006,4,53.53,2.63,264.14,0.245,0.113,0.543,4.3,2.6,0,,7.0,6,5,6,1,58.25,0,0
10136,West,Social,Returning,Control,36,107.7,9,14,6.6,6.7,0.484,0.861,0.262,0.02,0,89.43,1.47,0.0,0.273,0.074,0.624,10.68,2.2,1,7.6,7.0,5,5,336,2,197.44,1,0
10137,West,Organic Search,Returning,Treatment,32,36.9,12,7,7.0,7.1,0.306,0.839,0.364,0.044,2,92.71,1.43,159.26,0.227,0.016,0.667,4.53,4.6,1,21.9,9.0,3,3,17,2,119.84,0,0
10138,Northeast,Paid Search,Loyal,Treatment,49,,42,22,12.4,9.5,0.142,0.6,0.135,0.008,4,93.98,2.16,454.13,0.393,0.055,0.705,7.9,2.0,3,16.0,5.0,4,4,18,12,1041.49,0,0
10139,South,Organic Search,Returning,Treatment,29,36.2,17,16,5.4,5.2,0.266,0.615,0.239,0.006,2,72.64,3.34,143.2,0.241,0.1,0.607,3.0,2.6,0,,10.0,6,6,30,1,68.25,0,0
10140,South,Organic Search,Returning,Control,46,33.5,23,21,11.0,8.0,0.192,0.54,0.228,0.038,1,86.99,2.17,99.93,0.186,0.075,0.664,8.47,3.0,0,,8.0,5,6,46,7,607.11,0,0
10141,West,Social,Loyal,Control,28,131.5,29,16,4.2,5.9,0.431,0.98,0.392,0.039,4,143.34,3.77,531.57,0.292,0.289,0.916,7.31,3.4,1,13.1,2.0,5,5,23,7,958.3,0,0
10142,West,Referral,Returning,Control,29,76.0,11,4,3.5,5.0,0.271,0.821,0.352,0.047,1,116.51,2.06,95.78,0.046,0.045,0.742,5.77,2.4,0,,10.0,5,6,5,2,220.2,0,0
10143,South,Organic Search,New,Control,24,59.1,1,2,6.0,6.3,0.234,0.957,0.087,0.003,2,98.17,2.1,145.79,0.201,0.091,0.548,7.47,2.3,1,18.4,4.0,5,5,37,1,111.58,0,0
10144,Midwest,Paid Search,Returning,Control,25,85.2,15,8,4.7,5.1,0.234,0.572,0.332,0.059,0,105.11,3.93,0.0,0.473,0.057,0.797,5.18,2.7,0,,6.0,6,6,130,2,200.53,0,0
10145,Midwest,Paid Search,Returning,Treatment,31,153.6,21,19,4.3,5.8,0.434,0.948,0.213,0.008,5,98.14,2.06,577.2,0.443,0.106,0.682,3.8,1.9,0,,8.0,4,4,27,6,589.13,0,0
10146,Midwest,Social,Loyal,Treatment,47,137.3,26,15,6.2,7.2,0.382,0.617,0.205,0.01,4,129.6,3.46,379.28,0.533,0.144,0.615,5.38,4.7,2,8.9,9.0,7,7,51,10,1407.41,0,1
10147,Northeast,Organic Search,Returning,Treatment,37,56.6,12,14,4.3,5.8,0.335,0.785,0.295,0.017,0,195.16,4.19,0.0,0.282,0.092,0.778,6.97,3.1,1,19.9,7.0,6,6,170,1,216.89,0,0
10148,Midwest,Email,Returning,Control,40,112.7,8,11,17.1,12.2,0.186,0.674,0.399,0.051,1,95.99,2.04,105.21,0.165,0.06,0.714,5.52,1.7,2,16.6,10.0,6,6,6,3,298.27,0,0
10149,Midwest,Referral,New,Treatment,45,49.5,3,9,1.8,3.1,0.189,0.624,0.297,0.034,0,48.57,1.83,0.0,0.391,0.053,0.749,4.62,1.8,0,,7.0,5,5,199,1,50.32,0,0
10150,Midwest,Social,Returning,Control,26,91.8,13,22,5.2,6.0,0.361,0.979,0.205,0.019,5,109.32,2.04,607.58,0.121,0.111,0.669,9.54,2.7,2,20.9,4.0,5,6,9,2,229.35,1,0
10151,Midwest,Email,Loyal,Control,42,74.6,44,14,5.0,4.5,0.382,0.694,0.15,0.012,5,62.76,1.27,312.17,0.234,0.116,0.707,5.66,4.1,3,51.6,8.0,7,6,26,8,557.7,0,0
10152,Northeast,Paid Search,New,Treatment,23,73.2,3,8,3.7,5.0,0.307,0.912,0.215,0.004,2,107.74,3.31,207.37,0.518,0.094,0.712,7.96,4.8,0,,7.0,5,4,4,2,217.44,0,0
10153,West,Social,Returning,Control,39,157.4,11,7,4.2,4.4,0.338,0.755,0.241,0.052,4,70.64,2.41,296.13,0.273,0.086,0.736,4.49,3.2,1,22.2,7.0,6,6,59,2,131.42,0,0
10154,South,Organic Search,Returning,Treatment,18,97.5,6,7,8.4,7.5,0.539,0.982,0.285,0.064,0,70.09,3.1,0.0,0.56,0.034,0.454,4.99,1.9,0,,5.0,6,7,179,2,158.59,0,0
10155,Northeast,Paid Search,New,Treatment,45,58.0,5,2,7.3,9.0,0.085,0.788,0.308,0.053,0,80.4,1.49,0.0,0.258,0.206,0.554,2.81,4.6,1,55.1,3.0,4,5,122,1,80.35,1,0
10156,West,Organic Search,Returning,Control,41,42.7,6,5,5.2,7.3,0.141,0.678,0.24,0.017,0,116.01,2.58,0.0,0.151,0.077,0.795,5.13,1.8,1,21.1,8.0,7,7,118,1,111.52,0,0
10157,Midwest,Social,Returning,Treatment,40,61.1,19,13,13.4,8.3,0.305,0.544,0.356,0.035,3,147.19,3.73,434.15,0.448,0.074,0.712,2.7,2.8,1,28.8,5.0,6,6,4,5,819.52,0,0
10158,West,Referral,Loyal,Control,31,57.3,38,19,5.3,7.4,0.159,0.769,0.24,0.086,1,135.11,2.85,154.5,0.102,0.119,0.72,6.52,3.6,2,14.7,6.0,4,5,32,5,666.59,0,1
10159,West,Email,Returning,Control,25,144.3,17,3,6.9,5.9,0.32,0.697,0.468,0.05,1,99.63,3.42,81.28,0.132,0.144,0.537,7.26,3.8,0,,8.0,3,3,89,3,331.52,1,0
10160,Midwest,Paid Search,Returning,Control,61,57.3,9,3,4.0,4.0,0.354,0.648,0.242,0.026,0,113.84,2.49,0.0,0.165,0.049,0.829,2.97,6.3,0,,9.0,7,7,192,1,111.92,0,0
10161,Northeast,Referral,Loyal,Control,63,83.9,72,17,4.9,5.0,0.672,0.408,0.176,0.009,2,42.73,2.44,66.87,0.258,0.03,0.803,7.9,2.2,1,45.2,6.0,4,4,17,15,648.08,0,0
10162,South,Organic Search,Returning,Control,52,37.7,10,4,6.8,8.2,0.286,0.617,0.202,0.005,0,111.21,2.86,0.0,0.027,0.043,0.702,4.71,1.7,0,,5.0,3,3,131,1,91.95,0,0
10163,South,Email,Returning,Treatment,33,107.4,22,9,7.5,6.4,0.354,0.986,0.376,0.106,0,73.36,2.13,0.0,0.165,0.143,0.558,4.5,2.7,2,54.2,,5,6,92,2,148.45,1,0
10164,Midwest,Referral,Loyal,Control,68,,34,16,3.4,6.8,0.304,0.556,0.264,0.035,1,101.48,2.4,93.81,0.546,0.013,0.623,8.3,3.4,1,38.5,4.0,6,7,17,5,558.34,0,1
10165,West,Paid Search,Loyal,Control,67,91.3,25,12,6.5,9.0,0.429,0.656,0.053,0.002,2,83.3,3.29,191.01,0.248,0.013,0.817,4.28,4.1,1,13.4,7.0,4,5,5,9,638.59,1,0
10166,Northeast,Organic Search,New,Treatment,68,111.0,4,87,2.6,3.5,0.265,0.838,0.227,0.054,34,216.26,1.8,7352.84,0.224,0.08,0.762,5.85,1.8,28,9.8,0.0,6,5,2,206,41767.28,1,1
10167,West,Social,Loyal,Treatment,64,,26,10,9.2,8.1,0.527,0.811,0.057,0.007,2,118.65,2.5,246.68,0.376,0.094,0.709,5.22,3.2,2,7.4,7.0,6,7,14,5,504.37,1,0
10168,Midwest,Organic Search,Returning,Control,34,57.3,7,4,4.1,4.8,0.339,0.823,0.124,0.007,1,58.88,2.27,54.65,0.487,0.057,0.645,6.56,4.3,0,,8.0,6,6,81,1,48.68,0,0
10169,South,Organic Search,Loyal,Treatment,43,141.2,29,11,7.4,6.5,0.122,0.776,0.168,0.023,2,67.34,3.09,139.34,0.096,0.034,0.717,5.99,5.9,1,18.6,9.0,7,7,15,2,132.46,0,1
10170,South,Paid Search,Returning,Control,29,78.0,20,5,9.9,8.8,0.356,0.636,0.097,0.002,3,75.94,1.53,234.06,0.323,0.121,0.777,4.25,2.6,0,,7.0,7,7,89,2,142.99,0,0
10171,South,Organic Search,Returning,Control,39,32.6,9,5,5.4,6.0,0.466,0.814,0.303,0.06,1,70.97,2.69,67.55,0.184,0.016,0.687,10.81,5.3,0,,10.0,6,6,35,2,161.36,0,1
10172,Midwest,Email,New,Control,44,27.8,5,1,3.8,4.2,0.333,0.718,0.363,0.044,0,51.79,2.43,0.0,0.285,0.039,0.584,5.35,3.9,0,,,3,3,209,1,57.92,1,0
10173,South,Paid Search,Returning,Control,42,97.0,14,6,9.7,7.8,0.298,0.735,0.235,0.014,3,183.52,3.7,463.19,0.106,0.194,0.646,4.35,1.9,1,15.2,3.0,6,5,9,3,647.52,0,0
10174,Northeast,Paid Search,Returning,Control,49,69.0,15,6,8.8,8.0,0.256,0.877,0.105,0.008,0,131.42,3.46,0.0,0.434,0.063,0.823,4.72,3.9,0,,10.0,5,6,355,4,564.91,1,0
10175,South,Organic Search,Returning,Control,23,64.3,23,7,2.9,4.6,0.369,0.944,0.268,0.069,2,96.08,3.03,166.43,0.21,0.012,0.764,5.03,4.1,1,17.8,,5,5,16,3,313.11,0,0
10176,West,Email,New,Treatment,55,80.0,3,4,6.1,5.6,0.429,0.764,0.45,0.01,0,62.42,2.81,0.0,0.309,0.061,0.642,5.62,2.9,1,35.4,5.0,4,5,305,2,126.74,1,0
10177,Northeast,Organic Search,Returning,Control,71,114.3,12,8,7.0,7.7,0.33,0.335,0.292,0.042,0,123.55,3.17,0.0,0.284,0.025,0.829,10.13,2.8,0,,7.0,5,5,199,2,238.05,1,1
10178,South,Referral,Returning,Treatment,44,161.5,18,18,3.8,4.7,0.201,0.781,0.245,0.022,4,108.04,2.76,436.07,0.151,0.033,0.756,3.62,4.0,1,36.7,9.0,3,3,5,2,225.1,0,0
10179,West,Referral,Loyal,Treatment,36,113.5,27,17,15.5,9.7,0.255,0.686,0.125,0.021,7,69.41,1.74,642.13,0.233,0.034,0.719,1.76,2.3,3,46.1,6.0,5,3,3,10,660.13,0,0
10180,Northeast,Social,Returning,Control,60,62.2,20,10,9.1,8.8,0.365,0.783,0.301,0.014,3,99.1,2.13,279.12,0.312,0.149,0.698,5.81,1.7,3,30.6,7.0,5,5,51,6,552.61,0,0
10181,South,Email,Returning,Treatment,37,134.6,12,12,8.6,7.0,0.205,0.518,0.396,0.014,1,70.07,2.58,76.99,0.19,0.056,0.518,5.62,4.5,0,,6.0,3,4,89,1,72.93,0,0
10182,West,Paid Search,Returning,Control,44,38.9,21,11,5.6,5.8,0.459,0.844,0.326,0.061,1,40.79,1.21,36.41,0.342,0.053,0.679,7.76,5.8,0,,7.0,4,5,40,1,38.9,0,0
10183,West,Organic Search,Loyal,Treatment,47,80.3,30,25,1.8,4.1,0.242,0.663,0.309,0.048,1,130.84,3.92,146.24,0.583,0.041,0.784,5.9,2.7,2,15.1,4.0,5,5,44,13,1373.14,1,0
10184,Northeast,Social,Returning,Treatment,53,84.0,12,7,7.0,8.0,0.413,0.682,0.208,0.008,1,76.92,1.91,74.05,0.217,0.297,0.508,5.01,4.6,0,,6.0,5,6,19,2,174.46,0,0
10185,South,Email,Returning,Control,39,55.1,22,13,4.4,5.2,0.126,0.865,0.262,0.013,4,77.96,2.8,342.66,0.166,0.033,0.709,6.17,2.6,0,,8.0,2,3,89,6,439.72,0,0
10186,South,Email,Returning,Control,18,48.1,12,19,6.7,5.8,0.295,0.646,0.403,0.093,3,189.2,3.12,512.72,0.101,0.02,0.74,6.58,2.2,0,,7.0,7,7,41,1,202.89,0,0
10187,Midwest,Social,Returning,Control,54,94.5,9,11,8.7,6.5,0.325,0.357,0.33,0.033,2,154.81,3.39,257.37,0.569,0.088,0.602,2.39,3.6,0,,7.0,4,4,8,1,176.28,0,0
10188,West,Paid Search,Returning,Control,49,77.8,18,4,10.3,7.5,0.405,0.657,0.253,0.02,0,80.49,2.27,0.0,0.44,0.15,0.66,9.06,3.0,2,7.0,7.0,6,6,99,3,238.97,0,0
10189,West,Paid Search,Returning,Treatment,46,57.4,14,12,6.1,5.7,0.468,0.25,0.31,0.055,1,80.77,1.8,75.66,0.322,0.096,0.702,5.45,2.9,0,,6.0,6,6,28,1,66.36,0,0
10190,South,Organic Search,Returning,Control,34,61.8,9,7,10.0,7.4,0.452,0.634,0.22,0.043,1,72.09,2.21,71.47,0.103,0.061,0.658,5.98,4.2,0,,9.0,3,5,3,3,259.89,0,1
10191,Midwest,Organic Search,New,Treatment,44,57.0,4,4,5.7,5.2,0.251,0.837,0.19,0.003,2,62.79,2.53,114.85,0.117,0.012,0.715,1.89,3.6,1,6.6,3.0,7,7,62,1,59.9,0,0
10192,Northeast,Paid Search,Returning,Treatment,65,117.4,24,12,9.0,8.5,0.33,0.864,0.157,0.007,4,199.35,2.95,689.84,0.271,0.137,0.633,6.2,5.2,1,58.5,5.0,3,3,3,4,818.19,0,0
10193,South,Email,Returning,Control,27,61.9,17,3,8.1,6.3,0.123,0.638,0.274,0.03,1,79.64,3.19,98.14,0.037,0.004,0.702,5.09,4.4,2,28.0,10.0,5,5,89,4,318.06,1,0
10194,Northeast,Paid Search,Returning,Treatment,42,65.7,11,8,7.1,5.8,0.411,0.642,0.256,0.023,2,91.43,3.04,151.15,0.464,0.083,0.577,3.02,2.5,0,,5.0,5,5,2,1,89.74,0,0
10195,West,Paid Search,Loyal,Treatment,47,73.3,30,21,6.5,6.4,0.375,0.881,0.455,0.036,7,74.68,2.89,465.36,0.464,0.049,0.621,4.86,4.5,3,65.2,6.0,6,7,13,6,508.86,0,0
10196,Midwest,Paid Search,Loyal,Control,45,168.0,46,7,4.6,5.7,0.371,0.908,0.151,0.035,0,123.24,2.95,0.0,0.202,0.043,0.702,7.9,4.9,0,,9.0,4,5,276,1,133.89,0,0
10197,West,Email,Returning,Control,52,54.8,17,6,6.2,5.4,0.211,0.761,0.25,0.046,4,76.97,3.4,298.06,0.703,0.056,0.628,13.27,2.9,0,,9.0,5,5,21,2,153.94,0,0
10198,South,Paid Search,Loyal,Control,24,191.0,33,8,7.9,8.6,0.256,0.646,0.226,0.035,0,103.18,2.69,0.0,0.497,0.201,0.663,7.69,3.4,2,12.0,7.0,7,7,129,4,432.07,1,0
10199,West,Email,New,Control,37,57.7,3,3,4.4,7.6,0.177,0.587,0.229,0.011,1,78.73,2.49,76.48,0.23,0.085,0.775,9.74,2.8,1,26.3,7.0,5,5,1,1,71.57,1,0
10200,South,Organic Search,Returning,Treatment,26,44.1,6,7,3.1,4.7,0.329,0.744,0.323,0.039,3,85.45,1.62,319.41,0.354,0.071,0.608,5.23,5.8,0,,5.0,6,5,1,2,175.9,0,1
10201,South,Paid Search,Loyal,Treatment,60,40.2,28,4,9.9,7.2,0.503,0.478,0.121,0.009,1,74.23,2.03,75.65,0.412,0.076,0.796,6.58,6.2,1,20.7,8.0,7,7,83,7,466.88,0,1
10202,Northeast,Paid Search,Returning,Treatment,19,108.7,14,9,6.8,5.6,0.384,0.854,0.187,0.062,3,91.16,2.45,323.89,0.476,0.104,0.507,4.85,3.5,2,23.4,9.0,6,7,14,1,95.62,0,0
10203,West,Social,Loyal,Treatment,18,49.6,25,16,4.3,6.3,0.247,0.923,0.311,0.107,1,52.83,1.0,44.58,0.034,0.061,0.655,5.13,2.3,1,26.4,,5,6,89,6,397.33,0,0
10204,South,Paid Search,Returning,Control,43,58.8,17,33,5.3,6.2,0.477,0.745,0.289,0.043,0,45.15,2.39,0.0,0.381,0.026,0.596,1.61,2.4,0,,7.0,7,6,144,3,167.85,1,0
10205,West,Paid Search,Loyal,Treatment,53,69.2,26,11,6.0,7.0,0.529,0.408,0.314,0.033,0,164.76,3.92,0.0,0.24,0.102,0.715,3.48,1.7,1,25.3,9.0,5,5,128,2,349.08,0,0
10206,South,Paid Search,Returning,Control,65,47.5,23,21,4.1,5.0,0.472,0.607,0.192,0.037,2,172.86,4.4,326.52,0.597,0.055,0.599,10.8,2.7,0,,6.0,3,3,23,2,405.61,0,0
10207,Midwest,Referral,Loyal,Treatment,29,67.7,25,16,21.4,13.2,0.163,0.794,0.408,0.073,3,75.35,2.13,242.78,0.429,0.023,0.612,8.24,2.4,1,31.2,5.0,5,5,2,5,335.53,0,0
10208,South,Paid Search,New,Treatment,49,53.9,3,9,5.7,6.1,0.487,0.74,0.172,0.024,2,147.23,2.19,384.2,0.307,0.169,0.602,5.06,7.6,1,19.6,4.0,5,6,18,1,108.63,0,0
10209,South,Email,New,Treatment,55,194.2,5,9,5.0,5.4,0.158,0.64,0.47,0.022,3,57.72,2.38,159.17,0.373,0.137,0.552,3.76,1.1,0,,7.0,5,6,42,2,102.23,0,0
10210,South,Organic Search,Loyal,Control,42,63.3,31,7,3.4,5.3,0.253,0.751,0.315,0.008,3,131.75,3.35,321.08,0.262,0.088,0.775,7.08,2.8,0,,9.0,3,3,1,5,793.49,1,0
10211,Midwest,Social,New,Control,27,54.3,5,13,2.8,4.9,0.405,0.9,0.112,0.024,3,76.41,2.54,285.98,0.441,0.077,0.612,7.4,4.5,1,18.7,5.0,3,3,31,3,197.42,0,0
10212,West,Paid Search,Returning,Treatment,48,72.7,24,29,8.3,6.7,0.439,0.344,0.161,0.051,3,83.01,2.06,274.09,0.517,0.053,0.642,6.85,2.6,0,,7.0,5,4,45,1,107.59,0,1
10213,West,Paid Search,Returning,Control,52,81.4,15,3,4.7,4.3,0.231,0.664,0.229,0.114,2,55.76,2.32,105.66,0.356,0.024,0.672,5.05,3.2,1,11.8,10.0,4,3,12,2,129.09,0,0
10214,Midwest,Social,New,Control,42,67.2,3,2,5.1,5.7,0.265,0.796,0.438,0.046,1,78.87,2.74,86.74,0.292,0.217,0.844,9.0,3.7,2,19.7,4.0,5,5,30,1,71.91,1,0
10215,Midwest,Social,Loyal,Control,38,74.6,28,18,7.0,6.4,0.565,0.788,0.3,0.04,5,58.74,2.54,364.25,0.566,0.099,0.615,4.53,4.5,1,16.2,7.0,6,6,24,5,247.13,0,1
10216,West,Organic Search,New,Treatment,18,68.5,1,11,3.7,5.1,0.323,0.838,0.314,0.049,1,126.85,2.56,132.68,0.154,0.032,0.648,4.57,3.1,0,,9.0,5,5,18,1,128.54,0,0
10217,Midwest,Paid Search,Returning,Treatment,41,85.0,23,21,12.0,8.6,0.521,0.64,0.364,0.125,4,56.01,1.72,239.75,0.429,0.116,0.653,6.77,1.4,1,10.7,10.0,6,6,12,3,190.28,0,1
10218,West,Organic Search,Returning,Control,38,53.5,12,5,3.7,6.2,0.252,0.816,0.238,0.05,1,48.92,1.07,52.29,0.36,0.079,0.603,6.36,6.1,1,36.3,5.0,6,6,23,2,112.35,0,0
10219,West,Paid Search,Returning,Treatment,52,99.6,24,9,3.9,4.5,0.413,0.891,0.336,0.008,2,76.76,2.22,145.2,0.477,0.017,0.694,7.81,2.1,0,,7.0,5,5,44,2,146.7,0,0
10220,Midwest,Organic Search,Returning,Treatment,43,133.3,22,17,5.9,7.1,0.161,0.842,0.302,0.007,3,111.29,2.75,288.26,0.085,0.05,0.532,2.14,3.6,1,26.3,,6,6,2,2,199.76,0,0
10221,West,Email,New,Control,40,113.8,4,4,3.0,7.4,0.306,0.818,0.213,0.041,1,54.47,2.68,59.95,0.47,0.052,0.897,8.55,3.1,0,,7.0,5,5,29,1,51.75,0,0
10222,South,Paid Search,Loyal,Treatment,36,60.6,27,7,6.4,6.0,0.262,0.823,0.228,0.004,1,82.7,2.92,93.94,0.19,0.087,0.816,3.91,2.1,0,,8.0,6,7,22,1,84.23,0,0
10223,Midwest,Social,New,Treatment,41,75.1,4,7,6.7,5.8,0.528,0.769,0.23,0.059,0,101.03,2.65,0.0,0.261,0.042,0.631,8.55,4.6,0,,7.0,4,4,143,2,235.55,0,0
10224,Northeast,Email,Loyal,Control,44,248.9,52,7,4.2,4.6,0.35,0.58,0.484,0.035,1,104.54,2.65,114.07,0.219,0.097,0.691,5.92,2.0,0,,7.0,5,6,67,3,375.91,0,0
10225,Midwest,Social,Returning,Control,57,60.6,20,15,9.2,6.9,0.338,0.64,0.222,0.016,1,49.44,2.55,72.4,0.406,0.056,0.799,9.07,4.4,0,,8.0,7,5,69,2,97.41,1,0
10226,West,Organic Search,New,Control,30,69.0,3,5,7.3,6.2,0.166,0.89,0.279,0.022,0,58.07,2.28,0.0,0.074,0.079,0.668,5.09,5.0,0,,10.0,6,6,163,2,92.63,0,0
10227,West,Paid Search,New,Control,46,163.7,3,8,13.4,10.5,0.527,0.822,0.422,0.04,0,79.98,1.76,0.0,0.257,0.15,0.754,6.33,4.0,0,,7.0,4,4,151,1,75.76,0,0
10228,Northeast,Organic Search,Returning,Treatment,35,57.6,20,10,5.4,5.2,0.322,0.762,0.47,0.021,2,92.99,3.3,166.76,0.047,0.048,0.665,3.81,4.1,2,30.9,,4,4,61,1,84.75,0,0
10229,West,Email,Loyal,Treatment,46,48.7,35,14,6.1,5.1,0.18,0.853,0.59,0.06,4,85.64,2.9,350.46,0.191,0.105,0.693,3.8,1.9,1,14.7,5.0,5,6,8,6,665.09,0,0
10230,South,Organic Search,Loyal,Control,43,,34,9,3.4,4.7,0.337,0.859,0.375,0.036,3,72.14,1.74,205.48,0.061,0.005,0.643,8.42,4.5,0,,8.0,5,5,27,6,471.83,0,0
10231,Midwest,Referral,Returning,Treatment,45,45.3,15,13,5.1,6.8,0.316,0.624,0.092,0.007,3,81.35,2.22,264.23,0.305,0.017,0.638,4.54,5.8,0,,9.0,5,5,22,2,191.52,0,0
10232,Northeast,Paid Search,Returning,Control,31,60.6,13,11,3.5,4.1,0.555,0.822,0.283,0.01,2,83.58,2.64,163.59,0.384,0.07,0.676,5.27,3.9,1,23.9,5.0,5,5,12,7,610.5,0,0
10233,South,Paid Search,Returning,Control,58,39.1,11,10,9.4,8.0,0.377,0.486,0.345,0.051,1,59.57,1.97,55.21,0.326,0.111,0.632,4.89,5.8,0,,6.0,4,5,89,3,167.99,0,0
10234,Midwest,Social,Returning,Control,50,112.0,20,5,1.7,5.7,0.408,0.751,0.321,0.014,1,78.1,2.81,65.57,0.469,0.04,0.764,9.73,5.9,1,31.8,10.0,7,7,16,7,575.76,1,0
10235,Midwest,Organic Search,Loyal,Control,55,44.0,30,33,1.4,3.4,0.276,0.799,0.197,0.007,2,37.83,1.69,68.8,0.27,0.102,0.783,5.08,3.4,1,10.6,9.0,5,5,43,4,192.6,0,0
10236,South,Paid Search,Returning,Control,24,70.9,16,2,5.7,5.6,0.471,0.818,0.248,0.007,0,63.82,1.26,0.0,0.303,0.146,0.536,7.63,3.9,1,32.4,8.0,4,4,106,3,175.3,0,0
10237,South,Paid Search,Returning,Control,34,48.6,6,8,4.4,5.5,0.353,0.846,0.36,0.022,3,37.71,2.22,166.2,0.386,0.049,0.577,6.45,1.2,0,,9.0,6,6,4,1,39.86,1,0
10238,South,Social,New,Control,54,72.1,2,6,3.9,4.6,0.393,0.748,0.228,0.073,1,68.41,1.45,59.14,0.326,0.227,0.727,6.29,3.5,0,,4.0,5,5,76,2,145.27,0,0
10239,Northeast,Paid Search,Loyal,Treatment,35,96.4,65,25,4.9,4.7,0.377,0.711,0.312,0.024,0,78.36,2.2,0.0,0.172,0.005,0.608,5.47,2.7,5,27.2,6.0,7,6,104,13,1107.77,0,1
10240,South,Organic Search,Loyal,Treatment,23,79.1,30,22,6.4,5.1,0.153,0.903,0.369,0.058,4,77.37,3.46,291.53,0.184,0.039,0.59,5.01,2.8,1,9.4,10.0,6,6,36,2,163.13,1,0
10241,South,Paid Search,Loyal,Control,36,106.8,50,12,4.2,4.8,0.368,0.695,0.315,0.133,3,81.77,1.76,167.44,0.339,0.09,0.852,6.57,2.6,0,,7.0,2,2,18,5,412.75,0,0
10242,Midwest,Paid Search,Returning,Control,55,69.7,7,8,2.2,3.9,0.489,0.612,0.237,0.005,1,39.14,2.02,39.79,0.363,0.101,0.642,8.1,2.6,0,,6.0,5,5,14,1,32.29,0,0
10243,Midwest,Paid Search,Returning,Control,44,41.5,9,2,5.1,6.1,0.493,0.874,0.337,0.007,1,145.71,2.72,139.82,0.412,0.043,0.589,4.59,3.1,0,,8.0,4,5,11,2,252.55,0,0
10244,Northeast,Organic Search,Returning,Control,51,207.6,11,11,3.7,5.4,0.281,0.589,0.171,0.051,4,141.67,2.96,501.63,0.305,0.007,0.774,6.72,3.7,1,30.7,9.0,5,5,10,2,287.01,0,0
10245,West,Social,Returning,Treatment,36,68.5,11,11,11.6,10.8,0.365,0.712,0.234,0.024,3,57.14,2.39,180.01,0.487,0.051,0.638,3.54,5.0,1,15.4,10.0,7,6,44,1,61.24,0,1
10246,West,Paid Search,New,Control,41,37.2,2,3,4.8,5.9,0.322,0.633,0.366,0.049,2,97.54,3.47,180.73,0.281,0.05,0.844,6.32,2.9,1,28.1,7.0,6,6,25,2,170.71,0,0
10247,Midwest,Social,Returning,Treatment,60,117.8,23,2,7.0,6.9,0.278,0.254,0.312,0.087,1,51.03,1.85,58.27,0.35,0.074,0.71,1.66,3.8,1,17.0,6.0,5,5,4,3,140.28,0,0
10248,West,Paid Search,Loyal,Treatment,25,181.7,31,8,11.9,8.6,0.478,0.898,0.318,0.096,0,77.12,2.45,0.0,0.424,0.031,0.677,0.76,3.5,2,20.6,8.0,5,6,131,6,492.35,1,1
10249,South,Email,Returning,Control,25,74.6,11,19,12.4,7.6,0.471,0.921,0.306,0.019,0,66.58,1.81,0.0,0.218,0.108,0.739,7.36,2.8,2,50.6,10.0,4,4,155,2,128.92,1,0
10250,Northeast,Email,Returning,Treatment,40,71.5,12,25,5.7,5.8,0.459,0.762,0.406,0.069,1,154.83,5.11,104.05,0.42,0.039,0.614,4.88,2.9,1,29.2,9.0,4,4,49,2,259.59,1,0
10251,Northeast,Organic Search,New,Control,29,197.1,3,8,4.0,5.3,0.352,0.947,0.393,0.084,3,95.31,2.81,356.67,0.174,0.001,0.539,7.72,2.7,0,,10.0,6,6,39,1,107.61,0,1
10252,West,Social,Returning,Control,62,,12,5,1.4,4.3,0.36,0.768,0.427,0.08,0,71.93,2.17,0.0,0.422,0.13,0.779,5.18,5.2,1,10.2,4.0,4,5,127,2,120.78,0,1
10253,South,Organic Search,Returning,Treatment,42,46.7,18,16,2.5,3.8,0.194,0.898,0.253,0.067,2,95.42,2.25,161.2,0.257,0.044,0.708,2.25,7.2,0,,8.0,5,5,17,1,91.55,0,0
10254,Midwest,Referral,New,Control,18,73.9,1,5,7.9,7.3,0.254,0.981,0.283,0.063,1,73.46,2.7,67.05,0.431,0.096,0.731,4.87,3.0,0,,10.0,6,7,6,1,65.42,0,0
10255,West,Paid Search,Returning,Control,31,80.3,24,12,6.9,9.1,0.403,0.711,0.157,0.038,1,103.81,2.49,118.91,0.227,0.168,0.814,4.97,3.4,1,27.4,5.0,5,4,70,4,410.92,0,0
10256,West,Organic Search,Loyal,Treatment,52,56.5,39,22,10.4,7.0,0.229,0.788,0.123,0.015,5,93.3,2.46,522.35,0.271,0.029,0.63,6.63,2.8,0,,9.0,6,6,7,5,484.61,0,0
10257,Northeast,Paid Search,Returning,Treatment,34,45.9,16,8,9.2,8.3,0.158,0.803,0.118,0.001,2,79.94,2.13,135.3,0.232,0.013,0.749,6.21,3.7,0,,7.0,4,4,18,3,228.49,0,0
10258,South,Organic Search,Returning,Treatment,41,49.6,7,6,8.5,8.6,0.151,0.847,0.195,0.007,4,60.19,2.49,281.36,0.295,0.141,0.569,6.13,3.8,0,,4.0,4,4,8,3,161.16,0,0
10259,West,Organic Search,Returning,Treatment,18,23.9,12,7,9.1,7.1,0.261,0.98,0.332,0.011,1,50.53,3.25,41.54,0.142,0.057,0.568,5.07,2.3,0,,10.0,5,6,6,1,58.74,0,0
10260,West,Email,Returning,Treatment,62,67.6,9,6,9.4,7.3,0.244,0.536,0.316,0.06,1,77.71,3.23,68.72,0.424,0.042,0.719,4.63,1.7,0,,9.0,6,6,78,2,165.79,0,0
10261,Northeast,Social,Returning,Control,51,64.2,23,4,6.3,7.2,0.584,0.801,0.159,0.033,0,93.5,2.33,0.0,0.684,0.169,0.759,6.09,2.6,0,,10.0,4,5,109,5,359.56,0,0
10262,West,Organic Search,Returning,Control,45,51.5,12,9,4.1,4.5,0.356,0.909,0.286,0.015,1,65.05,1.32,62.36,0.508,0.079,0.645,7.97,4.4,1,30.7,8.0,5,5,52,2,117.48,0,0
10263,South,Paid Search,Loyal,Control,51,74.4,29,18,11.2,9.1,0.268,0.739,0.503,0.091,6,66.32,2.79,391.9,0.379,0.06,0.762,5.69,6.5,1,50.2,,6,7,5,7,427.05,0,1
10264,West,Organic Search,New,Treatment,41,176.0,2,4,4.3,4.6,0.474,0.699,0.353,0.098,1,52.49,1.51,66.97,0.165,0.054,0.81,7.31,3.7,0,,10.0,4,4,15,1,48.36,0,0
10265,West,Social,Returning,Treatment,37,52.5,7,5,7.3,5.6,0.445,0.654,0.25,0.006,1,62.0,2.19,48.15,0.311,0.441,0.593,3.31,1.8,0,,5.0,5,5,16,1,66.53,0,0
10266,Northeast,Organic Search,Returning,Control,47,43.1,9,8,7.6,7.8,0.354,0.479,0.096,0.011,4,87.4,2.5,369.62,0.058,0.064,0.628,6.55,4.2,0,,10.0,6,5,5,3,322.2,1,1
10267,Midwest,Social,Returning,Treatment,41,60.2,10,8,4.0,4.5,0.374,0.878,0.152,0.026,1,70.75,2.37,72.47,0.576,0.067,0.667,2.1,8.3,0,,5.0,4,5,48,2,111.42,1,0
10268,Midwest,Referral,Loyal,Treatment,39,60.6,64,4,3.4,6.6,0.327,0.664,0.084,0.014,1,80.09,2.09,81.76,0.19,0.05,0.512,6.78,4.5,2,50.5,9.0,4,4,32,3,254.85,0,0
10269,South,Paid Search,Returning,Treatment,51,153.2,18,2,2.2,4.4,0.355,0.798,0.162,0.038,0,88.14,2.97,0.0,0.681,0.104,0.53,2.54,1.8,1,26.2,,5,6,131,2,199.87,0,1
10270,South,Organic Search,Returning,Treatment,56,63.3,16,14,4.2,4.6,0.296,0.496,0.203,0.025,1,112.89,2.47,115.06,0.697,0.037,0.627,2.93,2.1,0,,10.0,6,6,89,1,93.33,1,0
10271,South,Referral,Returning,Control,19,61.8,24,9,4.7,6.9,0.252,0.729,0.294,0.014,1,100.97,2.02,95.22,0.123,0.02,0.725,9.79,2.8,3,14.0,6.0,7,7,39,8,770.84,0,0
10272,South,Paid Search,Returning,Control,18,51.4,14,1,3.8,4.6,0.412,0.816,0.177,0.038,0,106.58,2.6,0.0,0.44,0.091,0.755,6.05,4.7,0,,7.0,5,5,196,1,98.7,0,0
10273,West,Referral,Loyal,Control,39,52.3,34,8,13.0,9.0,0.29,0.46,0.222,0.039,4,52.7,3.17,269.86,0.271,0.054,0.711,5.81,3.0,1,16.0,9.0,6,6,1,6,279.87,0,0
10274,West,Paid Search,Returning,Treatment,55,89.7,15,14,9.1,7.2,0.432,0.755,0.148,0.026,1,113.91,2.13,123.95,0.258,0.141,0.788,3.55,2.1,0,,6.0,6,6,28,4,435.43,1,0
10275,Northeast,Email,Returning,Treatment,54,123.7,16,5,3.0,5.2,0.16,0.858,0.438,0.018,0,127.36,2.24,0.0,0.23,0.134,0.813,2.25,3.4,1,11.4,10.0,4,3,167,4,590.66,0,1
10276,West,Paid Search,Returning,Control,59,63.5,18,5,5.0,4.6,0.498,0.571,0.247,0.04,1,142.41,2.89,107.43,0.176,0.079,0.758,7.86,3.3,1,29.0,6.0,7,7,21,5,743.71,0,0
10277,South,Paid Search,Returning,Control,33,61.1,13,4,3.4,5.2,0.362,0.897,0.461,0.085,0,52.58,2.62,0.0,0.205,0.111,0.502,6.95,3.8,2,18.8,7.0,4,4,120,2,109.6,0,0
10278,Midwest,Paid Search,Returning,Treatment,49,42.0,24,10,2.7,4.6,0.408,0.675,0.157,0.029,2,68.08,3.22,155.71,0.374,0.192,0.687,4.2,5.3,0,,8.0,4,4,51,2,119.95,1,0
10279,South,Social,Loyal,Treatment,22,24.5,67,11,4.1,5.2,0.626,0.726,0.37,0.072,3,66.58,1.64,199.39,0.432,0.063,0.474,3.75,3.2,0,,9.0,2,2,25,6,429.0,0,0
10280,South,Paid Search,Returning,Treatment,31,97.5,14,24,5.7,5.4,0.315,0.887,0.283,0.047,4,81.72,2.62,309.01,0.501,0.051,0.807,8.13,2.6,1,8.5,9.0,6,6,2,1,71.62,0,0
10281,West,Organic Search,New,Control,46,87.4,5,9,3.4,4.9,0.343,0.737,0.138,0.01,2,85.6,2.77,140.8,0.28,0.071,0.63,7.7,3.0,3,8.1,10.0,5,5,72,3,252.61,0,0
10282,West,Email,New,Control,31,90.9,5,6,7.3,6.0,0.4,0.854,0.421,0.06,2,83.74,2.51,172.64,0.574,0.111,0.687,7.3,1.6,2,24.1,4.0,4,6,82,1,91.76,0,0
10283,Midwest,Paid Search,Returning,Treatment,19,92.8,8,6,3.4,6.1,0.412,0.744,0.181,0.013,0,79.86,3.44,0.0,0.325,0.037,0.74,4.6,4.9,0,,9.0,5,6,242,4,330.86,1,0
10284,Midwest,Paid Search,Loyal,Control,33,83.8,40,5,10.1,9.3,0.208,0.938,0.355,0.052,0,98.31,2.57,0.0,0.241,0.025,0.536,8.07,6.1,2,20.6,,4,6,160,3,389.32,0,0
10285,Northeast,Organic Search,Returning,Control,42,210.8,10,6,6.3,5.6,0.382,0.929,0.29,0.024,1,101.42,2.17,82.67,0.264,0.032,0.76,6.55,3.8,0,,9.0,4,5,89,2,168.08,0,0
10286,West,Organic Search,Loyal,Control,28,59.2,67,9,11.6,8.6,0.196,0.832,0.229,0.014,1,86.18,2.93,93.61,0.252,0.046,0.783,6.38,2.0,3,31.3,7.0,4,3,20,9,730.4,0,0
10287,South,Social,New,Control,24,40.4,3,5,6.1,5.3,0.496,0.768,0.11,0.012,1,63.81,2.07,56.17,0.528,0.191,0.759,6.93,4.1,0,,4.0,4,4,40,1,68.09,0,0
10288,South,Organic Search,Returning,Control,27,113.3,11,7,4.1,5.1,0.273,0.726,0.169,0.069,1,110.5,2.89,105.19,0.132,0.025,0.657,8.92,6.8,0,,,6,7,15,2,204.2,0,0
10289,West,Paid Search,Returning,Treatment,28,60.9,9,12,6.2,5.1,0.486,0.777,0.205,0.033,1,55.77,1.9,58.75,0.791,0.116,0.767,6.67,2.7,1,41.3,9.0,6,6,3,2,123.94,1,0
10290,Northeast,Paid Search,Loyal,Treatment,42,,32,12,5.1,4.6,0.3,0.841,0.419,0.031,2,139.21,2.6,295.04,0.19,0.071,0.531,4.16,2.9,3,14.5,,6,7,17,4,589.38,0,0
10291,Northeast,Social,Returning,Control,41,89.9,8,6,2.8,3.9,0.372,0.678,0.173,0.046,0,100.23,1.97,0.0,0.503,0.129,0.816,6.04,2.6,0,,8.0,7,7,118,1,106.76,0,0
10292,Northeast,Paid Search,Returning,Control,50,40.3,10,12,12.7,8.4,0.331,0.802,0.23,0.04,4,83.45,2.99,269.01,0.33,0.051,0.723,4.33,6.1,0,,,6,6,6,2,159.25,0,0
10293,West,Organic Search,New,Control,32,92.9,5,9,5.6,5.4,0.112,0.913,0.065,0.007,1,74.12,2.91,87.85,0.08,0.049,0.774,10.59,5.2,0,,7.0,5,5,10,1,82.31,0,0
10294,Northeast,Organic Search,Returning,Treatment,39,91.7,15,4,15.9,10.1,0.269,0.599,0.175,0.015,0,74.99,3.23,0.0,0.264,0.088,0.637,5.67,5.1,2,10.3,,5,6,299,2,127.96,1,0
10295,Midwest,Email,Loyal,Treatment,28,114.3,44,5,6.6,6.4,0.211,0.859,0.336,0.01,3,64.19,2.0,184.52,0.309,0.051,0.597,5.98,3.3,4,20.6,10.0,7,7,9,6,369.24,1,0
10296,West,Social,Returning,Control,41,29.5,17,6,9.4,8.7,0.328,0.834,0.153,0.009,1,85.63,1.59,91.05,0.641,0.079,0.793,6.77,3.0,1,36.4,6.0,3,3,87,3,188.81,0,0
10297,Northeast,Paid Search,Loyal,Treatment,18,93.2,39,14,8.8,7.2,0.236,0.989,0.141,0.017,2,35.74,2.89,65.18,0.612,0.108,0.707,3.56,2.3,2,12.1,10.0,4,5,23,1,34.41,0,0
10298,Northeast,Referral,Returning,Treatment,42,104.9,21,2,10.9,11.4,0.246,0.751,0.269,0.026,0,118.1,2.35,0.0,0.312,0.045,0.565,5.26,2.4,0,,9.0,6,7,284,4,453.99,0,0
10299,South,Paid Search,New,Control,51,60.3,2,6,3.1,5.0,0.405,0.673,0.136,0.006,2,88.37,3.49,184.0,0.538,0.13,0.679,7.15,7.7,0,,8.0,6,7,9,1,80.1,0,0
10300,South,Referral,New,Treatment,28,41.5,2,1,2.1,5.7,0.304,0.597,0.198,0.013,1,61.41,2.21,79.55,0.36,0.04,0.842,9.44,3.0,0,,8.0,2,2,77,1,59.16,0,0
10301,Midwest,Social,Loyal,Treatment,43,101.1,34,3,6.0,6.2,0.517,0.924,0.236,0.036,3,128.76,3.35,425.54,0.591,0.076,0.699,2.84,2.0,4,29.3,10.0,4,4,1,8,930.24,0,0
10302,Midwest,Organic Search,Returning,Treatment,45,105.1,13,5,7.8,5.8,0.249,0.717,0.231,0.006,1,71.25,2.25,87.83,0.097,0.087,0.713,6.38,4.1,0,,7.0,7,7,89,2,119.25,0,0
10303,Northeast,Organic Search,Returning,Treatment,43,82.0,8,17,5.4,6.7,0.47,0.555,0.377,0.109,3,103.17,2.97,345.81,0.145,0.104,0.688,5.32,4.4,0,,8.0,3,4,21,3,362.21,0,0
10304,South,Organic Search,Loyal,Treatment,30,84.1,37,3,4.5,4.3,0.312,0.529,0.293,0.028,1,65.8,2.74,73.87,0.257,0.021,0.82,7.1,4.9,1,9.7,7.0,3,3,50,2,178.67,0,0
10305,South,Social,New,Control,30,162.3,5,1,5.9,6.7,0.342,0.649,0.267,0.004,1,72.44,2.49,85.71,0.242,0.124,0.773,4.04,2.7,1,18.3,7.0,6,6,13,1,71.02,0,0
10306,South,Social,Returning,Treatment,45,57.3,18,7,5.1,6.9,0.417,0.626,0.172,0.045,1,73.97,1.52,73.11,0.72,0.065,0.724,0.0,5.5,0,,7.0,5,5,77,1,64.83,0,0
10307,Midwest,Organic Search,Loyal,Treatment,32,75.0,88,2,9.4,8.5,0.36,0.936,0.21,0.022,0,40.39,2.69,0.0,0.24,0.013,0.56,6.13,4.1,4,11.5,8.0,6,6,190,7,248.83,1,0
10308,Northeast,Organic Search,New,Treatment,18,116.1,1,2,3.9,6.6,0.315,0.839,0.417,0.017,1,97.0,1.01,111.47,0.15,0.152,0.658,5.52,2.6,0,,3.0,3,4,16,1,89.9,0,0
10309,West,Referral,Loyal,Treatment,18,168.3,31,2,9.9,10.7,0.212,0.882,0.273,0.007,0,152.74,3.49,0.0,0.303,0.172,0.726,4.41,1.7,4,25.3,3.0,6,5,112,14,2217.44,1,0
10310,West,Social,New,Treatment,59,58.6,5,13,7.8,7.4,0.342,0.55,0.279,0.033,2,58.37,3.28,129.4,0.527,0.255,0.523,6.55,4.0,1,26.0,6.0,4,5,20,1,59.93,0,0
10311,Midwest,Paid Search,Returning,Treatment,54,63.5,11,3,8.4,7.9,0.382,0.588,0.074,0.001,0,92.19,3.02,0.0,0.201,0.036,0.564,6.13,3.8,0,,5.0,4,3,365,1,90.88,1,0
10312,West,Referral,Loyal,Control,40,39.5,42,22,20.4,13.1,0.193,0.888,0.272,0.007,6,99.6,2.37,631.38,0.209,0.042,0.797,9.35,1.7,2,9.2,10.0,4,4,8,9,857.91,0,0
10313,West,Paid Search,Returning,Treatment,58,47.5,11,7,5.8,7.1,0.326,0.658,0.18,0.004,1,76.91,2.86,86.18,0.134,0.014,0.63,4.59,2.4,1,15.2,9.0,7,7,30,2,160.05,0,0
10314,South,Paid Search,New,Control,39,92.0,1,2,10.6,10.7,0.124,0.691,0.401,0.003,0,65.54,2.3,0.0,0.575,0.011,0.73,5.6,5.5,0,,8.0,6,6,127,1,59.15,0,0
10315,South,Email,Returning,Treatment,41,100.0,10,6,7.7,5.7,0.316,0.742,0.373,0.07,0,48.42,3.12,0.0,0.642,0.011,0.622,3.94,1.8,1,35.5,,6,6,200,4,173.29,0,0
10316,South,Social,New,Treatment,33,53.6,2,2,3.2,4.3,0.622,0.846,0.333,0.049,0,100.09,3.18,0.0,0.365,0.195,0.516,4.5,2.8,0,,10.0,5,5,175,2,189.02,0,0
10317,South,Paid Search,Returning,Treatment,51,39.9,9,3,5.9,6.1,0.277,0.654,0.278,0.005,0,76.72,2.56,0.0,0.519,0.032,0.762,6.05,2.3,1,46.0,7.0,6,5,217,2,161.26,0,0
10318,Midwest,Organic Search,Loyal,Treatment,41,213.8,36,11,2.4,4.0,0.226,0.852,0.308,0.036,2,117.2,3.76,205.61,0.377,0.023,0.679,5.71,4.3,3,15.8,,5,5,20,5,459.08,0,1
10319,Midwest,Organic Search,Returning,Treatment,49,39.0,12,11,10.4,7.9,0.356,0.891,0.041,0.0,2,117.94,2.29,302.34,0.333,0.077,0.751,1.43,3.9,1,10.7,8.0,5,5,29,3,380.16,0,0
10320,South,Paid Search,Loyal,Control,59,49.7,25,3,5.9,7.7,0.234,0.817,0.208,0.027,1,39.76,2.46,41.88,0.435,0.049,0.722,6.55,3.2,0,,5.0,4,4,39,1,43.59,0,0
10321,West,Organic Search,Returning,Control,34,37.4,19,12,11.6,9.1,0.473,0.912,0.17,0.009,0,60.19,1.56,0.0,0.419,0.147,0.547,7.52,2.5,0,,,7,7,328,1,64.89,1,0
10322,West,Organic Search,Loyal,Treatment,53,97.3,48,4,4.4,4.6,0.355,0.52,0.343,0.016,1,114.99,2.46,102.15,0.379,0.014,0.65,3.44,3.2,3,7.6,7.0,7,7,7,13,1477.0,0,0
10323,Northeast,Paid Search,Returning,Treatment,43,56.8,14,11,8.0,6.3,0.4,0.913,0.146,0.033,3,66.98,2.12,180.59,0.254,0.101,0.695,6.2,3.2,2,30.0,5.0,5,6,26,2,133.5,0,0
10324,Midwest,Social,New,Control,42,49.3,2,10,3.7,4.2,0.386,0.813,0.39,0.087,3,86.21,2.94,209.76,0.294,0.138,0.696,6.0,4.8,2,10.4,10.0,7,7,87,2,178.68,0,0
10325,South,Social,Returning,Control,23,32.2,7,12,8.2,7.5,0.345,0.907,0.228,0.021,4,42.61,2.62,153.33,0.28,0.113,0.681,7.46,2.5,0,,8.0,7,7,15,3,124.54,0,0
10326,West,Paid Search,Returning,Treatment,43,58.1,15,7,4.4,5.0,0.476,0.491,0.251,0.067,1,45.24,2.21,40.74,0.363,0.03,0.672,3.46,3.1,1,8.6,,4,4,30,1,37.55,0,0
10327,West,Organic Search,Loyal,Treatment,34,98.6,31,7,5.5,5.4,0.309,0.691,0.148,0.034,1,57.13,1.15,56.81,0.211,0.118,0.678,4.81,4.9,1,18.7,8.0,6,6,5,3,152.95,0,0
10328,South,Organic Search,Loyal,Control,44,46.1,59,21,10.0,7.1,0.137,0.67,0.425,0.064,7,80.56,1.77,639.59,0.14,0.068,0.722,7.01,4.4,0,,9.0,4,5,8,2,149.53,0,0
10329,Northeast,Paid Search,Returning,Control,34,99.8,14,7,3.6,11.6,0.269,0.82,0.333,0.054,0,135.73,3.57,0.0,0.505,0.243,0.409,7.21,3.0,1,13.6,8.0,5,6,139,2,225.91,1,0
10330,West,Organic Search,Loyal,Treatment,37,59.0,47,13,9.4,9.0,0.1,0.639,0.179,0.016,2,103.13,3.15,204.36,0.515,0.041,0.773,4.52,3.9,1,12.1,10.0,7,7,18,3,343.29,0,1
10331,West,Organic Search,Returning,Treatment,45,72.5,20,10,2.4,3.7,0.381,0.707,0.116,0.022,4,77.76,1.97,249.88,0.291,0.06,0.733,6.37,3.0,0,,10.0,6,6,12,1,75.56,0,0
10332,West,Email,Returning,Treatment,55,197.7,14,9,9.7,9.8,0.339,0.387,0.455,0.02,3,175.39,3.69,496.58,0.114,0.172,0.702,5.17,5.6,1,16.3,4.0,5,6,18,8,1605.79,0,0
10333,Midwest,Organic Search,Returning,Treatment,42,51.1,23,10,11.9,8.5,0.248,0.677,0.361,0.005,2,107.9,3.15,216.14,0.156,0.033,0.526,0.0,3.4,0,,8.0,5,6,37,4,452.72,0,1
10334,South,Organic Search,Returning,Control,30,134.3,18,14,3.6,4.7,0.325,0.967,0.28,0.035,3,150.64,3.8,456.24,0.143,0.017,0.694,5.52,3.7,0,,6.0,4,4,13,1,171.34,0,0
10335,Midwest,Organic Search,Loyal,Treatment,45,95.5,34,26,11.4,8.5,0.345,0.886,0.277,0.003,0,71.11,2.27,0.0,0.086,0.077,0.621,3.45,5.0,1,16.0,6.0,5,6,163,8,594.13,1,0
10336,Northeast,Organic Search,Returning,Control,27,31.6,17,20,8.5,6.6,0.252,0.734,0.377,0.192,1,132.54,2.83,140.36,0.39,0.035,0.765,9.07,2.9,3,19.7,8.0,3,3,9,8,1110.19,0,0
10337,West,Paid Search,Returning,Control,36,89.0,22,19,10.2,7.2,0.369,0.848,0.305,0.01,10,85.57,2.82,1180.87,0.532,0.093,0.823,6.82,6.5,0,,4.0,2,2,6,8,861.28,0,0
10338,South,Email,Returning,Control,40,70.4,14,7,11.4,8.6,0.262,0.573,0.42,0.132,1,68.67,2.55,56.86,0.499,0.098,0.631,8.52,3.7,1,13.6,,4,5,89,3,190.01,0,1
10339,Northeast,Paid Search,Returning,Treatment,49,42.1,12,12,2.5,9.1,0.264,0.784,0.119,0.014,4,201.28,3.81,777.86,0.181,0.053,0.641,4.83,4.1,0,,,6,6,8,1,219.76,1,0
10340,Northeast,Organic Search,New,Control,29,55.2,2,6,5.4,5.8,0.261,0.977,0.296,0.051,0,47.11,2.61,0.0,0.125,0.002,0.666,9.07,4.7,1,16.0,,5,4,114,1,53.5,0,0
10341,Midwest,Email,Returning,Treatment,45,66.1,7,14,3.8,6.1,0.35,0.819,0.378,0.107,2,76.21,1.96,144.46,0.16,0.018,0.626,7.08,3.7,2,12.5,9.0,4,4,6,1,75.13,0,0
10342,Midwest,Organic Search,Returning,Control,44,57.5,7,6,15.1,11.2,0.123,0.448,0.248,0.042,1,94.84,1.47,112.63,0.307,0.157,0.724,3.83,4.0,1,36.8,9.0,6,6,21,3,301.07,0,0
10343,West,Paid Search,Returning,Control,34,66.6,20,17,5.4,5.8,0.565,0.629,0.172,0.008,3,60.45,2.51,208.87,0.291,0.017,0.718,8.32,3.2,2,24.1,10.0,3,3,28,4,248.99,0,0
10344,West,Organic Search,Returning,Control,19,68.7,10,12,3.8,6.7,0.241,0.809,0.116,0.016,0,65.89,3.0,0.0,0.299,0.075,0.621,10.43,2.1,3,9.5,6.0,5,6,144,4,259.21,1,1
10345,Northeast,Paid Search,Returning,Control,55,78.8,12,4,9.8,8.2,0.25,0.642,0.124,0.02,1,60.58,2.19,61.94,0.289,0.046,0.61,7.93,4.8,3,16.1,9.0,4,5,65,2,142.53,0,0
10346,Midwest,Paid Search,Returning,Treatment,41,72.7,12,1,1.1,5.3,0.333,0.95,0.256,0.057,0,92.11,2.68,0.0,0.279,0.03,0.752,6.74,2.9,2,8.0,9.0,6,6,296,5,375.73,0,0
10347,Midwest,Organic Search,Returning,Control,30,30.4,8,4,3.0,4.1,0.382,0.63,0.35,0.038,1,76.97,2.92,72.54,0.636,0.036,0.802,4.94,4.2,0,,6.0,3,3,8,2,131.53,0,0
10348,South,Social,Returning,Control,46,50.9,12,4,12.1,9.7,0.232,0.807,0.188,0.014,1,64.12,3.18,68.67,0.293,0.12,0.513,6.61,6.4,0,,7.0,4,5,40,3,207.83,0,0
10349,West,Referral,Loyal,Control,26,72.5,39,23,9.6,8.8,0.226,0.957,0.207,0.003,1,110.62,1.62,123.51,0.261,0.048,0.786,8.66,2.1,3,19.9,8.0,6,5,14,4,399.38,0,0
10350,South,Paid Search,Returning,Control,27,78.9,8,5,14.2,10.9,0.188,0.851,0.396,0.081,1,139.63,3.54,152.43,0.325,0.033,0.692,8.38,2.4,0,,,6,6,71,1,135.6,0,0
10351,Northeast,Organic Search,Loyal,Control,24,72.4,96,6,7.2,5.8,0.126,0.932,0.153,0.059,2,99.96,4.54,206.12,0.339,0.159,0.675,5.95,2.9,4,11.7,7.0,4,5,21,26,2513.71,0,1
10352,West,Social,Loyal,Control,47,56.2,40,26,15.2,9.3,0.671,0.707,0.558,0.036,5,83.18,2.38,492.86,0.172,0.156,0.728,6.71,4.1,0,,6.0,4,4,2,5,430.73,0,0
10353,Northeast,Organic Search,Returning,Treatment,26,98.5,10,16,7.2,6.6,0.401,0.869,0.11,0.031,1,84.44,3.08,87.88,0.122,0.036,0.591,2.51,2.2,2,7.6,5.0,4,3,23,3,253.5,0,1
10354,West,Social,Loyal,Control,43,103.9,44,13,3.3,3.9,0.331,0.788,0.11,0.025,3,85.35,1.48,233.31,0.373,0.131,0.797,5.84,3.2,0,,9.0,6,5,19,3,235.71,0,0
10355,West,Organic Search,Returning,Treatment,18,,8,4,5.6,5.4,0.337,0.987,0.251,0.016,2,70.47,2.14,154.37,0.171,0.098,0.772,4.81,4.8,0,,2.0,4,4,13,1,75.61,0,0
10356,Midwest,Paid Search,Loyal,Control,36,88.5,26,13,8.9,6.6,0.371,0.82,0.105,0.031,3,164.88,4.04,399.66,0.548,0.061,0.564,3.63,3.1,2,25.6,5.0,7,7,12,1,212.55,0,0
10357,South,Organic Search,New,Treatment,30,177.2,2,8,5.2,4.7,0.28,0.977,0.148,0.058,0,93.31,2.38,0.0,0.36,0.068,0.658,4.1,4.0,1,54.8,10.0,4,4,143,2,175.43,0,0
10358,Midwest,Organic Search,Returning,Control,46,170.0,18,5,4.5,4.6,0.456,0.499,0.369,0.044,0,199.7,4.3,0.0,0.18,0.1,0.632,6.79,3.4,0,,,6,7,192,1,178.6,0,0
10359,Midwest,Paid Search,New,Control,27,91.9,1,4,5.0,6.7,0.35,0.89,0.228,0.022,2,170.22,3.47,479.34,0.383,0.143,0.86,4.37,3.6,0,,10.0,6,7,53,1,170.08,0,0
10360,Midwest,Social,Loyal,Treatment,44,146.8,41,22,8.1,7.7,0.433,0.558,0.169,0.008,4,146.23,2.55,667.64,0.326,0.1,0.782,4.17,2.7,0,,9.0,6,7,30,1,127.57,0,0
10361,West,Paid Search,Returning,Control,59,41.5,18,7,8.6,7.1,0.332,0.714,0.28,0.011,2,100.19,2.63,267.49,0.306,0.075,0.698,8.53,2.3,1,19.3,8.0,6,6,13,2,217.06,0,0
10362,Northeast,Organic Search,Loyal,Treatment,18,159.0,28,5,4.6,5.8,0.34,0.962,0.313,0.07,1,73.76,2.75,74.45,0.358,0.011,0.657,6.92,1.9,1,22.8,10.0,6,5,34,4,318.11,0,0
10363,West,Referral,Loyal,Control,18,,51,17,8.7,6.1,0.449,0.98,0.158,0.012,1,76.07,2.57,66.75,0.195,0.031,0.715,6.88,4.2,3,14.8,8.0,4,4,29,6,416.64,0,1
10364,West,Social,Returning,Control,69,57.6,11,4,3.9,4.1,0.46,0.559,0.259,0.064,0,77.64,2.37,0.0,0.26,0.102,0.573,5.43,4.0,0,,4.0,5,6,162,1,75.16,0,0
10365,South,Paid Search,Returning,Treatment,43,99.4,13,25,1.8,3.7,0.415,0.925,0.311,0.005,6,64.96,2.34,355.63,0.138,0.028,0.679,5.8,2.4,2,34.1,10.0,6,6,2,2,134.12,0,0
10366,South,Paid Search,Returning,Treatment,32,31.2,22,9,3.5,6.5,0.403,0.861,0.221,0.019,2,79.64,2.28,169.7,0.444,0.016,0.634,3.63,2.6,1,11.0,8.0,6,6,51,5,441.86,0,0
10367,Northeast,Organic Search,Returning,Control,31,100.5,9,9,8.8,7.4,0.233,0.902,0.679,0.13,3,70.09,3.1,188.36,0.197,0.033,0.75,7.53,3.7,0,,8.0,5,5,1,1,58.61,1,0
10368,Midwest,Referral,Returning,Control,49,31.4,13,17,3.8,5.3,0.393,0.385,0.484,0.079,3,99.63,1.66,305.05,0.346,0.185,0.674,8.3,6.9,0,,5.0,6,6,35,1,132.66,0,0
10369,Northeast,Paid Search,Returning,Control,43,89.4,14,7,3.0,4.4,0.587,0.764,0.31,0.03,0,79.54,1.76,0.0,0.435,0.088,0.586,8.12,2.2,0,,6.0,5,5,107,2,154.61,0,0
10370,Northeast,Social,Loyal,Treatment,33,98.3,45,2,5.9,5.1,0.467,0.957,0.383,0.027,0,122.9,2.5,0.0,0.289,0.127,0.439,4.54,5.9,0,,9.0,5,5,285,3,303.61,0,0
10371,Midwest,Organic Search,Loyal,Treatment,41,75.9,26,6,9.6,6.7,0.188,0.531,0.195,0.006,0,76.68,3.06,0.0,0.206,0.014,0.638,3.75,3.0,0,,9.0,4,6,365,2,126.41,0,1
10372,Midwest,Email,Returning,Control,39,30.1,20,14,2.2,4.9,0.119,0.589,0.408,0.07,2,55.63,1.53,87.87,0.535,0.208,0.75,10.24,5.1,1,9.6,6.0,4,5,32,2,132.77,0,0
10373,South,Social,Returning,Control,39,100.3,17,12,3.8,3.9,0.564,0.668,0.271,0.073,3,98.8,2.53,326.81,0.213,0.146,0.727,7.51,4.3,0,,10.0,4,4,37,2,215.91,1,1
10374,West,Organic Search,Returning,Treatment,35,51.5,12,4,3.8,6.3,0.323,0.593,0.32,0.08,2,85.94,1.93,190.48,0.379,0.064,0.679,3.28,3.4,1,10.0,7.0,6,5,11,3,281.2,0,0
10375,South,Paid Search,Returning,Control,55,81.1,22,22,11.6,10.5,0.297,0.731,0.323,0.0,4,86.13,2.72,306.08,0.8,0.022,0.815,8.12,4.3,2,28.8,6.0,4,4,11,2,161.17,0,1
10376,Northeast,Referral,Loyal,Treatment,53,75.6,36,21,5.5,6.8,0.193,0.612,0.574,0.019,4,68.62,2.09,222.7,0.191,0.026,0.632,4.68,3.6,0,,10.0,5,6,22,4,270.21,0,0
10377,Northeast,Social,Loyal,Control,43,162.6,28,27,5.7,6.5,0.311,0.627,0.473,0.044,7,73.39,1.87,432.9,0.599,0.125,0.794,6.19,3.8,1,34.2,8.0,7,7,3,3,217.16,0,0
10378,Midwest,Email,New,Control,60,53.6,2,7,7.8,6.1,0.619,0.431,0.306,0.059,1,84.52,1.99,73.5,0.321,0.044,0.764,1.85,3.5,0,,8.0,6,6,25,1,88.49,0,0
10379,West,Social,Returning,Treatment,46,112.0,19,11,13.1,8.1,0.271,0.816,0.063,0.011,5,131.37,3.09,716.21,0.135,0.079,0.589,6.79,2.6,3,21.3,6.0,4,5,2,4,442.94,1,0
10380,South,Email,Returning,Treatment,46,94.2,18,14,3.7,4.4,0.344,0.598,0.488,0.128,3,116.75,2.14,323.68,0.458,0.045,0.694,5.59,3.4,0,,10.0,6,7,9,7,846.42,0,0
10381,South,Organic Search,Loyal,Control,48,54.6,73,5,8.0,8.3,0.213,0.423,0.411,0.015,2,96.51,2.46,234.08,0.148,0.083,0.694,6.67,4.7,5,15.4,5.0,4,3,29,20,2301.11,1,0
10382,Northeast,Paid Search,Returning,Treatment,28,121.5,18,13,12.8,8.5,0.346,0.793,0.118,0.006,0,129.83,1.55,0.0,0.16,0.141,0.708,5.75,4.1,0,,8.0,5,4,102,2,258.06,0,0
10383,Midwest,Organic Search,Loyal,Treatment,31,58.8,43,24,5.5,6.3,0.155,0.653,0.232,0.007,7,78.15,2.93,609.39,0.075,0.045,0.578,7.46,4.1,3,49.4,5.0,5,6,6,12,833.91,0,0
10384,Northeast,Organic Search,Returning,Control,46,53.5,22,9,3.5,5.2,0.282,0.686,0.258,0.081,2,76.12,3.44,146.16,0.173,0.089,0.848,6.05,3.5,0,,9.0,6,5,20,3,255.1,0,0
10385,West,Organic Search,Returning,Treatment,49,56.9,8,9,6.0,7.4,0.142,0.812,0.31,0.046,0,44.06,2.34,0.0,0.261,0.023,0.874,3.76,2.0,0,,6.0,4,6,210,3,121.46,1,1
10386,Midwest,Organic Search,Loyal,Control,48,51.5,33,6,3.0,4.3,0.242,0.553,0.548,0.075,2,73.33,2.47,158.28,0.131,0.228,0.729,5.69,3.7,3,14.6,5.0,5,6,17,5,384.56,0,1
10387,Midwest,Paid Search,Loyal,Control,69,55.9,68,8,6.3,6.2,0.309,0.722,0.276,0.02,0,110.88,2.71,0.0,0.346,0.075,0.737,7.64,4.3,4,31.8,6.0,5,5,120,13,1288.06,0,1
10388,Midwest,Email,Returning,Control,32,43.0,14,12,3.0,4.6,0.433,0.916,0.122,0.011,5,92.0,2.18,441.01,0.231,0.03,0.852,6.48,3.2,2,24.7,7.0,6,7,60,1,84.49,0,0
10389,South,Organic Search,Loyal,Control,48,80.1,33,12,12.5,10.3,0.161,0.725,0.375,0.004,1,62.18,2.25,83.63,0.379,0.061,0.775,7.58,2.0,1,25.5,8.0,3,3,89,8,434.47,0,0
10390,Midwest,Organic Search,Loyal,Treatment,33,46.9,32,16,2.5,3.8,0.423,0.741,0.264,0.006,4,109.03,3.01,379.01,0.172,0.071,0.701,4.24,2.3,2,8.2,8.0,5,5,3,10,943.56,0,1
10391,Northeast,Referral,Loyal,Control,42,68.6,96,3,2.4,3.6,0.292,0.95,0.143,0.009,2,90.11,2.63,174.84,0.248,0.011,0.691,5.48,1.7,2,19.8,7.0,5,5,33,12,838.67,0,0
10392,South,Social,Loyal,Treatment,32,27.8,25,23,6.7,6.5,0.512,0.889,0.271,0.037,6,45.99,1.82,237.22,0.217,0.04,0.793,4.89,4.6,1,19.2,8.0,6,5,16,2,91.37,0,0
10393,Midwest,Paid Search,Returning,Control,41,137.5,9,3,5.8,7.4,0.199,0.8,0.568,0.133,2,97.47,3.11,177.38,0.333,0.039,0.451,10.22,3.0,0,,7.0,6,6,13,4,451.3,0,0
10394,South,Referral,Returning,Treatment,47,66.5,13,6,5.0,6.5,0.206,0.425,0.147,0.012,1,92.4,2.11,87.04,0.15,0.051,0.773,4.59,6.2,2,18.8,6.0,7,7,22,4,342.72,0,1
10395,West,Paid Search,Returning,Control,43,45.2,18,9,8.4,7.1,0.105,0.616,0.307,0.073,2,67.99,2.51,134.76,0.375,0.021,0.735,6.96,2.9,1,35.2,9.0,4,5,26,3,195.37,0,0
10396,West,Social,Returning,Treatment,46,122.4,6,1,3.2,4.0,0.422,0.796,0.367,0.021,1,109.72,3.2,88.53,0.406,0.059,0.692,4.19,3.5,0,,8.0,6,7,41,1,101.66,0,0
10397,Midwest,Social,Loyal,Treatment,46,47.3,46,22,6.6,5.9,0.61,0.577,0.363,0.037,4,56.71,1.99,219.5,0.508,0.143,0.721,3.3,2.0,0,,5.0,5,6,3,13,768.55,0,0
10398,South,Paid Search,Returning,Control,47,58.5,6,4,4.7,6.9,0.175,0.69,0.228,0.012,2,163.05,3.35,416.73,0.376,0.09,0.512,5.08,3.1,0,,7.0,5,5,12,1,178.09,0,1
10399,West,Referral,Loyal,Control,29,46.6,29,7,16.5,10.5,0.336,0.67,0.148,0.029,1,99.74,2.17,86.01,0.122,0.029,0.87,5.06,2.0,0,,8.0,6,6,36,4,409.62,0,0
10400,Northeast,Social,Returning,Treatment,25,63.7,21,7,2.4,3.3,0.473,0.801,0.214,0.009,0,109.93,2.33,0.0,0.451,0.136,0.661,5.87,3.5,0,,8.0,4,5,124,4,519.74,1,0
10401,West,Email,Returning,Control,21,71.2,10,11,6.0,5.8,0.541,0.895,0.414,0.067,3,83.16,2.88,193.39,0.213,0.026,0.811,6.13,2.5,0,,10.0,4,5,10,1,81.82,0,0
10402,Midwest,Email,Loyal,Control,29,47.2,36,15,8.7,6.6,0.103,0.693,0.453,0.063,3,36.77,1.83,76.03,0.333,0.062,0.776,6.63,2.9,0,,7.0,7,7,36,1,39.01,0,0
10403,West,Social,New,Treatment,26,57.0,5,6,8.3,6.2,0.51,0.583,0.143,0.022,0,85.4,2.71,0.0,0.465,0.145,0.679,3.37,3.9,0,,7.0,4,4,266,1,88.95,1,0
10404,South,Organic Search,Returning,Control,29,140.5,20,10,13.6,9.9,0.061,0.884,0.234,0.032,2,67.53,1.96,129.26,0.502,0.082,0.665,7.6,1.9,2,34.7,2.0,5,4,15,4,297.17,0,0
10405,West,Email,Loyal,Control,33,85.1,30,15,11.3,10.1,0.255,0.966,0.519,0.064,4,212.13,3.89,752.59,0.235,0.089,0.621,8.39,3.7,1,19.7,7.0,4,5,19,4,801.07,0,0
10406,West,Paid Search,Returning,Control,18,53.7,17,8,3.4,3.8,0.456,0.78,0.232,0.019,0,107.4,2.82,0.0,0.217,0.061,0.756,3.02,4.2,4,19.5,8.0,7,7,226,2,201.01,0,0
10407,South,Social,Returning,Control,43,105.9,17,3,27.8,17.4,0.333,0.702,0.221,0.02,0,82.0,2.41,0.0,0.368,0.117,0.704,9.5,2.3,1,25.6,7.0,7,7,159,3,238.0,0,0
10408,West,Referral,Loyal,Control,36,76.2,41,12,10.9,9.1,0.206,0.992,0.281,0.073,1,114.85,2.88,135.75,0.406,0.042,0.605,7.87,3.4,0,,7.0,5,5,8,2,204.71,0,0
10409,South,Paid Search,Returning,Treatment,35,109.8,12,4,4.4,6.5,0.452,0.841,0.327,0.013,1,71.96,2.33,71.48,0.638,0.112,0.563,2.8,1.4,4,25.6,10.0,4,4,84,2,138.73,0,0
10410,South,Paid Search,Loyal,Treatment,44,50.4,32,17,10.8,11.1,0.233,0.666,0.372,0.033,4,54.25,1.7,288.46,0.327,0.235,0.66,4.0,3.4,1,24.5,7.0,5,6,27,4,247.1,0,1
10411,Midwest,Paid Search,Loyal,Treatment,48,41.7,25,6,4.5,4.3,0.569,0.447,0.164,0.034,1,68.51,2.7,68.43,0.393,0.072,0.759,5.55,6.0,2,21.8,7.0,5,5,89,4,285.95,0,1
10412,Midwest,Social,Returning,Control,27,42.4,24,4,3.2,3.9,0.33,0.89,0.195,0.034,0,57.06,2.48,0.0,0.429,0.224,0.853,7.57,4.2,2,18.7,4.0,7,7,184,6,335.87,0,0
10413,Midwest,Paid Search,Loyal,Control,36,269.7,66,5,4.9,6.8,0.366,0.639,0.083,0.01,2,117.89,1.94,222.49,0.556,0.098,0.739,5.83,3.1,2,32.4,6.0,7,7,2,10,1064.67,0,0
10414,West,Organic Search,New,Control,49,182.7,5,7,11.0,10.1,0.269,0.688,0.127,0.019,0,100.25,2.78,0.0,0.152,0.072,0.764,7.21,2.3,0,,,7,7,120,1,94.61,0,1
10415,Northeast,Paid Search,Loyal,Treatment,47,81.7,36,15,7.6,5.9,0.367,0.781,0.134,0.002,2,115.56,3.88,157.72,0.317,0.169,0.743,2.45,3.2,0,,10.0,5,5,18,1,129.12,0,0
10416,Midwest,Paid Search,Returning,Treatment,42,63.7,21,7,3.4,5.5,0.359,0.931,0.229,0.01,0,84.92,2.63,0.0,0.318,0.014,0.618,4.41,4.4,0,,7.0,4,5,159,1,71.78,0,0
10417,West,Social,Loyal,Treatment,47,59.3,32,3,3.6,5.9,0.436,0.689,0.161,0.022,1,78.55,3.47,91.13,0.279,0.125,0.609,6.7,2.1,0,,8.0,5,6,69,5,461.25,0,0
10418,Northeast,Organic Search,Loyal,Treatment,41,31.7,26,16,3.4,6.3,0.528,0.822,0.193,0.03,1,64.49,2.64,75.12,0.431,0.008,0.664,0.46,4.3,2,16.4,7.0,5,5,24,4,269.86,0,0
10419,South,Referral,Loyal,Control,25,80.0,26,15,4.0,4.3,0.308,0.966,0.507,0.066,4,100.18,1.67,494.09,0.053,0.102,0.673,6.63,3.7,0,,9.0,5,5,8,6,570.63,0,0
10420,Northeast,Paid Search,Loyal,Control,49,64.2,27,22,5.3,7.8,0.517,0.819,0.342,0.161,2,65.81,3.01,145.11,0.106,0.037,0.518,6.21,3.2,0,,9.0,6,7,11,1,63.39,0,0
10421,West,Paid Search,Returning,Control,31,85.2,16,11,4.5,4.7,0.46,0.919,0.33,0.042,2,52.35,2.16,107.38,0.189,0.225,0.746,8.49,4.5,2,10.9,4.0,3,4,35,3,174.22,0,0
10422,South,Social,Returning,Treatment,41,47.6,12,7,6.3,9.0,0.515,0.625,0.132,0.007,2,50.34,1.72,89.73,0.478,0.076,0.752,5.26,3.6,0,,7.0,5,5,33,1,44.41,0,0
10423,West,Paid Search,Returning,Control,47,49.1,21,7,5.1,6.3,0.338,0.883,0.281,0.043,1,77.48,1.58,79.22,0.469,0.068,0.692,6.94,3.1,0,,9.0,3,3,53,9,624.79,0,1
10424,South,Organic Search,Returning,Control,44,61.8,6,3,6.1,5.9,0.358,0.589,0.587,0.141,1,85.8,2.74,115.71,0.201,0.019,0.534,7.14,3.0,0,,7.0,7,6,29,1,97.6,0,0
10425,Midwest,Paid Search,Loyal,Treatment,48,50.2,48,9,3.7,4.6,0.243,0.768,0.351,0.081,1,119.38,2.07,144.3,0.485,0.077,0.652,1.54,1.7,1,7.8,6.0,5,6,12,17,2018.44,0,0
10426,South,Email,Loyal,Treatment,29,53.4,53,8,9.0,6.4,0.202,0.896,0.419,0.13,2,132.42,2.01,262.06,0.229,0.019,0.605,3.32,2.1,0,,10.0,5,5,9,4,542.9,0,1
10427,West,Email,Returning,Control,42,52.6,10,6,4.3,4.9,0.215,0.95,0.24,0.044,3,74.81,2.62,183.36,0.118,0.077,0.562,5.7,3.0,1,22.6,4.0,5,6,43,1,65.66,0,0
10428,West,Email,New,Control,49,,5,18,6.8,8.7,0.375,0.616,0.246,0.039,6,51.86,2.57,346.79,0.437,0.05,0.722,4.9,2.1,0,,10.0,5,5,4,1,37.63,0,0
10429,South,Social,Returning,Control,25,31.8,22,12,9.3,9.6,0.277,0.758,0.197,0.062,7,40.73,1.31,260.93,0.361,0.191,0.77,6.32,4.5,0,,8.0,6,5,8,1,38.02,0,0
10430,Northeast,Email,Returning,Control,57,121.7,18,20,6.3,5.1,0.26,0.782,0.457,0.114,1,125.03,3.46,100.95,0.295,0.035,0.738,9.46,3.7,0,,9.0,6,6,57,1,115.33,0,0
10431,Midwest,Social,Loyal,Treatment,30,166.4,33,13,4.8,5.8,0.469,0.732,0.262,0.033,5,73.89,3.38,391.0,0.432,0.051,0.597,5.62,4.8,0,,9.0,6,6,19,5,424.14,0,1
10432,Midwest,Organic Search,Returning,Control,65,124.4,23,3,12.4,9.9,0.116,0.706,0.302,0.053,2,90.61,2.96,190.93,0.331,0.019,0.712,7.89,3.8,2,29.1,6.0,5,4,51,2,241.46,1,0
10433,Midwest,Email,Returning,Treatment,49,61.3,9,9,7.5,5.6,0.33,0.904,0.472,0.014,0,86.02,2.71,0.0,0.461,0.042,0.693,9.08,3.4,2,30.8,10.0,4,6,365,4,388.56,1,0
10434,South,Paid Search,Loyal,Treatment,48,43.4,41,19,5.9,5.0,0.451,0.67,0.062,0.002,2,106.44,2.06,248.48,0.265,0.135,0.531,1.77,3.0,1,36.0,9.0,5,6,38,5,449.05,0,0
10435,Northeast,Referral,Loyal,Treatment,54,70.7,55,13,9.4,6.8,0.393,0.508,0.131,0.002,2,72.2,2.06,184.07,0.411,0.104,0.784,6.66,5.0,1,16.4,6.0,3,2,26,13,859.35,0,0
10436,Midwest,Social,Returning,Control,34,101.9,11,14,4.9,5.2,0.379,0.954,0.351,0.075,3,129.1,2.24,421.61,0.223,0.197,0.722,6.98,2.5,0,,8.0,7,7,2,3,414.96,0,1
10437,South,Paid Search,Returning,Control,38,103.4,15,10,3.9,6.5,0.343,0.655,0.155,0.047,4,108.99,2.94,376.76,0.344,0.023,0.593,5.08,6.2,1,35.0,7.0,5,5,4,2,258.3,0,0
10438,South,Organic Search,Loyal,Control,48,29.9,38,17,4.5,4.7,0.363,0.692,0.086,0.011,3,59.46,2.35,198.14,0.377,0.157,0.689,8.32,3.2,2,17.7,6.0,6,7,20,11,690.49,0,0
10439,West,Paid Search,Loyal,Control,34,94.9,36,7,4.9,6.6,0.377,0.926,0.151,0.04,0,83.07,2.39,0.0,0.318,0.099,0.801,8.02,3.9,0,,7.0,2,1,218,5,430.79,1,0
10440,South,Social,Loyal,Control,39,,64,3,3.5,3.7,0.381,0.752,0.199,0.01,3,59.83,1.0,232.16,0.266,0.225,0.794,6.0,4.4,0,,8.0,6,6,10,5,317.51,0,1
10441,South,Social,Loyal,Control,43,56.5,74,18,5.5,5.4,0.451,0.793,0.149,0.011,2,78.63,3.01,188.77,0.338,0.226,0.83,5.13,3.8,0,,6.0,6,6,12,5,379.85,0,0
10442,Midwest,Referral,Loyal,Treatment,25,,48,6,7.1,7.1,0.31,0.97,0.484,0.04,0,144.09,2.53,0.0,0.244,0.084,0.734,2.32,4.0,4,51.3,7.0,6,6,156,15,2109.64,0,1
10443,South,Referral,Loyal,Treatment,40,93.1,29,9,8.8,9.0,0.334,0.558,0.191,0.043,5,39.82,1.67,199.39,0.388,0.231,0.754,4.16,3.6,1,29.5,8.0,4,5,11,5,182.46,0,0
10444,South,Organic Search,Loyal,Control,39,61.7,27,14,12.6,9.1,0.101,0.228,0.317,0.048,4,73.9,1.64,280.34,0.423,0.117,0.776,13.41,3.9,1,26.4,9.0,5,5,16,11,838.92,1,0
10445,Northeast,Paid Search,New,Control,47,36.2,1,4,4.4,4.7,0.415,0.902,0.132,0.04,0,81.19,2.07,0.0,0.245,0.106,0.816,6.57,4.6,4,133.3,4.0,6,7,175,2,163.17,1,0
10446,Midwest,Paid Search,Loyal,Treatment,41,96.6,32,14,4.4,7.9,0.406,0.807,0.173,0.029,3,83.42,2.44,299.69,0.612,0.082,0.628,8.34,3.0,0,,9.0,6,6,3,4,352.35,0,1
10447,South,Paid Search,Returning,Control,62,165.0,19,9,8.1,9.1,0.617,0.767,0.206,0.053,2,137.98,2.92,260.59,0.274,0.148,0.624,9.87,4.6,1,27.8,4.0,3,2,51,4,545.48,0,0
10448,Northeast,Social,Returning,Treatment,54,125.7,11,3,4.4,6.3,0.289,0.695,0.259,0.011,0,104.24,3.19,0.0,0.422,0.124,0.666,5.0,3.3,0,,8.0,5,5,224,2,208.44,0,0
10449,West,Organic Search,Returning,Treatment,39,88.2,15,8,2.0,3.9,0.424,0.808,0.282,0.039,2,120.65,2.6,262.01,0.353,0.055,0.661,1.62,3.8,1,11.7,6.0,4,5,21,2,290.58,1,0
10450,Midwest,Social,New,Treatment,33,,1,8,3.5,5.0,0.454,0.857,0.217,0.048,1,80.78,3.02,55.76,0.658,0.306,0.739,3.06,3.6,0,,8.0,5,5,3,1,67.15,0,1
10451,Northeast,Referral,Loyal,Control,20,111.6,47,15,2.8,3.8,0.433,0.536,0.1,0.016,2,102.94,2.34,184.11,0.164,0.08,0.606,7.13,4.8,5,22.4,10.0,2,2,4,18,1947.09,1,0
10452,Midwest,Organic Search,Returning,Treatment,27,59.6,8,15,6.1,7.8,0.25,0.946,0.24,0.052,1,58.15,2.17,62.93,0.381,0.049,0.777,1.47,2.8,0,,5.0,4,4,23,1,67.34,0,0
10453,Midwest,Organic Search,New,Control,54,70.4,5,13,15.8,10.5,0.126,0.384,0.25,0.068,1,92.61,2.05,94.33,0.481,0.03,0.769,5.8,1.9,0,,7.0,5,5,28,1,80.72,1,1
10454,Northeast,Social,Loyal,Control,27,86.2,55,39,12.2,11.1,0.347,0.943,0.255,0.026,7,140.38,2.92,705.46,0.242,0.182,0.679,6.38,3.4,4,14.4,6.0,7,7,12,11,1627.03,1,1
10455,Midwest,Paid Search,Returning,Treatment,32,121.8,6,4,4.0,4.5,0.427,0.881,0.308,0.041,1,91.03,1.17,85.44,0.478,0.123,0.596,4.77,5.7,0,,5.0,4,4,33,3,259.82,0,0
10456,West,Email,New,Treatment,31,53.9,2,5,4.7,7.1,0.235,0.762,0.265,0.006,4,47.58,1.0,220.6,0.343,0.034,0.661,4.8,1.8,0,,9.0,6,6,8,1,50.72,0,0
10457,South,Social,Returning,Control,52,75.7,12,12,3.2,3.9,0.509,0.637,0.097,0.014,2,64.88,1.71,146.81,0.371,0.073,0.681,6.51,3.9,3,13.9,7.0,6,6,36,4,282.67,0,0
10458,Midwest,Organic Search,Returning,Treatment,36,65.8,10,11,6.3,5.1,0.22,0.789,0.112,0.001,3,72.52,2.13,225.92,0.228,0.055,0.672,4.89,4.3,0,,5.0,4,5,37,1,68.51,0,0
10459,West,Paid Search,Loyal,Control,44,63.4,35,14,6.2,5.1,0.347,0.686,0.241,0.021,2,77.62,1.92,138.51,0.767,0.028,0.803,6.92,3.5,1,21.1,10.0,4,5,28,5,321.85,0,0
10460,South,Social,Returning,Treatment,31,99.1,10,6,6.6,8.4,0.318,0.759,0.204,0.069,1,81.0,2.28,85.71,0.571,0.114,0.625,4.23,4.2,1,17.2,4.0,4,4,52,4,275.21,1,0
10461,Northeast,Social,Returning,Treatment,50,60.8,19,9,3.5,6.7,0.319,0.559,0.078,0.003,4,53.96,1.66,186.47,0.639,0.196,0.656,8.3,2.0,1,43.4,7.0,6,6,15,10,440.3,0,0
10462,South,Email,Returning,Treatment,59,111.6,21,12,7.3,6.1,0.367,0.692,0.405,0.041,0,116.44,3.02,0.0,0.54,0.115,0.738,3.95,5.3,2,15.2,1.0,3,4,124,3,318.4,1,0
10463,West,Paid Search,Returning,Control,49,53.7,13,20,3.9,5.1,0.506,0.567,0.266,0.032,6,85.43,2.69,513.61,0.173,0.075,0.808,8.27,4.1,1,10.1,,4,5,22,4,336.86,1,0
10464,Northeast,Paid Search,Loyal,Control,33,115.3,65,9,4.1,4.4,0.299,0.901,0.238,0.036,3,62.7,1.62,157.08,0.286,0.066,0.726,7.03,3.7,0,,10.0,5,5,39,6,320.12,0,0
10465,South,Email,Loyal,Treatment,31,118.0,35,20,4.8,4.4,0.576,0.548,0.296,0.061,5,123.25,2.71,571.21,0.205,0.01,0.685,6.98,3.0,4,19.3,4.0,6,6,12,8,1119.92,0,1
10466,South,Paid Search,New,Treatment,55,53.2,4,11,2.8,4.8,0.512,0.681,0.094,0.022,1,69.6,2.43,69.82,0.412,0.11,0.583,0.78,3.6,0,,7.0,6,6,15,1,75.91,0,0
10467,South,Paid Search,Loyal,Treatment,52,63.4,42,21,14.4,10.1,0.583,0.671,0.28,0.016,4,86.52,2.98,352.22,0.186,0.063,0.742,3.9,5.5,1,26.4,6.0,6,5,22,5,444.7,0,0
10468,South,Paid Search,Loyal,Control,27,40.8,39,16,2.6,3.6,0.249,0.937,0.123,0.002,3,32.57,1.93,110.24,0.384,0.073,0.741,5.96,3.4,0,,10.0,4,4,14,2,66.59,0,0
10469,South,Referral,Returning,Control,50,145.2,21,11,6.3,7.3,0.389,0.669,0.107,0.018,4,134.77,3.15,618.4,0.244,0.006,0.771,4.52,2.1,0,,10.0,4,4,63,4,632.49,0,0
10470,Midwest,Paid Search,Returning,Control,42,100.6,10,14,4.0,6.7,0.329,0.644,0.139,0.034,0,106.91,3.66,0.0,0.16,0.153,0.614,7.32,3.9,3,30.6,6.0,5,4,140,2,250.39,1,0
10471,Midwest,Email,Returning,Control,32,151.4,14,13,6.2,5.2,0.237,0.921,0.238,0.078,4,83.46,2.44,312.78,0.304,0.011,0.658,7.11,2.7,1,39.5,,4,4,39,3,242.66,0,0
10472,Midwest,Social,Loyal,Control,55,88.7,49,16,7.0,8.5,0.38,0.661,0.159,0.003,4,47.53,1.22,173.4,0.368,0.068,0.718,4.6,2.3,1,8.1,8.0,6,6,25,8,351.59,0,0
10473,West,Social,Loyal,Treatment,47,96.2,31,12,9.4,7.2,0.512,0.746,0.232,0.047,7,86.92,2.44,548.54,0.135,0.073,0.629,6.27,3.5,2,19.7,9.0,4,5,21,8,620.99,0,0
10474,West,Organic Search,New,Control,41,43.0,5,15,4.2,7.0,0.243,0.878,0.204,0.049,1,51.72,2.22,36.49,0.071,0.111,0.634,6.99,2.1,0,,7.0,4,4,16,2,104.3,1,0
10475,West,Social,Returning,Control,35,44.7,6,17,5.5,5.4,0.498,0.666,0.491,0.054,1,70.14,3.32,70.02,0.312,0.155,0.559,7.92,3.3,0,,5.0,5,5,43,1,62.96,0,0
10476,South,Paid Search,Loyal,Treatment,51,92.5,25,11,5.8,6.2,0.421,0.572,0.219,0.007,3,150.84,3.21,388.83,0.198,0.179,0.542,2.69,2.6,1,46.9,8.0,5,6,17,8,1215.48,0,0
10477,West,Paid Search,Loyal,Control,72,,26,11,9.7,9.1,0.302,0.611,0.164,0.022,0,86.5,2.22,0.0,0.43,0.036,0.732,4.57,2.8,0,,7.0,5,6,111,3,221.5,0,0
10478,Midwest,Organic Search,Returning,Control,38,112.2,6,3,2.3,3.3,0.394,0.779,0.147,0.01,0,199.99,3.56,0.0,0.333,0.025,0.707,6.51,1.7,0,,9.0,4,5,219,1,202.54,1,0
10479,Midwest,Paid Search,Loyal,Control,44,153.3,55,23,3.5,7.9,0.262,0.778,0.236,0.041,7,91.2,2.49,567.72,0.556,0.119,0.691,6.73,3.1,4,15.7,8.0,4,4,17,13,1160.41,1,1
10480,South,Paid Search,Returning,Treatment,30,53.2,13,12,11.6,8.1,0.372,0.818,0.248,0.056,0,76.5,2.17,0.0,0.19,0.066,0.583,5.03,4.2,1,14.9,7.0,3,3,132,1,78.68,0,1
10481,South,Referral,Returning,Treatment,40,61.9,21,12,7.6,7.8,0.381,0.697,0.137,0.002,0,124.16,2.74,0.0,0.389,0.113,0.668,1.19,5.0,1,13.9,8.0,5,5,174,5,740.46,1,0
10482,South,Paid Search,Loyal,Control,52,99.4,43,13,2.9,3.6,0.48,0.369,0.324,0.035,3,121.45,3.03,375.02,0.473,0.065,0.692,7.19,4.8,2,19.7,9.0,5,6,41,5,567.12,0,0
10483,South,Social,Loyal,Control,45,101.9,40,7,5.5,9.1,0.263,0.798,0.315,0.032,0,125.51,3.01,0.0,0.071,0.063,0.448,3.87,6.2,1,29.5,8.0,4,4,112,7,880.57,0,0
10484,West,Paid Search,Returning,Treatment,47,77.1,16,4,6.4,5.8,0.392,0.605,0.287,0.013,0,143.64,3.38,0.0,0.327,0.257,0.601,3.2,1.3,0,,8.0,5,4,168,7,1085.71,0,1
10485,West,Email,Returning,Control,80,58.3,17,13,10.0,7.5,0.248,0.533,0.217,0.024,1,107.64,1.35,137.0,0.445,0.024,0.648,9.33,2.6,0,,10.0,6,6,66,1,125.87,0,0
10486,South,Social,Loyal,Treatment,43,135.8,38,26,4.6,6.8,0.485,0.481,0.237,0.072,4,55.06,1.85,178.07,0.409,0.098,0.608,2.35,2.7,1,36.3,10.0,4,5,3,7,310.99,0,1
10487,South,Organic Search,Returning,Treatment,44,55.3,14,4,13.0,9.1,0.337,0.802,0.44,0.058,1,50.41,1.9,57.81,0.097,0.045,0.533,3.75,4.9,0,,5.0,5,5,21,1,52.69,0,1
10488,Midwest,Organic Search,Returning,Treatment,44,58.4,9,11,3.0,5.7,0.319,0.861,0.105,0.008,3,55.14,1.95,154.27,0.094,0.085,0.713,6.09,4.4,1,10.0,8.0,6,5,48,1,58.11,0,0
10489,West,Email,Returning,Control,37,40.6,14,6,7.1,7.0,0.138,0.855,0.565,0.014,1,51.29,3.83,47.44,0.321,0.054,0.605,7.48,5.4,1,8.5,7.0,6,7,19,3,168.67,1,0
10490,Midwest,Social,Returning,Treatment,47,53.9,15,5,7.3,7.7,0.243,0.756,0.424,0.101,3,73.09,2.9,171.79,0.153,0.166,0.57,2.58,3.7,1,30.8,4.0,5,6,36,1,75.98,0,0
10491,South,Organic Search,Returning,Control,39,92.0,11,8,10.4,8.1,0.278,0.899,0.251,0.04,0,54.97,2.69,0.0,0.205,0.114,0.663,5.99,2.1,0,,10.0,5,5,170,2,108.11,1,0
10492,South,Referral,Returning,Control,23,120.1,9,13,5.5,5.4,0.176,0.939,0.141,0.036,3,71.22,2.45,268.84,0.069,0.047,0.768,7.76,5.8,0,,5.0,7,7,17,1,67.92,0,0
10493,South,Organic Search,Loyal,Treatment,46,126.6,53,3,5.8,5.2,0.184,0.754,0.131,0.032,1,163.16,3.14,178.4,0.214,0.04,0.611,3.38,3.9,1,11.9,7.0,7,7,29,6,927.26,0,0
10494,South,Organic Search,Loyal,Control,75,71.0,25,5,7.9,7.0,0.259,0.431,0.26,0.022,0,74.03,1.41,0.0,0.142,0.061,0.634,9.4,3.5,1,24.8,,4,4,155,3,156.8,1,1
10495,Northeast,Paid Search,Returning,Control,60,105.6,19,6,5.5,6.4,0.42,0.552,0.107,0.02,2,89.76,2.1,204.63,0.399,0.09,0.594,6.96,2.0,1,29.2,8.0,6,7,53,5,561.8,1,0
10496,West,Social,New,Control,53,78.2,3,5,8.7,6.7,0.423,0.472,0.245,0.029,2,109.81,3.21,234.5,0.285,0.142,0.754,7.34,4.7,0,,8.0,5,6,11,1,111.27,0,0
10497,South,Social,Returning,Treatment,66,48.5,6,5,9.5,8.6,0.22,0.689,0.078,0.007,2,71.99,2.53,154.81,0.509,0.249,0.825,2.52,3.3,0,,4.0,5,4,7,1,84.55,0,0
10498,West,Paid Search,Returning,Control,42,37.3,19,11,11.0,9.3,0.541,0.817,0.215,0.013,2,102.31,2.46,158.52,0.255,0.139,0.822,4.41,3.1,1,46.5,4.0,6,7,12,1,108.55,0,0
10499,West,Paid Search,Returning,Treatment,37,106.4,8,3,10.7,10.0,0.388,0.602,0.251,0.068,0,112.0,2.5,0.0,0.215,0.043,0.536,6.15,1.7,0,,9.0,6,5,155,1,129.73,0,1
10500,South,Organic Search,New,Treatment,40,63.7,3,5,10.7,7.8,0.204,0.934,0.234,0.013,2,89.06,3.18,123.11,0.259,0.094,0.712,2.26,3.6,0,,10.0,4,5,7,2,174.77,0,0
10501,West,Organic Search,Loyal,Control,34,100.5,25,10,8.4,8.0,0.286,0.952,0.296,0.029,0,114.37,2.83,0.0,0.491,0.049,0.675,6.55,3.7,0,,7.0,5,5,104,1,95.18,0,0
10502,West,Social,Returning,Treatment,47,70.8,22,7,5.5,4.7,0.449,0.739,0.365,0.03,1,59.44,1.72,69.36,0.164,0.026,0.625,3.44,3.7,0,,7.0,7,7,27,2,113.58,0,1
10503,South,Paid Search,New,Treatment,63,92.4,4,8,5.4,5.3,0.422,0.584,0.212,0.047,2,150.81,2.1,242.82,0.403,0.04,0.51,1.0,5.2,1,13.6,7.0,6,7,57,1,138.91,0,1
10504,South,Organic Search,Returning,Control,24,63.2,19,17,12.1,8.7,0.315,0.785,0.176,0.02,2,69.13,1.77,124.09,0.437,0.187,0.772,5.77,3.7,0,,8.0,6,7,26,3,167.59,1,0
10505,West,Paid Search,Returning,Treatment,51,76.5,14,11,3.8,4.9,0.466,0.632,0.108,0.007,3,150.32,3.68,437.21,0.32,0.088,0.61,1.35,3.6,0,,8.0,7,6,9,2,266.57,0,0
10506,Midwest,Organic Search,Loyal,Control,48,77.5,30,11,6.6,6.4,0.257,0.766,0.182,0.044,2,79.88,2.47,140.38,0.187,0.043,0.646,6.8,2.3,0,,10.0,4,4,17,4,313.19,0,0
10507,South,Email,Loyal,Control,56,,29,2,10.3,6.8,0.191,0.981,0.258,0.039,0,108.43,2.83,0.0,0.293,0.096,0.763,7.17,2.7,1,53.1,9.0,6,6,113,3,403.23,1,1
10508,Midwest,Email,Loyal,Control,63,88.6,38,19,2.8,5.1,0.226,0.428,0.349,0.028,4,89.48,2.56,406.21,0.16,0.021,0.825,5.54,4.4,0,,8.0,7,6,49,9,844.81,0,0
10509,South,Organic Search,New,Treatment,28,47.0,5,3,5.1,5.7,0.121,0.986,0.176,0.004,1,56.44,1.38,64.52,0.17,0.03,0.62,2.32,2.3,0,,6.0,5,5,59,1,53.76,0,0
10510,West,Paid Search,Loyal,Control,46,67.9,43,10,6.3,5.9,0.448,0.509,0.476,0.071,5,43.34,1.72,205.85,0.246,0.161,0.846,7.98,3.6,1,54.7,8.0,5,6,18,5,220.5,0,0
10511,South,Paid Search,Returning,Control,28,57.9,6,8,12.8,11.4,0.263,0.718,0.241,0.005,3,98.64,3.2,321.29,0.364,0.07,0.544,7.87,3.6,1,12.8,10.0,6,7,29,2,173.48,0,0
10512,West,Organic Search,Returning,Control,54,74.6,8,11,7.8,7.3,0.232,0.691,0.192,0.011,3,92.67,1.49,310.1,0.225,0.076,0.865,7.36,3.2,0,,10.0,4,4,11,1,75.12,0,0
10513,Midwest,Organic Search,Loyal,Control,51,49.8,32,27,8.2,6.7,0.301,0.841,0.171,0.017,6,67.85,3.27,344.29,0.254,0.175,0.621,4.29,3.9,0,,7.0,4,4,6,4,250.63,0,0
10514,South,Organic Search,Loyal,Control,52,86.0,39,21,9.2,7.3,0.31,0.699,0.25,0.065,8,92.06,1.78,781.69,0.073,0.04,0.679,6.8,3.7,0,,8.0,6,7,8,6,573.68,1,0
10515,Midwest,Email,Loyal,Treatment,42,61.0,46,19,4.9,4.4,0.224,0.505,0.187,0.038,7,47.63,2.04,371.51,0.132,0.121,0.707,7.11,3.6,0,,7.0,6,5,7,4,181.62,0,0
10516,South,Referral,Loyal,Treatment,30,205.5,33,3,5.2,4.8,0.419,0.854,0.345,0.064,3,112.85,3.16,432.04,0.249,0.031,0.624,3.97,5.6,0,,4.0,6,6,13,4,369.73,0,0
10517,Northeast,Social,Loyal,Treatment,39,99.3,29,11,5.2,7.3,0.302,0.685,0.25,0.011,2,177.14,3.97,301.88,0.259,0.062,0.757,3.92,3.2,1,34.5,7.0,3,5,8,3,487.76,0,0
10518,South,Referral,Loyal,Control,34,71.5,41,10,1.8,3.4,0.405,0.978,0.17,0.025,2,90.56,2.31,232.7,0.264,0.046,0.736,8.88,3.7,5,9.0,,5,6,19,21,2042.3,0,1
10519,Northeast,Organic Search,Loyal,Treatment,38,42.1,34,13,2.4,7.0,0.321,0.613,0.18,0.003,0,86.88,2.53,0.0,0.12,0.102,0.82,5.72,7.0,1,13.3,8.0,4,4,129,2,168.0,0,1
10520,South,Paid Search,New,Control,78,97.3,3,3,6.0,6.9,0.486,0.394,0.148,0.001,1,84.54,2.77,85.0,0.298,0.091,0.654,6.17,1.8,1,9.7,7.0,3,4,12,1,90.31,0,0
10521,Midwest,Paid Search,Returning,Treatment,46,55.5,9,8,7.7,8.2,0.463,0.895,0.086,0.009,2,57.16,2.23,85.61,0.573,0.043,0.779,4.06,3.7,0,,10.0,5,5,42,1,55.47,1,0
10522,South,Organic Search,Returning,Treatment,65,45.9,18,5,6.8,5.6,0.301,0.389,0.362,0.078,2,46.12,2.67,132.59,0.281,0.011,0.703,5.98,4.0,1,18.5,10.0,5,4,16,5,223.65,0,0
10523,South,Organic Search,New,Control,29,132.3,3,4,10.6,7.1,0.196,0.872,0.219,0.055,1,99.57,2.87,96.77,0.431,0.124,0.524,5.28,3.0,1,52.9,10.0,4,4,79,1,99.45,0,0
10524,Northeast,Paid Search,Returning,Control,53,99.0,12,11,5.4,5.4,0.413,0.508,0.459,0.018,0,91.55,2.92,0.0,0.155,0.021,0.597,4.41,4.3,2,36.9,6.0,4,5,116,3,310.02,0,1
10525,Midwest,Organic Search,Loyal,Treatment,35,63.3,31,9,6.8,5.5,0.469,0.903,0.375,0.037,2,85.79,2.22,163.29,0.077,0.066,0.649,5.75,3.8,2,35.1,10.0,6,6,12,5,488.32,1,1
10526,West,Paid Search,New,Control,45,25.0,3,7,6.8,6.0,0.467,0.82,0.183,0.024,1,47.13,1.76,59.47,0.406,0.066,0.519,8.18,5.8,0,,9.0,5,4,12,1,52.03,0,1
10527,Midwest,Organic Search,New,Treatment,31,67.8,5,8,2.3,4.3,0.27,0.985,0.395,0.053,3,90.75,3.19,308.86,0.76,0.019,0.629,5.07,2.8,2,7.1,5.0,5,5,37,2,257.85,0,0
10528,West,Social,Returning,Control,56,112.7,19,8,4.2,5.2,0.541,0.404,0.221,0.037,1,105.5,2.37,125.98,0.608,0.192,0.735,5.96,2.3,0,,8.0,4,4,43,3,300.93,0,0
10529,Midwest,Paid Search,Returning,Treatment,55,122.1,24,9,6.8,7.6,0.452,0.387,0.375,0.065,6,96.73,3.17,640.82,0.6,0.041,0.718,4.76,2.2,0,,8.0,5,5,7,3,260.28,0,0
10530,West,Paid Search,New,Control,47,89.4,2,4,14.7,10.2,0.18,0.88,0.32,0.042,2,97.43,2.67,177.92,0.205,0.069,0.803,3.76,3.4,1,24.2,,5,4,24,1,90.99,0,0
10531,Northeast,Referral,Returning,Control,28,175.7,9,14,4.1,5.0,0.149,0.998,0.287,0.047,0,107.81,2.45,0.0,0.115,0.089,0.881,6.68,3.1,0,,9.0,5,5,135,1,115.05,0,0
10532,South,Organic Search,Returning,Control,25,54.2,21,16,8.5,6.8,0.465,0.95,0.313,0.004,4,68.63,2.03,208.51,0.333,0.091,0.686,8.34,2.3,3,10.5,9.0,5,5,45,11,677.1,0,0
10533,Midwest,Social,Loyal,Treatment,47,97.0,28,10,2.4,3.7,0.31,0.6,0.277,0.075,4,47.62,2.33,192.32,0.524,0.255,0.82,4.64,3.1,0,,5.0,5,5,9,1,43.96,1,0
10534,Northeast,Paid Search,Returning,Control,33,,17,12,7.3,6.6,0.296,0.704,0.337,0.043,3,131.65,3.08,330.98,0.179,0.104,0.757,7.78,3.5,2,23.9,3.0,7,7,19,2,245.38,1,0
10535,Northeast,Organic Search,New,Treatment,43,107.3,3,3,10.8,7.5,0.268,0.764,0.153,0.04,2,115.38,3.47,238.12,0.068,0.007,0.519,6.37,3.5,1,4.7,8.0,4,4,1,1,118.83,0,0
10536,West,Social,New,Treatment,52,87.6,2,4,7.9,7.2,0.44,0.387,0.254,0.016,1,125.42,2.1,108.87,0.445,0.208,0.623,6.8,2.6,1,12.0,9.0,6,7,4,2,252.01,0,0
10537,Northeast,Paid Search,Returning,Control,40,109.6,6,7,6.0,10.1,0.225,0.663,0.164,0.007,3,104.83,3.28,328.5,0.309,0.187,0.829,9.15,2.6,2,13.9,7.0,3,4,6,2,275.52,0,0
10538,Northeast,Email,Returning,Treatment,51,24.8,9,8,3.0,3.9,0.205,0.904,0.277,0.03,4,79.95,3.49,354.07,0.501,0.059,0.523,7.44,4.1,0,,9.0,5,6,8,1,79.86,0,1
10539,Northeast,Email,Loyal,Treatment,40,76.4,33,5,5.3,6.1,0.417,0.818,0.25,0.014,1,80.85,2.84,83.88,0.511,0.031,0.755,1.18,3.1,0,,7.0,6,6,28,5,360.49,0,0
10540,Midwest,Paid Search,Returning,Control,21,37.2,7,10,3.5,5.5,0.324,0.597,0.161,0.001,2,82.38,1.77,155.34,0.338,0.138,0.709,6.24,3.8,0,,9.0,6,5,7,1,98.65,0,0
10541,Midwest,Email,Returning,Control,46,47.4,21,15,7.1,5.6,0.361,0.577,0.244,0.046,2,59.47,1.1,177.1,0.205,0.071,0.673,7.71,3.1,0,,8.0,6,7,27,3,177.09,0,0
10542,West,Email,Returning,Treatment,47,68.8,6,24,8.9,7.9,0.352,0.726,0.28,0.047,2,135.12,2.86,269.57,0.142,0.016,0.722,4.78,3.0,2,21.6,10.0,5,5,40,2,264.43,0,0
10543,West,Organic Search,New,Treatment,37,111.6,4,3,3.4,4.6,0.42,0.698,0.165,0.02,0,117.69,2.85,0.0,0.516,0.024,0.646,3.17,3.9,1,22.7,10.0,3,3,154,1,135.98,0,0
10544,Midwest,Email,Returning,Control,19,114.1,13,12,6.6,6.1,0.175,0.736,0.276,0.002,3,64.13,1.52,201.95,0.262,0.04,0.566,4.4,3.8,0,,7.0,5,6,1,1,66.55,0,0
10545,West,Paid Search,New,Control,41,72.3,5,5,4.7,5.6,0.686,0.861,0.512,0.157,0,116.38,2.85,0.0,0.362,0.018,0.738,5.82,3.0,0,,7.0,5,5,130,1,126.56,0,0
10546,Midwest,Social,Returning,Treatment,28,56.7,8,3,2.8,3.7,0.304,0.758,0.081,0.001,0,76.46,2.94,0.0,0.609,0.027,0.692,5.08,2.6,1,21.2,6.0,6,6,120,1,91.0,1,0
10547,South,Organic Search,Returning,Control,45,65.0,14,22,4.5,4.4,0.202,0.893,0.255,0.036,2,86.92,1.73,164.74,0.17,0.068,0.735,8.16,4.7,0,,8.0,5,4,81,3,316.14,0,0
10548,Northeast,Paid Search,Returning,Treatment,30,60.6,24,14,6.1,5.8,0.266,0.696,0.159,0.057,1,71.03,2.96,81.0,0.197,0.061,0.732,6.97,4.1,1,31.0,8.0,5,5,24,3,202.97,0,0
10549,Midwest,Organic Search,Returning,Control,32,,14,3,6.6,5.4,0.285,0.702,0.385,0.05,0,99.37,2.96,0.0,0.207,0.053,0.548,5.34,1.9,1,26.1,7.0,6,7,138,1,94.87,0,0
10550,West,Referral,Returning,Control,40,124.8,21,4,3.6,5.1,0.209,0.705,0.412,0.159,1,76.17,3.12,101.97,0.299,0.056,0.595,5.46,2.2,0,,7.0,5,5,27,1,74.92,1,0
10551,Northeast,Email,Loyal,Control,56,,25,16,3.1,3.9,0.278,0.722,0.642,0.117,3,119.04,2.37,312.57,0.245,0.075,0.762,6.03,4.5,1,4.2,10.0,5,5,43,6,695.18,0,0
10552,South,Referral,Returning,Control,61,151.1,12,9,4.3,6.5,0.258,0.576,0.257,0.045,2,91.85,3.34,161.91,0.676,0.043,0.644,9.74,4.1,0,,8.0,6,5,49,1,107.64,0,1
10553,Midwest,Social,Returning,Treatment,47,44.3,17,12,8.2,8.0,0.465,0.582,0.262,0.051,3,42.27,1.36,104.74,0.305,0.121,0.638,4.03,4.8,2,18.1,6.0,6,6,8,4,189.08,0,1
10554,West,Organic Search,Loyal,Treatment,49,99.0,38,13,4.9,4.9,0.452,0.818,0.515,0.037,4,172.81,3.42,623.7,0.195,0.059,0.602,4.98,2.9,2,20.7,7.0,5,6,36,8,1139.0,0,1
10555,West,Referral,Loyal,Treatment,30,115.5,35,6,2.3,4.2,0.286,0.825,0.225,0.043,4,115.69,2.79,543.03,0.296,0.052,0.642,6.52,3.9,1,10.0,9.0,6,6,12,10,1362.43,0,0
10556,Northeast,Paid Search,Returning,Treatment,43,154.7,20,5,4.8,5.8,0.368,0.811,0.182,0.044,2,110.03,3.16,198.44,0.4,0.135,0.653,4.14,3.5,0,,5.0,3,3,32,5,668.42,0,0
10557,Northeast,Organic Search,Returning,Control,39,42.7,13,6,5.1,5.4,0.173,0.669,0.507,0.134,3,68.61,2.86,163.32,0.453,0.025,0.628,9.52,6.8,1,25.4,6.0,5,5,29,3,187.07,0,1
10558,South,Email,Returning,Control,57,36.6,20,4,11.3,7.8,0.235,0.867,0.308,0.036,1,57.58,2.32,48.46,0.251,0.081,0.661,6.39,3.7,0,,10.0,5,5,43,3,177.15,0,0
10559,West,Paid Search,Loyal,Treatment,59,,46,10,3.0,6.1,0.499,0.799,0.261,0.018,1,97.19,2.56,115.69,0.19,0.138,0.831,5.07,3.6,1,16.4,6.0,5,5,63,5,490.34,0,0
10560,South,Referral,Returning,Control,23,36.9,6,10,6.5,6.2,0.424,0.932,0.214,0.061,1,60.83,1.81,52.46,0.169,0.076,0.749,8.37,3.2,3,13.7,4.0,3,4,69,2,124.75,0,0
10561,Northeast,Social,Returning,Treatment,38,91.2,6,9,4.0,4.3,0.269,0.746,0.119,0.023,2,98.13,2.82,218.32,0.32,0.117,0.708,6.3,8.7,0,,5.0,4,4,19,2,257.37,1,1
10562,Northeast,Referral,Returning,Treatment,28,45.9,22,9,8.6,8.7,0.19,0.513,0.233,0.059,2,53.55,2.07,105.77,0.179,0.026,0.622,5.23,3.6,2,22.4,8.0,5,5,22,6,320.71,1,1
10563,South,Social,Returning,Control,52,236.8,8,7,3.7,4.3,0.465,0.667,0.527,0.015,1,150.54,4.57,148.69,0.422,0.347,0.521,3.85,5.9,1,21.2,5.0,5,5,28,1,167.5,0,0
10564,Midwest,Referral,Loyal,Treatment,49,33.2,44,11,4.6,7.9,0.102,0.605,0.41,0.038,2,69.93,1.0,143.02,0.216,0.048,0.654,3.73,2.4,1,19.7,10.0,6,6,14,9,670.93,0,1
10565,South,Paid Search,Returning,Control,50,93.6,10,4,9.2,7.7,0.28,0.748,0.382,0.082,2,58.5,1.88,125.2,0.433,0.159,0.582,7.3,5.3,0,,8.0,5,6,3,4,253.84,0,0
10566,Midwest,Social,Loyal,Treatment,47,,57,1,8.3,7.3,0.351,0.781,0.41,0.032,0,46.17,1.46,0.0,0.683,0.173,0.574,5.17,4.2,1,37.0,8.0,4,4,365,11,429.56,1,1
10567,West,Paid Search,Returning,Treatment,18,49.7,12,3,3.7,6.0,0.305,0.893,0.131,0.022,1,64.37,1.61,53.4,0.405,0.081,0.735,6.73,4.3,0,,9.0,3,4,15,2,131.95,0,0
10568,Midwest,Social,Loyal,Control,30,55.3,45,9,3.0,4.8,0.311,0.923,0.412,0.078,0,48.52,2.76,0.0,0.484,0.132,0.525,3.36,1.5,2,26.6,7.0,4,4,137,4,164.29,0,1
10569,Northeast,Organic Search,Returning,Treatment,43,106.3,8,4,4.8,5.4,0.33,0.805,0.441,0.032,0,67.3,1.18,0.0,0.324,0.034,0.692,4.89,5.6,0,,9.0,3,4,146,3,201.99,0,0
10570,West,Social,Returning,Treatment,43,74.6,19,15,3.3,4.8,0.44,0.674,0.144,0.025,1,157.26,4.07,141.76,0.27,0.082,0.743,6.1,2.9,0,,9.0,4,5,3,2,294.2,0,0
10571,West,Paid Search,Returning,Control,31,31.3,21,4,3.2,4.5,0.359,0.669,0.401,0.063,0,59.71,3.95,0.0,0.202,0.112,0.611,6.5,2.0,1,15.6,10.0,6,6,99,3,143.11,0,0
10572,South,Organic Search,Returning,Control,36,61.7,21,8,10.7,7.1,0.376,0.882,0.329,0.005,1,76.47,2.04,73.13,0.276,0.019,0.689,8.16,2.9,2,41.0,8.0,5,4,36,7,600.58,0,0
10573,South,Organic Search,Loyal,Control,42,56.3,51,16,2.6,4.0,0.235,0.656,0.519,0.031,1,55.14,1.18,51.49,0.251,0.057,0.841,7.56,2.7,0,,6.0,4,4,6,5,266.16,0,0
10574,West,Organic Search,Returning,Treatment,38,224.0,20,21,1.8,5.1,0.219,0.827,0.284,0.009,5,81.22,3.12,340.38,0.188,0.056,0.753,3.88,4.4,1,25.6,6.0,6,6,27,4,377.28,0,1
10575,South,Organic Search,Returning,Treatment,18,61.4,7,7,12.3,7.5,0.123,0.838,0.21,0.011,2,43.65,2.3,94.96,0.236,0.054,0.722,6.38,4.8,1,28.2,6.0,5,5,40,1,49.16,0,0
10576,Northeast,Paid Search,Returning,Treatment,55,92.5,11,15,11.9,8.9,0.314,0.624,0.393,0.026,1,125.54,1.7,132.79,0.262,0.02,0.789,7.45,2.8,1,19.0,8.0,3,3,10,2,246.95,0,1
10577,South,Referral,Loyal,Treatment,56,35.9,35,11,15.2,12.2,0.125,0.804,0.405,0.061,3,74.34,3.57,262.16,0.6,0.003,0.782,2.24,3.0,1,16.4,8.0,4,4,24,7,516.4,0,0
10578,West,Email,Returning,Control,35,39.3,11,4,11.0,9.6,0.184,0.686,0.448,0.045,1,70.85,2.48,56.85,0.237,0.057,0.796,5.87,3.9,1,24.5,6.0,3,3,89,4,282.31,0,0
10579,Northeast,Organic Search,New,Control,36,26.5,4,4,12.2,8.0,0.277,0.89,0.326,0.007,3,62.75,2.23,180.34,0.158,0.179,0.725,7.16,2.8,1,14.2,7.0,3,3,4,2,95.95,0,0
10580,Northeast,Email,Returning,Control,18,40.0,18,4,3.7,5.8,0.226,0.719,0.288,0.09,2,50.07,1.45,97.06,0.209,0.181,0.758,6.88,3.9,0,,8.0,7,7,31,3,180.49,0,0
10581,Northeast,Social,Returning,Treatment,48,71.8,12,7,3.4,5.3,0.527,0.909,0.119,0.013,0,95.88,3.03,0.0,0.232,0.234,0.637,4.66,4.4,1,22.9,5.0,4,3,122,3,321.07,0,0
10582,Midwest,Referral,Returning,Treatment,42,54.4,6,6,7.8,7.9,0.396,0.632,0.374,0.027,0,82.14,1.72,0.0,0.097,0.1,0.71,5.16,3.8,0,,10.0,5,5,164,1,77.23,1,1
10583,Northeast,Social,New,Treatment,63,94.0,5,1,9.7,6.8,0.32,0.441,0.237,0.026,1,170.41,3.36,183.57,0.33,0.063,0.808,6.04,0.8,2,15.2,6.0,7,7,63,1,148.77,0,0
10584,Midwest,Organic Search,Returning,Treatment,40,90.1,19,2,9.7,7.3,0.144,0.662,0.252,0.024,1,159.59,2.84,200.82,0.113,0.016,0.425,1.76,2.3,1,38.9,7.0,5,5,7,1,179.96,0,1
10585,Northeast,Email,Returning,Control,33,81.2,8,10,10.9,9.2,0.138,0.78,0.342,0.123,1,64.61,2.67,63.39,0.475,0.016,0.742,6.23,3.3,1,19.9,8.0,5,5,73,2,151.03,0,1
10586,South,Organic Search,Returning,Treatment,40,77.3,10,9,4.1,4.9,0.264,0.801,0.16,0.016,0,91.85,2.2,0.0,0.081,0.05,0.692,4.15,3.6,0,,10.0,5,5,207,2,176.72,0,0
10587,Midwest,Social,Loyal,Treatment,40,64.8,31,10,3.8,5.7,0.554,0.888,0.269,0.048,1,87.61,3.2,74.26,0.185,0.069,0.658,5.29,3.1,0,,7.0,4,5,21,3,244.51,0,0
10588,South,Email,Returning,Control,59,72.3,17,4,4.8,5.0,0.162,0.521,0.264,0.05,1,98.52,2.26,86.63,0.483,0.07,0.729,4.53,5.0,0,,10.0,3,4,86,1,109.61,0,1
10589,Northeast,Referral,New,Control,48,79.0,2,9,4.7,5.6,0.296,0.835,0.326,0.066,1,136.49,2.85,170.1,0.438,0.071,0.851,5.35,5.8,0,,8.0,5,5,34,2,241.77,0,1
10590,South,Organic Search,Loyal,Treatment,50,40.0,41,21,4.3,6.2,0.316,0.242,0.296,0.022,1,77.82,1.74,90.82,0.264,0.081,0.561,2.8,3.9,5,13.1,6.0,4,5,13,17,1187.2,0,0
10591,Midwest,Paid Search,Returning,Control,50,100.6,9,7,4.4,6.1,0.39,0.637,0.297,0.108,2,41.44,1.15,102.03,0.345,0.109,0.837,8.25,3.0,1,43.7,,5,4,10,1,41.09,0,0
10592,Midwest,Social,New,Treatment,18,45.5,5,14,13.5,8.9,0.401,0.999,0.227,0.02,5,140.7,3.73,620.41,0.264,0.085,0.601,5.69,5.3,1,21.9,10.0,4,6,9,1,120.93,0,0
10593,Northeast,Organic Search,Returning,Treatment,50,81.2,13,17,4.5,5.9,0.278,0.516,0.198,0.032,2,80.37,2.47,158.2,0.086,0.099,0.55,6.87,4.3,0,,8.0,6,5,4,1,71.9,0,0
10594,South,Referral,Loyal,Treatment,25,91.3,32,11,2.0,3.2,0.376,0.855,0.39,0.021,3,84.76,2.32,199.85,0.248,0.047,0.742,8.7,1.4,0,,10.0,5,6,57,7,678.84,0,0
10595,South,Organic Search,Returning,Control,33,86.9,17,3,5.0,6.8,0.163,0.615,0.253,0.035,1,95.05,3.12,93.22,0.206,0.036,0.683,9.27,4.6,3,16.4,4.0,6,7,18,10,836.71,0,0
10596,Northeast,Organic Search,Returning,Control,45,135.6,15,20,15.1,9.4,0.322,0.632,0.431,0.057,1,119.9,1.88,115.11,0.115,0.056,0.579,11.57,3.6,0,,8.0,6,6,6,3,347.96,0,0
10597,Northeast,Referral,Loyal,Treatment,39,69.1,73,16,13.9,10.2,0.367,0.77,0.115,0.036,4,115.48,3.12,405.61,0.238,0.041,0.635,6.25,5.1,2,23.2,7.0,5,4,7,8,911.03,0,0
10598,Midwest,Email,Returning,Treatment,76,50.5,20,7,3.5,6.6,0.284,0.698,0.421,0.07,2,61.27,2.2,110.86,0.327,0.018,0.581,7.23,3.7,1,13.9,9.0,5,5,19,1,72.49,0,0
10599,South,Paid Search,Returning,Treatment,41,46.2,11,1,7.2,7.3,0.264,0.778,0.265,0.017,1,85.48,3.54,95.44,0.422,0.11,0.631,5.18,8.1,1,22.6,7.0,4,5,8,3,313.92,1,0
10600,South,Referral,Returning,Treatment,54,41.7,19,8,4.0,5.5,0.335,0.584,0.218,0.014,1,108.63,2.53,77.73,0.152,0.02,0.679,6.57,3.2,1,17.8,6.0,5,6,27,5,514.77,0,1
10601,Northeast,Social,Loyal,Control,40,71.4,26,9,5.2,6.1,0.436,0.924,0.224,0.022,0,136.92,2.02,0.0,0.341,0.126,0.641,4.17,3.2,1,28.0,5.0,3,4,133,5,679.05,0,0
10602,Northeast,Organic Search,Returning,Treatment,66,31.8,17,8,11.9,9.3,0.242,0.593,0.275,0.023,0,65.62,1.5,0.0,0.17,0.014,0.673,3.95,2.3,0,,8.0,4,4,226,3,183.93,0,0
10603,Northeast,Organic Search,Loyal,Control,50,66.0,27,6,6.3,6.4,0.105,0.686,0.335,0.05,3,99.03,1.95,314.98,0.096,0.034,0.657,4.85,3.3,2,15.7,7.0,5,6,38,6,714.02,1,0
10604,West,Social,Loyal,Treatment,19,52.5,35,17,4.7,5.3,0.402,0.859,0.212,0.017,3,83.74,1.93,161.32,0.272,0.166,0.688,2.55,5.4,0,,9.0,6,6,8,3,234.45,0,0
10605,Midwest,Paid Search,Loyal,Treatment,62,56.5,34,6,5.1,5.9,0.326,0.691,0.186,0.027,0,110.79,2.48,0.0,0.335,0.097,0.589,5.86,4.4,0,,7.0,6,5,154,4,408.04,0,1
10606,Midwest,Email,Loyal,Treatment,46,97.4,35,10,6.9,7.1,0.255,0.747,0.304,0.058,3,65.84,2.52,184.95,0.393,0.184,0.635,5.67,4.0,1,36.0,10.0,6,6,14,3,178.72,0,0
10607,Midwest,Organic Search,Returning,Treatment,38,69.1,15,6,4.8,5.9,0.399,0.791,0.207,0.003,1,80.61,1.27,89.65,0.108,0.042,0.626,6.66,2.9,2,27.5,10.0,6,6,23,3,222.64,0,0
10608,South,Email,Loyal,Treatment,57,59.9,29,19,2.2,3.3,0.372,0.699,0.218,0.063,5,77.6,2.7,346.0,0.424,0.045,0.55,4.46,4.2,2,16.7,9.0,5,5,8,6,551.82,0,0
10609,South,Organic Search,Loyal,Treatment,28,125.7,76,14,4.3,5.9,0.355,0.859,0.514,0.221,1,50.89,3.06,55.1,0.211,0.126,0.657,6.29,4.5,5,12.5,8.0,7,7,25,27,1132.76,0,0
10610,South,Email,Loyal,Treatment,44,94.9,27,16,4.9,6.7,0.267,0.662,0.487,0.059,6,125.81,3.0,757.13,0.19,0.143,0.83,4.08,1.5,2,33.6,7.0,5,6,12,1,129.91,0,1
10611,West,Social,Returning,Treatment,42,116.9,11,14,4.8,6.0,0.527,0.8,0.266,0.063,1,132.08,3.79,142.01,0.507,0.025,0.474,4.47,3.0,0,,5.0,4,4,29,1,111.42,1,0
10612,South,Social,Loyal,Control,24,,25,15,3.5,3.9,0.346,0.792,0.099,0.013,1,66.84,1.0,68.99,0.403,0.171,0.609,9.2,5.3,2,9.1,5.0,6,6,54,2,110.73,0,0
10613,Northeast,Referral,Returning,Control,43,249.5,10,8,12.6,9.5,0.192,0.881,0.198,0.03,1,137.31,2.88,157.39,0.346,0.038,0.605,6.49,3.3,2,36.0,8.0,6,6,89,5,657.47,0,0
10614,Midwest,Paid Search,Returning,Control,39,63.1,16,5,5.7,7.1,0.369,0.895,0.154,0.03,0,99.35,2.16,0.0,0.48,0.028,0.655,8.19,2.3,1,24.6,5.0,4,4,150,5,548.56,0,0
10615,Northeast,Organic Search,Returning,Treatment,36,70.6,24,11,4.6,5.5,0.239,0.664,0.164,0.01,1,87.88,2.76,104.43,0.163,0.07,0.611,4.68,4.5,1,21.2,10.0,4,5,27,2,184.43,0,1
10616,West,Organic Search,New,Control,61,74.9,4,3,4.2,4.7,0.194,0.621,0.599,0.075,0,109.34,2.47,0.0,0.153,0.083,0.794,5.93,3.7,0,,9.0,5,6,170,1,98.96,0,1
10617,West,Social,Loyal,Treatment,45,64.0,31,26,9.7,7.5,0.328,0.809,0.404,0.053,1,57.89,1.05,57.97,0.332,0.042,0.769,4.91,3.3,5,9.6,6.0,5,5,1,5,259.65,1,0
10618,South,Organic Search,Loyal,Treatment,53,58.1,61,24,3.4,5.8,0.252,0.807,0.087,0.01,7,118.25,3.17,840.48,0.57,0.05,0.764,5.04,4.3,0,,6.0,4,4,13,3,279.48,0,0
10619,West,Organic Search,Returning,Control,47,72.7,22,12,6.9,6.4,0.216,0.84,0.378,0.195,2,87.79,3.35,185.14,0.116,0.033,0.715,7.27,1.9,0,,,2,3,19,4,379.09,0,0
10620,Midwest,Organic Search,Returning,Control,65,173.2,6,11,5.1,5.0,0.205,0.585,0.413,0.155,1,88.22,2.63,89.15,0.491,0.073,0.797,8.41,2.0,1,11.8,9.0,6,6,20,1,123.87,0,0
10621,South,Paid Search,Loyal,Treatment,36,56.9,44,14,3.9,5.6,0.595,0.719,0.217,0.009,6,88.27,1.62,627.66,0.24,0.062,0.373,3.95,1.9,0,,9.0,5,5,27,8,791.72,0,0
10622,Northeast,Social,Returning,Treatment,56,98.3,14,10,5.5,5.0,0.425,0.512,0.175,0.004,0,111.31,1.83,0.0,0.43,0.12,0.538,0.0,3.3,0,,7.0,4,5,191,1,127.64,0,1
10623,South,Social,New,Treatment,57,93.3,1,1,3.8,5.8,0.507,0.74,0.302,0.046,0,92.99,1.47,0.0,0.412,0.093,0.726,6.41,3.4,0,,10.0,4,4,233,1,104.72,1,0
10624,West,Referral,Loyal,Control,55,54.7,32,2,4.8,5.7,0.276,0.606,0.223,0.011,0,53.9,1.2,0.0,0.17,0.044,0.741,7.76,4.5,3,22.8,6.0,6,6,157,4,211.1,1,0
10625,West,Paid Search,Loyal,Control,29,64.1,40,18,8.9,6.5,0.38,0.821,0.147,0.044,2,88.13,2.75,164.6,0.558,0.052,0.585,7.21,1.7,3,5.8,4.0,6,6,4,8,604.07,1,0
10626,Midwest,Social,Returning,Control,40,85.3,7,6,7.3,8.9,0.384,0.814,0.141,0.024,1,80.9,1.81,67.85,0.453,0.044,0.722,8.21,2.7,0,,6.0,4,5,40,1,54.73,0,0
10627,Midwest,Organic Search,Returning,Treatment,46,165.6,8,1,5.7,4.7,0.291,0.683,0.199,0.063,0,87.14,1.19,0.0,0.22,0.074,0.649,3.86,3.6,0,,6.0,6,6,215,2,168.95,1,0
10628,South,Paid Search,Returning,Control,42,65.8,18,17,7.7,5.9,0.312,0.669,0.378,0.035,0,115.27,2.74,0.0,0.235,0.07,0.762,7.14,7.0,0,,5.0,6,6,156,3,434.78,1,0
10629,West,Organic Search,New,Treatment,27,125.2,4,15,15.5,11.0,0.159,0.984,0.296,0.039,4,180.8,3.64,1052.74,0.186,0.037,0.84,6.02,3.0,0,,5.0,6,7,55,1,171.89,0,0
10630,Midwest,Organic Search,Loyal,Control,38,101.4,27,19,6.9,5.7,0.207,0.646,0.391,0.087,0,78.97,1.67,0.0,0.251,0.149,0.634,7.98,2.6,2,14.8,8.0,5,5,135,1,89.73,1,0
10631,Northeast,Organic Search,Returning,Treatment,58,69.9,6,18,5.9,6.2,0.289,0.836,0.431,0.021,2,130.62,2.14,315.03,0.272,0.024,0.703,6.05,3.3,1,9.0,,7,7,13,2,284.47,1,0
10632,Midwest,Social,Loyal,Treatment,30,59.9,30,24,3.9,5.4,0.258,0.962,0.341,0.024,7,70.79,1.71,443.73,0.071,0.084,0.739,4.99,2.7,0,,9.0,4,4,9,4,377.25,0,0
10633,South,Referral,Returning,Control,63,63.5,16,3,2.9,4.6,0.418,0.523,0.18,0.025,0,132.93,2.74,0.0,0.233,0.13,0.732,6.46,2.3,1,34.9,10.0,6,7,226,3,408.95,1,0
10634,Northeast,Social,Loyal,Treatment,24,70.3,29,17,12.6,10.5,0.175,0.972,0.25,0.014,8,98.65,3.73,927.91,0.505,0.085,0.47,3.68,2.9,0,,10.0,5,5,10,2,231.81,0,0
10635,Northeast,Paid Search,Returning,Control,33,127.7,9,6,7.7,6.4,0.264,0.775,0.159,0.001,0,69.5,2.1,0.0,0.394,0.217,0.481,1.63,3.0,1,29.7,3.0,4,4,137,1,66.45,1,1
10636,West,Organic Search,Loyal,Control,42,30.8,30,4,4.6,4.9,0.285,0.96,0.149,0.019,2,103.63,1.23,217.75,0.146,0.017,0.716,7.84,2.6,1,14.3,10.0,5,5,65,5,460.67,0,0
10637,West,Organic Search,Loyal,Control,52,83.5,27,21,5.7,6.4,0.186,0.559,0.308,0.032,3,70.61,3.23,244.31,0.083,0.004,0.856,5.68,2.3,1,15.1,7.0,4,4,12,2,130.21,0,0
10638,South,Organic Search,Returning,Treatment,24,88.4,20,8,8.7,8.1,0.145,0.635,0.128,0.012,1,67.24,2.51,63.17,0.093,0.059,0.563,7.14,4.4,2,23.0,7.0,6,6,38,4,286.58,0,0
10639,Northeast,Referral,Returning,Treatment,26,181.3,14,18,4.6,5.9,0.403,0.896,0.399,0.131,4,110.25,3.32,519.82,0.077,0.097,0.543,4.0,2.2,0,,6.0,3,4,22,4,384.94,1,0
10640,Midwest,Referral,Returning,Treatment,26,79.1,20,8,5.1,5.3,0.297,0.539,0.324,0.07,0,128.48,2.29,0.0,0.054,0.07,0.687,5.89,4.9,2,13.6,4.0,5,6,349,2,231.7,1,0
10641,Northeast,Organic Search,Returning,Control,42,74.0,7,7,4.2,4.2,0.255,0.697,0.351,0.041,1,71.86,1.27,68.08,0.651,0.102,0.441,6.81,2.3,2,14.9,8.0,4,4,32,3,216.1,0,0
10642,West,Email,New,Treatment,18,53.6,5,10,20.4,12.1,0.314,0.893,0.561,0.018,0,121.73,3.1,0.0,0.6,0.04,0.81,5.26,3.0,0,,8.0,3,4,190,1,133.16,1,0
10643,South,Social,Loyal,Control,33,42.9,49,10,13.4,9.2,0.411,0.755,0.2,0.012,2,91.45,2.12,169.48,0.697,0.018,0.729,8.15,2.6,0,,8.0,5,6,60,2,187.45,0,0
10644,Northeast,Paid Search,Returning,Treatment,40,66.7,17,6,2.5,5.3,0.339,0.742,0.25,0.017,2,63.05,2.32,159.99,0.259,0.063,0.616,5.12,2.7,0,,6.0,4,3,38,4,228.28,0,0
10645,South,Paid Search,Loyal,Treatment,71,73.9,32,15,8.8,7.5,0.419,0.727,0.145,0.013,3,66.81,2.32,161.69,0.336,0.038,0.714,7.05,3.0,0,,8.0,5,5,22,7,395.56,0,1
10646,West,Paid Search,Returning,Treatment,19,74.7,12,9,4.2,7.7,0.397,0.953,0.352,0.046,4,105.77,2.22,362.77,0.645,0.059,0.725,2.83,2.4,0,,,4,4,14,2,208.02,0,0
10647,South,Social,Returning,Treatment,31,70.6,17,21,7.3,6.1,0.447,0.56,0.182,0.003,2,78.75,1.69,165.57,0.353,0.178,0.497,4.48,3.6,0,,9.0,5,4,82,1,75.19,0,0
10648,West,Paid Search,Returning,Control,36,55.2,14,5,5.7,5.9,0.339,0.57,0.292,0.091,0,147.88,2.95,0.0,0.167,0.03,0.69,5.21,2.7,1,5.6,8.0,6,6,191,6,842.47,0,0
10649,West,Paid Search,Loyal,Treatment,40,53.8,37,4,5.0,6.4,0.411,0.848,0.186,0.021,3,52.09,1.73,170.11,0.312,0.055,0.724,3.08,2.0,0,,8.0,5,5,31,4,206.17,0,0
10650,West,Email,Returning,Treatment,18,41.4,19,8,2.9,4.1,0.303,0.91,0.593,0.043,1,62.52,3.28,56.32,0.66,0.127,0.762,6.13,2.6,1,21.3,9.0,5,6,18,2,104.71,0,0
10651,West,Paid Search,Loyal,Control,64,65.8,41,13,5.5,4.7,0.407,0.458,0.202,0.024,2,94.65,2.24,200.19,0.433,0.117,0.62,4.73,3.4,0,,5.0,4,4,12,2,176.31,0,0
10652,Northeast,Organic Search,Returning,Control,43,55.2,18,18,6.7,6.1,0.25,0.763,0.285,0.039,4,72.67,1.31,325.02,0.32,0.011,0.645,6.79,1.6,0,,10.0,4,6,19,2,165.57,0,0
10653,Northeast,Paid Search,Loyal,Treatment,62,66.8,44,9,16.5,11.3,0.207,0.676,0.173,0.033,2,119.77,3.6,308.92,0.437,0.093,0.598,1.56,1.9,1,20.0,8.0,5,6,11,8,1154.4,0,0
10654,South,Organic Search,Loyal,Treatment,25,82.1,26,7,5.7,6.8,0.346,0.603,0.134,0.012,2,111.63,3.7,257.36,0.233,0.022,0.569,2.28,5.5,2,13.1,10.0,5,6,28,4,386.88,0,0
10655,West,Paid Search,Returning,Control,29,121.0,6,7,4.8,9.7,0.31,0.79,0.305,0.06,1,87.06,2.3,86.7,0.378,0.114,0.787,10.15,5.0,1,11.1,8.0,4,4,13,2,147.18,0,0
10656,West,Organic Search,Loyal,Control,46,49.8,25,19,5.8,5.7,0.541,0.91,0.182,0.043,3,44.58,2.72,102.59,0.322,0.058,0.663,10.39,3.9,1,44.3,10.0,5,6,17,5,230.37,0,1
10657,Northeast,Paid Search,Returning,Treatment,55,118.4,7,3,8.0,7.6,0.662,0.941,0.336,0.091,1,69.34,2.69,62.2,0.149,0.198,0.728,5.19,3.1,1,8.8,7.0,5,5,70,2,140.16,0,0
10658,Midwest,Paid Search,Returning,Treatment,28,59.9,13,5,12.4,8.7,0.236,0.839,0.411,0.143,3,78.22,1.83,300.51,0.104,0.153,0.656,5.41,2.4,0,,9.0,5,6,3,2,147.52,1,0
10659,Midwest,Organic Search,Loyal,Treatment,42,206.9,74,26,31.9,18.4,0.095,0.672,0.127,0.047,7,152.0,4.02,1153.9,0.248,0.026,0.646,2.44,3.2,3,60.6,6.0,5,5,2,4,582.72,0,0
10660,Northeast,Paid Search,Returning,Control,29,92.1,8,1,4.6,4.6,0.303,0.888,0.281,0.018,1,113.22,4.07,106.22,0.359,0.077,0.569,5.5,2.4,2,15.6,7.0,5,6,52,3,334.41,0,0
10661,Midwest,Social,New,Control,31,69.2,3,2,13.0,8.6,0.468,0.895,0.205,0.011,0,59.59,1.72,0.0,0.618,0.047,0.694,2.87,1.3,0,,10.0,4,4,181,1,53.32,0,0
10662,Midwest,Paid Search,Returning,Treatment,49,48.8,11,9,5.6,7.0,0.396,0.627,0.354,0.015,2,85.14,2.24,149.76,0.4,0.061,0.442,4.84,2.6,1,12.6,,4,5,7,7,573.66,0,0
10663,South,Email,Loyal,Control,47,97.3,28,12,8.5,8.0,0.293,0.713,0.181,0.009,0,85.64,2.48,0.0,0.244,0.051,0.737,5.67,6.7,2,11.1,7.0,4,4,93,2,165.19,0,0
10664,Northeast,Organic Search,Loyal,Control,38,95.6,31,9,3.9,5.2,0.338,0.672,0.294,0.006,2,103.51,2.16,174.6,0.232,0.113,0.718,6.75,2.0,2,53.0,6.0,4,5,22,4,440.59,1,1
10665,West,Paid Search,Loyal,Treatment,18,63.5,27,19,8.3,8.6,0.276,0.978,0.185,0.023,3,106.23,2.33,312.82,0.265,0.131,0.462,4.86,4.8,1,29.1,6.0,7,7,26,2,274.11,0,0
10666,West,Organic Search,New,Control,23,19.9,5,5,5.5,4.8,0.323,0.903,0.198,0.06,1,143.33,2.98,144.69,0.157,0.058,0.637,2.41,2.7,0,,7.0,3,3,83,1,146.89,1,0
10667,Midwest,Social,Returning,Control,40,73.6,15,6,5.9,8.2,0.277,0.793,0.145,0.032,2,110.43,3.24,206.37,0.306,0.102,0.725,6.96,2.8,1,8.1,9.0,7,7,13,2,230.94,0,0
10668,Northeast,Social,Returning,Treatment,45,,9,7,2.0,3.4,0.51,0.425,0.276,0.047,3,96.81,1.61,272.09,0.44,0.202,0.829,5.63,3.6,1,31.3,9.0,5,5,16,3,252.15,0,0
10669,West,Paid Search,Returning,Control,70,,9,7,3.7,3.8,0.626,0.798,0.316,0.116,2,106.8,2.34,222.75,0.23,0.045,0.594,6.18,3.4,0,,6.0,4,4,3,4,521.9,0,0
10670,Midwest,Paid Search,Loyal,Treatment,19,67.2,50,5,6.3,6.7,0.388,0.884,0.126,0.02,0,94.64,2.91,0.0,0.638,0.059,0.82,7.98,5.3,7,18.9,5.0,4,4,115,15,1535.28,1,0
10671,West,Organic Search,Loyal,Control,61,71.4,34,9,3.2,5.3,0.301,0.707,0.086,0.018,2,126.2,2.11,258.82,0.223,0.068,0.596,4.98,4.2,0,,5.0,6,5,8,7,1113.16,0,0
10672,South,Paid Search,Returning,Treatment,49,115.1,15,16,5.7,7.0,0.227,0.863,0.386,0.135,1,181.46,2.94,235.3,0.395,0.107,0.74,5.07,4.6,0,,8.0,6,6,74,5,1095.22,0,0
10673,South,Email,Returning,Treatment,28,32.7,10,5,4.8,5.7,0.288,0.589,0.442,0.032,0,39.79,2.95,0.0,0.577,0.074,0.578,7.01,5.4,0,,7.0,4,4,116,2,78.12,0,0
10674,West,Social,Loyal,Treatment,32,31.6,27,9,4.7,5.3,0.405,0.56,0.187,0.005,2,64.63,1.62,144.15,0.193,0.251,0.669,4.21,4.9,2,28.8,9.0,7,6,10,1,63.66,0,0
10675,West,Organic Search,Loyal,Control,66,82.3,48,21,13.0,8.3,0.332,0.306,0.509,0.201,3,45.31,1.79,138.0,0.086,0.092,0.608,9.05,4.2,1,36.4,10.0,5,6,37,10,556.14,0,0
10676,South,Organic Search,New,Control,45,81.9,5,6,3.7,4.9,0.221,0.605,0.05,0.019,1,112.06,2.95,92.05,0.565,0.064,0.801,6.58,3.0,3,32.3,8.0,5,6,23,2,209.45,1,0
10677,West,Organic Search,Returning,Treatment,35,80.5,20,12,5.9,6.5,0.335,0.914,0.408,0.088,2,33.96,2.15,65.0,0.363,0.104,0.515,6.73,3.5,0,,,7,7,19,3,96.07,0,0
10678,West,Paid Search,Returning,Control,43,110.3,20,4,5.9,11.8,0.576,0.771,0.41,0.006,1,61.42,1.58,61.15,0.581,0.104,0.706,6.2,3.6,0,,6.0,6,7,48,3,230.9,0,1
10679,Midwest,Paid Search,Returning,Treatment,38,58.3,13,6,8.7,8.0,0.434,0.617,0.138,0.012,1,74.94,1.14,83.23,0.41,0.048,0.583,6.99,2.8,0,,10.0,6,5,89,1,71.67,0,0
10680,West,Paid Search,Returning,Control,34,57.0,12,8,8.6,6.0,0.522,0.699,0.454,0.019,2,85.8,1.9,153.6,0.592,0.155,0.729,7.13,3.8,0,,6.0,6,7,3,2,172.23,0,0
10681,Northeast,Referral,New,Treatment,30,52.9,3,8,3.2,5.4,0.411,0.925,0.337,0.057,2,61.75,3.02,108.18,0.341,0.077,0.712,7.73,4.2,1,31.5,4.0,5,5,47,1,57.34,1,0
10682,West,Paid Search,Returning,Treatment,38,47.1,17,1,12.7,8.4,0.481,0.717,0.51,0.148,2,112.89,3.5,211.69,0.38,0.134,0.695,2.61,2.6,2,21.8,5.0,4,4,30,3,409.4,1,0
10683,South,Email,Returning,Treatment,58,,12,5,33.0,18.2,0.127,0.542,0.307,0.033,2,57.89,2.0,124.21,0.228,0.23,0.629,4.79,3.9,0,,8.0,4,4,86,1,68.68,0,0
10684,Midwest,Paid Search,Returning,Control,42,151.1,9,6,7.9,6.3,0.264,0.887,0.241,0.035,2,71.58,2.87,152.98,0.332,0.101,0.773,5.48,2.2,1,25.5,10.0,6,5,18,2,143.98,1,0
10685,Northeast,Organic Search,New,Treatment,25,59.6,5,9,8.1,7.2,0.26,0.82,0.319,0.078,0,98.06,3.06,0.0,0.152,0.03,0.631,5.68,4.7,0,,7.0,7,7,299,1,114.56,1,0
10686,West,Organic Search,New,Treatment,44,59.3,5,10,2.7,3.7,0.372,0.847,0.311,0.003,0,139.56,2.16,0.0,0.122,0.136,0.653,6.71,3.2,0,,9.0,6,6,95,1,141.1,1,0
10687,West,Email,Returning,Treatment,40,73.0,10,19,4.8,5.0,0.25,0.787,0.19,0.048,1,108.09,2.44,81.59,0.064,0.09,0.84,4.07,2.1,0,,5.0,5,5,1,2,252.67,0,0
10688,Northeast,Organic Search,Loyal,Control,18,45.5,32,8,10.1,10.5,0.321,0.85,0.245,0.034,6,92.75,2.28,517.78,0.182,0.148,0.59,7.23,3.6,1,10.0,7.0,7,7,15,3,308.07,1,0
10689,Northeast,Organic Search,New,Control,50,105.2,5,6,5.8,5.6,0.273,0.74,0.181,0.028,0,63.12,1.49,0.0,0.492,0.098,0.761,7.89,3.4,0,,6.0,4,5,139,1,65.92,0,0
10690,Midwest,Social,Returning,Treatment,40,39.5,19,6,5.4,5.4,0.231,0.895,0.178,0.076,0,56.65,2.31,0.0,0.199,0.074,0.749,6.85,3.1,0,,7.0,6,5,175,5,320.28,0,0
10691,West,Social,Returning,Treatment,46,122.7,18,9,15.3,11.1,0.32,0.928,0.261,0.006,1,108.02,3.1,86.74,0.196,0.097,0.514,6.68,5.1,2,17.8,9.0,3,3,89,3,257.41,0,0
10692,South,Social,New,Treatment,36,53.2,3,1,14.5,9.5,0.283,0.838,0.425,0.137,0,76.73,2.6,0.0,0.249,0.111,0.658,9.38,5.7,2,28.3,3.0,6,7,128,1,63.01,0,1
10693,Midwest,Social,Returning,Treatment,25,53.6,22,16,3.4,4.9,0.38,0.915,0.499,0.042,0,63.36,2.04,0.0,0.25,0.079,0.521,1.96,3.9,1,6.7,5.0,5,5,365,2,138.88,1,0
10694,South,Referral,Returning,Control,44,85.3,10,19,3.3,5.7,0.162,0.722,0.256,0.01,0,129.74,3.96,0.0,0.095,0.089,0.807,3.72,5.6,3,28.7,6.0,5,6,164,3,438.96,1,0
10695,Northeast,Email,Returning,Control,33,62.5,22,18,4.4,6.2,0.299,0.651,0.307,0.079,6,41.89,1.13,236.97,0.529,0.03,0.708,8.77,3.5,0,,,4,5,7,1,40.64,0,0
10696,Northeast,Organic Search,New,Control,52,146.8,4,5,7.1,5.6,0.282,0.882,0.271,0.027,2,100.46,3.37,169.37,0.349,0.071,0.832,4.09,2.8,0,,8.0,5,5,10,2,148.6,0,0
10697,South,Organic Search,Returning,Treatment,32,63.1,17,6,4.6,4.6,0.236,0.833,0.438,0.028,0,89.13,2.9,0.0,0.224,0.186,0.663,7.34,4.9,1,47.7,5.0,7,7,97,1,78.85,0,0
10698,Midwest,Paid Search,Loyal,Control,60,102.6,27,6,1.4,3.3,0.334,0.576,0.276,0.006,3,136.61,3.07,416.91,0.21,0.035,0.663,8.87,3.1,2,15.4,10.0,4,4,42,5,604.0,0,0
10699,West,Social,New,Control,38,151.5,4,9,8.9,6.4,0.511,0.836,0.407,0.033,0,68.2,2.04,0.0,0.44,0.177,0.57,8.9,3.3,0,,5.0,3,3,101,2,138.22,0,1
10700,Midwest,Paid Search,Returning,Control,51,35.1,7,8,5.4,5.6,0.283,0.398,0.449,0.04,1,46.98,2.39,69.9,0.283,0.056,0.557,6.15,3.6,0,,8.0,6,5,77,1,51.37,0,0
10701,West,Email,Loyal,Treatment,45,27.3,28,19,9.0,7.4,0.502,0.665,0.472,0.021,8,57.49,1.32,428.45,0.38,0.076,0.718,3.63,5.2,3,13.1,9.0,5,6,9,3,147.78,1,0
10702,West,Email,Returning,Control,44,56.1,13,20,2.9,4.5,0.351,0.543,0.408,0.029,1,59.9,1.91,59.53,0.337,0.009,0.73,8.56,2.3,1,59.9,10.0,3,2,32,2,144.46,0,0
10703,West,Paid Search,Returning,Control,40,69.3,22,4,4.7,4.6,0.316,0.432,0.242,0.01,2,71.77,2.63,131.2,0.26,0.007,0.609,5.16,4.3,0,,8.0,6,7,17,8,528.66,0,1
10704,South,Organic Search,Returning,Treatment,50,86.8,15,10,5.1,4.6,0.344,0.423,0.316,0.006,0,84.48,2.4,0.0,0.188,0.03,0.658,6.38,3.1,2,8.0,10.0,4,5,156,5,452.05,0,1
10705,Midwest,Organic Search,Returning,Treatment,46,89.5,23,19,8.6,7.8,0.222,0.62,0.191,0.048,5,83.19,2.97,360.17,0.079,0.037,0.619,8.08,5.0,0,,6.0,4,4,4,2,188.94,0,0
10706,South,Referral,Returning,Control,47,128.1,19,8,10.2,10.4,0.275,0.991,0.171,0.048,1,73.01,2.76,71.83,0.161,0.118,0.725,7.49,3.8,3,26.2,,4,4,89,10,903.03,1,0
10707,Northeast,Organic Search,Loyal,Treatment,30,59.1,96,13,3.8,6.7,0.342,0.516,0.272,0.015,4,53.01,2.71,176.89,0.35,0.1,0.368,4.95,3.1,2,12.1,6.0,2,2,5,22,1201.2,0,0
10708,Midwest,Paid Search,Returning,Treatment,41,92.1,18,11,7.3,7.1,0.358,0.708,0.3,0.015,2,108.45,2.28,223.86,0.351,0.144,0.526,2.11,4.0,1,22.9,7.0,5,5,50,2,177.99,0,0
10709,South,Organic Search,Returning,Control,43,79.2,16,1,2.9,6.5,0.328,0.759,0.167,0.014,0,113.38,3.69,0.0,0.139,0.015,0.533,6.1,3.3,0,,,6,6,246,3,307.06,0,0
10710,South,Paid Search,New,Treatment,63,108.3,1,6,2.8,3.6,0.493,0.659,0.084,0.016,2,55.61,1.9,115.37,0.539,0.113,0.71,3.95,1.8,0,,9.0,4,4,32,1,57.14,0,0
10711,South,Social,Returning,Treatment,41,119.3,10,2,4.1,5.5,0.276,0.922,0.416,0.048,1,95.89,2.68,75.07,0.059,0.08,0.644,2.45,4.1,1,22.0,10.0,4,3,15,2,178.42,0,0
10712,Midwest,Paid Search,New,Control,29,67.0,1,5,12.2,10.0,0.415,0.826,0.242,0.05,2,112.1,2.36,306.38,0.524,0.096,0.788,5.41,4.1,3,22.4,9.0,6,5,89,1,124.61,0,0
10713,Northeast,Social,Loyal,Control,46,101.5,27,8,4.9,7.7,0.354,0.637,0.252,0.161,1,177.05,3.36,226.5,0.569,0.085,0.683,2.32,2.9,3,15.8,7.0,2,2,83,11,1575.08,0,0
10714,Northeast,Paid Search,Returning,Treatment,31,53.6,14,18,13.3,11.6,0.659,0.867,0.271,0.013,0,82.24,2.28,0.0,0.215,0.055,0.738,4.96,3.2,1,22.9,7.0,4,4,161,4,364.55,0,0
10715,South,Organic Search,Returning,Control,45,45.1,6,1,7.1,8.2,0.255,0.909,0.265,0.037,0,83.75,2.79,0.0,0.607,0.019,0.583,6.41,3.0,1,23.5,6.0,4,5,99,1,62.89,1,0
10716,West,Organic Search,New,Control,40,142.9,4,16,4.8,8.0,0.227,0.72,0.294,0.086,0,109.74,2.73,0.0,0.123,0.19,0.69,2.94,3.4,1,62.9,6.0,5,5,224,1,98.38,0,0
10717,South,Organic Search,Returning,Treatment,33,211.4,17,9,4.4,4.7,0.252,0.813,0.274,0.009,2,237.12,3.96,510.05,0.386,0.035,0.764,2.87,2.1,2,17.2,,6,6,78,2,419.42,0,0
10718,South,Paid Search,Loyal,Treatment,51,72.7,52,9,4.2,5.1,0.375,0.618,0.203,0.065,1,64.91,1.88,80.18,0.137,0.261,0.798,5.62,2.3,0,,,4,5,56,8,529.88,0,0
10719,Midwest,Organic Search,New,Control,31,79.0,4,6,21.3,11.9,0.026,0.887,0.382,0.129,3,70.69,1.74,245.91,0.092,0.02,0.599,7.61,3.3,0,,10.0,4,3,31,3,205.58,0,0
10720,South,Social,Loyal,Control,58,60.2,26,6,2.5,3.6,0.344,0.442,0.373,0.105,1,48.6,2.35,58.22,0.233,0.068,0.73,6.53,3.4,0,,10.0,5,5,51,2,103.85,0,0
10721,West,Organic Search,Returning,Control,28,105.2,15,8,8.7,8.3,0.113,0.803,0.302,0.035,2,97.48,2.86,145.12,0.062,0.057,0.705,8.76,2.9,0,,6.0,6,6,3,3,308.78,0,0
10722,Midwest,Email,Loyal,Control,50,137.1,93,19,3.3,4.1,0.406,0.889,0.487,0.108,3,94.48,3.08,247.05,0.305,0.043,0.583,5.54,5.0,2,20.4,,5,5,5,8,732.06,0,0
10723,South,Organic Search,Returning,Treatment,46,115.8,19,10,5.9,5.5,0.371,0.74,0.352,0.008,1,109.49,1.8,76.6,0.084,0.035,0.793,4.92,3.3,1,17.5,7.0,5,5,20,3,260.14,0,0
10724,South,Email,Loyal,Treatment,37,110.1,30,8,4.6,4.7,0.445,0.768,0.276,0.033,2,89.8,2.73,181.76,0.314,0.187,0.803,1.63,3.5,1,22.1,9.0,4,5,35,1,81.78,0,0
10725,Northeast,Organic Search,Loyal,Control,40,90.8,80,10,2.4,3.6,0.146,0.722,0.423,0.144,2,92.71,2.31,198.69,0.138,0.023,0.642,3.15,4.1,2,11.3,7.0,6,6,12,9,880.42,0,0
10726,South,Organic Search,New,Treatment,53,,2,8,9.3,8.9,0.269,0.921,0.318,0.052,1,58.74,1.04,61.69,0.248,0.046,0.507,5.64,2.7,1,23.1,5.0,4,4,8,1,64.41,0,0
10727,Northeast,Referral,Returning,Treatment,55,85.1,19,14,7.3,6.1,0.31,0.385,0.398,0.12,3,140.36,2.26,417.38,0.216,0.032,0.623,6.62,2.7,1,7.0,9.0,4,4,37,4,487.15,0,0
10728,West,Email,Returning,Control,35,73.3,12,26,4.7,5.3,0.22,0.91,0.551,0.085,2,73.38,2.71,127.48,0.404,0.061,0.638,5.39,4.5,1,19.7,8.0,5,5,89,4,301.46,0,0
10729,West,Social,Returning,Treatment,43,51.2,16,14,3.4,3.9,0.39,0.537,0.42,0.005,3,98.15,2.44,268.25,0.235,0.017,0.773,6.62,3.1,6,24.0,7.0,4,4,24,4,460.69,0,1
10730,West,Organic Search,Loyal,Control,32,124.0,30,7,9.6,8.3,0.194,0.881,0.216,0.014,2,98.2,2.16,226.16,0.211,0.002,0.675,8.79,4.5,1,35.4,10.0,2,3,16,6,567.44,0,0
10731,South,Email,Loyal,Treatment,60,80.2,27,12,6.0,5.4,0.245,0.603,0.421,0.005,2,94.35,3.16,171.19,0.423,0.074,0.778,2.53,4.2,4,23.2,4.0,6,5,5,9,856.31,1,1
10732,Midwest,Social,Loyal,Control,32,90.7,45,14,3.6,7.2,0.35,0.882,0.459,0.044,2,171.13,3.58,246.2,0.25,0.09,0.814,4.37,3.1,1,16.8,7.0,5,6,24,4,602.61,0,0
10733,West,Paid Search,Returning,Control,38,64.2,16,8,6.3,8.7,0.326,0.676,0.223,0.002,1,80.83,2.0,74.34,0.26,0.095,0.626,9.05,2.8,1,16.3,8.0,5,4,89,2,129.72,0,0
10734,South,Social,New,Control,51,40.5,5,9,5.0,6.2,0.403,0.826,0.319,0.149,2,132.5,2.64,354.33,0.262,0.088,0.765,6.17,3.5,1,12.1,8.0,3,3,16,1,167.24,0,1
10735,South,Email,Returning,Treatment,30,68.2,7,6,2.3,4.0,0.2,0.932,0.597,0.083,2,66.5,1.24,146.84,0.324,0.176,0.741,6.74,4.2,0,,9.0,6,6,45,1,75.28,0,0
10736,South,Paid Search,Returning,Control,22,38.9,19,23,3.4,4.5,0.388,0.903,0.31,0.041,6,49.45,1.89,296.49,0.241,0.089,0.83,5.59,2.9,2,42.1,6.0,5,6,4,3,147.09,0,0
10737,Midwest,Paid Search,Returning,Control,46,78.9,22,14,3.8,5.0,0.284,0.887,0.371,0.058,1,69.74,1.82,80.09,0.27,0.045,0.68,5.17,5.0,1,16.2,8.0,4,5,8,2,163.39,0,0
10738,Midwest,Social,Loyal,Treatment,24,,31,12,8.3,7.1,0.283,0.828,0.387,0.024,1,69.04,2.66,80.55,0.31,0.113,0.562,6.16,4.1,0,,9.0,5,6,89,3,183.44,0,0
10739,West,Social,Returning,Control,30,53.5,18,7,3.6,5.0,0.412,0.977,0.111,0.007,0,74.22,4.3,0.0,0.379,0.071,0.737,5.74,4.7,2,8.3,10.0,6,6,176,5,349.48,0,0
10740,South,Organic Search,New,Control,32,44.5,4,3,6.4,9.2,0.347,0.925,0.218,0.078,0,50.72,2.21,0.0,0.208,0.078,0.599,5.0,4.1,1,8.8,6.0,5,5,199,2,110.22,0,0
10741,Midwest,Referral,Loyal,Control,42,77.5,39,18,4.6,7.5,0.286,0.742,0.346,0.075,5,79.98,2.16,434.95,0.105,0.064,0.783,6.94,2.7,1,16.6,7.0,6,5,0,3,238.8,0,0
10742,Northeast,Social,Returning,Treatment,52,113.5,8,9,7.0,6.5,0.39,0.536,0.329,0.012,3,68.09,2.13,178.66,0.207,0.18,0.694,5.13,5.1,0,,4.0,4,5,13,3,208.79,0,0
10743,Northeast,Email,Returning,Treatment,54,84.7,7,14,6.6,6.0,0.409,0.94,0.437,0.063,2,87.22,2.77,162.73,0.107,0.05,0.583,6.78,3.3,0,,6.0,5,6,33,1,96.58,0,1
10744,South,Paid Search,New,Treatment,60,72.5,4,5,5.1,5.0,0.32,0.429,0.414,0.043,0,78.6,2.85,0.0,0.481,0.081,0.685,2.03,3.7,0,,8.0,6,7,156,1,83.45,1,0
10745,Northeast,Paid Search,New,Control,24,105.1,4,4,3.2,6.0,0.379,0.985,0.185,0.026,0,184.92,3.66,0.0,0.544,0.046,0.707,2.75,3.8,1,26.7,8.0,5,5,215,2,340.61,1,0
10746,Midwest,Referral,Returning,Treatment,39,90.6,15,5,7.0,6.2,0.329,0.818,0.109,0.031,1,65.51,1.71,64.17,0.152,0.022,0.497,4.2,5.5,0,,,6,6,23,11,709.23,0,0
10747,West,Social,Loyal,Treatment,39,52.2,49,11,3.5,4.7,0.426,0.8,0.488,0.044,3,60.73,2.04,185.52,0.294,0.123,0.541,4.56,1.8,0,,9.0,5,7,11,4,253.43,0,0
10748,West,Organic Search,Loyal,Control,51,43.6,49,12,2.9,4.1,0.168,0.781,0.429,0.031,0,70.82,1.84,0.0,0.437,0.147,0.823,8.01,4.5,1,31.4,6.0,7,7,201,2,120.24,0,1
10749,Northeast,Paid Search,Loyal,Control,22,61.7,25,6,2.6,4.6,0.5,0.837,0.197,0.006,2,78.62,1.91,177.59,0.282,0.138,0.718,4.43,5.5,1,32.0,6.0,7,7,86,3,236.72,0,0
10750,Northeast,Referral,Returning,Treatment,43,134.6,10,14,13.2,9.7,0.262,0.618,0.135,0.062,1,98.32,2.05,75.36,0.443,0.028,0.694,2.63,3.9,1,7.6,6.0,3,3,5,3,301.7,0,1
10751,South,Email,Returning,Control,31,83.4,19,22,6.5,5.9,0.422,0.582,0.32,0.015,4,104.24,3.09,440.56,0.4,0.157,0.694,7.92,7.7,0,,3.0,5,5,11,4,523.02,1,0
10752,Northeast,Organic Search,Returning,Control,45,48.3,9,12,4.8,6.0,0.546,0.669,0.168,0.001,1,61.49,1.81,72.68,0.131,0.078,0.631,8.37,2.3,0,,10.0,5,6,72,1,57.59,0,0
10753,Midwest,Organic Search,Returning,Control,52,104.9,7,11,11.2,7.2,0.249,0.622,0.245,0.006,1,84.68,2.77,107.85,0.272,0.012,0.601,8.54,1.5,0,,10.0,3,3,53,1,89.81,0,0
10754,West,Referral,New,Treatment,49,,5,11,7.9,6.8,0.283,0.894,0.257,0.046,6,101.46,2.86,907.74,0.084,0.059,0.655,5.08,3.9,0,,7.0,6,7,12,2,192.98,0,0
10755,Northeast,Referral,Returning,Treatment,29,100.5,6,5,3.4,8.1,0.327,0.782,0.093,0.007,0,53.39,1.61,0.0,0.164,0.042,0.779,3.9,2.1,2,6.5,4.0,5,6,132,2,118.36,0,0
10756,South,Paid Search,Returning,Treatment,44,97.9,9,12,4.6,7.7,0.439,0.877,0.566,0.04,2,59.42,2.64,108.2,0.41,0.074,0.555,8.32,2.4,2,18.5,8.0,4,4,53,2,136.5,0,0
10757,West,Organic Search,Returning,Control,27,38.3,9,7,6.7,6.8,0.226,0.994,0.139,0.051,3,73.17,2.66,206.0,0.634,0.043,0.702,8.57,2.7,0,,7.0,3,4,10,1,75.98,0,0
10758,West,Email,Returning,Control,55,78.7,14,14,4.3,5.6,0.473,0.579,0.155,0.005,4,67.29,1.64,318.02,0.406,0.093,0.64,7.09,2.8,1,32.5,8.0,3,3,40,1,74.01,0,0
10759,Midwest,Referral,Loyal,Treatment,27,56.1,50,21,2.8,4.6,0.171,0.666,0.467,0.109,5,141.22,3.49,738.41,0.664,0.125,0.753,4.91,1.3,2,28.0,10.0,7,7,15,16,2113.3,0,0
10760,Northeast,Organic Search,Loyal,Control,21,54.4,36,5,8.5,12.1,0.23,0.914,0.311,0.012,0,93.42,3.33,0.0,0.092,0.046,0.752,4.17,3.1,0,,7.0,5,6,278,2,167.39,0,0
10761,West,Social,Returning,Treatment,52,75.5,10,6,4.1,4.7,0.426,0.747,0.301,0.127,3,72.28,2.08,207.42,0.211,0.188,0.778,4.08,2.8,1,8.6,7.0,5,5,29,2,123.13,0,0
10762,South,Paid Search,Loyal,Control,37,79.1,32,5,1.8,4.1,0.306,0.725,0.18,0.023,0,59.07,1.42,0.0,0.404,0.028,0.482,9.21,7.0,1,11.2,6.0,4,4,145,9,521.48,0,0
10763,Northeast,Organic Search,Loyal,Control,28,52.5,38,8,10.5,9.6,0.448,0.915,0.316,0.055,2,82.75,2.85,134.94,0.138,0.083,0.642,7.92,3.1,4,21.3,4.0,3,4,41,7,569.52,0,0
10764,South,Referral,Loyal,Treatment,40,38.8,35,6,16.0,10.9,0.454,0.432,0.163,0.016,2,56.31,1.85,115.91,0.329,0.08,0.684,4.48,4.0,1,24.8,4.0,4,4,15,7,392.47,0,0
10765,Northeast,Social,Loyal,Treatment,39,93.0,41,8,6.2,6.2,0.231,0.603,0.374,0.017,1,93.33,2.53,95.3,0.148,0.066,0.704,5.17,3.3,1,18.8,8.0,6,6,54,3,287.31,0,0
10766,Midwest,Organic Search,Returning,Treatment,27,45.0,23,5,5.7,5.5,0.201,0.725,0.266,0.052,0,97.61,3.09,0.0,0.368,0.116,0.831,3.73,2.7,2,48.6,4.0,7,7,167,7,744.77,1,1
10767,West,Organic Search,Loyal,Control,20,57.5,26,6,6.6,6.1,0.279,0.878,0.167,0.027,0,115.92,2.05,0.0,0.292,0.136,0.707,4.01,4.4,0,,8.0,5,5,131,7,1040.12,1,0
10768,West,Organic Search,Returning,Control,37,96.4,17,8,6.8,5.5,0.189,0.776,0.176,0.007,0,117.43,3.58,0.0,0.281,0.097,0.604,6.72,3.1,0,,8.0,5,5,220,1,111.55,1,0
10769,Midwest,Social,Returning,Control,33,62.0,10,7,3.4,5.1,0.402,0.938,0.315,0.084,5,121.78,2.25,652.44,0.378,0.07,0.663,5.35,2.9,0,,7.0,4,5,18,1,119.73,0,0
10770,Northeast,Paid Search,Returning,Treatment,61,82.6,22,11,5.1,6.0,0.474,0.486,0.419,0.086,0,71.23,1.4,0.0,0.247,0.147,0.737,1.58,2.7,2,14.3,7.0,5,5,112,2,139.86,0,1
10771,South,Referral,Loyal,Treatment,26,66.8,52,15,8.6,8.7,0.367,0.808,0.575,0.087,3,93.03,3.19,421.88,0.19,0.081,0.594,4.75,3.1,2,45.3,8.0,6,6,53,19,1930.33,0,0
10772,West,Social,Returning,Control,35,81.1,19,13,4.8,6.5,0.448,0.467,0.104,0.013,1,128.59,2.88,136.82,0.281,0.158,0.832,8.28,2.8,0,,10.0,7,7,10,4,478.59,0,0
10773,Midwest,Paid Search,New,Treatment,45,149.7,4,1,3.5,6.7,0.391,0.784,0.151,0.057,0,129.6,3.33,0.0,0.312,0.14,0.886,7.07,2.6,0,,5.0,2,2,148,1,168.9,1,0
10774,West,Email,Returning,Control,55,59.0,10,4,7.4,6.7,0.234,0.476,0.252,0.044,1,74.34,2.73,76.64,0.12,0.021,0.706,5.04,2.0,1,12.6,7.0,4,5,4,2,160.96,0,0
10775,South,Social,New,Control,28,98.1,2,10,7.3,8.5,0.35,0.623,0.45,0.072,1,105.81,3.15,93.0,0.384,0.148,0.592,8.1,3.6,0,,6.0,5,5,33,1,102.39,0,1
10776,West,Organic Search,Returning,Control,35,84.8,11,4,20.2,11.6,0.285,0.761,0.244,0.011,1,82.56,2.36,98.2,0.176,0.049,0.774,9.57,3.5,1,10.8,6.0,6,6,52,2,179.62,1,0
10777,West,Referral,Loyal,Treatment,56,102.3,39,14,12.5,8.9,0.3,0.802,0.258,0.023,3,72.98,1.61,236.11,0.144,0.147,0.711,6.62,1.5,0,,8.0,5,6,53,11,830.79,0,0
10778,West,Paid Search,New,Control,38,56.7,3,5,14.8,11.5,0.22,0.838,0.388,0.058,1,159.79,3.55,168.95,0.568,0.054,0.713,6.71,2.7,0,,9.0,5,7,17,2,281.9,0,0
10779,South,Paid Search,Loyal,Control,23,53.2,39,4,6.4,5.6,0.377,0.79,0.205,0.085,1,164.94,3.54,208.25,0.132,0.097,0.741,6.62,3.4,2,29.7,10.0,5,5,24,3,521.16,0,0
10780,West,Referral,Loyal,Treatment,18,37.5,78,11,8.9,8.6,0.322,0.871,0.24,0.016,3,102.8,2.15,259.62,0.354,0.027,0.463,9.26,2.5,1,41.0,6.0,4,4,3,17,1696.97,0,0
10781,South,Organic Search,Loyal,Treatment,24,70.0,27,13,3.3,7.3,0.189,0.976,0.274,0.024,3,65.2,3.17,215.17,0.231,0.051,0.708,4.68,2.6,3,21.1,10.0,5,4,4,3,249.01,0,0
10782,South,Email,Returning,Treatment,52,64.9,15,11,8.0,5.7,0.269,0.454,0.57,0.091,1,53.07,2.43,54.8,0.349,0.034,0.832,7.64,3.3,0,,10.0,5,5,18,3,136.13,0,0
10783,Northeast,Email,Returning,Control,53,164.9,8,2,13.5,8.3,0.452,0.449,0.472,0.154,0,87.37,2.6,0.0,0.359,0.134,0.708,4.69,3.2,0,,8.0,5,4,135,1,97.88,0,0
10784,Midwest,Paid Search,New,Control,48,59.8,5,4,5.2,5.4,0.411,0.83,0.262,0.045,1,112.77,3.62,122.71,0.299,0.136,0.605,3.8,2.2,1,21.0,,5,6,42,1,103.72,0,0
10785,Northeast,Organic Search,Loyal,Control,28,99.8,70,12,5.8,5.1,0.409,0.852,0.294,0.044,2,74.85,2.03,181.87,0.135,0.03,0.665,6.73,2.1,3,21.6,7.0,3,3,25,14,1002.9,0,0
10786,Midwest,Email,Returning,Treatment,18,60.6,7,10,3.6,5.9,0.394,0.821,0.496,0.058,3,127.34,2.05,317.28,0.446,0.037,0.84,3.06,3.4,0,,6.0,6,7,24,6,674.92,0,0
10787,Northeast,Paid Search,Returning,Treatment,47,96.8,21,4,5.8,5.5,0.53,0.768,0.339,0.057,0,85.9,1.8,0.0,0.481,0.036,0.672,3.93,5.1,1,32.1,7.0,6,6,144,4,305.7,1,0
10788,Northeast,Social,Returning,Control,71,126.1,8,2,5.3,6.8,0.551,0.497,0.161,0.041,0,103.76,2.44,0.0,0.352,0.104,0.683,10.41,2.9,1,16.5,9.0,4,4,241,2,193.95,0,0
10789,Midwest,Paid Search,Returning,Treatment,18,69.4,11,10,5.0,4.3,0.316,0.852,0.225,0.012,0,78.3,2.18,0.0,0.361,0.037,0.738,7.0,4.7,0,,10.0,5,6,148,1,82.54,0,0
10790,South,Organic Search,Loyal,Control,51,34.8,30,2,9.8,7.8,0.272,0.505,0.124,0.004,1,60.01,2.1,65.96,0.472,0.101,0.833,9.1,2.5,0,,9.0,5,6,25,4,257.86,0,0
10791,South,Paid Search,New,Treatment,50,95.2,5,3,6.0,7.7,0.36,0.892,0.177,0.034,0,98.76,3.54,0.0,0.468,0.065,0.589,2.81,3.5,2,24.8,9.0,6,6,93,3,297.47,0,0
10792,West,Referral,Returning,Control,60,,23,26,2.6,5.0,0.127,0.613,0.327,0.077,3,47.99,1.61,124.45,0.251,0.037,0.688,4.97,3.9,0,,10.0,4,4,17,5,236.83,0,0
10793,South,Social,Returning,Control,58,39.6,14,9,5.1,4.9,0.509,0.373,0.253,0.026,3,57.96,1.82,181.6,0.268,0.138,0.617,3.65,3.7,0,,10.0,6,7,7,2,105.41,0,0
10794,Northeast,Email,New,Treatment,43,,5,5,3.7,4.4,0.203,0.797,0.496,0.049,2,104.5,3.39,223.9,0.551,0.148,0.518,5.81,3.5,1,45.2,8.0,5,6,20,1,102.03,1,1
10795,West,Email,New,Control,29,50.9,5,3,5.7,5.9,0.349,0.444,0.186,0.016,3,87.0,2.81,271.11,0.135,0.038,0.741,6.11,2.4,0,,,4,3,1,1,106.2,0,0
10796,Midwest,Social,Loyal,Control,56,73.0,40,18,2.4,3.9,0.372,0.218,0.27,0.008,4,85.91,1.44,249.54,0.397,0.084,0.795,6.26,2.3,0,,9.0,5,6,20,3,257.49,0,1
10797,Midwest,Organic Search,New,Treatment,27,102.9,5,7,4.7,6.1,0.417,0.918,0.127,0.062,2,55.6,1.73,94.16,0.238,0.09,0.631,5.3,3.0,0,,8.0,3,3,89,1,58.56,0,1
10798,West,Paid Search,New,Treatment,45,70.1,4,10,4.3,4.8,0.383,0.693,0.266,0.006,0,77.22,2.61,0.0,0.169,0.035,0.707,7.16,2.7,1,40.9,9.0,3,3,211,1,77.58,1,1
10799,Midwest,Organic Search,Returning,Treatment,40,66.9,11,11,1.9,6.0,0.24,0.769,0.176,0.011,0,61.99,1.86,0.0,0.295,0.014,0.585,2.34,3.5,0,,8.0,6,6,112,1,57.02,0,0
10800,Midwest,Email,Returning,Treatment,74,55.4,18,10,4.7,6.9,0.408,0.538,0.107,0.026,4,101.84,2.77,408.09,0.096,0.253,0.716,0.57,3.1,3,13.6,3.0,5,5,9,4,334.4,0,0
10801,West,Organic Search,Returning,Control,53,38.9,20,16,6.4,7.1,0.249,0.745,0.164,0.037,3,89.41,1.0,332.65,0.158,0.062,0.64,3.6,2.9,0,,5.0,5,5,14,1,85.46,1,0
10802,West,Paid Search,Returning,Control,33,137.5,24,22,14.2,10.1,0.315,0.922,0.173,0.011,7,105.86,3.69,557.07,0.195,0.057,0.658,7.21,3.6,0,,9.0,5,5,3,2,159.47,0,0
10803,South,Organic Search,Returning,Treatment,25,24.2,10,1,13.8,12.4,0.145,0.976,0.407,0.01,0,33.4,1.92,0.0,0.408,0.064,0.693,3.17,3.0,1,14.3,7.0,4,4,115,2,50.07,0,0
10804,Northeast,Organic Search,Loyal,Treatment,57,83.0,27,4,7.7,6.5,0.39,0.478,0.38,0.083,0,169.14,3.01,0.0,0.371,0.083,0.695,1.77,2.1,0,,10.0,4,5,129,2,340.47,0,0
10805,Midwest,Paid Search,Loyal,Treatment,42,69.0,34,8,2.1,4.3,0.327,0.713,0.381,0.057,1,85.19,2.74,84.9,0.7,0.057,0.62,6.6,3.2,1,12.2,8.0,6,6,19,3,284.29,0,0
10806,West,Paid Search,Returning,Treatment,46,94.8,9,1,5.3,5.8,0.528,0.566,0.206,0.027,1,70.27,2.01,62.04,0.334,0.126,0.519,5.72,1.7,2,12.2,8.0,4,4,29,1,65.93,0,0
10807,South,Referral,New,Control,36,76.6,2,14,24.1,15.0,0.174,0.833,0.338,0.062,3,39.13,1.05,130.66,0.072,0.153,0.759,6.78,4.4,0,,8.0,6,6,11,1,32.45,0,0
10808,South,Paid Search,Loyal,Treatment,77,92.2,38,7,13.7,10.2,0.245,0.432,0.338,0.026,3,181.52,3.99,453.04,0.564,0.207,0.84,3.62,3.2,2,26.5,,4,4,50,3,642.59,0,0
10809,West,Paid Search,Returning,Control,45,87.6,18,5,4.1,4.4,0.307,0.79,0.113,0.021,1,103.08,1.08,113.06,0.341,0.082,0.573,3.35,3.2,0,,5.0,7,7,33,2,254.26,0,1
10810,Midwest,Social,Returning,Control,56,48.7,17,5,3.8,4.4,0.571,0.571,0.116,0.017,1,83.29,1.54,85.0,0.364,0.145,0.899,9.59,5.1,0,,7.0,6,5,8,1,101.94,0,0
10811,West,Email,Loyal,Control,36,42.7,33,20,3.2,6.2,0.114,0.725,0.463,0.084,3,78.2,2.54,294.86,0.28,0.038,0.65,4.22,3.6,0,,8.0,3,4,5,5,501.69,0,0
10812,West,Organic Search,Loyal,Control,41,77.3,26,7,7.7,6.0,0.288,0.443,0.241,0.083,4,79.86,1.79,303.14,0.27,0.165,0.636,7.66,2.5,1,30.1,6.0,5,4,12,10,805.19,1,0
10813,West,Paid Search,Returning,Control,39,,14,14,7.3,8.6,0.183,0.83,0.18,0.065,2,105.85,2.16,305.0,0.703,0.069,0.814,9.71,5.1,1,14.1,5.0,5,5,17,5,523.82,0,0
10814,West,Organic Search,New,Treatment,54,76.6,2,17,6.7,5.6,0.326,0.822,0.617,0.075,2,96.96,2.67,235.56,0.261,0.057,0.734,2.63,2.1,0,,9.0,6,6,11,1,94.18,0,1
10815,Northeast,Organic Search,Returning,Treatment,32,56.9,21,9,6.8,5.9,0.379,0.892,0.311,0.026,1,65.08,1.42,69.11,0.289,0.015,0.664,8.23,3.6,2,10.8,4.0,4,4,75,6,360.01,0,0
10816,Northeast,Paid Search,Loyal,Control,43,62.1,32,20,5.5,8.0,0.516,0.638,0.297,0.016,2,77.44,2.55,192.81,0.122,0.038,0.739,5.95,2.7,0,,9.0,5,5,54,3,242.93,0,0
10817,West,Paid Search,New,Control,50,63.7,2,7,7.2,10.1,0.408,0.962,0.148,0.001,2,88.95,1.44,154.55,0.482,0.036,0.703,7.56,1.6,3,14.8,5.0,5,4,4,1,80.27,1,0
10818,West,Email,Loyal,Treatment,29,81.7,36,11,6.1,6.1,0.263,0.918,0.434,0.089,4,101.37,2.47,443.16,0.134,0.036,0.69,5.95,1.8,1,23.8,8.0,7,7,51,2,181.21,1,0
10819,Northeast,Referral,Returning,Treatment,32,83.8,14,9,5.0,5.2,0.187,0.813,0.304,0.01,2,63.05,1.91,116.35,0.274,0.069,0.773,2.05,2.4,1,37.9,4.0,4,4,3,3,176.24,0,1
10820,West,Social,Loyal,Control,18,61.1,32,5,14.7,10.5,0.319,0.887,0.551,0.022,2,84.71,2.02,143.3,0.598,0.161,0.689,5.92,2.9,2,13.1,8.0,5,4,10,2,176.43,0,1
10821,Midwest,Email,New,Control,42,47.8,3,9,4.8,5.4,0.39,0.441,0.36,0.068,1,69.35,1.7,67.39,0.425,0.035,0.708,6.75,3.0,0,,10.0,6,7,25,1,79.53,0,0
10822,Northeast,Email,Returning,Treatment,54,101.3,6,14,3.8,4.5,0.249,0.464,0.363,0.104,3,136.5,2.59,352.83,0.416,0.081,0.644,2.71,4.4,1,37.2,4.0,3,2,7,2,284.3,0,0
10823,South,Social,Returning,Treatment,33,90.7,16,5,6.1,5.0,0.525,0.741,0.314,0.023,2,50.13,2.13,87.96,0.206,0.066,0.618,1.96,5.2,0,,8.0,5,6,23,1,48.92,0,0
10824,West,Paid Search,Returning,Treatment,37,95.8,18,4,3.8,4.4,0.538,0.734,0.399,0.109,0,71.52,2.64,0.0,0.511,0.201,0.657,6.1,3.0,0,,4.0,6,7,280,1,64.33,0,0
10825,West,Social,New,Treatment,60,,1,3,6.8,5.9,0.565,0.688,0.367,0.011,1,67.42,2.75,55.72,0.714,0.085,0.823,3.11,3.3,0,,7.0,3,3,62,1,55.5,1,0
10826,South,Organic Search,New,Treatment,41,85.7,3,5,8.2,7.7,0.208,0.301,0.246,0.038,0,122.23,2.55,0.0,0.551,0.119,0.841,1.37,4.2,1,16.4,6.0,5,5,135,2,250.83,1,0
10827,West,Paid Search,Returning,Treatment,51,22.8,21,6,7.8,6.2,0.278,0.833,0.292,0.053,0,45.37,1.75,0.0,0.271,0.057,0.681,5.63,2.6,2,25.6,6.0,5,5,121,1,41.83,0,0
10828,Northeast,Paid Search,Loyal,Control,47,44.2,33,5,7.6,6.3,0.327,0.519,0.313,0.055,2,67.51,1.68,105.63,0.118,0.154,0.686,9.48,4.1,0,,5.0,5,6,21,5,370.91,0,0
10829,Midwest,Organic Search,Loyal,Control,51,70.5,26,5,15.1,9.0,0.339,0.359,0.147,0.027,0,74.83,1.48,0.0,0.307,0.107,0.748,6.64,1.3,0,,9.0,5,5,134,6,518.82,1,0
10830,Midwest,Organic Search,New,Control,45,64.1,4,8,28.5,16.1,0.057,0.297,0.168,0.007,3,78.02,2.86,299.69,0.278,0.131,0.684,7.9,1.4,0,,9.0,6,6,2,1,81.84,0,0
10831,Northeast,Paid Search,Returning,Treatment,35,98.2,17,7,8.7,9.7,0.444,0.862,0.238,0.032,1,84.53,2.1,66.95,0.147,0.054,0.78,2.97,5.8,1,22.4,6.0,7,7,44,3,231.94,0,1
10832,West,Email,Loyal,Control,63,78.2,61,29,4.7,4.2,0.104,0.228,0.495,0.057,3,113.16,3.24,363.75,0.324,0.071,0.777,8.29,3.3,0,,9.0,5,6,25,13,1844.97,0,0
10833,South,Paid Search,Loyal,Control,53,81.9,49,10,8.6,6.5,0.216,0.775,0.064,0.006,1,146.25,2.59,135.29,0.291,0.07,0.793,7.47,4.6,0,,7.0,5,6,23,9,1318.41,1,0
10834,Northeast,Social,New,Control,47,144.2,5,1,5.3,6.3,0.237,0.793,0.141,0.011,0,79.64,2.37,0.0,0.315,0.075,0.645,11.55,3.7,0,,7.0,5,5,161,1,75.87,1,0
10835,West,Paid Search,Returning,Control,57,136.0,12,6,5.5,6.0,0.363,0.755,0.387,0.022,2,97.13,3.26,187.54,0.268,0.02,0.744,5.68,4.0,1,45.6,5.0,5,5,14,2,202.35,0,0
10836,South,Email,Loyal,Treatment,74,39.1,30,12,4.5,5.4,0.355,0.369,0.324,0.089,0,80.26,3.03,0.0,0.734,0.05,0.87,1.21,4.1,1,11.2,,7,7,128,6,560.22,0,0
10837,Northeast,Organic Search,New,Control,32,93.5,3,7,7.7,6.5,0.383,0.806,0.271,0.021,3,91.91,2.47,295.21,0.182,0.017,0.568,5.46,4.1,0,,7.0,5,5,2,1,82.05,0,0
10838,Northeast,Social,Returning,Treatment,28,81.5,19,7,5.5,4.7,0.597,0.875,0.199,0.016,1,128.03,2.86,141.45,0.615,0.076,0.673,3.02,3.3,0,,5.0,6,6,89,1,143.13,0,0
10839,West,Organic Search,Returning,Treatment,30,71.2,17,4,3.1,6.5,0.318,0.948,0.24,0.062,0,63.47,2.51,0.0,0.257,0.044,0.538,7.49,1.5,1,23.6,9.0,4,4,188,2,123.42,0,0
10840,Northeast,Email,Returning,Treatment,46,99.4,10,8,4.8,8.0,0.331,0.876,0.37,0.072,3,75.73,1.85,174.03,0.232,0.055,0.687,2.51,3.3,0,,,6,6,14,2,144.46,0,0
10841,South,Organic Search,Returning,Treatment,46,105.8,11,6,2.1,4.6,0.23,0.544,0.441,0.048,3,116.35,3.98,464.26,0.19,0.06,0.68,5.35,7.2,0,,8.0,2,4,11,5,612.51,0,0
10842,Midwest,Social,Loyal,Treatment,37,50.6,62,42,3.0,4.1,0.447,0.71,0.102,0.026,5,91.24,2.76,535.33,0.317,0.121,0.796,5.78,6.2,3,22.5,5.0,5,6,16,12,1353.28,0,0
10843,Midwest,Social,Returning,Treatment,34,130.9,12,13,10.2,9.3,0.274,0.495,0.314,0.027,2,103.25,3.12,219.61,0.626,0.172,0.581,4.46,2.3,0,,6.0,2,2,29,2,179.91,0,1
10844,South,Referral,Returning,Control,41,73.0,24,8,2.6,3.6,0.364,0.764,0.297,0.025,2,83.78,2.18,198.61,0.172,0.059,0.65,7.51,5.2,1,23.4,4.0,4,5,17,2,178.1,1,0
10845,Northeast,Paid Search,Loyal,Control,46,43.1,86,15,11.2,7.1,0.41,0.544,0.291,0.004,2,63.32,2.65,146.72,0.273,0.179,0.743,4.9,2.9,4,7.7,4.0,3,3,37,27,1677.76,0,1
10846,West,Referral,New,Treatment,51,82.0,5,18,16.1,11.6,0.239,0.662,0.155,0.024,1,101.04,2.21,98.22,0.194,0.162,0.698,0.28,1.7,0,,,3,3,50,1,101.43,1,0
10847,West,Organic Search,Returning,Control,40,47.1,16,11,6.4,6.5,0.245,0.511,0.319,0.023,1,99.76,1.99,117.69,0.328,0.045,0.519,4.21,2.6,2,27.1,7.0,5,5,22,4,385.34,0,0
10848,Midwest,Paid Search,Returning,Control,37,87.7,7,10,3.5,4.0,0.503,0.727,0.226,0.041,1,57.59,2.13,52.43,0.396,0.102,0.807,9.77,2.7,0,,8.0,4,4,81,3,147.68,0,0
10849,South,Paid Search,Returning,Control,44,60.6,10,7,2.7,4.2,0.477,0.197,0.517,0.021,0,88.95,2.31,0.0,0.375,0.104,0.594,7.06,3.4,2,25.7,6.0,5,5,125,3,278.91,0,0
10850,Midwest,Social,Returning,Control,48,65.4,12,7,6.1,5.1,0.359,0.539,0.476,0.06,1,118.29,3.4,105.58,0.328,0.024,0.528,5.55,3.6,0,,7.0,4,4,23,1,112.23,0,0
10851,West,Organic Search,Returning,Treatment,42,50.2,17,11,6.0,11.9,0.296,0.826,0.151,0.058,3,109.15,3.34,347.48,0.263,0.11,0.763,4.18,1.5,1,22.4,7.0,3,3,33,1,120.79,0,0
10852,South,Paid Search,Returning,Control,62,46.3,8,14,11.4,9.0,0.425,0.379,0.239,0.081,4,69.3,2.99,278.68,0.248,0.05,0.573,7.21,4.1,0,,9.0,5,5,30,1,54.63,0,0
10853,West,Email,Returning,Treatment,59,88.4,7,15,6.7,7.6,0.107,0.767,0.408,0.082,0,65.61,1.55,0.0,0.227,0.073,0.708,7.95,6.7,1,28.2,5.0,4,4,346,2,130.07,1,0
10854,Midwest,Paid Search,Returning,Control,53,56.5,12,16,8.9,6.2,0.364,0.791,0.293,0.032,1,201.43,3.47,209.01,0.118,0.218,0.773,5.12,2.8,1,9.1,6.0,5,6,3,3,531.92,1,0
10855,Midwest,Organic Search,New,Control,58,40.7,1,6,9.1,8.3,0.272,0.775,0.355,0.013,2,75.93,2.21,157.19,0.139,0.088,0.666,3.69,6.2,0,,3.0,5,5,60,1,67.27,1,0
10856,South,Organic Search,New,Control,34,49.3,5,8,3.9,6.6,0.219,0.909,0.368,0.039,2,92.97,2.82,225.55,0.236,0.167,0.666,8.12,3.6,1,24.2,8.0,4,5,89,1,92.9,0,0
10857,West,Paid Search,Returning,Control,28,58.8,14,10,7.7,8.1,0.368,0.824,0.205,0.059,1,61.45,1.29,51.26,0.491,0.087,0.696,8.56,3.0,2,13.4,6.0,5,5,61,1,60.31,0,0
10858,West,Paid Search,Loyal,Treatment,49,102.9,39,1,8.7,8.2,0.306,0.596,0.265,0.01,0,79.72,2.18,0.0,0.486,0.093,0.67,2.48,1.7,1,7.3,,5,4,153,8,629.62,0,0
10859,Northeast,Email,Returning,Control,46,102.3,8,7,6.6,5.9,0.3,0.605,0.563,0.025,0,150.1,3.59,0.0,0.215,0.021,0.515,7.52,3.5,0,,9.0,3,4,173,6,931.7,1,0
10860,South,Social,Returning,Control,50,59.3,17,9,17.4,15.6,0.149,0.847,0.464,0.005,0,111.41,3.86,0.0,0.339,0.09,0.762,4.39,5.9,1,14.8,9.0,4,4,221,3,326.22,0,0
10861,West,Referral,Loyal,Control,30,,29,12,3.6,5.7,0.193,0.875,0.38,0.015,2,136.3,2.97,189.23,0.294,0.072,0.727,7.48,1.7,0,,9.0,5,4,20,2,274.11,0,0
10862,Midwest,Email,Loyal,Treatment,27,49.5,27,5,13.0,11.4,0.295,0.888,0.254,0.049,1,82.98,1.12,78.89,0.522,0.058,0.551,5.88,3.7,1,16.4,10.0,4,4,44,1,78.99,0,0
10863,Northeast,Social,Loyal,Control,23,52.5,96,18,3.8,4.9,0.491,0.753,0.328,0.039,3,68.15,2.38,246.53,0.212,0.121,0.71,7.12,2.5,11,24.8,4.0,5,5,23,16,1119.49,0,0
10864,Northeast,Paid Search,Loyal,Control,27,86.5,36,11,5.6,5.2,0.606,0.87,0.267,0.037,2,70.16,2.82,127.74,0.064,0.069,0.456,10.3,3.2,2,32.2,8.0,4,4,9,6,392.74,1,0
10865,Midwest,Email,Returning,Treatment,43,25.5,10,11,8.2,7.7,0.286,0.812,0.347,0.086,2,47.61,1.56,90.09,0.339,0.07,0.689,3.69,4.8,0,,4.0,6,6,32,4,208.87,0,0
10866,Midwest,Organic Search,Returning,Treatment,18,33.8,21,11,3.3,4.1,0.408,0.735,0.347,0.007,1,89.72,3.42,91.37,0.063,0.07,0.712,4.78,3.9,1,41.5,7.0,2,3,54,1,94.21,0,0
10867,South,Paid Search,Returning,Treatment,18,26.7,9,14,4.2,4.5,0.564,0.795,0.375,0.056,1,136.27,3.02,172.01,0.388,0.085,0.616,5.69,4.7,2,15.8,7.0,4,3,25,2,306.65,0,0
10868,West,Email,New,Control,35,96.3,4,8,12.1,8.2,0.236,0.897,0.31,0.016,1,85.71,1.47,88.23,0.466,0.163,0.696,6.33,2.3,0,,9.0,6,6,52,1,89.26,0,0
10869,Midwest,Referral,Returning,Treatment,40,49.6,13,6,2.1,5.0,0.469,0.79,0.286,0.023,2,83.23,2.71,193.04,0.247,0.037,0.668,4.12,3.0,0,,10.0,5,5,73,5,353.49,0,0
10870,South,Social,New,Treatment,57,84.9,2,1,5.8,5.8,0.475,0.706,0.219,0.022,0,127.27,2.56,0.0,0.096,0.031,0.654,1.94,3.0,1,16.5,,5,6,172,2,297.11,1,0
10871,West,Organic Search,New,Control,27,79.4,5,7,6.8,5.7,0.266,0.326,0.132,0.029,2,83.01,2.88,179.26,0.057,0.058,0.844,5.7,1.3,1,20.3,10.0,7,7,43,1,71.39,0,0
10872,South,Paid Search,Returning,Control,49,39.6,8,8,3.7,5.1,0.54,0.798,0.341,0.031,1,64.99,2.56,60.54,0.511,0.043,0.768,4.92,2.4,1,27.3,10.0,6,6,30,1,62.51,0,0
10873,South,Paid Search,Returning,Control,59,83.3,23,10,3.4,4.0,0.178,0.565,0.372,0.105,2,116.16,3.87,185.32,0.67,0.055,0.797,6.91,3.0,0,,9.0,6,7,55,1,105.33,0,0
10874,South,Email,Returning,Treatment,56,57.5,23,4,10.0,12.1,0.157,0.757,0.467,0.128,3,89.15,2.11,228.82,0.36,0.228,0.766,4.91,4.3,0,,,4,5,5,4,390.53,0,0
10875,Midwest,Email,Loyal,Control,51,95.6,26,21,6.9,7.8,0.106,0.559,0.361,0.038,5,81.15,1.85,477.62,0.454,0.072,0.685,6.92,3.3,0,,8.0,6,7,2,2,179.23,0,0
10876,West,Email,Returning,Treatment,39,63.1,16,9,5.3,5.1,0.099,0.811,0.318,0.047,0,171.36,4.3,0.0,0.545,0.065,0.789,4.0,0.9,1,10.7,4.0,7,7,126,3,430.3,0,1
10877,Northeast,Social,Returning,Control,54,102.5,20,4,7.6,6.0,0.316,0.551,0.425,0.074,0,133.2,3.2,0.0,0.461,0.084,0.552,6.05,4.7,0,,,4,5,186,3,406.01,0,0
10878,South,Referral,New,Control,44,115.8,1,1,6.0,5.0,0.542,0.679,0.174,0.027,0,168.06,2.9,0.0,0.438,0.06,0.655,6.27,4.2,2,32.6,6.0,6,5,237,1,145.54,0,0
10879,South,Organic Search,Returning,Treatment,25,59.6,17,8,9.6,7.2,0.264,0.901,0.204,0.018,0,77.94,3.16,0.0,0.305,0.071,0.605,5.31,5.6,0,,6.0,5,6,163,2,183.27,0,0
10880,West,Referral,Loyal,Control,42,91.9,26,6,6.7,7.8,0.425,0.496,0.166,0.043,3,137.03,3.55,372.0,0.191,0.02,0.523,10.18,2.0,2,40.4,9.0,3,4,12,4,579.56,0,0
10881,South,Paid Search,Loyal,Treatment,23,95.2,32,6,6.1,6.5,0.47,0.761,0.229,0.005,0,127.17,2.1,0.0,0.124,0.136,0.704,3.56,4.5,1,25.8,,5,5,211,2,238.57,1,0
10882,Northeast,Organic Search,Returning,Control,33,,8,6,5.4,6.9,0.356,0.907,0.101,0.007,3,128.01,2.77,333.76,0.272,0.069,0.646,8.5,5.8,1,16.1,4.0,5,5,19,1,121.15,0,0
10883,Northeast,Email,New,Control,18,79.7,5,30,7.3,5.8,0.18,0.762,0.265,0.054,4,92.68,2.71,342.96,0.344,0.022,0.597,3.8,2.6,0,,10.0,6,6,6,1,112.34,0,0
10884,South,Paid Search,Loyal,Control,42,54.8,33,9,2.6,4.5,0.369,0.511,0.2,0.015,2,115.69,3.68,309.27,0.21,0.29,0.643,9.84,4.4,0,,7.0,4,4,19,6,708.68,0,0
10885,Northeast,Paid Search,Returning,Control,58,72.4,23,10,9.5,7.2,0.492,0.304,0.326,0.073,1,112.89,2.91,124.55,0.158,0.14,0.796,5.15,2.5,2,31.3,7.0,5,6,60,8,875.74,0,0
10886,West,Organic Search,New,Control,35,79.5,5,3,12.3,9.1,0.198,0.939,0.266,0.003,1,55.67,1.37,51.63,0.189,0.049,0.578,4.41,3.3,1,24.1,,5,4,85,2,126.58,0,0
10887,Midwest,Organic Search,Loyal,Treatment,31,125.8,34,22,8.2,7.9,0.249,0.921,0.153,0.051,6,90.58,2.09,390.09,0.056,0.009,0.657,2.97,3.2,4,13.5,,4,5,13,9,764.16,0,1
10888,Northeast,Email,Loyal,Treatment,43,98.4,29,21,4.3,4.3,0.34,0.781,0.416,0.114,6,112.29,1.93,538.14,0.334,0.133,0.547,7.66,2.2,3,11.9,7.0,6,6,5,7,709.33,1,0
10889,West,Social,Loyal,Control,50,48.3,69,8,8.8,6.9,0.369,0.518,0.217,0.042,6,82.27,2.09,470.95,0.226,0.035,0.711,7.3,1.4,1,23.4,7.0,4,5,9,7,575.07,0,1
10890,Midwest,Social,Returning,Treatment,51,68.3,18,13,4.7,5.3,0.493,0.519,0.3,0.038,1,163.73,3.38,168.43,0.372,0.087,0.534,3.97,4.2,0,,6.0,6,6,6,1,188.05,0,0
10891,South,Paid Search,Returning,Treatment,34,43.7,10,9,3.7,6.0,0.371,0.576,0.228,0.058,2,125.52,3.27,280.83,0.369,0.181,0.419,4.08,3.3,2,62.1,5.0,4,4,11,3,339.56,0,0
10892,West,Email,Returning,Treatment,41,28.0,24,8,3.1,4.4,0.185,0.835,0.247,0.047,0,87.94,2.08,0.0,0.198,0.01,0.666,3.84,0.9,1,13.7,10.0,5,5,118,10,924.73,0,0
10893,Midwest,Referral,Loyal,Control,47,120.9,27,20,12.1,10.1,0.225,0.838,0.298,0.01,7,124.53,3.6,747.21,0.089,0.041,0.625,8.03,3.4,2,14.4,6.0,6,6,2,4,424.92,0,0
10894,South,Paid Search,Returning,Treatment,32,,8,2,14.4,8.8,0.26,0.843,0.26,0.039,0,163.87,4.33,0.0,0.745,0.2,0.853,4.81,3.3,0,,5.0,5,5,101,2,355.6,1,0
10895,South,Referral,Returning,Control,51,95.9,6,3,5.5,4.8,0.248,0.658,0.272,0.027,2,120.67,3.44,232.15,0.376,0.052,0.807,6.0,6.2,0,,7.0,6,6,32,2,242.11,0,0
10896,Northeast,Social,New,Control,24,164.7,2,5,4.3,4.4,0.261,0.82,0.333,0.018,0,87.42,1.86,0.0,0.371,0.155,0.851,4.99,3.5,0,,6.0,7,7,144,1,114.95,0,0
10897,South,Organic Search,Returning,Treatment,25,123.4,20,21,2.4,3.7,0.35,0.997,0.061,0.011,6,66.55,1.0,313.21,0.366,0.045,0.744,3.89,4.5,0,,10.0,4,5,22,2,126.75,0,0
10898,West,Organic Search,Returning,Treatment,27,59.9,15,14,3.8,4.5,0.279,0.982,0.237,0.016,1,59.72,2.44,50.53,0.089,0.141,0.735,3.8,3.1,1,18.5,7.0,6,6,12,1,57.77,0,0
10899,Midwest,Social,Loyal,Treatment,59,80.9,49,2,6.8,7.4,0.32,0.717,0.095,0.012,0,91.78,3.01,0.0,0.447,0.154,0.631,7.2,2.2,4,20.9,6.0,7,7,102,14,1161.19,0,1
10900,West,Paid Search,Returning,Control,36,32.0,11,1,9.9,8.6,0.45,0.843,0.233,0.021,1,60.17,2.07,62.33,0.238,0.057,0.695,7.29,3.8,0,,10.0,4,5,29,1,77.73,0,0
10901,West,Social,Loyal,Control,37,70.8,46,1,7.9,8.2,0.384,0.794,0.183,0.026,1,57.97,2.02,58.57,0.421,0.019,0.633,6.28,4.5,5,31.7,,6,7,32,1,65.04,0,0
10902,Midwest,Social,Returning,Treatment,27,124.3,15,8,4.0,4.8,0.374,0.911,0.42,0.067,1,116.81,2.24,142.17,0.462,0.161,0.659,3.99,3.6,2,37.4,8.0,6,6,7,1,114.74,0,0
10903,West,Organic Search,Loyal,Treatment,31,54.3,43,7,6.6,5.2,0.419,0.719,0.278,0.075,0,73.62,1.69,0.0,0.214,0.064,0.722,7.03,2.2,3,30.6,8.0,4,4,156,2,138.89,1,0
10904,South,Paid Search,New,Treatment,58,46.0,3,7,6.8,5.9,0.512,0.477,0.092,0.005,2,93.39,2.7,177.77,0.199,0.007,0.648,4.05,4.8,0,,10.0,5,6,6,1,83.05,0,0
10905,West,Email,Loyal,Control,34,80.1,51,14,6.4,7.0,0.361,0.684,0.119,0.006,3,61.35,1.0,207.52,0.374,0.0,0.628,8.71,4.7,1,19.4,9.0,7,7,10,10,679.1,0,0
10906,Northeast,Referral,Returning,Treatment,39,125.7,18,19,5.5,5.1,0.158,0.78,0.107,0.01,6,98.43,2.61,622.7,0.412,0.12,0.706,6.15,2.8,3,11.8,,4,4,11,4,425.69,0,1
10907,Midwest,Email,New,Treatment,62,47.7,5,5,3.1,6.2,0.237,0.609,0.299,0.065,1,89.32,2.6,75.05,0.19,0.103,0.808,7.26,3.2,1,17.1,5.0,7,7,27,1,100.01,0,0
10908,Midwest,Social,Returning,Treatment,40,105.6,14,3,16.9,11.4,0.484,0.427,0.265,0.013,0,61.83,2.4,0.0,0.329,0.137,0.585,5.35,3.4,0,,4.0,5,5,194,2,177.08,0,0
10909,Northeast,Social,Loyal,Treatment,19,54.7,48,25,2.7,5.9,0.255,0.683,0.1,0.018,2,94.97,2.56,205.35,0.543,0.175,0.703,1.65,5.2,0,,9.0,3,4,53,2,161.36,0,0
10910,Midwest,Email,Returning,Treatment,28,85.2,7,11,6.6,6.6,0.231,0.701,0.336,0.063,0,70.29,1.36,0.0,0.365,0.038,0.689,6.31,4.3,0,,10.0,5,6,274,2,145.66,1,0
10911,South,Social,New,Treatment,54,97.6,4,1,5.0,6.2,0.506,0.786,0.306,0.046,0,84.9,2.48,0.0,0.413,0.131,0.482,3.86,4.3,1,26.7,9.0,4,4,107,1,83.51,1,0
10912,South,Social,Returning,Control,24,71.2,11,4,6.3,5.2,0.385,0.932,0.446,0.023,1,110.1,2.94,84.36,0.293,0.028,0.679,7.43,5.3,1,42.9,7.0,4,5,37,1,111.66,1,0
10913,Midwest,Social,Loyal,Treatment,47,69.8,33,19,4.6,4.5,0.356,0.55,0.215,0.059,4,87.53,2.29,347.19,0.787,0.148,0.692,3.2,4.0,0,,9.0,4,5,4,10,720.73,0,0
10914,Midwest,Email,Returning,Treatment,49,128.5,15,7,3.5,6.3,0.319,0.429,0.537,0.027,3,101.86,3.25,356.77,0.328,0.114,0.829,2.38,2.9,2,20.9,9.0,3,3,12,2,237.0,0,1
10915,Midwest,Referral,Loyal,Control,54,80.4,96,9,3.3,5.5,0.232,0.809,0.362,0.01,1,138.07,2.41,152.23,0.235,0.005,0.6,6.22,6.9,3,20.0,7.0,6,6,48,17,2217.13,0,0
10916,South,Email,New,Control,43,62.7,2,9,8.0,6.8,0.226,0.834,0.351,0.054,2,111.08,1.75,235.95,0.269,0.191,0.744,7.04,3.6,2,13.5,6.0,7,7,10,1,119.42,0,0
10917,Northeast,Referral,Returning,Treatment,60,,6,4,10.1,9.3,0.281,0.857,0.249,0.012,1,92.0,1.99,121.62,0.283,0.003,0.613,7.68,3.4,0,,8.0,5,5,80,1,86.49,1,1
10918,West,Email,Returning,Control,54,56.8,6,13,5.7,7.6,0.192,0.314,0.458,0.056,1,73.77,3.19,79.33,0.208,0.088,0.767,6.63,3.3,0,,3.0,4,5,36,1,67.83,1,0
10919,South,Social,Returning,Control,63,31.0,20,18,6.0,6.4,0.567,0.474,0.135,0.012,1,84.46,2.64,87.3,0.552,0.147,0.752,4.33,4.8,0,,6.0,4,4,89,5,405.73,1,0
10920,West,Social,Returning,Control,53,55.0,19,21,4.6,5.7,0.595,0.689,0.261,0.081,3,73.75,1.94,228.75,0.049,0.179,0.735,10.16,2.3,0,,8.0,4,3,25,1,56.84,0,0
10921,South,Organic Search,Loyal,Treatment,28,51.3,37,22,3.1,3.7,0.21,0.935,0.302,0.046,2,65.99,2.13,123.18,0.357,0.079,0.757,4.71,3.3,0,,8.0,5,4,13,1,69.14,1,0
10922,Midwest,Paid Search,Returning,Control,55,158.0,16,14,2.2,5.7,0.241,0.775,0.486,0.007,3,51.7,1.23,181.32,0.344,0.102,0.648,3.17,4.0,0,,9.0,6,5,10,4,217.06,0,0
10923,South,Paid Search,Returning,Treatment,25,54.0,13,7,8.0,6.4,0.315,0.846,0.32,0.034,1,94.85,2.72,82.05,0.362,0.028,0.615,4.2,5.1,0,,8.0,6,5,89,1,105.8,0,0
10924,West,Social,Returning,Control,50,65.7,21,10,5.8,5.3,0.29,0.704,0.211,0.014,1,49.94,1.69,47.52,0.605,0.126,0.62,6.63,4.5,1,11.8,8.0,6,6,12,1,42.59,0,0
10925,West,Organic Search,New,Treatment,55,116.7,4,1,10.1,7.6,0.231,0.521,0.466,0.054,0,105.41,2.05,0.0,0.416,0.074,0.763,4.27,5.6,0,,6.0,5,5,365,1,109.47,1,0
10926,West,Referral,Loyal,Treatment,31,152.1,61,7,2.9,4.4,0.365,0.803,0.34,0.054,0,104.92,2.69,0.0,0.273,0.058,0.6,9.23,4.3,1,41.0,10.0,5,5,246,4,419.63,0,1
10927,West,Referral,New,Control,27,39.8,2,6,4.5,5.4,0.231,0.782,0.179,0.058,3,46.39,2.41,150.75,0.053,0.065,0.768,4.88,2.1,3,60.9,9.0,6,7,60,2,78.95,1,0
10928,Northeast,Organic Search,Loyal,Control,63,71.3,42,36,4.1,4.5,0.212,0.574,0.124,0.04,6,49.54,1.18,297.07,0.18,0.162,0.74,5.63,5.7,1,37.9,10.0,5,5,8,5,249.07,0,0
10929,West,Social,Returning,Control,36,112.3,23,11,14.6,12.1,0.363,0.851,0.349,0.086,1,65.51,1.97,78.45,0.661,0.128,0.593,5.73,4.1,2,22.4,4.0,4,4,10,4,262.56,0,0
10930,West,Paid Search,New,Treatment,45,55.5,3,4,7.4,6.9,0.447,0.616,0.193,0.01,1,96.43,2.61,118.89,0.704,0.23,0.499,0.0,2.4,1,24.6,5.0,5,5,37,1,89.05,0,0
10931,Northeast,Organic Search,Returning,Control,42,35.6,7,2,3.6,4.4,0.454,0.588,0.164,0.008,0,68.52,1.38,0.0,0.407,0.032,0.631,7.91,4.0,0,,7.0,4,6,113,1,68.23,0,0
10932,Midwest,Paid Search,Loyal,Treatment,24,112.5,40,6,3.7,6.9,0.47,0.881,0.237,0.026,2,80.98,2.65,237.29,0.448,0.106,0.694,5.85,4.4,4,18.3,4.0,5,4,15,9,789.7,1,0
10933,Midwest,Paid Search,New,Treatment,30,53.0,3,6,6.5,7.0,0.369,0.587,0.365,0.053,3,100.09,2.37,280.88,0.14,0.164,0.565,5.39,2.3,2,19.3,6.0,6,6,1,1,107.84,0,1
10934,Midwest,Social,Loyal,Treatment,52,49.5,35,10,6.4,6.7,0.345,0.685,0.295,0.127,2,72.66,2.67,128.17,0.467,0.059,0.712,7.2,3.6,1,36.8,6.0,5,5,22,2,158.88,0,0
10935,West,Organic Search,Loyal,Control,19,102.1,35,15,5.2,6.5,0.086,0.739,0.202,0.058,0,66.05,3.15,0.0,0.203,0.139,0.725,4.57,2.9,1,11.2,8.0,3,3,112,6,379.98,0,0
10936,West,Paid Search,Returning,Treatment,31,97.1,19,2,3.4,3.8,0.285,0.82,0.284,0.038,0,67.65,1.91,0.0,0.281,0.116,0.641,3.9,2.7,1,28.7,5.0,5,6,182,3,214.42,1,0
10937,West,Paid Search,Returning,Control,56,46.5,8,3,7.0,8.2,0.321,0.63,0.256,0.03,1,49.12,2.32,57.65,0.251,0.097,0.51,6.07,2.2,0,,9.0,5,5,12,2,91.8,0,0
10938,Midwest,Paid Search,New,Treatment,50,45.3,1,3,13.1,10.0,0.51,0.48,0.233,0.021,0,103.65,3.2,0.0,0.328,0.018,0.718,2.51,2.4,1,20.4,,4,4,203,1,107.99,0,0
10939,South,Social,Returning,Control,38,55.8,18,32,11.1,9.1,0.407,0.755,0.183,0.018,4,115.43,2.97,488.07,0.523,0.068,0.643,7.35,3.2,1,22.5,9.0,5,5,10,3,292.35,0,0
10940,West,Paid Search,Returning,Treatment,45,52.7,10,7,6.9,6.6,0.24,0.43,0.205,0.015,1,108.73,2.12,129.78,0.527,0.041,0.728,5.25,5.2,0,,7.0,5,5,65,1,105.89,0,0
10941,Midwest,Organic Search,Returning,Control,40,121.9,13,15,2.6,5.8,0.409,0.867,0.178,0.025,4,80.75,1.87,375.29,0.302,0.039,0.703,6.92,3.7,1,32.9,7.0,3,3,28,5,372.38,0,0
10942,Midwest,Social,New,Control,35,56.9,1,1,3.6,4.9,0.526,0.884,0.152,0.022,0,164.14,2.48,0.0,0.094,0.157,0.808,7.55,1.9,1,14.9,9.0,6,6,238,1,155.72,0,1
10943,South,Paid Search,Returning,Control,53,32.7,7,9,4.3,8.1,0.458,0.577,0.108,0.004,1,71.2,3.09,81.01,0.351,0.039,0.762,4.37,1.7,0,,7.0,4,4,24,3,243.65,0,0
10944,West,Social,Loyal,Control,40,74.3,33,8,4.8,5.0,0.426,0.748,0.255,0.018,1,94.6,2.97,93.46,0.481,0.087,0.683,7.88,4.5,0,,4.0,4,5,18,1,97.68,0,0
10945,Midwest,Referral,Loyal,Treatment,56,58.7,38,9,5.7,6.2,0.198,0.411,0.208,0.034,1,77.42,2.68,92.77,0.386,0.021,0.741,4.02,2.6,0,,10.0,5,6,43,6,511.86,1,1
10946,South,Organic Search,Loyal,Control,54,42.5,43,15,6.1,4.9,0.41,0.93,0.07,0.007,4,145.9,2.42,706.22,0.31,0.07,0.8,9.0,4.6,0,,7.0,5,6,8,1,166.61,0,0
10947,South,Social,New,Control,48,95.0,1,8,9.1,7.1,0.331,0.58,0.359,0.023,3,97.11,3.53,347.95,0.084,0.203,0.841,7.94,2.5,0,,8.0,4,4,26,1,91.69,0,1
10948,West,Social,Loyal,Treatment,35,38.5,27,2,6.2,5.9,0.41,0.929,0.233,0.035,3,78.19,1.09,190.28,0.048,0.07,0.669,4.27,2.8,0,,10.0,7,7,8,8,481.46,0,0
10949,Northeast,Email,Returning,Treatment,38,68.4,19,14,7.6,5.7,0.151,0.793,0.298,0.032,3,84.97,2.28,233.68,0.161,0.017,0.604,5.66,3.3,1,31.2,10.0,3,3,31,7,642.48,0,0
10950,Midwest,Organic Search,Loyal,Treatment,49,70.7,29,1,3.6,6.7,0.127,0.679,0.261,0.033,0,93.86,2.33,0.0,0.245,0.06,0.724,5.42,2.9,3,18.4,10.0,7,7,174,4,388.3,0,0
10951,Midwest,Email,Returning,Treatment,38,72.9,7,10,11.8,8.5,0.253,0.916,0.575,0.097,1,122.84,1.8,107.37,0.129,0.081,0.813,8.88,2.4,1,18.9,5.0,5,6,89,4,543.88,0,0
10952,Northeast,Email,Returning,Control,55,79.2,7,3,3.8,5.5,0.339,0.916,0.393,0.035,2,129.31,1.54,370.37,0.226,0.051,0.67,6.41,2.6,0,,9.0,4,5,2,1,118.9,0,0
10953,South,Referral,Loyal,Treatment,43,49.3,26,7,8.5,6.4,0.242,0.739,0.131,0.07,4,60.57,2.32,324.98,0.208,0.022,0.688,3.97,3.6,0,,10.0,4,4,5,12,697.17,1,1
10954,South,Email,Loyal,Control,48,79.4,39,16,3.9,5.6,0.187,0.668,0.391,0.025,1,117.28,2.37,101.97,0.19,0.065,0.605,6.6,4.5,0,,,2,2,54,3,357.78,0,0
10955,South,Email,New,Control,31,48.8,5,21,9.4,7.6,0.308,0.801,0.46,0.035,1,54.41,2.2,57.03,0.129,0.1,0.669,5.62,2.5,0,,10.0,4,5,74,2,127.69,1,1
10956,Midwest,Paid Search,New,Control,57,57.8,4,4,6.3,5.1,0.387,0.835,0.143,0.029,0,108.48,3.44,0.0,0.535,0.198,0.809,6.43,4.5,0,,7.0,5,4,156,1,138.3,1,0
10957,West,Organic Search,Loyal,Treatment,60,102.1,28,15,13.0,12.7,0.25,0.765,0.108,0.016,2,74.01,2.33,156.53,0.157,0.111,0.667,3.79,3.8,3,22.0,6.0,6,5,44,5,343.91,0,0
10958,South,Paid Search,Returning,Treatment,27,43.2,8,5,7.7,7.7,0.314,0.896,0.488,0.128,0,52.38,2.04,0.0,0.202,0.026,0.732,2.01,8.5,1,35.4,4.0,5,5,166,2,92.13,0,0
10959,South,Paid Search,Returning,Control,41,157.8,18,5,6.5,6.2,0.495,0.797,0.18,0.034,0,157.68,2.65,0.0,0.576,0.079,0.678,8.29,2.9,0,,8.0,5,5,161,1,150.2,0,0
10960,South,Organic Search,Returning,Treatment,33,94.3,21,11,6.5,5.5,0.299,0.703,0.27,0.029,5,50.83,2.12,334.99,0.162,0.054,0.722,2.94,1.4,1,32.8,10.0,3,3,24,2,109.34,0,1
10961,West,Paid Search,Returning,Control,38,51.8,17,21,9.2,8.1,0.43,0.926,0.222,0.043,6,69.73,2.87,391.84,0.264,0.074,0.704,7.07,2.1,0,,7.0,4,5,8,2,104.27,0,0
10962,West,Organic Search,Returning,Control,31,96.5,7,8,8.9,8.7,0.312,0.938,0.242,0.025,0,108.66,2.96,0.0,0.375,0.085,0.649,5.26,1.7,1,23.2,7.0,6,5,141,1,122.02,1,0
10963,West,Referral,Loyal,Control,72,57.2,59,12,2.3,5.2,0.282,0.306,0.253,0.03,1,62.82,1.26,61.04,0.207,0.02,0.635,7.12,4.2,3,23.4,8.0,7,7,33,8,526.22,0,1
10964,Northeast,Organic Search,Returning,Treatment,32,,11,1,9.3,7.5,0.21,0.885,0.137,0.036,1,187.51,3.42,168.44,0.5,0.062,0.889,4.84,2.7,1,26.5,4.0,5,6,59,2,362.78,0,0
10965,West,Organic Search,Returning,Control,28,37.9,6,5,4.8,6.5,0.174,0.918,0.258,0.015,1,86.18,2.6,84.86,0.403,0.08,0.609,3.61,2.7,1,14.8,6.0,6,6,62,2,173.14,1,0
10966,Northeast,Organic Search,Returning,Treatment,56,87.5,15,9,5.1,4.3,0.337,0.688,0.092,0.006,1,180.02,4.18,165.25,0.108,0.017,0.56,7.12,3.6,5,10.1,,5,5,59,10,1570.36,0,0
10967,West,Paid Search,Returning,Treatment,30,65.7,19,5,6.1,8.8,0.549,0.801,0.284,0.032,1,98.42,2.13,101.94,0.322,0.016,0.602,5.51,2.2,0,,8.0,5,5,89,5,594.24,1,0
10968,Northeast,Email,Returning,Treatment,56,57.0,24,29,2.0,6.0,0.18,0.721,0.244,0.01,4,56.61,1.58,181.9,0.271,0.154,0.598,5.25,2.8,3,13.5,5.0,4,5,18,8,531.12,0,1
10969,South,Paid Search,Returning,Control,46,96.5,11,1,4.9,6.2,0.51,0.868,0.232,0.114,2,101.92,3.62,193.0,0.383,0.061,0.71,7.55,3.8,3,5.1,6.0,5,5,25,6,646.96,1,0
10970,West,Paid Search,Loyal,Control,42,183.2,79,6,6.1,7.3,0.204,0.816,0.372,0.045,1,113.86,3.24,124.96,0.338,0.047,0.658,4.93,3.1,6,14.6,7.0,6,6,18,29,3412.34,1,0
10971,West,Email,Returning,Treatment,52,105.6,18,20,5.2,6.3,0.426,0.828,0.196,0.01,0,89.96,2.87,0.0,0.357,0.118,0.644,4.02,4.5,1,47.0,7.0,5,5,130,3,332.35,1,0
10972,West,Email,Returning,Treatment,43,126.0,8,7,6.5,7.5,0.269,0.631,0.444,0.066,1,114.22,2.81,101.83,0.365,0.058,0.582,8.6,2.1,0,,8.0,7,7,70,2,241.78,0,0
10973,South,Email,Returning,Treatment,24,115.2,12,13,2.3,3.5,0.292,0.889,0.285,0.072,0,104.18,2.65,0.0,0.646,0.044,0.659,2.96,3.4,2,24.1,,7,7,97,2,208.32,0,0
10974,South,Social,Returning,Control,46,189.4,23,1,6.7,6.2,0.532,0.791,0.194,0.023,0,118.52,3.11,0.0,0.386,0.057,0.742,6.93,2.8,1,26.8,10.0,6,6,185,10,1277.92,0,0
10975,Midwest,Social,Loyal,Treatment,49,88.4,30,15,3.8,5.1,0.323,0.812,0.436,0.082,3,84.85,2.09,250.96,0.236,0.158,0.645,6.29,4.5,0,,10.0,7,7,57,1,85.12,0,0
10976,Northeast,Paid Search,Returning,Treatment,34,159.7,12,5,19.7,14.7,0.387,0.963,0.246,0.036,2,108.21,3.32,203.37,0.389,0.037,0.791,6.14,3.3,1,7.2,6.0,3,4,13,1,98.37,0,0
10977,South,Email,Loyal,Control,38,40.7,30,23,2.9,4.5,0.236,0.717,0.461,0.098,5,74.47,1.67,388.24,0.107,0.051,0.66,5.47,3.0,0,,7.0,7,6,26,7,506.68,0,0
10978,West,Organic Search,Returning,Control,44,79.4,20,24,9.3,7.1,0.339,0.757,0.367,0.086,2,159.48,3.13,330.98,0.21,0.072,0.617,8.27,2.2,1,27.1,8.0,6,6,15,3,481.78,0,0
10979,Northeast,Organic Search,Returning,Treatment,31,86.9,23,12,4.7,5.3,0.386,0.822,0.331,0.017,0,87.44,2.46,0.0,0.245,0.054,0.773,1.67,3.2,0,,7.0,6,5,139,2,176.67,0,0
10980,West,Email,Returning,Control,62,160.2,8,6,5.0,5.3,0.193,0.589,0.519,0.112,1,157.37,3.28,149.28,0.495,0.001,0.665,7.4,3.6,0,,10.0,7,7,54,5,741.75,0,0
10981,Northeast,Referral,Loyal,Control,53,29.4,34,4,4.1,6.3,0.313,0.555,0.202,0.055,3,66.49,2.72,239.24,0.246,0.046,0.646,5.31,1.7,0,,10.0,5,5,26,6,417.21,0,0
10982,West,Email,Loyal,Control,35,,25,26,18.5,10.8,0.107,0.852,0.301,0.012,2,69.72,2.69,137.19,0.625,0.024,0.651,8.16,2.2,1,30.6,9.0,5,5,19,2,113.37,0,1
10983,West,Email,Returning,Treatment,45,95.8,6,3,7.3,6.3,0.196,0.755,0.167,0.037,1,127.71,2.0,106.47,0.263,0.031,0.613,5.08,4.0,1,55.1,7.0,6,6,61,2,239.88,1,0
10984,West,Email,Returning,Treatment,20,58.1,8,4,3.7,5.7,0.382,0.976,0.236,0.007,0,52.09,3.08,0.0,0.342,0.068,0.616,6.71,2.9,2,23.8,10.0,6,6,151,1,58.23,1,0
10985,Northeast,Organic Search,Loyal,Control,54,96.8,42,15,7.7,6.5,0.276,0.474,0.418,0.016,5,49.42,2.13,282.76,0.172,0.03,0.672,8.98,5.2,2,11.4,4.0,3,4,15,8,340.31,1,0
10986,Midwest,Organic Search,Returning,Treatment,56,46.9,11,4,2.4,3.9,0.288,0.61,0.318,0.026,0,28.81,1.08,0.0,0.291,0.021,0.801,4.68,3.6,0,,,5,5,210,2,57.49,1,0
10987,West,Social,Loyal,Treatment,20,66.3,36,5,10.3,8.0,0.456,0.766,0.21,0.031,0,44.05,2.18,0.0,0.309,0.091,0.64,2.34,3.0,1,18.6,10.0,6,7,122,10,484.12,1,0
10988,South,Social,Returning,Control,50,78.1,20,19,6.0,6.4,0.367,0.85,0.215,0.006,2,126.26,3.41,305.02,0.773,0.048,0.77,6.51,3.4,0,,7.0,6,5,23,2,231.54,0,0
10989,West,Referral,Loyal,Treatment,62,84.0,32,14,7.5,6.1,0.412,0.583,0.181,0.033,3,116.45,2.72,302.23,0.412,0.05,0.782,4.61,2.3,2,47.0,6.0,4,3,0,10,1373.01,0,0
10990,West,Organic Search,Returning,Treatment,35,66.3,17,8,7.3,5.8,0.247,0.778,0.182,0.027,1,191.78,3.96,234.07,0.444,0.115,0.488,4.62,4.0,0,,,5,5,89,6,1449.03,1,0
10991,West,Email,Loyal,Control,80,83.8,31,11,5.0,4.8,0.267,0.555,0.466,0.003,4,96.65,2.24,335.4,0.223,0.164,0.693,5.17,3.2,3,21.5,9.0,6,5,8,5,542.79,0,0
10992,South,Organic Search,Returning,Control,42,,17,1,3.5,7.5,0.242,0.613,0.185,0.01,0,101.0,2.14,0.0,0.12,0.081,0.901,5.53,3.5,1,20.0,9.0,6,6,296,2,211.79,1,0
10993,Midwest,Organic Search,Returning,Treatment,43,81.2,7,5,7.6,6.9,0.402,0.374,0.303,0.009,0,120.61,2.88,0.0,0.058,0.026,0.712,2.63,3.5,1,11.2,6.0,7,7,163,2,258.99,0,1
10994,Midwest,Referral,Returning,Control,44,71.4,12,6,14.7,12.1,0.221,0.883,0.189,0.005,1,50.34,2.64,40.29,0.291,0.095,0.704,7.1,3.0,0,,7.0,6,6,62,2,103.76,1,1
10995,South,Paid Search,Returning,Treatment,42,134.7,12,8,8.8,7.2,0.262,0.644,0.238,0.045,2,94.73,3.43,224.6,0.452,0.007,0.625,2.84,2.1,0,,7.0,3,3,20,4,369.88,0,0
10996,West,Social,Returning,Treatment,46,160.7,24,10,6.6,5.4,0.471,0.674,0.206,0.007,1,72.84,2.32,76.13,0.206,0.058,0.748,4.35,2.1,1,20.3,2.0,6,6,53,2,157.63,0,1
10997,West,Email,Returning,Treatment,45,46.0,20,12,9.8,6.9,0.266,0.966,0.317,0.046,2,87.74,2.48,140.57,0.527,0.167,0.628,5.38,4.2,2,12.0,7.0,4,5,26,5,426.17,0,0
10998,West,Social,Loyal,Control,41,33.9,32,12,3.9,4.8,0.46,0.94,0.3,0.026,2,64.14,1.21,130.67,0.157,0.119,0.509,8.2,2.0,0,,9.0,7,7,44,2,139.08,0,0
10999,Northeast,Organic Search,Loyal,Control,53,121.9,53,12,3.4,4.1,0.381,0.474,0.395,0.045,4,103.85,2.04,417.14,0.118,0.042,0.606,7.33,3.1,0,,5.0,5,5,25,4,443.87,0,0
11000,West,Organic Search,New,Control,47,47.0,5,4,3.4,4.7,0.639,0.691,0.564,0.026,0,56.74,2.32,0.0,0.455,0.023,0.66,6.06,3.0,0,,,5,5,365,2,139.13,1,1
11001,Midwest,Social,Returning,Treatment,48,49.5,6,11,5.2,5.4,0.542,0.79,0.167,0.015,4,59.61,1.74,260.8,0.405,0.056,0.482,5.27,3.3,0,,10.0,6,5,24,1,52.87,0,0
11002,West,Paid Search,Returning,Control,22,61.5,9,7,8.9,6.9,0.41,0.93,0.362,0.057,1,116.23,2.28,98.66,0.244,0.193,0.819,6.67,3.5,1,21.0,9.0,4,4,21,2,238.46,0,1
11003,Midwest,Referral,Returning,Treatment,65,67.6,19,31,4.3,4.6,0.22,0.262,0.095,0.01,2,85.19,2.41,165.26,0.163,0.044,0.698,6.49,3.3,0,,6.0,7,7,14,2,163.67,0,0
11004,West,Email,Returning,Treatment,29,80.7,19,39,8.6,6.7,0.141,0.727,0.419,0.123,8,102.37,1.02,897.23,0.147,0.095,0.568,6.25,2.6,1,66.9,4.0,5,5,12,5,483.93,0,0
11005,West,Paid Search,New,Treatment,36,26.3,2,3,4.4,4.7,0.41,0.707,0.274,0.047,0,90.44,2.16,0.0,0.304,0.103,0.627,5.98,4.2,0,,7.0,5,6,192,1,88.14,1,0
11006,South,Paid Search,Returning,Treatment,38,48.5,15,8,8.0,6.1,0.282,0.823,0.173,0.045,2,89.04,2.58,159.92,0.315,0.053,0.531,6.35,8.2,0,,8.0,6,7,30,2,171.08,0,0
11007,West,Social,Loyal,Treatment,55,43.6,46,5,12.3,9.4,0.398,0.679,0.243,0.03,0,108.8,2.21,0.0,0.244,0.165,0.586,7.59,2.4,1,11.6,9.0,5,6,165,3,296.28,0,0
11008,Midwest,Paid Search,Returning,Treatment,25,94.6,9,9,1.7,3.4,0.471,0.969,0.116,0.061,2,72.13,2.61,166.28,0.168,0.097,0.557,4.2,4.3,3,5.4,8.0,6,5,49,3,215.89,1,0
11009,West,Paid Search,Returning,Control,40,73.1,14,3,11.3,9.6,0.423,0.655,0.258,0.002,1,80.65,2.84,76.91,0.345,0.048,0.623,7.57,4.3,1,102.6,8.0,4,4,7,2,163.39,0,1
11010,South,Paid Search,Loyal,Treatment,18,55.8,29,11,13.8,9.5,0.409,0.973,0.271,0.092,2,85.97,2.35,148.86,0.628,0.036,0.531,2.27,3.4,1,64.0,9.0,5,4,76,3,242.48,0,0
11011,Midwest,Paid Search,New,Control,37,73.9,2,4,6.8,5.9,0.443,0.789,0.295,0.031,0,124.78,3.34,0.0,0.258,0.046,0.692,4.51,5.1,1,14.7,2.0,6,6,139,2,209.97,1,0
11012,West,Organic Search,New,Control,45,92.1,3,6,15.3,10.9,0.236,0.684,0.304,0.044,2,141.05,2.64,320.5,0.169,0.028,0.774,9.17,2.8,1,13.8,10.0,5,4,22,1,131.34,0,0
11013,South,Organic Search,Returning,Control,63,111.0,20,21,5.4,5.1,0.322,0.616,0.363,0.146,1,80.34,2.5,80.15,0.098,0.041,0.766,2.62,1.7,1,43.0,10.0,6,6,48,4,311.97,1,0
11014,Northeast,Organic Search,Returning,Treatment,50,40.9,18,12,3.1,3.9,0.143,0.758,0.268,0.01,2,48.88,2.36,99.66,0.233,0.084,0.676,2.08,2.5,0,,,4,4,3,2,93.58,0,0
11015,Northeast,Social,Returning,Control,61,63.7,10,6,3.4,4.8,0.496,0.594,0.442,0.03,3,111.44,3.54,319.83,0.376,0.135,0.762,5.7,2.2,0,,10.0,3,3,61,1,117.26,0,0
11016,West,Email,Returning,Treatment,27,163.9,20,13,5.2,7.3,0.326,0.885,0.36,0.041,3,118.78,3.44,336.89,0.427,0.04,0.53,3.25,3.3,2,43.4,10.0,4,4,27,1,116.26,1,0
11017,Midwest,Paid Search,Returning,Control,65,52.8,12,10,7.7,8.9,0.449,0.262,0.255,0.079,1,56.77,1.83,68.36,0.593,0.053,0.735,6.11,2.1,2,17.7,7.0,4,5,89,1,57.1,0,0
11018,Northeast,Paid Search,Loyal,Treatment,30,41.3,73,4,9.0,7.2,0.538,0.781,0.246,0.007,1,87.18,2.78,72.7,0.636,0.108,0.706,5.55,4.1,1,39.6,8.0,6,6,61,20,1846.4,0,0
11019,Midwest,Referral,Returning,Treatment,41,41.9,6,20,4.4,5.6,0.235,0.838,0.058,0.007,3,87.81,2.21,297.29,0.393,0.025,0.671,5.09,4.0,0,,10.0,6,5,8,1,82.39,0,0
11020,South,Social,Returning,Treatment,43,95.8,7,11,4.4,6.1,0.378,0.716,0.276,0.012,1,74.78,1.77,68.95,0.349,0.084,0.478,2.83,2.4,0,,6.0,5,5,67,1,74.76,0,0
11021,Midwest,Organic Search,Returning,Treatment,40,154.3,19,12,5.4,4.9,0.267,0.767,0.302,0.027,2,106.58,2.56,210.33,0.126,0.055,0.64,2.73,1.8,1,17.4,8.0,3,4,11,3,304.85,0,0
11022,West,Paid Search,Loyal,Control,26,83.0,30,14,5.8,4.7,0.287,0.839,0.234,0.051,3,84.88,2.0,230.68,0.553,0.046,0.585,8.85,2.1,2,15.3,9.0,4,4,61,6,514.77,0,0
11023,South,Email,Returning,Control,43,42.2,11,7,3.6,4.1,0.357,0.81,0.324,0.038,2,75.0,1.3,120.47,0.315,0.253,0.665,7.24,3.8,1,15.1,9.0,6,6,16,1,73.76,0,0
11024,Midwest,Paid Search,Loyal,Control,44,37.5,64,23,12.5,9.5,0.493,0.801,0.149,0.014,4,60.16,1.84,313.1,0.347,0.082,0.746,6.46,3.2,0,,8.0,4,4,15,4,295.72,0,0
11025,West,Organic Search,Loyal,Control,45,50.5,27,9,2.9,5.1,0.079,0.53,0.248,0.045,1,84.55,2.26,81.26,0.251,0.108,0.677,4.83,3.9,1,27.2,9.0,5,5,11,4,402.32,0,0
11026,South,Email,Loyal,Control,45,,26,12,8.4,6.6,0.222,0.569,0.309,0.077,1,120.23,3.09,138.49,0.484,0.023,0.665,6.99,1.7,1,56.9,8.0,7,7,2,1,137.18,0,0
11027,South,Paid Search,Returning,Treatment,39,83.4,22,8,3.9,7.2,0.369,0.654,0.1,0.008,1,115.21,1.96,137.61,0.368,0.033,0.698,8.0,2.8,1,11.4,7.0,7,7,52,4,487.18,1,0
11028,West,Organic Search,Returning,Control,60,125.6,9,2,6.1,6.5,0.198,0.638,0.282,0.05,1,78.35,1.96,83.83,0.378,0.042,0.641,8.74,2.9,0,,5.0,6,6,13,1,80.05,1,0
11029,West,Paid Search,Loyal,Control,30,147.7,58,12,7.0,5.5,0.39,0.925,0.399,0.109,0,81.3,2.24,0.0,0.544,0.018,0.748,7.17,3.6,1,29.2,7.0,5,5,168,5,358.09,0,0
11030,South,Email,Returning,Control,29,46.9,9,10,5.5,4.7,0.374,0.576,0.345,0.111,1,82.93,3.19,112.1,0.209,0.06,0.694,7.46,5.4,0,,10.0,6,6,62,3,285.76,0,0
11031,South,Organic Search,New,Treatment,38,112.9,4,5,8.0,6.8,0.217,0.859,0.149,0.021,2,115.11,3.23,223.34,0.125,0.04,0.695,4.76,2.0,0,,5.0,2,2,17,1,147.95,0,0
11032,Northeast,Email,Returning,Treatment,45,54.1,22,17,2.6,3.6,0.259,0.892,0.184,0.03,4,78.43,2.46,355.51,0.143,0.0,0.541,2.35,4.8,2,4.0,6.0,5,5,54,5,393.68,0,0
11033,West,Organic Search,Loyal,Control,57,64.7,37,27,3.9,5.8,0.12,0.345,0.358,0.104,4,71.05,1.58,250.08,0.382,0.183,0.682,3.34,3.6,2,13.8,6.0,6,7,18,7,451.37,0,0
11034,South,Paid Search,Loyal,Control,60,55.4,26,7,11.4,7.8,0.333,0.773,0.281,0.018,3,57.62,2.4,208.13,0.067,0.129,0.707,4.01,2.6,3,39.7,7.0,5,6,25,4,213.3,0,0
11035,Midwest,Organic Search,Loyal,Control,49,103.1,27,2,2.5,4.7,0.335,0.396,0.366,0.03,0,71.19,1.91,0.0,0.306,0.222,0.759,4.86,2.6,4,30.8,,4,4,122,3,205.72,0,0
11036,West,Paid Search,Returning,Treatment,24,60.0,12,6,12.2,8.4,0.3,0.946,0.32,0.076,0,98.4,2.27,0.0,0.348,0.015,0.61,7.2,2.6,1,13.3,10.0,3,2,137,1,103.58,1,0
11037,South,Referral,Loyal,Control,49,150.2,32,9,10.7,10.2,0.378,0.45,0.296,0.008,2,59.41,1.81,132.9,0.586,0.02,0.791,1.54,2.2,4,12.2,8.0,4,5,89,7,414.27,0,0
11038,Northeast,Paid Search,Loyal,Treatment,61,63.6,27,4,4.9,5.5,0.257,0.787,0.122,0.001,1,96.46,3.8,86.69,0.513,0.101,0.641,5.79,3.4,0,,,4,3,13,2,232.55,0,0
11039,West,Paid Search,Returning,Treatment,53,56.5,17,10,8.0,7.6,0.633,0.517,0.284,0.021,4,51.09,1.26,274.66,0.232,0.064,0.633,6.68,2.3,2,25.5,7.0,5,6,72,4,207.18,0,0
11040,West,Paid Search,Returning,Control,54,71.9,10,13,7.5,6.1,0.494,0.681,0.26,0.013,2,145.8,3.61,260.09,0.432,0.02,0.743,7.38,2.1,0,,10.0,3,5,12,3,482.13,0,1
11041,Midwest,Referral,Returning,Control,21,93.3,24,6,7.5,8.5,0.35,0.933,0.234,0.029,2,114.38,2.02,221.73,0.156,0.078,0.722,5.11,3.0,0,,6.0,5,5,24,6,760.23,0,0
11042,Northeast,Organic Search,New,Control,40,93.8,2,3,8.3,7.0,0.316,0.611,0.045,0.002,1,147.78,2.88,140.38,0.342,0.146,0.696,3.15,4.2,1,12.5,5.0,5,5,89,1,141.8,0,0
11043,South,Email,Loyal,Treatment,48,98.9,26,19,4.4,4.4,0.207,0.816,0.473,0.057,1,98.14,2.27,105.72,0.311,0.047,0.579,5.25,3.9,0,,6.0,6,6,41,3,304.08,0,0
11044,West,Paid Search,Loyal,Treatment,49,46.6,29,16,2.9,7.1,0.425,0.911,0.25,0.001,1,55.54,1.19,72.07,0.187,0.012,0.612,4.01,2.1,1,11.2,10.0,6,6,65,5,276.21,0,0
11045,South,Social,Returning,Treatment,55,55.5,10,13,10.5,7.4,0.375,0.904,0.189,0.043,1,46.56,1.0,44.71,0.346,0.167,0.785,8.62,1.9,0,,,6,6,48,2,77.78,0,1
11046,West,Organic Search,New,Control,34,292.1,5,9,3.1,4.4,0.359,0.695,0.142,0.015,1,168.38,2.68,178.44,0.348,0.019,0.7,7.63,3.4,0,,8.0,5,5,35,1,152.5,1,0
11047,Midwest,Email,Returning,Treatment,35,45.2,9,12,5.6,5.8,0.268,0.881,0.109,0.01,4,43.03,2.0,166.57,0.232,0.063,0.656,3.88,3.2,0,,10.0,5,4,18,3,141.37,0,0
11048,Midwest,Paid Search,Returning,Treatment,73,48.2,8,6,5.4,5.5,0.415,0.287,0.229,0.04,2,98.59,2.39,214.38,0.446,0.156,0.602,7.64,3.4,0,,7.0,4,5,9,1,83.7,1,0
11049,Northeast,Social,Loyal,Treatment,45,49.7,53,14,7.6,7.7,0.457,0.733,0.401,0.047,1,61.8,2.24,58.8,0.354,0.168,0.496,6.61,5.7,1,9.7,10.0,7,7,50,5,361.52,1,0
11050,South,Organic Search,Loyal,Control,41,77.4,31,14,11.6,7.6,0.255,0.359,0.24,0.005,1,103.2,3.06,92.27,0.27,0.028,0.697,7.8,3.9,0,,,4,4,34,5,560.44,0,0
11051,West,Email,Returning,Treatment,24,95.7,17,4,6.8,5.2,0.204,0.997,0.053,0.019,0,89.03,1.66,0.0,0.227,0.052,0.545,7.38,4.1,1,19.9,10.0,4,4,133,4,323.75,0,0
11052,South,Social,New,Control,18,48.0,5,13,3.2,4.7,0.493,0.962,0.561,0.169,2,164.76,3.02,356.77,0.131,0.14,0.652,7.23,3.4,0,,7.0,5,5,46,1,183.87,0,0
11053,South,Referral,Loyal,Treatment,37,67.1,29,18,3.9,4.7,0.258,0.824,0.211,0.016,3,62.3,2.21,167.2,0.229,0.166,0.562,4.32,5.8,1,24.7,6.0,5,6,32,4,252.48,0,0
11054,Northeast,Paid Search,Returning,Control,36,73.8,10,5,9.6,7.6,0.252,0.688,0.19,0.021,2,165.77,3.53,303.91,0.288,0.107,0.644,8.84,4.9,0,,9.0,6,6,4,1,177.69,0,0
11055,West,Paid Search,Loyal,Treatment,28,114.7,32,13,4.4,5.7,0.233,0.994,0.277,0.054,4,66.56,2.4,238.93,0.462,0.057,0.556,3.91,4.3,0,,7.0,7,7,7,5,353.04,0,0
11056,Northeast,Referral,Returning,Treatment,21,112.5,9,4,7.2,7.2,0.213,0.786,0.174,0.039,0,175.38,2.95,0.0,0.287,0.084,0.63,7.32,4.9,1,50.5,,5,6,256,3,543.19,1,0
11057,West,Paid Search,Returning,Treatment,38,80.2,9,5,9.3,8.7,0.33,0.616,0.189,0.004,3,51.43,1.39,148.99,0.358,0.115,0.573,2.98,2.6,0,,5.0,6,5,8,3,175.37,0,0
11058,West,Organic Search,Loyal,Control,36,186.5,33,7,4.6,7.3,0.215,0.825,0.324,0.029,0,76.52,2.13,0.0,0.449,0.031,0.777,9.09,3.8,0,,7.0,5,5,135,6,460.64,0,0
11059,Northeast,Paid Search,Returning,Control,48,,23,14,4.2,5.9,0.313,0.857,0.194,0.023,1,135.32,4.08,162.52,0.528,0.066,0.647,3.78,3.0,0,,6.0,6,5,14,3,415.76,0,0
11060,Midwest,Organic Search,New,Treatment,28,35.8,5,8,3.6,4.8,0.294,0.961,0.393,0.027,9,61.33,3.56,425.43,0.189,0.086,0.715,5.84,3.2,1,5.8,3.0,4,4,29,2,106.03,0,0
11061,West,Social,New,Treatment,45,115.8,5,11,4.2,4.6,0.355,0.766,0.232,0.009,2,65.11,3.39,114.96,0.356,0.085,0.689,6.41,2.4,1,25.7,7.0,5,5,20,1,60.75,0,0
11062,West,Email,Returning,Treatment,48,214.9,15,14,7.9,6.9,0.335,0.67,0.571,0.058,5,119.86,3.63,610.04,0.272,0.181,0.749,5.46,2.5,0,,10.0,7,7,16,1,112.96,0,0
11063,Midwest,Organic Search,Returning,Control,34,175.3,8,8,6.4,6.2,0.097,0.894,0.307,0.05,1,66.29,2.74,75.13,0.475,0.201,0.598,6.37,2.8,0,,5.0,6,6,89,1,60.06,0,1
11064,South,Paid Search,New,Treatment,37,61.7,4,1,8.8,6.0,0.345,0.761,0.233,0.019,0,56.69,1.18,0.0,0.473,0.071,0.576,3.56,2.8,1,22.6,8.0,6,6,200,1,59.91,0,0
11065,West,Paid Search,Returning,Control,27,50.1,17,5,3.1,4.4,0.535,0.71,0.266,0.006,0,83.68,3.19,0.0,0.537,0.211,0.624,8.16,4.2,1,20.3,7.0,5,5,221,3,291.93,1,0
11066,Midwest,Email,Loyal,Treatment,35,38.2,29,22,6.0,6.4,0.336,0.609,0.373,0.053,2,105.66,2.37,199.84,0.326,0.03,0.729,6.06,4.3,3,11.7,4.0,5,6,5,12,1571.73,0,0
11067,West,Referral,Loyal,Treatment,50,39.6,32,4,12.8,9.5,0.244,0.633,0.27,0.045,0,90.35,2.06,0.0,0.168,0.065,0.554,5.24,5.1,2,38.3,10.0,7,7,112,2,156.67,1,0
11068,South,Social,Returning,Treatment,41,43.8,9,6,1.8,4.9,0.417,0.748,0.173,0.012,0,79.65,1.39,0.0,0.506,0.114,0.741,3.56,4.5,2,35.7,5.0,3,3,116,3,223.43,1,1
11069,Midwest,Organic Search,Returning,Treatment,57,36.2,12,13,4.4,5.7,0.359,0.395,0.212,0.017,5,80.98,2.2,369.28,0.143,0.102,0.688,6.41,1.8,0,,8.0,5,6,8,3,243.67,0,0
11070,West,Referral,Loyal,Control,51,111.8,29,10,5.6,5.1,0.346,0.954,0.3,0.027,1,132.67,2.63,149.96,0.284,0.075,0.779,4.46,3.0,0,,8.0,5,6,89,9,1011.15,0,0
11071,South,Referral,Loyal,Control,41,42.4,27,4,13.9,8.7,0.261,0.598,0.156,0.012,1,106.35,3.17,127.65,0.127,0.136,0.473,6.48,4.7,1,12.4,7.0,5,5,40,4,431.1,0,0
11072,South,Email,New,Treatment,60,51.5,3,2,4.4,4.3,0.169,0.358,0.408,0.063,1,120.65,2.21,120.92,0.311,0.027,0.655,3.84,4.7,1,20.8,9.0,5,5,89,2,219.54,0,0
11073,West,Organic Search,New,Control,34,306.2,4,8,3.9,6.4,0.167,0.922,0.118,0.005,1,155.77,3.5,168.05,0.062,0.01,0.744,5.93,2.9,0,,10.0,6,6,2,1,162.49,0,0
11074,West,Organic Search,Loyal,Treatment,43,48.9,28,9,5.1,5.3,0.18,0.251,0.292,0.084,3,49.26,2.54,167.09,0.262,0.014,0.654,9.34,1.6,0,,7.0,5,5,40,2,84.19,0,0
11075,South,Email,Returning,Treatment,56,30.2,21,20,9.3,7.0,0.314,0.664,0.46,0.029,2,62.47,2.32,132.9,0.197,0.146,0.562,2.48,5.1,1,28.1,1.0,4,3,14,1,56.33,0,0
11076,West,Social,Returning,Treatment,58,139.9,19,1,4.5,5.1,0.382,0.699,0.132,0.059,1,105.54,3.07,103.83,0.458,0.211,0.564,4.31,5.6,0,,3.0,4,4,31,1,129.36,0,0
11077,Midwest,Organic Search,Loyal,Control,40,55.7,25,1,7.4,8.5,0.238,0.519,0.341,0.015,0,67.02,2.24,0.0,0.155,0.151,0.854,5.84,1.7,3,42.5,9.0,3,4,112,3,213.84,0,1
11078,Northeast,Email,Returning,Treatment,54,96.5,7,3,5.4,6.5,0.34,0.787,0.483,0.129,1,94.71,2.82,69.51,0.447,0.013,0.554,5.48,3.0,2,19.3,5.0,6,6,31,2,152.65,0,0
11079,West,Paid Search,Loyal,Treatment,39,56.1,46,5,6.4,8.0,0.202,0.64,0.376,0.054,1,73.2,1.7,66.31,0.17,0.099,0.511,4.11,4.1,1,9.4,,6,6,7,2,131.65,0,0
11080,Midwest,Organic Search,Loyal,Control,19,128.4,28,16,11.2,9.3,0.159,0.615,0.288,0.095,3,69.87,2.02,183.67,0.198,0.091,0.743,8.44,2.4,0,,6.0,6,6,25,6,383.27,1,0
11081,West,Paid Search,Returning,Control,35,82.7,16,11,5.9,5.4,0.422,0.771,0.202,0.043,4,77.04,2.21,438.06,0.25,0.075,0.542,7.01,4.4,0,,5.0,4,3,18,4,265.96,0,0
11082,Midwest,Organic Search,Returning,Control,37,52.4,18,8,8.8,6.2,0.373,0.857,0.326,0.032,1,48.61,2.42,46.79,0.195,0.093,0.8,5.22,4.2,0,,8.0,7,7,89,2,107.75,0,1
11083,South,Referral,Returning,Treatment,28,73.9,14,11,5.0,6.8,0.216,0.976,0.332,0.075,5,126.1,3.35,552.74,0.178,0.011,0.797,6.33,5.1,4,13.2,6.0,7,7,2,6,758.22,1,0
11084,Midwest,Organic Search,Loyal,Treatment,58,29.6,34,23,3.6,5.7,0.204,0.482,0.403,0.012,4,61.62,2.69,277.72,0.159,0.119,0.669,4.71,2.6,0,,5.0,7,7,25,6,425.63,0,0
11085,South,Organic Search,Returning,Control,30,,14,5,9.0,6.8,0.392,0.533,0.166,0.016,1,65.81,2.24,68.83,0.345,0.077,0.56,3.94,2.4,1,14.7,9.0,4,5,9,2,128.46,0,0
11086,Midwest,Email,Returning,Treatment,43,136.3,12,7,4.1,4.8,0.488,0.857,0.225,0.018,1,101.72,2.05,108.43,0.156,0.063,0.578,4.76,1.7,0,,4.0,5,7,27,1,140.47,0,0
11087,West,Email,Returning,Control,51,,14,20,8.2,6.2,0.151,0.324,0.499,0.037,2,62.85,1.73,113.43,0.313,0.064,0.583,10.52,2.2,0,,,4,3,14,1,58.54,0,1
11088,Midwest,Social,New,Treatment,19,60.7,1,4,11.3,10.3,0.261,0.946,0.228,0.062,1,57.43,2.39,53.29,0.276,0.061,0.648,4.15,2.5,0,,7.0,5,5,22,2,106.85,0,0
11089,South,Email,Returning,Control,35,61.6,23,6,6.8,6.1,0.389,0.208,0.443,0.054,1,77.84,2.68,98.5,0.462,0.017,0.804,5.18,2.2,3,86.0,9.0,7,7,78,2,130.85,0,1
11090,South,Referral,Loyal,Control,54,61.0,86,11,6.7,7.2,0.174,0.832,0.197,0.025,3,93.04,4.5,249.45,0.343,0.034,0.713,7.72,4.2,6,4.6,6.0,7,7,31,29,2235.05,0,1
11091,West,Organic Search,Loyal,Treatment,53,115.7,26,14,4.7,6.2,0.294,0.859,0.108,0.029,2,82.43,2.88,249.46,0.216,0.024,0.813,4.42,2.0,4,16.0,10.0,4,4,45,6,437.08,1,0
11092,West,Social,Returning,Treatment,44,110.2,15,3,12.0,9.0,0.337,0.817,0.145,0.035,1,63.42,2.48,58.29,0.464,0.112,0.593,3.76,4.1,0,,10.0,5,5,18,3,190.76,0,0
11093,South,Organic Search,Loyal,Control,42,67.1,25,15,7.7,6.4,0.29,0.667,0.416,0.026,2,69.62,1.65,195.34,0.277,0.018,0.704,4.91,2.9,3,21.2,7.0,5,5,1,5,312.03,0,1
11094,West,Email,Returning,Treatment,35,83.2,16,15,1.6,4.9,0.136,0.487,0.547,0.053,3,124.7,2.42,371.5,0.209,0.021,0.775,2.04,2.8,0,,8.0,4,4,9,1,142.19,0,1
11095,Midwest,Organic Search,Returning,Treatment,55,103.3,16,10,12.5,9.3,0.194,0.877,0.199,0.015,4,75.47,1.97,305.34,0.331,0.018,0.701,2.77,3.6,1,15.0,8.0,5,6,30,2,182.83,0,1
11096,South,Organic Search,Returning,Control,37,128.0,11,9,8.1,6.4,0.228,0.777,0.314,0.067,1,60.45,1.71,51.78,0.167,0.044,0.789,5.71,4.5,0,,9.0,6,7,24,3,179.35,0,1
11097,West,Social,Returning,Control,40,75.4,12,5,6.5,6.1,0.446,0.989,0.293,0.068,0,87.51,2.29,0.0,0.224,0.046,0.713,7.81,4.5,1,16.1,8.0,7,7,211,2,190.67,1,1
11098,West,Referral,Loyal,Control,41,51.5,34,5,2.6,5.6,0.446,0.877,0.288,0.032,0,86.99,2.34,0.0,0.235,0.089,0.741,8.69,3.8,1,16.4,10.0,5,4,142,8,680.56,0,1
11099,South,Organic Search,Loyal,Treatment,60,65.8,46,11,1.9,3.7,0.203,0.729,0.347,0.059,1,60.32,3.29,55.05,0.168,0.008,0.69,5.18,2.1,0,,10.0,4,4,24,9,548.37,0,0
11100,South,Paid Search,Loyal,Treatment,36,,50,3,5.8,9.5,0.343,0.933,0.259,0.032,1,121.63,3.31,126.09,0.501,0.039,0.553,5.29,6.1,1,48.3,6.0,6,6,89,6,722.99,0,0
11101,Midwest,Referral,Loyal,Treatment,44,88.0,38,7,14.5,9.8,0.186,0.901,0.273,0.004,4,67.73,3.1,293.14,0.238,0.044,0.656,5.49,3.0,3,22.1,6.0,5,5,10,15,1027.34,0,0
11102,West,Organic Search,Loyal,Treatment,51,,26,5,5.0,6.8,0.285,0.541,0.156,0.03,3,123.99,2.71,356.01,0.463,0.014,0.725,3.81,2.5,4,12.2,10.0,7,6,55,6,775.37,1,1
11103,Northeast,Social,Returning,Treatment,54,65.4,6,11,5.7,5.7,0.672,0.784,0.081,0.004,1,67.57,2.25,87.74,0.327,0.097,0.729,7.34,3.4,0,,9.0,5,4,27,1,66.85,0,1
11104,Northeast,Paid Search,Returning,Treatment,26,51.4,10,11,14.1,8.5,0.494,0.979,0.09,0.007,1,56.55,1.35,60.67,0.442,0.06,0.707,7.55,5.6,2,44.2,6.0,5,5,15,8,436.88,0,0
11105,West,Referral,Returning,Treatment,37,87.0,16,4,6.7,9.0,0.216,0.889,0.349,0.005,1,73.83,2.5,88.43,0.123,0.038,0.774,8.03,2.9,2,36.6,4.0,5,5,89,2,118.6,1,0
11106,Midwest,Email,New,Control,28,56.3,1,6,5.5,5.3,0.301,0.752,0.403,0.105,0,49.31,1.25,0.0,0.232,0.168,0.792,7.96,4.5,1,8.7,8.0,6,7,275,2,115.64,1,0
11107,West,Referral,Returning,Treatment,50,49.5,11,1,3.0,5.3,0.163,0.497,0.274,0.094,0,143.47,3.2,0.0,0.299,0.069,0.763,7.01,2.2,0,,7.0,6,6,139,2,266.88,0,0
11108,Midwest,Social,Returning,Control,42,157.1,21,3,5.1,7.6,0.47,0.7,0.232,0.057,0,75.78,2.0,0.0,0.642,0.119,0.87,8.5,3.1,1,16.5,9.0,5,5,142,1,78.85,1,0
11109,South,Email,Returning,Control,18,123.9,10,11,15.6,14.9,0.167,0.898,0.377,0.023,1,78.3,3.18,91.6,0.546,0.029,0.541,9.44,1.8,0,,8.0,5,5,41,1,86.84,0,0
11110,South,Organic Search,Returning,Treatment,56,74.5,6,4,7.7,7.9,0.453,0.445,0.3,0.016,0,110.46,2.77,0.0,0.465,0.024,0.747,5.16,5.3,0,,8.0,6,6,149,3,290.44,1,0
11111,West,Social,Returning,Treatment,56,43.2,17,2,2.3,5.2,0.523,0.832,0.365,0.05,0,80.95,3.44,0.0,0.307,0.097,0.498,5.96,4.0,1,38.0,4.0,5,6,279,1,80.9,1,0
11112,South,Organic Search,Returning,Treatment,39,41.1,17,2,2.8,5.8,0.139,0.449,0.288,0.018,0,67.35,2.14,0.0,0.103,0.053,0.717,4.07,2.2,3,12.1,7.0,6,6,166,5,384.29,0,0
11113,South,Paid Search,New,Treatment,42,85.2,5,8,6.9,5.4,0.422,0.833,0.142,0.015,1,127.62,1.7,111.0,0.207,0.05,0.705,6.48,4.7,0,,7.0,4,5,52,2,259.79,0,1
11114,West,Referral,Loyal,Treatment,30,83.3,54,11,2.5,4.0,0.196,0.853,0.35,0.056,2,136.01,2.69,293.82,0.531,0.151,0.621,4.95,3.3,2,37.8,6.0,6,7,21,12,1603.44,0,0
11115,Northeast,Organic Search,Returning,Treatment,49,46.1,9,6,8.2,6.1,0.213,0.813,0.236,0.017,0,44.42,2.17,0.0,0.126,0.016,0.719,2.8,2.5,0,,9.0,6,7,119,3,103.41,1,0
11116,South,Paid Search,Returning,Treatment,48,59.2,24,8,5.2,5.1,0.253,0.835,0.214,0.032,4,99.8,3.84,369.57,0.506,0.151,0.682,0.7,3.6,2,24.9,6.0,7,7,6,6,548.54,0,0
11117,West,Paid Search,Returning,Treatment,44,53.2,16,7,5.9,5.0,0.462,0.784,0.336,0.102,4,55.5,1.84,201.22,0.08,0.002,0.481,8.01,3.3,3,40.1,10.0,6,5,12,2,123.64,0,0
11118,Midwest,Organic Search,Loyal,Treatment,39,68.7,39,3,3.1,5.7,0.173,0.806,0.345,0.028,0,49.98,1.75,0.0,0.185,0.072,0.77,3.32,4.4,0,,7.0,5,5,185,3,186.17,1,1
11119,South,Organic Search,Loyal,Treatment,60,,41,9,3.9,5.7,0.205,0.419,0.177,0.009,2,50.27,1.5,86.35,0.184,0.078,0.68,2.14,2.9,2,18.5,4.0,4,4,53,4,159.55,0,1
11120,Northeast,Email,Loyal,Treatment,65,103.7,40,3,2.4,3.9,0.216,0.523,0.217,0.027,2,176.08,3.94,355.68,0.038,0.137,0.554,3.44,3.3,1,38.6,8.0,7,7,11,4,866.37,0,1
11121,Northeast,Social,Returning,Treatment,52,144.0,22,11,4.6,5.1,0.265,0.599,0.149,0.015,2,105.05,2.9,221.21,0.487,0.145,0.627,1.8,3.1,0,,10.0,5,7,40,4,443.87,0,0
11122,West,Social,Loyal,Control,44,145.6,46,9,12.9,7.9,0.258,0.799,0.265,0.066,0,126.37,2.49,0.0,0.159,0.046,0.609,6.47,2.2,1,31.9,9.0,6,7,145,9,940.08,0,0
11123,Midwest,Paid Search,Loyal,Control,37,72.3,35,9,1.7,3.5,0.598,0.691,0.155,0.004,1,72.1,2.17,82.21,0.364,0.02,0.654,8.53,3.4,0,,5.0,7,7,38,6,465.01,0,0
11124,West,Organic Search,Returning,Treatment,51,30.0,11,16,3.9,4.5,0.278,0.52,0.28,0.031,4,69.63,2.98,328.39,0.114,0.027,0.709,7.15,2.5,3,29.2,,4,5,7,1,67.09,0,0
11125,West,Organic Search,New,Control,43,139.4,1,3,5.0,5.2,0.28,0.635,0.118,0.01,0,75.25,1.51,0.0,0.304,0.058,0.803,5.57,2.0,0,,6.0,6,7,365,1,61.43,1,0
11126,Northeast,Paid Search,Returning,Control,50,150.9,24,6,2.2,4.2,0.485,0.828,0.204,0.062,2,116.67,2.37,248.58,0.361,0.09,0.576,7.08,4.0,1,68.7,,5,6,31,3,342.31,0,0
11127,Midwest,Email,Returning,Treatment,30,62.2,10,10,6.4,5.2,0.376,0.893,0.209,0.019,5,58.32,2.72,296.27,0.196,0.156,0.624,6.73,4.7,1,17.3,3.0,3,4,26,5,272.25,0,1
11128,Northeast,Email,New,Treatment,36,36.7,4,20,3.2,4.2,0.156,0.911,0.508,0.05,5,78.82,1.58,413.2,0.183,0.119,0.832,7.92,3.1,0,,7.0,6,6,13,1,93.52,0,0
11129,West,Email,New,Control,29,100.6,5,13,7.5,6.4,0.182,0.795,0.426,0.107,3,117.27,3.4,474.54,0.183,0.086,0.543,8.23,2.1,1,45.4,8.0,4,4,10,1,125.21,0,0
11130,South,Organic Search,Returning,Control,41,106.7,11,20,5.2,5.6,0.222,0.605,0.462,0.044,7,130.26,2.39,1057.31,0.074,0.055,0.706,4.01,2.8,1,35.4,6.0,5,4,22,1,110.5,0,0
11131,Northeast,Paid Search,Returning,Control,65,121.1,17,6,14.8,10.8,0.412,0.71,0.183,0.016,5,80.79,2.45,381.38,0.124,0.112,0.556,6.12,2.9,1,6.4,8.0,7,7,7,3,307.44,0,0
11132,South,Organic Search,Loyal,Treatment,47,73.1,31,9,4.3,5.9,0.164,0.59,0.277,0.016,1,144.46,2.89,145.14,0.084,0.179,0.489,3.92,7.5,1,37.6,9.0,6,5,4,2,313.37,0,0
11133,South,Paid Search,Returning,Treatment,44,31.0,11,13,5.5,6.2,0.44,0.712,0.178,0.056,1,100.59,3.48,114.59,0.54,0.111,0.828,4.91,3.4,2,22.0,5.0,6,6,18,1,106.06,0,0
11134,West,Social,Returning,Treatment,46,83.2,23,13,3.2,5.4,0.513,0.884,0.368,0.039,2,56.21,1.97,136.14,0.287,0.088,0.51,4.52,5.6,2,22.6,3.0,3,3,12,5,314.6,1,0
11135,Midwest,Social,Loyal,Control,40,47.3,36,16,10.1,7.4,0.348,0.913,0.22,0.018,6,77.73,2.85,466.53,0.18,0.117,0.748,6.98,4.1,1,29.5,8.0,5,6,3,3,227.23,0,0
11136,Northeast,Organic Search,Returning,Treatment,44,69.4,19,8,4.1,4.5,0.331,0.622,0.192,0.029,1,55.76,2.23,66.1,0.102,0.081,0.731,2.59,3.4,0,,6.0,5,5,23,4,206.33,0,1
11137,West,Paid Search,New,Treatment,24,51.0,1,6,6.7,7.1,0.531,0.941,0.22,0.028,2,96.41,1.97,235.5,0.573,0.027,0.659,1.96,3.5,0,,7.0,6,6,12,1,93.23,1,0
11138,Midwest,Organic Search,Returning,Control,28,114.4,20,20,2.1,3.6,0.205,0.834,0.217,0.024,1,75.15,1.88,93.45,0.075,0.064,0.682,6.54,3.5,0,,5.0,4,4,22,2,165.97,0,0
11139,Midwest,Organic Search,Loyal,Treatment,33,83.8,42,11,3.2,4.3,0.348,0.554,0.405,0.049,5,59.49,1.19,317.58,0.421,0.11,0.688,6.48,3.3,0,,8.0,6,5,2,9,603.79,0,0
11140,Midwest,Social,New,Treatment,52,63.6,1,8,13.6,10.8,0.185,0.451,0.237,0.009,2,116.89,2.84,258.75,0.071,0.037,0.624,6.58,3.3,0,,5.0,5,5,34,1,115.56,0,0
11141,Midwest,Organic Search,Loyal,Treatment,55,47.2,38,5,5.7,6.7,0.161,0.479,0.414,0.069,1,76.95,2.36,84.62,0.275,0.104,0.714,2.57,3.5,0,,5.0,4,4,15,1,78.72,0,0
11142,West,Social,New,Treatment,50,83.0,1,2,7.3,6.4,0.641,0.737,0.167,0.041,1,116.22,2.15,103.78,0.309,0.278,0.808,6.26,2.1,1,21.6,9.0,6,6,64,1,107.75,0,0
11143,Northeast,Email,Returning,Control,34,137.9,13,11,3.4,4.9,0.235,0.966,0.056,0.003,3,115.43,3.11,400.28,0.394,0.021,0.811,8.05,4.2,0,,10.0,6,7,14,3,334.59,0,1
11144,South,Organic Search,Returning,Treatment,40,72.6,14,2,9.1,7.0,0.232,0.65,0.134,0.007,0,43.84,2.5,0.0,0.205,0.043,0.387,6.51,3.1,0,,10.0,4,4,151,3,120.53,0,0
11145,South,Organic Search,Loyal,Control,50,68.2,96,13,4.4,4.8,0.29,0.604,0.277,0.014,4,59.34,2.4,244.96,0.351,0.096,0.718,5.33,3.3,5,11.0,3.0,5,5,11,19,1180.97,1,0
11146,Midwest,Organic Search,Returning,Treatment,57,76.5,14,7,16.0,10.4,0.292,0.899,0.416,0.083,3,109.87,1.81,363.85,0.244,0.038,0.627,1.58,4.2,1,8.4,9.0,7,7,13,4,523.45,0,0
11147,West,Email,Loyal,Control,36,62.5,49,10,6.5,7.3,0.169,0.771,0.288,0.031,3,102.04,2.54,298.14,0.199,0.097,0.677,6.49,2.5,1,15.2,8.0,6,6,10,11,1041.83,0,0
11148,West,Paid Search,Loyal,Treatment,46,52.7,26,25,5.4,5.8,0.488,0.544,0.223,0.023,2,83.95,2.87,150.81,0.107,0.038,0.6,2.23,3.4,1,7.2,6.0,5,5,78,1,78.33,0,0
11149,West,Organic Search,Returning,Control,47,61.4,21,12,3.9,4.7,0.238,0.693,0.283,0.026,2,53.24,2.2,110.49,0.174,0.075,0.837,9.26,2.8,1,24.3,6.0,4,4,5,2,107.17,0,0
11150,South,Organic Search,Returning,Treatment,28,46.5,8,10,5.7,5.1,0.299,0.647,0.208,0.03,1,70.88,1.93,80.25,0.271,0.045,0.648,2.81,3.2,0,,9.0,5,6,22,2,143.7,0,0
11151,Midwest,Social,Loyal,Control,41,120.1,29,6,13.1,8.4,0.488,0.72,0.118,0.001,0,85.55,2.64,0.0,0.45,0.133,0.545,2.53,3.4,2,9.6,9.0,6,7,135,3,255.1,0,0
11152,West,Paid Search,Returning,Control,49,,6,17,10.6,8.1,0.393,0.941,0.114,0.01,1,100.61,2.49,120.71,0.427,0.159,0.651,5.91,1.7,1,30.9,5.0,4,4,13,1,96.23,1,0
11153,South,Organic Search,Loyal,Treatment,37,42.5,33,19,5.1,5.3,0.312,0.622,0.175,0.003,3,61.49,1.99,189.69,0.278,0.049,0.648,3.35,4.1,1,43.2,7.0,4,5,21,2,120.41,0,0
11154,Midwest,Paid Search,Returning,Treatment,47,145.4,10,27,3.2,5.1,0.582,0.355,0.08,0.014,5,62.37,2.17,351.76,0.377,0.07,0.675,6.58,2.4,1,21.4,6.0,5,6,8,3,197.18,0,0
11155,Northeast,Organic Search,Returning,Treatment,50,,6,1,6.7,6.5,0.422,0.802,0.377,0.054,1,129.86,3.2,140.82,0.213,0.151,0.7,2.35,2.6,0,,7.0,5,6,36,1,110.79,0,1
11156,Northeast,Organic Search,Returning,Treatment,18,64.1,17,18,6.7,7.6,0.311,0.884,0.209,0.013,2,107.03,3.6,202.42,0.017,0.184,0.601,4.59,1.7,1,20.0,2.0,7,7,9,5,632.87,0,0
11157,South,Organic Search,Returning,Control,37,52.1,6,4,12.3,9.9,0.098,0.798,0.185,0.018,1,49.24,2.45,52.31,0.272,0.116,0.835,8.2,2.8,1,16.4,6.0,5,6,89,1,51.02,0,0
11158,Midwest,Paid Search,Returning,Control,44,118.9,14,18,6.3,5.7,0.54,0.913,0.156,0.011,1,204.04,3.78,173.35,0.203,0.07,0.674,6.72,3.4,2,24.4,8.0,6,6,52,6,1352.87,0,0
11159,Midwest,Organic Search,Returning,Control,63,59.2,12,15,8.2,8.0,0.393,0.594,0.271,0.051,3,133.33,2.9,418.98,0.109,0.092,0.686,8.48,3.1,0,,9.0,4,5,12,1,133.26,0,0
11160,South,Organic Search,Returning,Treatment,62,57.9,7,5,5.6,5.6,0.322,0.657,0.178,0.042,0,103.76,2.84,0.0,0.399,0.016,0.7,5.86,4.1,0,,6.0,5,5,365,1,110.97,1,0
11161,South,Paid Search,Returning,Treatment,29,56.4,24,1,10.0,9.5,0.384,0.83,0.109,0.004,0,112.75,2.69,0.0,0.318,0.081,0.666,3.93,3.1,1,18.8,7.0,4,5,129,1,112.69,0,0
11162,West,Organic Search,Loyal,Control,57,63.0,33,1,6.8,5.5,0.174,0.42,0.182,0.033,0,66.09,2.25,0.0,0.209,0.132,0.869,7.45,5.1,0,,8.0,5,4,365,4,256.17,0,1
11163,West,Referral,Returning,Control,44,69.3,9,3,4.4,5.0,0.391,0.903,0.223,0.038,1,122.8,3.31,162.98,0.284,0.033,0.685,5.69,3.0,0,,10.0,4,5,11,2,256.77,0,0
11164,South,Organic Search,Loyal,Treatment,27,52.0,40,6,6.3,5.8,0.301,0.874,0.212,0.035,1,77.29,2.53,83.46,0.316,0.163,0.62,3.86,4.5,0,,10.0,5,6,21,2,172.24,0,1
11165,Northeast,Social,Loyal,Control,37,91.7,41,7,5.0,6.2,0.396,0.598,0.322,0.019,0,41.17,1.04,0.0,0.304,0.03,0.79,4.53,3.5,3,19.2,8.0,5,5,104,3,121.42,1,0
11166,West,Email,Returning,Treatment,31,67.6,15,17,7.4,6.8,0.37,0.702,0.219,0.034,2,93.01,3.82,162.92,0.303,0.082,0.667,2.39,3.1,2,21.1,8.0,7,7,30,4,399.0,0,0
11167,West,Paid Search,Returning,Treatment,33,94.7,15,10,11.5,8.8,0.375,0.875,0.271,0.028,3,111.16,2.66,386.27,0.318,0.123,0.717,3.82,2.7,0,,7.0,5,6,8,1,115.99,0,0
11168,South,Paid Search,New,Control,39,91.7,2,2,14.2,9.1,0.372,0.78,0.338,0.066,0,88.06,1.81,0.0,0.484,0.017,0.654,4.23,3.6,0,,8.0,4,4,149,1,90.05,1,0
11169,Northeast,Email,Returning,Control,33,80.9,23,5,5.5,8.0,0.241,0.884,0.355,0.011,0,92.32,3.15,0.0,0.265,0.129,0.744,7.39,3.5,1,30.3,,3,4,164,3,231.77,1,1
11170,West,Organic Search,Loyal,Control,44,32.2,38,10,6.1,6.3,0.247,0.816,0.42,0.141,3,78.14,2.01,272.42,0.058,0.01,0.683,6.83,4.2,0,,8.0,4,5,14,4,272.31,0,0
11171,South,Paid Search,New,Control,34,78.4,4,6,7.2,7.9,0.358,0.787,0.132,0.009,1,75.19,2.8,69.73,0.416,0.078,0.773,5.39,3.1,0,,8.0,6,6,28,1,81.73,0,0
11172,West,Referral,Returning,Treatment,26,70.4,6,17,5.0,5.1,0.317,0.542,0.183,0.007,5,42.69,1.28,275.12,0.398,0.041,0.638,7.14,3.2,1,14.5,6.0,6,7,1,2,98.54,0,1
11173,Midwest,Social,New,Control,61,28.4,4,19,4.0,5.3,0.342,0.699,0.152,0.03,2,57.25,1.0,124.6,0.25,0.038,0.793,7.42,4.7,1,16.3,9.0,6,5,69,1,53.4,0,0
11174,West,Paid Search,Returning,Treatment,36,80.6,11,2,2.5,3.4,0.678,0.953,0.067,0.002,0,152.55,2.84,0.0,0.513,0.038,0.609,5.34,3.2,1,31.0,7.0,6,5,239,1,131.18,0,0
11175,West,Paid Search,Returning,Control,43,40.4,7,2,6.4,5.4,0.336,0.591,0.336,0.082,1,82.22,3.8,87.69,0.156,0.041,0.695,5.72,3.2,2,12.7,8.0,7,7,34,2,154.57,0,1
11176,Midwest,Social,New,Control,47,,5,2,4.1,3.9,0.498,0.518,0.327,0.062,1,122.97,3.05,107.99,0.497,0.099,0.655,7.38,3.0,0,,6.0,5,5,50,1,147.39,0,0
11177,West,Organic Search,Loyal,Treatment,37,95.7,39,20,10.1,8.3,0.123,0.83,0.392,0.127,6,66.37,3.03,438.95,0.208,0.023,0.798,6.88,3.6,0,,8.0,4,4,30,5,352.64,0,0
11178,West,Email,New,Treatment,51,83.7,2,6,10.9,7.8,0.301,0.445,0.346,0.093,0,85.95,2.28,0.0,0.333,0.047,0.706,3.99,3.8,1,14.3,7.0,2,3,208,1,101.35,1,1
11179,West,Social,Returning,Control,49,34.7,9,9,4.2,7.1,0.357,0.792,0.15,0.009,4,73.15,1.14,310.58,0.298,0.068,0.743,6.72,3.6,0,,7.0,5,6,18,2,131.36,0,1
11180,West,Referral,Loyal,Treatment,36,48.6,41,2,14.8,11.1,0.192,0.729,0.345,0.031,0,74.85,1.88,0.0,0.253,0.039,0.761,2.73,6.4,2,35.3,8.0,3,4,162,4,269.6,0,1
11181,West,Paid Search,Returning,Control,30,93.3,9,11,1.2,3.4,0.636,0.503,0.344,0.018,2,162.99,4.01,354.33,0.196,0.19,0.732,6.63,3.5,0,,6.0,5,6,89,2,285.65,0,1
11182,South,Organic Search,Returning,Control,38,71.7,17,6,12.4,8.6,0.493,0.713,0.216,0.074,0,77.98,3.31,0.0,0.519,0.064,0.769,8.3,3.0,0,,4.0,7,7,365,6,484.59,1,0
11183,Midwest,Organic Search,Returning,Control,44,24.3,8,3,5.9,5.9,0.167,0.833,0.149,0.031,0,66.67,2.76,0.0,0.018,0.07,0.71,3.06,4.4,1,7.1,5.0,6,6,266,1,71.72,1,0
11184,Northeast,Organic Search,Returning,Treatment,33,99.6,8,5,6.4,6.4,0.187,0.504,0.313,0.034,1,45.75,1.48,37.43,0.285,0.073,0.675,4.53,2.2,1,8.3,8.0,7,7,54,2,79.4,0,0
11185,South,Paid Search,Returning,Treatment,39,139.0,17,5,10.8,7.8,0.349,0.726,0.307,0.065,1,62.06,1.14,71.62,0.371,0.101,0.576,3.12,5.8,2,34.2,7.0,7,7,57,3,183.39,0,1
11186,West,Social,Returning,Control,43,27.1,24,20,3.6,5.7,0.431,0.562,0.29,0.051,1,86.88,3.1,90.38,0.35,0.098,0.847,7.79,1.2,0,,10.0,6,7,42,1,74.63,0,0
11187,South,Email,Returning,Treatment,38,37.5,11,9,7.9,9.0,0.334,0.828,0.476,0.051,5,68.15,2.16,299.79,0.262,0.007,0.798,5.43,3.2,1,13.9,,5,5,60,2,145.96,0,0
11188,Midwest,Paid Search,Loyal,Control,36,87.5,43,9,4.2,4.0,0.479,0.761,0.355,0.016,2,88.8,1.71,181.62,0.242,0.032,0.852,4.04,5.3,0,,6.0,6,7,55,2,175.58,0,1
11189,Midwest,Social,Returning,Treatment,28,42.1,20,32,10.6,8.9,0.4,0.935,0.303,0.016,5,73.82,2.13,392.41,0.253,0.087,0.719,1.79,2.4,1,14.9,7.0,3,3,15,3,179.08,1,0
11190,West,Email,New,Treatment,66,25.9,3,15,3.2,3.9,0.129,0.605,0.393,0.006,5,53.75,1.73,189.14,0.133,0.02,0.576,3.95,4.5,0,,8.0,7,7,14,1,51.93,0,0
11191,Northeast,Organic Search,New,Treatment,39,130.4,2,4,4.2,5.0,0.217,0.828,0.315,0.066,1,84.41,2.6,112.85,0.118,0.319,0.458,4.52,7.0,1,27.6,3.0,5,6,47,1,88.02,0,0
11192,West,Email,Loyal,Treatment,51,75.4,48,14,10.8,8.4,0.28,0.564,0.507,0.078,5,60.01,1.58,281.87,0.263,0.016,0.556,1.26,1.9,1,18.7,9.0,6,7,9,2,107.61,0,1
11193,Midwest,Referral,Loyal,Control,25,66.8,47,25,3.9,5.5,0.288,0.905,0.099,0.01,3,97.82,2.19,309.64,0.173,0.065,0.722,8.29,3.3,4,10.3,,4,4,26,12,1124.64,0,0
11194,South,Social,Returning,Treatment,34,103.8,7,5,5.5,5.5,0.351,0.708,0.335,0.058,1,96.89,2.33,87.97,0.345,0.191,0.76,5.74,4.6,1,9.4,3.0,6,6,89,3,372.5,0,0
11195,Northeast,Email,Returning,Control,33,69.0,6,16,1.9,3.6,0.29,0.726,0.276,0.031,2,93.33,1.98,148.38,0.255,0.13,0.732,6.02,2.3,0,,10.0,5,5,9,2,216.22,0,0
11196,West,Organic Search,New,Treatment,35,44.9,4,16,4.2,4.2,0.371,0.7,0.325,0.074,3,67.51,2.28,187.3,0.249,0.046,0.674,0.21,3.7,3,15.7,4.0,5,5,14,2,128.63,0,0
11197,Northeast,Social,Returning,Control,35,57.4,16,10,6.6,5.5,0.603,0.77,0.346,0.044,3,77.6,2.08,232.68,0.235,0.043,0.777,7.62,3.3,1,11.7,9.0,4,4,67,1,67.19,0,0
11198,Northeast,Social,Returning,Treatment,34,90.5,11,6,7.1,6.1,0.299,0.687,0.249,0.045,1,102.96,1.97,94.92,0.274,0.086,0.673,6.75,3.3,1,37.3,6.0,5,5,20,4,374.9,0,1
11199,West,Organic Search,Returning,Control,53,,6,2,5.6,6.1,0.376,0.861,0.188,0.008,0,67.69,2.51,0.0,0.321,0.059,0.531,5.77,5.2,0,,7.0,3,2,130,1,72.26,0,0
11200,South,Social,Returning,Treatment,46,58.3,7,5,12.8,9.3,0.4,0.837,0.178,0.023,2,55.01,1.06,83.86,0.287,0.127,0.73,5.83,3.6,0,,5.0,4,4,1,1,66.84,0,0
11201,South,Organic Search,Returning,Treatment,40,175.2,8,10,5.3,5.4,0.209,0.754,0.424,0.054,2,48.72,2.17,121.06,0.184,0.141,0.642,4.57,2.3,0,,7.0,5,5,4,3,160.97,0,0
11202,South,Social,Returning,Control,24,125.7,21,12,10.6,10.1,0.334,0.794,0.376,0.028,4,118.65,2.46,428.34,0.432,0.047,0.631,7.65,4.0,1,14.6,5.0,4,4,16,3,354.38,1,0
11203,South,Organic Search,Returning,Treatment,27,38.1,8,11,7.2,8.5,0.183,0.892,0.282,0.033,3,60.56,2.23,215.03,0.281,0.033,0.772,2.51,7.4,1,34.7,6.0,4,5,2,1,72.32,0,0
11204,West,Email,Returning,Treatment,43,100.5,15,24,3.9,7.2,0.358,0.705,0.538,0.082,3,83.35,2.55,269.42,0.294,0.002,0.636,1.07,1.5,0,,9.0,5,6,3,3,241.61,0,0
11205,Northeast,Organic Search,Returning,Control,73,,22,21,3.7,4.6,0.357,0.455,0.237,0.063,0,86.0,1.93,0.0,0.472,0.012,0.746,10.3,1.7,2,41.1,5.0,5,4,198,2,178.23,0,0
11206,Midwest,Paid Search,Returning,Treatment,59,86.0,21,3,7.7,5.7,0.344,0.757,0.419,0.08,0,99.02,2.25,0.0,0.417,0.047,0.502,3.29,1.6,1,32.9,6.0,6,6,230,3,297.19,0,0
11207,West,Email,Returning,Treatment,18,58.8,8,13,6.6,7.4,0.368,0.996,0.279,0.038,1,60.93,2.88,67.63,0.363,0.027,0.61,4.61,2.9,0,,8.0,5,5,47,2,101.64,0,0
11208,South,Paid Search,Loyal,Treatment,36,85.8,27,11,8.0,6.3,0.521,0.977,0.253,0.04,1,45.47,2.19,35.83,0.314,0.061,0.625,3.87,1.9,1,29.1,8.0,5,5,15,5,211.31,0,0
11209,Midwest,Social,New,Treatment,32,82.7,3,8,7.9,6.0,0.266,0.741,0.271,0.065,3,52.48,1.46,132.61,0.619,0.102,0.705,3.19,4.2,1,8.6,,5,6,32,1,48.35,1,0
11210,Northeast,Paid Search,Returning,Treatment,18,83.2,16,4,9.5,6.5,0.347,0.876,0.228,0.067,5,127.15,2.9,561.22,0.46,0.131,0.532,3.86,3.6,0,,6.0,5,7,11,6,685.19,0,0
11211,West,Email,Returning,Treatment,35,70.1,13,9,7.6,6.7,0.214,0.939,0.307,0.059,2,90.54,2.91,161.75,0.192,0.024,0.671,7.77,3.7,1,22.7,8.0,4,5,48,4,453.64,0,0
11212,South,Social,Returning,Control,24,48.3,10,6,5.8,6.7,0.369,0.925,0.397,0.087,1,73.25,2.25,50.45,0.471,0.134,0.74,7.37,4.6,0,,10.0,4,4,89,2,160.89,1,1
11213,Northeast,Organic Search,Loyal,Control,30,61.5,28,16,11.9,9.9,0.253,0.791,0.3,0.023,4,82.08,2.08,310.53,0.183,0.066,0.708,10.77,3.7,1,9.3,10.0,5,5,13,4,314.75,0,0
11214,South,Organic Search,Returning,Treatment,57,54.0,21,6,14.7,11.0,0.406,0.529,0.153,0.027,1,81.01,2.76,104.11,0.096,0.024,0.637,4.2,4.6,0,,10.0,5,4,10,2,141.98,0,0
11215,Midwest,Organic Search,New,Treatment,38,91.9,5,12,6.2,6.6,0.315,0.779,0.3,0.035,2,107.09,3.73,195.18,0.473,0.038,0.619,4.87,1.5,0,,10.0,6,5,26,2,215.9,0,0
11216,Midwest,Social,Loyal,Control,33,81.5,43,10,4.8,7.5,0.442,0.6,0.279,0.033,1,83.68,2.39,105.05,0.708,0.197,0.655,6.49,2.5,0,,9.0,6,5,68,6,585.54,0,0
11217,Midwest,Paid Search,Returning,Treatment,35,74.3,6,9,3.8,5.1,0.493,0.816,0.419,0.157,0,101.12,1.76,0.0,0.214,0.104,0.605,3.11,3.6,1,13.4,6.0,6,6,146,1,86.36,0,0
11218,South,Referral,Returning,Control,38,,20,1,4.2,5.3,0.306,0.893,0.159,0.033,1,126.96,2.51,152.86,0.394,0.109,0.654,7.62,2.2,1,16.2,10.0,4,4,65,11,1497.92,1,0
11219,South,Organic Search,Loyal,Treatment,35,72.8,27,15,15.1,11.3,0.386,0.603,0.313,0.054,1,121.88,2.26,152.47,0.331,0.081,0.664,6.37,5.1,0,,8.0,4,2,89,7,1061.58,0,0
11220,South,Organic Search,Loyal,Control,30,84.7,30,10,9.1,7.3,0.215,0.911,0.258,0.047,0,103.09,1.7,0.0,0.246,0.027,0.688,6.3,3.3,1,26.2,9.0,5,6,122,2,187.4,0,0
11221,South,Social,Returning,Control,47,49.2,7,16,4.3,4.5,0.43,0.519,0.36,0.037,2,55.14,1.76,109.46,0.221,0.151,0.769,6.42,4.6,2,11.5,7.0,4,5,14,3,167.58,0,0
11222,South,Organic Search,Returning,Treatment,41,,9,1,4.4,4.2,0.312,0.672,0.407,0.118,2,84.47,3.53,156.01,0.381,0.068,0.826,4.07,5.4,1,76.4,,5,5,63,2,177.11,0,0
11223,West,Social,Returning,Treatment,59,91.5,12,2,10.7,7.3,0.492,0.772,0.224,0.007,0,144.85,3.45,0.0,0.553,0.049,0.72,5.6,4.5,0,,7.0,3,4,138,1,146.88,0,0
11224,West,Email,Loyal,Control,40,74.5,30,9,10.6,7.9,0.176,0.771,0.326,0.085,2,49.33,1.8,85.55,0.362,0.097,0.573,9.28,3.6,1,25.0,9.0,7,7,60,4,212.41,0,0
11225,Northeast,Paid Search,New,Treatment,47,86.2,4,4,4.6,4.8,0.567,0.69,0.182,0.014,1,129.88,2.4,127.17,0.438,0.04,0.716,5.71,3.4,0,,6.0,5,5,42,1,136.36,0,0
11226,West,Social,Returning,Control,42,63.1,14,12,7.0,7.5,0.47,0.614,0.195,0.008,1,128.26,3.24,153.84,0.719,0.183,0.64,4.99,1.6,2,55.0,10.0,4,5,31,8,797.19,1,1
11227,Northeast,Paid Search,New,Treatment,39,230.5,2,7,10.6,8.6,0.228,0.906,0.314,0.063,0,112.9,2.38,0.0,0.352,0.07,0.852,3.45,2.6,1,51.5,6.0,6,7,205,1,88.77,0,0
11228,South,Organic Search,Loyal,Treatment,34,114.6,25,8,3.5,5.4,0.198,0.848,0.311,0.071,1,63.33,3.26,40.55,0.25,0.045,0.707,2.76,6.1,2,6.1,,5,5,34,5,320.5,0,1
11229,West,Organic Search,Returning,Control,27,90.4,9,3,5.5,5.1,0.173,0.692,0.486,0.116,0,79.41,2.31,0.0,0.064,0.051,0.617,5.31,2.9,0,,10.0,3,4,126,1,93.51,0,1
11230,Northeast,Organic Search,Returning,Treatment,45,90.2,8,9,6.6,6.8,0.128,0.946,0.259,0.077,2,89.69,2.6,180.07,0.064,0.094,0.76,4.09,3.3,1,22.1,8.0,4,4,56,1,85.03,0,0
11231,South,Email,New,Control,38,53.1,4,4,7.7,6.1,0.271,0.86,0.47,0.048,0,140.23,3.77,0.0,0.277,0.116,0.617,8.08,4.2,1,14.9,5.0,4,4,212,3,416.14,0,0
11232,Northeast,Organic Search,Returning,Treatment,21,46.5,17,7,6.9,5.5,0.141,0.956,0.304,0.053,1,122.82,3.48,129.41,0.132,0.008,0.729,2.38,4.3,1,36.0,7.0,3,3,89,4,480.96,0,1
11233,South,Social,Loyal,Control,42,44.6,28,11,3.8,4.2,0.565,0.823,0.544,0.15,3,56.29,2.98,183.76,0.449,0.037,0.822,4.97,8.7,0,,5.0,5,5,4,1,54.29,0,0
11234,South,Organic Search,Returning,Control,53,44.0,6,2,6.8,6.6,0.235,0.796,0.213,0.007,0,86.14,2.7,0.0,0.501,0.087,0.877,9.39,4.4,1,40.7,8.0,5,5,116,4,398.48,0,0
11235,West,Organic Search,Returning,Treatment,34,85.7,15,9,6.0,6.0,0.252,0.955,0.492,0.039,2,62.76,2.95,122.31,0.123,0.069,0.75,4.64,4.4,1,9.0,10.0,1,2,27,4,187.56,0,0
11236,West,Social,Returning,Control,51,48.6,24,12,12.2,8.5,0.544,0.849,0.199,0.015,4,87.97,2.15,304.61,0.091,0.117,0.875,5.66,2.6,0,,8.0,4,5,19,1,85.07,1,1
11237,Midwest,Social,New,Treatment,40,69.6,5,5,20.8,11.9,0.347,0.624,0.521,0.135,0,91.36,3.24,0.0,0.392,0.179,0.728,2.88,4.9,0,,7.0,6,6,211,1,104.63,1,0
11238,West,Social,Returning,Control,37,67.3,21,9,9.1,7.3,0.354,0.882,0.361,0.057,3,73.07,2.74,204.91,0.223,0.071,0.674,7.76,2.0,0,,5.0,6,5,1,1,61.85,1,0
11239,Northeast,Organic Search,Returning,Control,42,41.2,14,5,10.5,8.6,0.172,0.727,0.232,0.02,0,103.19,2.59,0.0,0.32,0.061,0.669,5.04,4.1,1,42.4,10.0,5,6,365,2,215.26,1,0
11240,Northeast,Social,Loyal,Control,55,71.3,26,18,14.9,11.4,0.453,0.572,0.394,0.048,5,76.17,2.78,448.12,0.099,0.078,0.701,11.55,4.7,1,17.1,8.0,5,4,20,6,525.59,0,1
11241,South,Organic Search,Loyal,Control,39,36.5,66,12,3.2,4.7,0.274,0.643,0.392,0.019,2,89.62,2.46,184.04,0.265,0.028,0.626,7.98,7.0,0,,4.0,6,6,63,15,1458.44,0,0
11242,Northeast,Social,Returning,Treatment,32,89.5,7,11,3.9,4.4,0.341,0.743,0.21,0.019,1,57.25,1.53,54.46,0.35,0.126,0.596,4.73,3.3,3,16.7,,5,5,60,1,58.44,0,1
11243,South,Social,Returning,Treatment,58,61.8,10,15,7.2,8.2,0.306,0.706,0.254,0.035,2,76.51,1.0,184.0,0.339,0.15,0.663,4.91,6.0,0,,8.0,4,4,77,1,67.17,0,0
11244,West,Organic Search,Returning,Control,21,60.3,14,12,5.3,4.9,0.155,0.935,0.196,0.047,0,65.14,1.33,0.0,0.073,0.044,0.73,6.21,4.8,1,14.9,4.0,3,3,119,4,271.37,0,0
11245,Midwest,Organic Search,Loyal,Control,61,37.0,32,18,5.3,8.4,0.185,0.746,0.274,0.051,4,100.2,3.88,436.34,0.41,0.052,0.429,9.82,4.0,0,,10.0,4,5,14,4,382.71,0,0
11246,South,Social,Loyal,Control,50,83.1,41,4,2.4,4.1,0.463,0.669,0.222,0.052,2,107.86,1.99,217.79,0.227,0.037,0.803,5.44,3.4,0,,9.0,2,3,13,6,618.02,0,0
11247,West,Social,Loyal,Treatment,37,135.2,73,13,4.2,5.2,0.381,0.847,0.207,0.007,4,111.94,1.82,456.65,0.433,0.112,0.816,3.15,4.3,2,22.5,7.0,5,5,27,9,861.15,0,0
11248,South,Social,Loyal,Treatment,61,63.4,32,8,1.4,6.5,0.364,0.916,0.191,0.034,0,88.12,3.43,0.0,0.144,0.102,0.638,5.59,1.6,1,17.6,10.0,6,6,237,1,79.92,0,0
11249,Northeast,Social,Returning,Control,63,71.0,15,14,8.6,7.0,0.356,0.692,0.496,0.061,3,116.68,4.33,307.64,0.28,0.084,0.642,5.24,2.7,0,,,6,5,45,2,226.32,0,0
11250,West,Social,Returning,Control,38,47.2,19,7,5.8,5.6,0.399,0.93,0.346,0.083,0,40.82,2.86,0.0,0.375,0.131,0.763,5.38,2.7,0,,4.0,6,7,176,4,149.32,1,0
11251,Midwest,Paid Search,New,Control,39,115.4,5,8,8.0,7.4,0.311,0.762,0.356,0.07,0,80.57,3.79,0.0,0.125,0.109,0.632,5.28,4.1,0,,,4,3,205,2,162.78,1,0
11252,West,Organic Search,Loyal,Control,46,49.8,52,18,6.1,6.0,0.311,0.427,0.088,0.017,3,81.1,3.13,257.24,0.354,0.168,0.747,8.11,2.4,6,40.7,6.0,3,3,6,11,980.86,0,0
11253,South,Organic Search,Returning,Treatment,74,35.6,19,4,9.5,8.3,0.343,0.601,0.088,0.001,0,106.47,3.39,0.0,0.112,0.05,0.713,7.09,2.0,2,24.8,10.0,5,6,148,3,382.67,0,0
11254,South,Social,New,Treatment,36,87.8,4,17,1.7,5.4,0.491,0.767,0.227,0.071,1,58.72,2.57,59.73,0.451,0.025,0.675,4.03,5.0,0,,6.0,3,3,4,1,48.64,0,0
11255,South,Paid Search,Returning,Treatment,43,48.3,11,10,8.5,7.9,0.492,0.8,0.103,0.011,3,86.44,2.86,265.13,0.458,0.101,0.677,2.97,4.7,2,15.2,7.0,4,3,6,4,347.15,1,0
11256,Midwest,Email,New,Treatment,35,72.5,2,5,9.2,8.1,0.089,0.919,0.339,0.004,0,63.2,1.5,0.0,0.524,0.056,0.518,5.93,4.8,1,17.7,8.0,5,6,95,2,134.65,1,0
11257,South,Email,Returning,Treatment,34,91.3,11,27,5.5,6.6,0.221,0.723,0.269,0.046,3,61.17,2.58,166.06,0.251,0.099,0.707,6.88,1.8,3,40.9,7.0,2,2,22,2,130.32,1,0
11258,West,Social,Returning,Treatment,33,84.2,23,9,5.4,6.7,0.446,0.907,0.215,0.039,1,140.5,2.99,135.89,0.141,0.146,0.714,2.95,3.1,1,24.4,7.0,7,6,89,7,940.84,0,0
11259,Northeast,Paid Search,Returning,Treatment,50,95.1,21,5,7.3,6.4,0.524,0.889,0.322,0.035,1,81.46,2.51,65.55,0.388,0.079,0.85,2.94,3.7,0,,10.0,5,6,61,2,201.73,1,0
11260,Northeast,Organic Search,New,Control,42,40.5,5,6,6.8,6.1,0.293,0.554,0.188,0.018,0,87.92,2.73,0.0,0.14,0.045,0.868,11.32,3.9,1,33.2,3.0,5,5,139,1,95.65,0,0
11261,South,Paid Search,Returning,Control,40,105.4,24,11,9.8,7.3,0.363,0.772,0.094,0.012,2,84.27,3.01,176.27,0.415,0.054,0.665,9.2,3.6,1,22.1,8.0,5,6,7,4,418.1,0,0
11262,Northeast,Organic Search,Returning,Treatment,41,86.5,17,24,15.1,9.4,0.167,0.89,0.478,0.046,5,123.66,3.28,621.98,0.204,0.046,0.563,3.42,2.5,0,,9.0,4,5,22,2,265.75,0,0
11263,Midwest,Social,Loyal,Treatment,52,67.1,30,4,5.9,7.8,0.415,0.641,0.303,0.065,1,83.75,2.28,69.98,0.489,0.125,0.739,4.9,3.5,1,42.9,8.0,3,3,2,3,315.78,0,0
11264,West,Paid Search,New,Control,34,120.4,5,2,3.6,4.5,0.477,0.942,0.268,0.007,0,84.63,1.79,0.0,0.472,0.119,0.632,6.65,3.1,0,,7.0,7,7,301,1,70.23,1,0
11265,Midwest,Organic Search,Loyal,Treatment,40,76.3,35,12,6.7,8.2,0.248,0.791,0.35,0.05,3,60.08,2.67,130.44,0.158,0.012,0.579,2.09,1.8,0,,10.0,3,3,15,3,153.75,0,1
11266,West,Paid Search,Returning,Treatment,53,90.0,11,5,2.8,4.2,0.35,0.275,0.378,0.055,2,56.4,1.18,98.84,0.535,0.028,0.628,6.02,1.5,1,49.1,6.0,4,4,11,4,194.86,0,0
11267,South,Paid Search,Returning,Treatment,34,35.1,17,2,2.9,4.5,0.433,0.632,0.218,0.035,0,57.27,1.99,0.0,0.186,0.069,0.533,4.96,3.8,1,38.0,4.0,6,6,252,5,246.82,1,0
11268,South,Paid Search,Loyal,Control,49,94.9,30,11,6.3,6.0,0.683,0.48,0.312,0.014,1,227.15,2.7,261.38,0.299,0.073,0.752,5.39,5.0,1,13.7,8.0,4,4,50,7,1867.84,0,0
11269,Midwest,Paid Search,Returning,Treatment,50,58.0,17,17,3.9,4.5,0.218,0.868,0.239,0.007,1,107.35,2.98,140.68,0.259,0.191,0.606,2.53,5.0,1,8.4,9.0,7,7,86,3,328.74,0,0
11270,South,Email,Returning,Treatment,31,73.3,19,11,3.9,4.9,0.475,0.542,0.3,0.082,6,95.44,1.85,606.67,0.147,0.124,0.755,3.48,3.3,0,,9.0,6,6,9,3,359.22,0,0
11271,South,Social,Returning,Treatment,31,21.6,18,10,4.1,4.6,0.24,0.678,0.357,0.11,0,48.04,2.12,0.0,0.481,0.268,0.615,1.56,3.4,0,,7.0,3,3,148,1,47.24,1,0
11272,West,Email,Returning,Control,18,98.7,16,12,2.3,3.9,0.425,0.832,0.234,0.05,1,87.47,1.72,78.39,0.266,0.048,0.507,7.89,2.1,1,12.2,3.0,5,6,22,4,395.34,1,0
11273,South,Paid Search,New,Control,59,71.3,3,10,6.5,7.2,0.341,0.706,0.261,0.025,1,92.28,1.98,95.06,0.497,0.121,0.688,5.93,3.2,0,,,5,6,12,2,212.12,0,0
11274,Northeast,Paid Search,Loyal,Control,34,162.2,58,13,3.3,4.2,0.175,0.602,0.32,0.05,2,102.54,2.77,264.13,0.273,0.026,0.647,5.82,4.3,2,10.7,5.0,5,5,51,14,1332.82,0,0
11275,West,Social,New,Treatment,51,40.0,2,8,3.7,4.9,0.192,0.65,0.218,0.018,2,103.35,1.8,180.21,0.329,0.219,0.628,5.1,3.5,1,28.8,8.0,3,4,6,1,85.47,0,0
11276,South,Organic Search,Returning,Treatment,38,116.1,10,3,4.7,5.1,0.397,0.768,0.209,0.087,0,107.45,2.73,0.0,0.329,0.084,0.642,4.68,3.0,0,,6.0,5,5,216,3,282.13,0,0
11277,Midwest,Paid Search,Loyal,Control,20,42.0,47,22,4.7,4.5,0.541,0.825,0.291,0.045,2,73.54,1.84,133.8,0.536,0.039,0.61,8.0,3.1,0,,10.0,5,5,7,3,243.92,0,0
11278,Midwest,Organic Search,Loyal,Control,46,65.3,69,11,5.0,9.9,0.161,0.47,0.246,0.037,1,104.14,2.51,112.23,0.274,0.165,0.677,9.04,2.3,1,39.4,10.0,5,6,56,6,663.12,0,0
11279,Northeast,Referral,Returning,Treatment,29,119.8,13,7,2.9,5.3,0.217,0.945,0.362,0.019,1,95.84,2.34,112.64,0.155,0.023,0.606,8.38,3.8,0,,6.0,5,6,2,2,143.24,0,0
11280,Northeast,Paid Search,Loyal,Treatment,30,78.6,28,8,7.2,7.7,0.275,0.912,0.234,0.022,0,95.37,1.64,0.0,0.343,0.06,0.672,4.78,3.5,1,16.6,7.0,4,4,123,6,582.77,1,0
11281,West,Social,Returning,Treatment,41,126.8,9,6,6.9,5.9,0.292,0.899,0.312,0.054,1,114.56,3.72,105.08,0.367,0.096,0.844,4.16,3.5,0,,10.0,4,5,18,2,184.01,0,0
11282,Northeast,Organic Search,Returning,Treatment,53,113.9,7,9,4.9,4.5,0.351,0.79,0.425,0.093,3,117.83,3.35,388.33,0.195,0.109,0.762,6.44,3.0,0,,8.0,4,5,3,1,108.07,0,0
11283,South,Social,Loyal,Control,42,29.2,31,16,6.9,6.7,0.519,0.552,0.172,0.022,0,77.1,2.38,0.0,0.507,0.201,0.76,6.92,3.0,0,,9.0,3,4,167,4,311.32,1,0
11284,West,Paid Search,Returning,Treatment,34,127.9,17,11,3.2,6.3,0.504,0.615,0.266,0.039,2,95.54,3.15,130.69,0.246,0.055,0.605,5.39,2.7,0,,9.0,4,5,39,5,449.58,0,1
11285,West,Social,Returning,Control,45,78.9,22,1,3.4,7.0,0.5,0.731,0.3,0.011,0,67.48,2.42,0.0,0.53,0.147,0.677,9.26,3.2,0,,10.0,6,6,119,2,116.82,1,0
11286,South,Organic Search,Returning,Control,34,33.9,12,6,6.8,6.5,0.163,0.948,0.189,0.025,3,54.94,1.88,176.8,0.315,0.085,0.552,5.12,5.0,0,,4.0,3,4,31,1,68.04,0,0
11287,South,Referral,Loyal,Treatment,21,56.1,50,14,7.9,5.9,0.353,0.919,0.151,0.025,2,123.17,2.5,242.36,0.275,0.111,0.541,6.11,4.7,3,27.2,7.0,5,7,18,5,553.42,0,1
11288,Midwest,Organic Search,New,Control,46,179.6,5,1,7.2,6.0,0.212,0.712,0.381,0.017,0,80.84,3.72,0.0,0.159,0.027,0.749,6.75,2.8,0,,10.0,4,4,163,2,149.54,0,1
11289,Northeast,Email,Returning,Treatment,44,111.2,9,3,11.7,8.9,0.197,0.482,0.51,0.092,2,73.78,1.54,183.08,0.227,0.043,0.761,2.75,4.7,2,37.3,,6,6,34,5,349.31,0,0
11290,Midwest,Organic Search,Loyal,Treatment,28,,62,7,6.1,5.2,0.386,0.699,0.105,0.009,2,86.42,2.01,160.24,0.01,0.019,0.626,2.67,3.1,2,11.7,7.0,5,5,54,11,1131.53,0,0
11291,Midwest,Referral,Returning,Treatment,64,157.2,12,11,2.7,6.3,0.54,0.651,0.395,0.027,2,88.66,2.66,212.7,0.615,0.085,0.772,4.34,3.7,0,,2.0,6,7,11,2,191.84,0,1
11292,Midwest,Organic Search,Returning,Treatment,72,131.7,19,13,3.8,6.1,0.201,0.68,0.248,0.074,0,115.43,2.76,0.0,0.347,0.018,0.56,5.66,2.1,0,,6.0,6,7,252,1,136.78,1,0
11293,South,Organic Search,New,Treatment,56,59.0,1,8,7.6,7.3,0.221,0.686,0.342,0.061,1,47.32,2.52,44.74,0.068,0.054,0.687,5.18,4.1,2,31.5,5.0,7,7,89,1,50.11,0,0
11294,Midwest,Organic Search,Returning,Treatment,26,57.9,22,6,10.1,8.2,0.203,0.771,0.461,0.043,0,70.03,2.93,0.0,0.15,0.158,0.553,2.81,4.0,1,10.9,,5,5,148,2,141.49,1,0
11295,Northeast,Paid Search,New,Control,45,40.0,3,4,3.9,4.7,0.455,0.905,0.43,0.07,0,84.19,2.39,0.0,0.324,0.118,0.576,8.59,2.6,1,15.1,5.0,5,5,185,1,78.67,0,0
11296,West,Organic Search,Loyal,Control,41,74.3,25,18,12.3,8.2,0.277,0.481,0.216,0.052,4,107.27,2.99,374.11,0.327,0.081,0.609,5.97,1.9,0,,10.0,4,5,43,3,333.95,0,0
11297,West,Paid Search,New,Control,50,91.7,5,6,7.5,6.4,0.469,0.734,0.166,0.043,1,75.85,3.46,84.72,0.634,0.073,0.823,8.21,2.8,0,,5.0,5,6,5,1,77.25,0,0
11298,Midwest,Email,Returning,Treatment,43,43.3,16,10,3.9,4.4,0.313,0.532,0.374,0.013,3,58.02,1.81,194.09,0.507,0.048,0.674,7.01,2.9,2,23.7,6.0,2,2,34,7,420.02,0,0
11299,West,Paid Search,Returning,Treatment,23,34.2,18,17,14.7,10.6,0.335,0.926,0.228,0.027,2,67.01,2.85,129.47,0.167,0.067,0.726,5.52,4.9,4,17.2,5.0,6,6,26,6,435.82,0,0
11300,West,Social,New,Control,41,98.1,3,4,6.5,8.3,0.509,0.822,0.175,0.012,0,94.12,2.4,0.0,0.196,0.11,0.721,7.61,3.4,2,56.9,9.0,5,7,98,1,91.52,0,0
11301,Midwest,Organic Search,Returning,Control,43,93.7,11,10,7.2,6.6,0.111,0.787,0.244,0.034,4,76.75,1.41,334.5,0.223,0.085,0.578,5.29,2.2,0,,9.0,5,5,3,1,77.96,0,0
11302,West,Email,Returning,Control,23,46.3,21,12,6.6,5.2,0.439,0.997,0.423,0.009,3,45.3,1.0,141.56,0.489,0.082,0.678,8.98,5.0,0,,7.0,5,6,25,4,174.64,0,0
11303,Northeast,Organic Search,Returning,Control,41,198.1,24,6,2.3,5.1,0.419,0.386,0.318,0.013,2,94.86,2.71,194.44,0.429,0.117,0.602,7.02,1.2,1,11.7,7.0,6,7,77,2,168.68,1,0
11304,Midwest,Referral,Returning,Control,34,51.7,9,6,6.3,8.3,0.288,0.742,0.199,0.006,1,62.99,2.55,77.0,0.177,0.074,0.672,1.78,4.1,1,7.0,9.0,6,6,78,3,175.85,0,0
11305,West,Paid Search,Returning,Treatment,78,,10,3,8.9,10.8,0.24,0.285,0.365,0.088,1,124.8,4.35,122.16,0.158,0.211,0.725,4.48,4.4,1,28.4,8.0,5,6,22,2,257.2,0,0
11306,Northeast,Email,Returning,Treatment,38,44.2,22,16,3.0,4.6,0.353,0.499,0.494,0.157,0,100.01,3.38,0.0,0.412,0.004,0.647,8.11,2.5,1,19.3,10.0,6,7,155,2,181.19,0,0
11307,South,Organic Search,New,Control,38,159.3,5,1,6.5,6.8,0.359,0.858,0.273,0.016,1,102.17,2.58,78.47,0.267,0.058,0.801,7.6,4.8,0,,8.0,5,5,81,1,93.86,0,0
11308,Midwest,Social,Returning,Treatment,18,91.8,7,11,1.6,3.9,0.286,0.653,0.401,0.059,6,84.96,1.25,476.53,0.264,0.083,0.465,4.8,4.2,1,24.7,1.0,3,3,21,1,102.14,0,0
11309,West,Referral,Loyal,Control,39,79.3,66,13,7.6,8.2,0.247,0.763,0.355,0.014,6,47.68,2.77,272.51,0.197,0.039,0.762,1.6,2.8,0,,7.0,6,6,18,16,783.52,0,0
11310,West,Organic Search,Loyal,Treatment,42,42.5,27,15,6.8,5.9,0.248,0.856,0.38,0.066,1,58.8,2.03,53.19,0.164,0.048,0.705,3.21,3.7,2,11.9,7.0,3,3,25,4,247.64,0,0
11311,Northeast,Social,Returning,Control,37,68.2,10,7,12.0,8.1,0.284,0.863,0.212,0.008,1,89.45,2.87,87.29,0.385,0.094,0.728,9.16,2.0,0,,8.0,4,5,5,4,350.16,0,0
11312,South,Organic Search,Returning,Treatment,44,109.2,10,11,12.3,10.5,0.172,0.814,0.226,0.011,0,60.45,1.44,0.0,0.244,0.049,0.677,8.68,4.3,0,,9.0,6,6,126,1,61.36,1,1
11313,Northeast,Organic Search,New,Treatment,36,73.3,5,1,8.2,7.3,0.3,0.359,0.351,0.109,0,109.95,2.19,0.0,0.257,0.071,0.726,4.51,2.6,0,,10.0,7,7,126,1,99.09,0,0
11314,Northeast,Referral,Loyal,Treatment,79,59.9,34,10,5.4,8.0,0.484,0.578,0.166,0.029,1,71.32,2.95,61.66,0.167,0.035,0.702,2.74,4.8,0,,8.0,6,6,66,5,400.6,0,0
11315,West,Organic Search,Returning,Control,18,46.8,10,11,3.3,8.2,0.173,0.713,0.216,0.018,0,72.44,1.39,0.0,0.525,0.016,0.621,4.12,2.2,0,,8.0,4,4,329,1,73.32,1,0
11316,Midwest,Paid Search,Loyal,Control,19,52.5,37,4,2.4,5.3,0.308,0.67,0.232,0.043,1,67.06,1.0,52.94,0.276,0.11,0.738,3.5,2.6,1,33.5,6.0,4,5,31,5,315.16,1,0
11317,West,Organic Search,Returning,Treatment,43,57.0,16,15,5.5,7.4,0.235,0.584,0.279,0.012,2,50.38,1.81,104.66,0.184,0.063,0.616,4.63,1.3,1,22.1,7.0,5,5,13,5,216.93,0,0
11318,Northeast,Social,Returning,Control,42,49.9,9,6,12.2,9.1,0.246,0.677,0.275,0.083,1,87.29,2.39,73.81,0.174,0.137,0.643,9.35,3.4,1,41.4,5.0,5,6,48,2,169.64,0,0
11319,West,Referral,Loyal,Treatment,36,79.2,27,4,9.7,6.6,0.273,0.556,0.223,0.043,1,91.75,2.47,90.92,0.343,0.088,0.609,1.8,4.8,2,24.2,9.0,4,5,20,5,445.4,0,0
11320,Northeast,Referral,Loyal,Treatment,59,175.4,74,18,4.6,4.9,0.293,0.332,0.227,0.042,2,138.54,3.47,265.42,0.201,0.224,0.784,6.72,2.5,2,34.4,8.0,5,5,17,18,2216.08,1,1
11321,Midwest,Organic Search,Returning,Treatment,55,37.7,9,6,15.3,9.8,0.126,0.621,0.206,0.011,0,83.91,1.92,0.0,0.424,0.017,0.591,2.31,4.7,0,,9.0,3,3,135,3,301.11,0,1
11322,West,Organic Search,Returning,Treatment,52,29.6,6,12,13.3,11.4,0.33,0.718,0.129,0.051,0,52.38,2.6,0.0,0.227,0.069,0.614,4.14,3.8,0,,,5,5,94,2,101.4,1,1
11323,Northeast,Organic Search,Returning,Treatment,41,55.4,9,3,4.1,4.8,0.312,0.836,0.251,0.015,2,54.76,1.39,136.94,0.331,0.015,0.633,6.21,4.1,0,,8.0,7,7,11,2,98.34,0,0
11324,Midwest,Referral,Returning,Control,43,207.2,6,13,4.0,7.6,0.2,0.856,0.34,0.013,4,59.18,2.71,256.23,0.291,0.041,0.838,7.54,3.3,0,,8.0,5,5,3,1,62.94,0,0
11325,Midwest,Paid Search,Returning,Control,56,38.0,10,13,2.7,3.8,0.513,0.655,0.073,0.015,1,88.04,2.06,99.97,0.605,0.15,0.821,6.38,2.2,0,,7.0,7,7,20,2,160.27,0,0
11326,South,Email,Returning,Control,51,57.4,12,10,6.8,7.3,0.264,0.422,0.399,0.027,2,78.75,2.85,132.74,0.35,0.047,0.689,9.14,3.7,0,,8.0,6,6,80,2,161.02,0,0
11327,Northeast,Email,Loyal,Treatment,39,146.2,36,14,7.4,7.6,0.238,0.966,0.323,0.013,2,109.72,2.3,218.4,0.647,0.034,0.687,2.93,4.8,2,23.0,5.0,5,5,8,4,366.14,0,0
11328,South,Paid Search,Returning,Control,40,,15,4,1.8,4.0,0.483,0.61,0.246,0.047,3,58.94,2.32,174.13,0.595,0.132,0.705,4.78,3.9,0,,8.0,5,4,30,2,102.67,0,0
11329,West,Social,Returning,Control,41,58.0,19,5,6.6,6.4,0.373,0.696,0.349,0.059,2,110.04,3.22,320.58,0.285,0.128,0.648,8.37,2.9,0,,8.0,5,6,20,2,233.75,0,0
11330,Northeast,Organic Search,Loyal,Treatment,55,92.8,26,21,5.3,5.5,0.468,0.513,0.27,0.012,7,145.8,3.38,1003.61,0.152,0.16,0.65,5.61,1.9,0,,8.0,6,6,1,3,380.0,0,0
11331,West,Referral,Returning,Control,40,41.9,19,28,19.8,11.8,0.316,0.803,0.282,0.024,5,92.39,1.59,496.38,0.231,0.055,0.655,4.98,3.6,1,12.8,6.0,5,5,6,2,215.61,0,0
11332,West,Email,New,Control,33,82.6,3,4,9.3,7.3,0.367,0.943,0.204,0.034,2,78.2,2.09,172.43,0.154,0.063,0.548,6.5,4.3,1,4.5,9.0,5,4,11,2,175.3,0,0
11333,West,Organic Search,New,Control,47,41.0,1,2,4.8,5.5,0.36,0.788,0.397,0.048,1,113.47,3.06,156.46,0.174,0.077,0.797,6.03,1.9,1,24.7,9.0,5,6,22,1,119.97,0,0
11334,West,Organic Search,Loyal,Treatment,20,185.7,32,10,4.4,5.2,0.246,0.839,0.324,0.061,3,128.33,2.51,427.97,0.167,0.045,0.547,6.65,2.1,0,,5.0,5,7,7,3,329.17,0,0
11335,West,Email,Returning,Treatment,32,98.0,11,6,6.3,7.6,0.328,0.91,0.282,0.026,0,119.83,3.22,0.0,0.397,0.04,0.442,0.45,3.2,0,,10.0,3,3,237,1,121.35,1,0
11336,South,Social,Loyal,Control,59,81.3,26,14,3.2,4.7,0.53,0.728,0.389,0.068,3,95.73,2.02,336.38,0.578,0.109,0.664,5.38,3.2,2,12.7,5.0,6,6,15,6,630.55,0,0
11337,South,Paid Search,Returning,Treatment,40,66.3,7,8,6.0,6.5,0.376,0.928,0.062,0.014,5,119.42,2.61,689.56,0.367,0.153,0.543,6.27,5.9,0,,9.0,6,6,7,1,110.96,0,0
11338,South,Organic Search,Returning,Treatment,66,76.0,14,25,8.0,7.0,0.279,0.292,0.084,0.008,2,83.49,3.18,209.42,0.275,0.098,0.616,5.82,5.5,0,,9.0,4,5,27,3,251.57,0,1
11339,Northeast,Organic Search,Loyal,Treatment,26,121.4,45,8,4.1,4.6,0.474,0.982,0.267,0.043,1,124.78,3.38,131.95,0.202,0.136,0.565,5.07,4.4,1,27.3,5.0,7,6,33,6,868.96,0,0
11340,Northeast,Paid Search,Loyal,Treatment,29,95.2,25,11,5.0,4.9,0.372,0.756,0.08,0.007,2,84.68,2.72,175.96,0.422,0.295,0.771,4.33,2.9,1,42.8,9.0,5,5,14,5,440.73,0,1
11341,Northeast,Social,Returning,Treatment,41,57.6,12,12,2.7,4.3,0.404,0.922,0.173,0.006,2,56.9,2.24,126.46,0.493,0.114,0.624,2.88,3.4,3,16.2,7.0,6,5,75,3,175.45,1,0
11342,South,Email,Loyal,Treatment,47,76.3,48,14,8.2,8.6,0.226,0.763,0.385,0.131,2,72.41,2.32,126.71,0.343,0.073,0.614,4.76,3.2,1,13.0,6.0,3,4,15,7,527.17,0,0
11343,Midwest,Paid Search,Returning,Control,37,64.7,16,5,10.8,7.5,0.366,0.757,0.199,0.052,2,49.5,2.77,89.28,0.473,0.031,0.598,3.48,3.4,4,14.7,3.0,5,5,11,10,486.91,0,1
11344,Midwest,Social,Loyal,Control,38,53.7,52,28,7.1,6.8,0.551,0.938,0.185,0.035,5,86.58,2.49,525.04,0.577,0.11,0.699,4.25,6.1,1,33.9,7.0,5,5,21,10,928.23,0,0
11345,Midwest,Social,Returning,Treatment,33,67.0,16,17,9.6,7.2,0.266,0.961,0.422,0.068,5,97.56,3.18,488.15,0.332,0.024,0.759,4.12,2.5,1,34.6,10.0,4,4,23,2,199.22,0,0
11346,South,Organic Search,New,Treatment,75,,3,3,5.4,5.8,0.249,0.752,0.32,0.091,0,140.66,3.37,0.0,0.352,0.033,0.769,4.9,3.3,0,,8.0,6,6,160,1,118.83,0,0
11347,West,Email,Loyal,Control,35,88.3,42,5,5.9,6.6,0.186,0.778,0.353,0.035,2,78.5,2.79,164.44,0.468,0.022,0.679,5.18,2.6,2,33.3,,5,5,33,5,329.18,1,0
11348,South,Organic Search,Returning,Control,53,55.9,18,17,7.3,6.5,0.335,0.522,0.429,0.093,5,92.01,2.15,446.45,0.015,0.166,0.69,7.08,6.0,0,,4.0,5,5,6,2,170.26,0,0
11349,South,Paid Search,Loyal,Control,55,35.7,35,7,6.6,6.1,0.407,0.531,0.25,0.045,1,134.16,2.99,123.86,0.559,0.036,0.688,6.0,5.0,3,27.2,5.0,5,4,26,9,1167.98,1,0
11350,Midwest,Organic Search,Loyal,Control,56,97.3,32,9,4.1,4.4,0.284,0.513,0.337,0.066,1,127.86,3.16,114.79,0.241,0.007,0.672,7.2,3.9,0,,9.0,6,6,24,5,672.21,0,0
11351,South,Organic Search,Loyal,Control,24,101.4,36,13,6.2,5.5,0.211,0.714,0.263,0.036,1,95.19,2.48,85.34,0.488,0.022,0.617,4.65,4.8,0,,8.0,4,5,16,2,215.55,0,0
11352,Northeast,Social,Returning,Control,61,126.0,12,6,7.4,5.8,0.484,0.603,0.191,0.027,0,109.89,2.55,0.0,0.453,0.184,0.655,6.49,4.8,1,24.3,9.0,7,7,196,2,185.58,0,0
11353,Midwest,Referral,Returning,Control,50,50.0,10,10,3.0,4.1,0.206,0.796,0.275,0.023,2,98.59,2.74,237.69,0.487,0.054,0.598,9.52,3.8,0,,5.0,5,5,7,1,96.93,0,0
11354,Northeast,Organic Search,Returning,Control,18,49.9,7,6,16.1,10.9,0.152,0.922,0.404,0.041,3,93.53,1.8,300.02,0.147,0.016,0.631,9.68,1.9,3,28.4,3.0,4,6,40,1,108.03,0,0
11355,South,Social,Returning,Treatment,34,36.4,18,7,6.1,5.7,0.37,0.827,0.407,0.051,2,49.77,3.22,120.34,0.52,0.135,0.734,8.06,5.0,2,39.9,5.0,5,6,28,7,359.79,0,0
11356,Midwest,Paid Search,Loyal,Control,44,76.3,30,78,4.3,8.7,0.284,0.658,0.424,0.066,26,244.36,3.47,6353.36,0.368,0.165,0.475,8.35,1.5,26,20.6,0.0,6,6,5,205,65844.38,1,0
11357,West,Paid Search,Returning,Treatment,36,72.8,14,12,7.0,7.4,0.349,0.781,0.229,0.01,2,89.53,2.13,175.15,0.263,0.041,0.567,3.85,3.8,1,10.4,7.0,6,6,13,1,72.71,0,0
11358,West,Organic Search,Returning,Control,35,47.4,8,3,2.3,4.5,0.428,0.779,0.175,0.017,1,40.76,1.72,29.28,0.296,0.068,0.396,4.91,4.2,0,,8.0,4,4,26,1,44.03,0,0
11359,West,Social,Returning,Treatment,42,148.5,13,12,4.6,5.0,0.369,0.601,0.482,0.121,2,110.67,3.55,246.18,0.325,0.13,0.757,6.43,2.6,1,13.8,7.0,6,7,48,2,264.06,0,0
11360,West,Paid Search,Returning,Control,47,79.0,23,8,7.1,8.9,0.256,0.75,0.255,0.005,3,81.1,2.84,201.98,0.355,0.04,0.716,10.39,2.3,1,27.9,9.0,5,5,1,2,158.39,0,0
11361,West,Email,Returning,Treatment,40,,19,20,5.2,4.8,0.196,0.548,0.213,0.027,4,44.38,2.3,205.89,0.35,0.063,0.727,3.25,2.7,0,,8.0,2,3,23,1,52.54,0,0
11362,West,Organic Search,Loyal,Control,24,118.2,27,1,8.7,8.0,0.235,0.982,0.28,0.029,0,64.45,3.05,0.0,0.33,0.074,0.594,7.36,4.6,0,,9.0,6,6,312,2,152.25,1,0
11363,Midwest,Referral,Loyal,Treatment,54,234.6,26,16,5.2,6.6,0.29,0.761,0.302,0.03,1,162.18,3.64,107.97,0.582,0.051,0.737,1.95,3.7,2,28.0,5.0,7,6,63,9,1380.01,1,0
11364,Northeast,Social,Returning,Treatment,56,35.5,10,9,4.4,6.1,0.271,0.458,0.345,0.059,1,74.6,1.96,68.55,0.566,0.218,0.698,3.43,4.7,1,13.9,5.0,6,7,33,3,226.85,0,0
11365,Northeast,Paid Search,Loyal,Treatment,73,75.9,28,4,7.1,7.1,0.536,0.769,0.157,0.028,1,105.89,2.99,103.76,0.184,0.029,0.747,2.92,3.5,2,33.6,7.0,4,5,8,5,510.92,0,0
11366,Midwest,Email,Returning,Control,40,97.5,15,21,5.0,4.6,0.224,0.797,0.247,0.006,3,75.15,1.88,227.86,0.52,0.097,0.628,6.31,4.2,4,8.3,4.0,4,3,39,2,137.42,0,0
11367,South,Paid Search,New,Control,44,85.6,3,10,5.3,7.0,0.464,0.552,0.142,0.004,1,89.03,2.65,109.36,0.348,0.203,0.624,6.5,6.2,0,,5.0,3,3,65,1,81.97,0,0
11368,West,Email,Returning,Control,18,66.9,12,9,3.0,5.5,0.405,0.926,0.193,0.013,1,105.97,3.02,130.1,0.517,0.127,0.564,5.55,3.1,1,24.4,5.0,4,5,5,2,218.63,0,0
11369,Northeast,Email,New,Treatment,46,39.6,4,10,3.6,5.2,0.3,0.934,0.384,0.013,1,131.82,2.53,121.88,0.289,0.099,0.683,4.75,4.4,2,32.6,9.0,3,3,89,1,118.43,0,0
11370,West,Referral,Returning,Control,54,60.3,19,5,5.6,5.5,0.227,0.754,0.168,0.034,3,109.96,2.66,311.02,0.397,0.014,0.677,7.93,3.1,0,,5.0,7,7,2,3,309.55,0,0
11371,Northeast,Social,Returning,Treatment,47,85.8,13,18,5.6,5.5,0.721,0.909,0.257,0.028,4,84.93,1.5,298.16,0.416,0.177,0.736,3.22,3.9,0,,,5,6,26,3,276.94,0,0
11372,South,Organic Search,New,Control,20,42.9,5,14,8.7,6.7,0.174,0.975,0.131,0.003,2,78.71,2.9,167.18,0.334,0.183,0.732,5.46,2.3,0,,,5,6,23,1,72.87,0,0
11373,Northeast,Referral,Loyal,Control,40,90.0,96,11,5.5,6.9,0.255,0.818,0.227,0.013,4,83.3,2.67,311.08,0.067,0.083,0.666,10.24,2.7,7,11.2,3.0,4,4,4,27,2189.79,0,0
11374,Midwest,Social,Returning,Treatment,32,55.2,7,5,4.2,5.2,0.506,0.904,0.143,0.013,1,72.37,1.91,67.05,0.178,0.118,0.801,5.27,3.6,0,,5.0,5,6,22,1,88.67,1,0
11375,West,Social,Returning,Treatment,18,93.7,8,9,4.9,4.4,0.307,0.981,0.242,0.014,1,54.76,2.2,61.82,0.619,0.03,0.84,5.38,2.0,1,17.8,8.0,6,5,89,3,165.93,0,1
11376,South,Referral,Loyal,Control,32,82.0,31,23,12.7,7.9,0.368,0.774,0.614,0.276,8,47.11,2.17,345.1,0.359,0.045,0.567,8.25,4.5,0,,4.0,3,3,23,7,352.94,0,1
11377,Northeast,Organic Search,Returning,Control,32,35.2,22,4,6.8,6.0,0.337,0.521,0.134,0.031,0,99.85,1.06,0.0,0.366,0.025,0.742,7.7,3.3,4,59.9,8.0,6,7,277,3,352.07,1,0
11378,South,Organic Search,New,Treatment,29,33.4,4,4,16.5,10.1,0.421,0.731,0.129,0.005,3,56.52,2.1,149.0,0.642,0.022,0.791,2.21,4.7,0,,,6,5,55,3,183.0,0,0
11379,Midwest,Paid Search,Returning,Treatment,39,47.7,21,14,6.1,5.1,0.41,0.699,0.242,0.008,1,105.91,1.78,109.52,0.422,0.058,0.731,5.24,4.8,0,,8.0,5,5,52,3,291.32,0,0
11380,West,Organic Search,Loyal,Control,55,65.5,29,9,5.7,6.4,0.253,0.255,0.512,0.073,2,68.67,1.07,165.42,0.244,0.102,0.697,7.37,4.4,0,,7.0,4,4,55,5,325.5,0,0
11381,South,Paid Search,Loyal,Control,54,34.5,41,13,4.3,4.7,0.288,0.846,0.11,0.026,2,45.15,1.93,83.84,0.263,0.168,0.751,4.66,2.9,3,42.9,8.0,6,6,19,6,318.61,0,0
11382,Northeast,Referral,Returning,Control,56,85.2,10,8,16.7,9.6,0.36,0.818,0.287,0.096,3,90.62,1.72,210.59,0.302,0.074,0.691,4.21,2.4,3,21.2,6.0,4,4,69,2,194.19,0,0
11383,Midwest,Paid Search,Returning,Treatment,25,41.6,11,5,8.2,7.5,0.372,0.694,0.158,0.046,2,73.86,2.38,181.57,0.191,0.062,0.622,2.2,5.7,0,,6.0,7,7,10,3,244.05,0,0
11384,South,Referral,Loyal,Treatment,24,68.6,62,12,6.4,6.5,0.313,0.941,0.334,0.046,1,56.96,1.95,60.12,0.069,0.034,0.66,7.48,4.7,3,11.0,8.0,5,5,16,19,1006.11,0,0
11385,Northeast,Organic Search,Returning,Control,32,81.7,13,13,7.4,8.6,0.207,0.963,0.326,0.05,2,95.67,2.58,190.39,0.314,0.043,0.785,5.07,3.0,0,,6.0,6,6,42,3,368.15,0,0
11386,South,Organic Search,Returning,Treatment,35,53.1,24,14,10.5,6.9,0.354,0.743,0.353,0.01,1,45.83,2.4,51.54,0.243,0.01,0.584,3.69,2.8,2,17.0,8.0,6,6,2,6,258.21,0,0
11387,South,Referral,Loyal,Control,51,131.9,44,15,4.6,5.1,0.213,0.718,0.187,0.011,2,101.47,2.41,188.04,0.261,0.084,0.565,7.78,3.4,1,11.4,9.0,4,5,34,5,508.52,0,1
11388,South,Social,Returning,Treatment,44,47.4,8,6,7.7,5.9,0.471,0.939,0.251,0.08,0,66.71,2.32,0.0,0.424,0.096,0.653,6.67,1.7,2,19.7,8.0,6,6,112,2,123.84,1,0
11389,West,Social,Loyal,Treatment,52,103.4,37,14,5.8,6.4,0.259,0.574,0.189,0.064,2,92.29,2.21,140.31,0.432,0.091,0.517,6.14,3.3,2,31.1,4.0,6,7,7,1,74.9,0,0
11390,South,Email,Returning,Treatment,34,101.0,9,11,3.1,4.1,0.617,0.924,0.261,0.06,2,57.34,2.33,92.36,0.155,0.029,0.726,4.68,3.0,2,13.5,7.0,5,6,27,4,241.42,1,0
11391,South,Organic Search,Returning,Treatment,18,80.4,20,10,9.4,7.5,0.234,0.964,0.132,0.021,1,91.81,1.94,77.02,0.219,0.12,0.643,5.76,3.9,1,6.3,5.0,5,5,5,3,300.53,0,0
11392,West,Email,Loyal,Treatment,46,32.7,34,10,4.3,5.9,0.328,0.755,0.272,0.013,0,74.45,3.01,0.0,0.336,0.055,0.675,5.42,2.6,2,49.4,9.0,4,5,204,5,364.62,0,0
11393,West,Paid Search,Loyal,Treatment,34,41.5,40,2,2.1,4.6,0.313,0.765,0.079,0.006,2,54.86,1.0,139.87,0.568,0.012,0.581,2.56,3.7,1,7.4,7.0,7,7,45,8,378.85,1,0
11394,Midwest,Organic Search,Loyal,Treatment,41,76.2,25,12,6.6,6.0,0.324,0.914,0.323,0.03,2,58.96,1.46,99.55,0.032,0.05,0.601,3.66,4.3,0,,,4,4,3,1,54.25,0,0
11395,West,Social,Returning,Treatment,30,85.1,12,19,4.4,6.7,0.402,0.81,0.262,0.01,2,131.31,3.42,205.53,0.87,0.115,0.698,4.8,1.9,2,10.1,5.0,6,7,6,2,312.79,0,1
11396,Midwest,Email,New,Control,24,64.1,1,6,4.7,4.3,0.334,0.967,0.216,0.028,1,135.49,2.94,125.13,0.21,0.027,0.596,8.16,4.4,0,,,4,5,19,2,225.32,0,0
11397,West,Organic Search,Returning,Control,47,32.0,13,5,5.6,4.8,0.279,0.574,0.085,0.008,0,105.82,1.75,0.0,0.183,0.035,0.649,3.73,1.6,0,,,4,5,314,3,282.54,1,0
11398,South,Organic Search,Returning,Control,77,71.3,12,2,6.0,7.1,0.232,0.25,0.066,0.019,1,147.19,3.53,171.79,0.106,0.096,0.643,9.99,2.8,2,37.4,2.0,4,4,49,5,904.38,0,0
11399,South,Email,Returning,Control,38,78.6,6,5,8.6,7.4,0.144,0.908,0.259,0.032,0,63.02,2.18,0.0,0.12,0.094,0.528,8.5,2.3,0,,9.0,6,6,175,1,58.58,0,1
11400,West,Email,Loyal,Treatment,46,95.3,36,19,4.9,4.8,0.146,0.82,0.38,0.058,3,59.34,2.11,150.77,0.188,0.033,0.771,7.53,1.6,1,7.2,10.0,4,5,33,8,486.37,0,1
11401,South,Email,Returning,Treatment,43,73.4,8,7,4.9,6.7,0.404,0.866,0.45,0.148,0,129.54,2.97,0.0,0.224,0.086,0.679,5.56,3.5,2,45.9,8.0,4,3,106,2,296.32,0,0
11402,Northeast,Paid Search,Returning,Control,28,93.6,6,6,4.4,9.5,0.278,0.443,0.266,0.032,1,69.17,2.79,68.26,0.533,0.063,0.655,6.07,3.8,1,37.8,6.0,6,6,39,1,70.36,0,0
11403,South,Paid Search,Returning,Control,43,90.9,21,15,6.1,5.5,0.182,0.762,0.162,0.007,3,94.36,1.99,338.39,0.271,0.091,0.592,5.55,5.4,1,35.3,5.0,5,5,5,3,336.62,0,0
11404,Midwest,Social,Loyal,Control,34,56.2,29,25,2.4,3.5,0.46,0.776,0.291,0.058,6,77.22,1.58,467.82,0.522,0.114,0.752,6.89,1.9,1,16.6,10.0,5,5,16,4,316.98,0,0
11405,West,Paid Search,Loyal,Control,44,45.8,26,17,10.8,8.1,0.45,0.76,0.316,0.068,1,71.52,2.32,74.41,0.316,0.144,0.748,8.64,2.9,0,,7.0,6,6,13,2,162.89,0,0
11406,South,Paid Search,Returning,Treatment,18,122.5,11,10,2.8,3.5,0.23,0.887,0.43,0.03,1,139.63,2.98,159.6,0.292,0.157,0.576,6.88,4.9,2,13.2,6.0,5,6,89,3,526.73,1,1
11407,Midwest,Email,Loyal,Treatment,77,68.3,30,16,5.8,4.9,0.226,0.599,0.259,0.018,4,85.85,1.9,473.9,0.678,0.072,0.771,4.59,6.3,1,15.2,10.0,4,4,28,6,486.36,0,0
11408,South,Organic Search,Returning,Control,34,103.0,12,8,15.5,10.5,0.172,0.649,0.072,0.003,1,65.44,2.41,70.55,0.221,0.088,0.574,4.17,3.0,0,,7.0,5,5,49,2,111.47,0,0
11409,Midwest,Paid Search,New,Treatment,37,54.8,2,8,7.5,5.9,0.418,0.729,0.315,0.03,1,79.99,1.44,74.97,0.311,0.061,0.556,7.33,4.9,0,,9.0,2,4,65,1,77.47,0,0
11410,Northeast,Email,New,Treatment,50,122.7,3,17,3.9,6.7,0.088,0.415,0.185,0.034,3,35.04,1.72,141.99,0.324,0.025,0.709,5.36,1.4,2,11.8,9.0,4,5,12,3,90.93,0,0
11411,Midwest,Email,New,Control,50,15.0,4,9,6.9,7.1,0.3,0.533,0.29,0.009,2,41.53,3.05,81.87,0.38,0.016,0.648,9.05,3.1,0,,6.0,5,6,7,1,39.2,1,0
11412,South,Referral,Loyal,Control,49,75.3,46,10,4.3,4.3,0.325,0.57,0.148,0.009,4,82.77,2.26,334.1,0.346,0.067,0.848,8.92,3.8,0,,8.0,4,4,5,9,671.45,0,0
11413,West,Referral,Loyal,Control,29,154.8,66,19,7.3,6.1,0.379,0.659,0.148,0.043,4,93.91,2.69,463.33,0.042,0.029,0.699,6.15,2.6,0,,6.0,5,6,27,2,188.23,0,0
11414,West,Organic Search,Returning,Treatment,43,65.2,11,20,4.7,4.9,0.24,0.727,0.22,0.007,1,56.4,1.45,45.29,0.102,0.056,0.551,3.37,1.7,0,,9.0,7,7,53,2,91.92,0,0
11415,Midwest,Email,Returning,Control,45,94.8,7,5,6.4,9.8,0.281,0.774,0.383,0.005,0,112.21,2.63,0.0,0.303,0.04,0.691,7.81,3.4,2,12.9,7.0,5,6,297,2,267.01,1,0
11416,South,Organic Search,Returning,Treatment,31,99.9,15,6,8.0,6.5,0.257,0.957,0.294,0.021,1,87.16,2.89,77.47,0.328,0.009,0.812,1.09,3.9,1,15.9,7.0,3,4,4,3,290.11,0,0
11417,Northeast,Paid Search,Loyal,Treatment,72,144.4,31,4,4.9,5.2,0.472,0.685,0.11,0.005,3,67.86,2.54,184.9,0.422,0.149,0.681,5.31,2.3,5,38.4,8.0,4,4,6,13,995.0,1,0
11418,West,Organic Search,Returning,Treatment,37,,11,6,8.3,11.1,0.315,0.902,0.269,0.058,3,126.96,3.34,392.73,0.214,0.051,0.599,5.53,3.7,1,39.9,5.0,5,5,24,2,246.47,0,0
11419,South,Social,New,Treatment,46,53.9,2,4,10.6,9.0,0.253,0.942,0.274,0.034,0,43.28,2.3,0.0,0.132,0.064,0.604,5.48,4.3,0,,9.0,5,6,124,1,45.64,0,0
11420,West,Paid Search,Loyal,Treatment,37,28.8,26,14,5.4,5.2,0.597,0.911,0.152,0.027,2,67.62,2.71,145.52,0.569,0.104,0.574,4.58,2.3,1,15.9,10.0,6,6,89,3,164.28,0,1
11421,South,Organic Search,Returning,Treatment,42,72.1,19,14,12.9,8.4,0.206,0.746,0.235,0.075,4,105.03,2.73,368.77,0.167,0.064,0.701,3.9,3.4,0,,,4,3,37,1,98.29,0,0
11422,West,Email,Returning,Control,37,70.2,13,15,8.6,10.1,0.32,0.786,0.48,0.055,4,94.76,2.13,335.05,0.489,0.072,0.651,5.09,1.8,1,37.2,8.0,3,3,10,2,163.05,0,0
11423,West,Social,Returning,Treatment,45,52.6,7,13,8.6,6.7,0.27,0.659,0.17,0.006,2,66.83,2.53,162.21,0.396,0.145,0.782,2.38,2.1,1,22.2,7.0,4,4,25,1,71.97,1,1
11424,South,Email,Returning,Control,43,69.9,7,16,5.2,6.6,0.447,0.604,0.341,0.013,2,83.26,2.85,169.74,0.336,0.146,0.842,5.54,3.0,0,,10.0,5,6,18,1,82.78,0,1
11425,West,Organic Search,Returning,Control,23,79.0,22,4,3.5,4.4,0.312,0.91,0.196,0.032,1,120.29,3.16,119.08,0.2,0.048,0.744,4.07,1.6,0,,8.0,7,7,9,1,146.98,0,0
11426,West,Social,Returning,Treatment,59,69.7,17,12,13.2,8.9,0.349,0.865,0.336,0.007,3,143.25,3.11,419.54,0.335,0.104,0.693,5.44,3.2,1,28.9,7.0,7,7,18,2,269.35,1,0
11427,South,Social,Loyal,Treatment,31,79.0,31,38,26.5,15.6,0.379,0.762,0.098,0.006,6,85.21,3.62,536.57,0.395,0.094,0.517,4.38,5.4,1,36.4,7.0,3,4,12,10,994.54,0,1
11428,West,Organic Search,Returning,Control,36,,8,7,16.7,11.0,0.147,0.859,0.218,0.05,3,79.97,1.65,342.17,0.3,0.117,0.809,2.5,1.2,1,63.6,8.0,7,7,33,2,150.7,1,0
11429,West,Social,Returning,Control,44,43.0,6,19,6.2,8.3,0.4,0.804,0.354,0.019,1,87.79,2.58,77.06,0.346,0.034,0.775,7.46,3.3,2,14.3,8.0,6,7,17,1,90.89,0,1
11430,Midwest,Paid Search,Returning,Control,38,54.0,17,3,5.2,4.8,0.284,0.724,0.14,0.009,0,44.41,1.95,0.0,0.399,0.028,0.762,7.35,4.5,1,23.5,6.0,4,5,106,1,37.5,0,0
11431,West,Paid Search,New,Treatment,44,55.4,4,2,5.6,4.9,0.507,0.476,0.287,0.045,0,88.42,2.86,0.0,0.41,0.043,0.737,5.92,2.2,0,,10.0,6,6,348,1,88.78,1,0
11432,South,Organic Search,Returning,Control,39,90.8,20,14,6.7,5.7,0.12,0.45,0.186,0.003,1,66.23,2.4,75.3,0.108,0.081,0.73,5.25,2.9,1,27.4,3.0,7,7,35,3,159.15,1,0
11433,Midwest,Email,Returning,Control,18,96.5,14,14,5.2,7.6,0.165,0.969,0.435,0.033,1,64.18,1.86,56.97,0.462,0.149,0.701,5.98,5.4,2,26.8,7.0,6,6,20,2,130.09,1,0
11434,Northeast,Paid Search,Returning,Control,47,55.0,11,5,11.4,7.9,0.531,0.527,0.145,0.016,1,83.94,2.87,81.76,0.626,0.102,0.692,3.55,3.6,0,,8.0,6,7,77,4,313.19,0,0
11435,Midwest,Social,New,Treatment,41,41.7,4,6,18.3,10.9,0.299,0.903,0.166,0.032,4,61.64,1.0,237.31,0.204,0.106,0.598,6.38,3.2,1,24.3,8.0,3,3,9,1,62.65,0,0
11436,South,Social,Returning,Treatment,33,51.1,15,17,6.6,6.1,0.671,0.966,0.397,0.118,1,123.71,2.26,122.86,0.375,0.097,0.717,3.68,7.0,2,21.5,8.0,5,5,88,4,468.82,1,1
11437,Midwest,Organic Search,Returning,Control,24,139.7,10,7,7.5,5.8,0.467,0.884,0.103,0.009,2,52.97,2.87,121.65,0.17,0.041,0.746,6.44,4.8,1,8.2,,5,5,22,3,153.77,0,0
11438,South,Organic Search,Returning,Treatment,42,101.9,23,10,2.9,4.1,0.158,0.648,0.189,0.001,4,122.94,2.71,525.43,0.369,0.072,0.643,3.63,3.3,0,,7.0,5,5,55,2,232.62,0,0
11439,South,Referral,Returning,Treatment,37,29.4,16,6,5.2,5.1,0.199,0.688,0.297,0.038,0,70.43,1.65,0.0,0.345,0.082,0.503,3.21,4.7,0,,,5,6,206,10,795.05,0,1
11440,West,Social,New,Control,26,75.8,4,5,17.8,11.4,0.365,0.619,0.219,0.026,0,121.3,2.76,0.0,0.296,0.293,0.637,7.44,4.4,0,,6.0,6,6,234,1,123.86,1,1
11441,West,Paid Search,Returning,Treatment,54,166.6,21,1,6.3,10.0,0.452,0.407,0.228,0.0,0,98.87,3.02,0.0,0.178,0.042,0.517,2.94,3.8,0,,8.0,5,5,118,5,496.66,0,0
11442,Northeast,Organic Search,Returning,Control,43,69.7,15,7,8.4,7.9,0.303,0.488,0.256,0.02,2,103.45,3.32,197.11,0.19,0.042,0.774,8.28,1.9,1,16.6,10.0,6,6,63,3,294.91,0,0
11443,Midwest,Email,Returning,Control,40,,19,22,9.1,6.9,0.259,0.959,0.434,0.006,3,62.42,1.97,233.02,0.144,0.078,0.664,7.26,2.8,0,,8.0,6,6,35,2,129.5,0,0
11444,Northeast,Email,Loyal,Control,40,44.0,55,7,8.6,7.8,0.272,0.897,0.363,0.078,3,115.19,1.16,319.99,0.297,0.014,0.679,7.09,5.0,4,31.8,7.0,4,5,2,4,547.81,0,1
11445,South,Social,New,Treatment,46,74.0,5,6,9.4,11.3,0.386,0.539,0.266,0.071,1,80.67,2.46,100.22,0.191,0.107,0.731,7.05,3.7,0,,9.0,7,7,17,1,76.86,0,0
11446,Northeast,Social,Returning,Treatment,63,41.8,6,8,2.7,3.7,0.32,0.873,0.119,0.004,1,96.31,1.53,105.84,0.636,0.074,0.818,1.82,4.5,2,13.2,6.0,5,5,12,3,275.9,0,0
11447,West,Organic Search,Loyal,Treatment,46,49.3,37,15,4.7,5.0,0.29,0.448,0.188,0.017,1,118.41,2.7,114.61,0.11,0.063,0.776,6.01,3.1,1,59.5,9.0,5,6,6,3,427.26,0,1
11448,Northeast,Email,Returning,Control,51,52.3,13,11,9.1,7.3,0.376,0.522,0.323,0.097,0,73.72,2.13,0.0,0.445,0.029,0.713,7.54,3.6,0,,5.0,5,5,328,2,142.45,1,0
11449,South,Paid Search,Returning,Control,45,38.7,9,4,11.2,8.8,0.568,0.822,0.267,0.024,0,58.31,1.04,0.0,0.379,0.137,0.478,5.84,2.9,0,,6.0,7,6,143,1,44.32,1,0
11450,South,Paid Search,Loyal,Treatment,56,53.7,29,9,7.6,6.1,0.298,0.714,0.12,0.022,3,47.97,2.13,157.82,0.376,0.095,0.652,2.6,2.7,3,24.3,8.0,6,7,1,2,102.81,1,1
11451,Midwest,Email,New,Treatment,25,,3,19,13.5,9.7,0.178,0.809,0.226,0.028,3,136.11,2.4,435.39,0.145,0.166,0.592,7.22,4.2,1,47.6,4.0,4,4,28,1,128.12,1,0
11452,Northeast,Paid Search,Returning,Control,33,78.2,11,1,10.1,8.5,0.491,0.652,0.193,0.043,0,148.32,3.06,0.0,0.243,0.048,0.756,7.81,4.2,1,17.7,9.0,4,4,125,4,618.22,1,0
11453,West,Social,Returning,Treatment,46,73.8,12,6,7.6,6.4,0.424,0.806,0.129,0.029,1,63.74,2.25,73.64,0.199,0.209,0.619,6.73,2.7,0,,9.0,6,6,9,3,184.96,0,0
11454,Midwest,Organic Search,Returning,Treatment,33,69.2,16,11,9.1,8.0,0.25,0.718,0.198,0.019,1,43.9,2.16,44.15,0.134,0.061,0.747,3.73,3.6,1,20.7,,5,5,30,8,380.45,0,0
11455,Northeast,Social,Loyal,Control,46,52.6,26,14,5.3,4.7,0.409,0.362,0.213,0.039,3,93.72,1.88,339.03,0.607,0.182,0.722,6.7,2.5,3,22.3,6.0,3,3,17,8,898.91,0,1
11456,South,Social,Loyal,Control,33,48.6,52,7,9.9,7.8,0.359,0.925,0.265,0.009,3,75.09,2.86,216.9,0.449,0.141,0.826,6.52,3.0,0,,10.0,6,6,22,1,77.05,0,0
11457,Northeast,Paid Search,Returning,Control,44,,11,8,4.4,4.5,0.408,0.619,0.364,0.131,5,107.91,3.64,521.01,0.302,0.044,0.665,6.76,2.6,0,,8.0,7,7,11,3,352.42,0,0
11458,Midwest,Social,Returning,Treatment,27,68.6,21,6,14.1,10.9,0.381,0.772,0.217,0.005,0,57.05,3.79,0.0,0.525,0.066,0.407,5.13,1.6,2,7.7,6.0,7,7,140,5,286.26,1,1
11459,West,Organic Search,Returning,Treatment,26,123.1,16,8,5.6,6.2,0.348,0.762,0.398,0.024,0,61.02,3.02,0.0,0.282,0.14,0.715,3.09,2.2,2,9.8,,7,7,148,12,916.92,0,0
11460,West,Social,Returning,Control,54,77.9,23,4,4.2,4.7,0.513,0.625,0.133,0.009,3,94.28,3.29,228.94,0.691,0.047,0.598,6.32,5.2,1,23.0,9.0,7,6,2,6,572.19,0,0
11461,West,Referral,Loyal,Treatment,46,56.5,29,14,7.9,6.9,0.323,0.703,0.148,0.04,3,79.24,2.24,271.21,0.133,0.106,0.795,8.81,1.7,0,,,6,7,19,2,175.62,0,0
11462,Northeast,Organic Search,Loyal,Control,18,186.3,39,6,5.6,7.4,0.381,0.812,0.627,0.101,4,136.47,2.91,555.35,0.111,0.031,0.64,4.81,1.9,0,,10.0,5,5,19,4,613.13,0,0
11463,Northeast,Organic Search,Returning,Treatment,37,175.8,13,11,7.5,6.5,0.513,0.514,0.394,0.078,4,137.75,2.89,468.05,0.21,0.133,0.703,7.31,1.8,1,30.1,7.0,3,4,10,2,254.95,1,0
11464,Northeast,Social,New,Control,25,61.7,2,5,5.1,5.2,0.424,0.978,0.212,0.041,0,71.97,2.37,0.0,0.265,0.218,0.709,7.9,2.6,1,12.8,8.0,4,5,146,1,64.63,0,0
11465,West,Social,Loyal,Control,18,74.2,36,13,9.1,8.6,0.344,0.94,0.26,0.013,2,95.62,1.9,153.49,0.383,0.14,0.7,6.39,2.0,2,39.8,7.0,5,6,16,6,665.72,0,0
11466,West,Organic Search,Returning,Control,47,84.9,23,6,14.7,9.6,0.151,0.901,0.381,0.046,0,95.89,3.11,0.0,0.259,0.097,0.54,5.06,3.0,1,16.3,10.0,4,6,187,3,288.74,0,0
11467,West,Social,Returning,Control,40,144.8,9,9,3.6,6.8,0.448,0.595,0.384,0.076,2,186.29,4.66,448.03,0.097,0.103,0.797,5.81,4.6,0,,4.0,6,6,28,4,801.91,1,0
11468,South,Email,Loyal,Control,49,257.7,31,17,6.2,8.3,0.318,0.34,0.198,0.063,4,147.9,4.7,473.23,0.34,0.097,0.747,5.89,4.8,1,19.0,7.0,5,6,1,4,683.51,0,0
11469,South,Social,Returning,Treatment,49,153.0,10,20,16.6,10.4,0.241,0.388,0.495,0.079,4,215.6,2.97,668.58,0.844,0.115,0.456,5.55,4.1,0,,6.0,5,5,16,1,197.31,1,0
11470,Midwest,Organic Search,New,Treatment,51,51.7,2,6,7.2,6.0,0.206,0.674,0.262,0.02,0,67.54,2.09,0.0,0.17,0.105,0.76,6.6,2.8,1,15.1,7.0,3,4,196,1,87.51,0,0
11471,South,Organic Search,Returning,Treatment,46,53.7,15,8,5.1,5.4,0.453,0.695,0.416,0.106,2,107.03,2.7,261.53,0.219,0.031,0.8,2.33,5.5,0,,8.0,6,6,54,1,93.59,1,0
11472,Northeast,Email,Loyal,Treatment,45,,56,15,10.4,10.1,0.103,0.678,0.46,0.067,6,61.51,2.58,417.74,0.246,0.046,0.704,4.95,3.9,2,17.1,4.0,7,7,15,8,423.78,0,1
11473,Northeast,Organic Search,Returning,Treatment,42,87.1,20,5,7.3,5.8,0.259,0.693,0.183,0.01,1,129.28,4.01,156.64,0.092,0.011,0.684,6.94,6.1,1,23.9,7.0,4,4,8,3,520.49,0,0
11474,South,Social,Loyal,Treatment,31,,78,19,8.6,5.9,0.199,0.903,0.288,0.007,4,51.75,1.73,216.13,0.576,0.139,0.779,3.7,4.3,2,23.7,6.0,4,6,12,7,319.95,0,0
11475,Northeast,Organic Search,Loyal,Control,43,,27,13,5.2,5.4,0.296,0.283,0.466,0.045,2,148.68,4.58,278.65,0.201,0.013,0.768,7.65,2.3,1,8.1,9.0,4,4,10,4,668.89,0,0
11476,West,Paid Search,New,Treatment,18,142.4,2,14,7.2,8.2,0.636,0.881,0.238,0.037,3,87.84,2.59,242.86,0.374,0.115,0.703,2.68,2.8,0,,4.0,4,5,24,2,171.24,0,0
11477,Midwest,Email,Returning,Control,30,58.9,14,4,4.9,4.3,0.565,0.681,0.487,0.019,2,108.54,3.02,266.43,0.354,0.115,0.719,6.5,3.5,0,,,5,5,17,2,193.82,0,0
11478,South,Paid Search,Returning,Control,43,46.7,12,10,6.5,7.0,0.376,0.918,0.241,0.026,2,47.06,1.51,101.96,0.185,0.057,0.662,7.53,4.7,0,,5.0,6,5,25,1,42.89,0,1
11479,South,Paid Search,Returning,Treatment,55,111.1,12,7,3.5,3.8,0.299,0.492,0.114,0.007,1,70.1,1.19,83.69,0.22,0.043,0.648,4.54,2.3,0,,7.0,5,5,66,3,158.69,0,0
11480,West,Paid Search,Returning,Control,46,119.5,7,14,3.2,3.6,0.519,0.601,0.197,0.008,5,123.05,3.37,620.29,0.169,0.064,0.687,4.23,2.9,0,,7.0,5,4,33,2,245.94,0,0
11481,Midwest,Paid Search,Loyal,Treatment,18,51.3,48,10,5.2,5.2,0.473,0.985,0.358,0.026,2,74.72,1.54,197.3,0.249,0.114,0.594,4.79,3.3,4,17.1,5.0,5,5,18,12,978.1,1,0
11482,West,Referral,Returning,Control,33,93.6,10,3,9.6,9.4,0.202,0.749,0.386,0.026,0,88.14,2.52,0.0,0.301,0.029,0.776,8.05,2.3,1,11.4,5.0,6,5,125,1,75.43,0,0
11483,Midwest,Paid Search,Loyal,Control,41,78.8,45,13,8.8,6.8,0.367,0.623,0.372,0.067,4,122.2,2.87,430.89,0.624,0.09,0.716,8.29,3.3,0,,,6,6,7,8,1078.5,0,0
11484,South,Organic Search,Returning,Treatment,32,82.0,17,7,12.0,9.4,0.216,0.756,0.304,0.093,2,88.29,1.34,160.43,0.219,0.131,0.765,5.24,2.7,1,37.2,8.0,6,6,16,4,346.67,0,0
11485,Midwest,Social,Returning,Treatment,46,157.3,22,1,8.7,7.7,0.446,0.899,0.113,0.022,0,73.87,2.8,0.0,0.619,0.117,0.749,4.52,2.8,1,15.0,8.0,4,4,134,1,70.87,1,0
11486,West,Organic Search,Returning,Treatment,45,39.4,6,8,6.4,5.6,0.338,0.769,0.164,0.016,2,105.62,3.08,205.86,0.191,0.02,0.619,2.58,3.1,0,,9.0,4,3,8,1,117.22,0,1
11487,West,Paid Search,Returning,Control,49,54.7,16,7,7.3,5.8,0.307,0.616,0.42,0.02,0,57.67,2.97,0.0,0.506,0.05,0.736,5.16,3.8,0,,6.0,4,5,202,3,159.76,0,0
11488,Midwest,Paid Search,Returning,Treatment,54,76.6,13,7,8.6,7.9,0.264,0.727,0.505,0.144,0,59.98,2.79,0.0,0.477,0.069,0.632,4.58,5.2,0,,7.0,6,7,108,4,227.05,0,1
11489,South,Organic Search,Returning,Treatment,32,36.2,8,5,6.9,6.6,0.246,0.744,0.368,0.041,1,54.22,2.38,62.09,0.095,0.052,0.704,5.25,2.2,0,,,6,6,89,1,65.02,0,0
11490,Northeast,Paid Search,Returning,Treatment,46,,10,10,11.9,7.8,0.526,0.861,0.298,0.021,0,73.76,2.97,0.0,0.337,0.064,0.393,5.37,4.0,3,89.6,3.0,5,5,111,3,248.66,0,0
11491,West,Organic Search,Returning,Control,31,33.7,9,11,9.3,9.4,0.297,0.887,0.227,0.039,3,35.72,2.62,115.2,0.417,0.026,0.771,8.26,3.0,1,9.4,7.0,5,5,23,1,45.39,0,0
11492,South,Paid Search,Returning,Treatment,44,126.5,6,7,4.8,5.4,0.436,0.77,0.181,0.009,0,107.01,1.26,0.0,0.422,0.049,0.758,1.39,2.1,0,,6.0,5,5,122,1,103.78,1,0
11493,Northeast,Paid Search,Returning,Control,39,48.4,21,21,3.5,4.5,0.53,0.841,0.236,0.051,5,132.98,3.02,702.06,0.591,0.087,0.639,4.77,6.4,0,,6.0,4,4,16,3,356.46,0,0
11494,West,Paid Search,New,Control,22,,3,1,7.8,8.1,0.442,0.522,0.153,0.01,0,90.53,2.0,0.0,0.408,0.069,0.8,5.44,4.9,1,19.0,6.0,6,7,157,1,91.2,0,0
11495,Midwest,Email,Returning,Control,39,62.5,6,3,3.3,4.4,0.142,0.726,0.439,0.094,1,79.23,1.99,96.76,0.074,0.012,0.737,2.6,4.3,0,,8.0,4,4,62,2,167.68,0,0
11496,South,Referral,Returning,Treatment,31,51.3,12,6,3.7,4.6,0.104,0.934,0.382,0.123,0,94.73,1.66,0.0,0.586,0.056,0.612,6.75,4.5,1,19.9,4.0,4,5,184,4,376.97,0,0
11497,West,Email,Loyal,Control,31,114.6,37,16,4.5,4.2,0.339,0.623,0.32,0.045,3,67.45,2.08,239.01,0.103,0.174,0.714,3.37,3.4,0,,5.0,6,6,16,2,116.02,0,0
11498,Midwest,Social,Returning,Treatment,45,136.0,9,9,4.2,4.3,0.366,0.593,0.304,0.081,2,110.57,1.71,193.45,0.355,0.15,0.529,4.63,4.3,1,7.1,4.0,7,7,43,2,228.43,0,0
11499,Northeast,Social,New,Control,35,70.3,2,8,4.0,6.2,0.381,0.943,0.418,0.012,2,113.65,2.18,242.98,0.202,0.115,0.771,3.46,3.0,0,,8.0,6,5,19,1,131.63,0,0
11500,Northeast,Social,New,Control,42,94.3,5,4,13.0,11.5,0.293,0.48,0.303,0.046,1,52.5,1.5,64.8,0.306,0.239,0.522,8.61,6.4,1,57.7,2.0,4,6,54,2,119.8,1,0
11501,South,Organic Search,Loyal,Treatment,46,69.5,35,12,5.6,10.8,0.329,0.716,0.106,0.021,3,113.13,2.66,346.79,0.006,0.007,0.879,4.43,4.4,2,12.7,6.0,5,5,19,6,546.76,0,1
11502,Northeast,Referral,Returning,Control,52,67.9,6,12,7.6,8.4,0.142,0.607,0.101,0.016,2,86.87,2.32,171.52,0.158,0.039,0.561,7.57,9.3,0,,6.0,4,4,17,1,94.6,0,0
11503,Midwest,Organic Search,Loyal,Control,64,46.8,45,17,10.4,8.9,0.296,0.393,0.285,0.023,5,69.17,1.78,316.25,0.147,0.087,0.651,6.24,5.6,3,11.6,7.0,3,3,1,4,295.57,0,1
11504,West,Paid Search,Returning,Control,41,99.2,11,4,3.4,3.8,0.459,0.814,0.296,0.008,1,71.5,2.41,65.6,0.372,0.08,0.71,5.75,1.9,0,,6.0,4,5,41,2,144.49,0,1
11505,South,Email,Returning,Control,18,68.3,10,9,9.8,7.5,0.288,0.789,0.208,0.005,4,177.51,4.32,587.68,0.45,0.022,0.639,10.16,4.7,0,,5.0,5,5,20,2,438.31,0,1
11506,West,Social,Returning,Treatment,18,124.9,14,5,4.5,5.2,0.219,0.949,0.337,0.042,1,73.74,1.76,65.95,0.449,0.189,0.642,3.77,1.9,0,,5.0,4,4,43,2,129.57,0,1
11507,South,Social,Loyal,Control,54,73.9,35,3,4.9,4.4,0.446,0.736,0.214,0.022,0,121.82,3.33,0.0,0.436,0.199,0.687,7.93,2.8,0,,7.0,6,6,212,3,345.15,1,0
11508,West,Organic Search,Loyal,Treatment,27,74.9,30,14,5.7,7.3,0.261,0.975,0.335,0.073,2,128.64,1.91,240.63,0.095,0.088,0.671,4.08,2.3,4,11.2,7.0,4,4,42,4,518.72,1,1
11509,South,Organic Search,Loyal,Control,41,46.4,25,12,8.8,7.3,0.236,0.821,0.28,0.023,1,74.82,1.52,81.8,0.09,0.104,0.744,8.51,4.4,0,,8.0,6,6,89,2,147.06,0,0
11510,West,Email,New,Treatment,37,41.8,4,12,6.5,6.2,0.261,0.832,0.198,0.022,0,51.49,1.0,0.0,0.495,0.122,0.699,3.61,4.1,2,45.9,5.0,6,6,108,2,96.22,0,0
11511,West,Email,New,Treatment,35,69.8,4,11,6.9,7.0,0.245,0.788,0.301,0.063,5,73.18,2.66,388.81,0.442,0.019,0.68,3.36,3.4,1,10.7,9.0,3,4,10,1,70.35,0,0
11512,South,Referral,Loyal,Control,24,56.9,26,21,8.7,6.5,0.284,0.728,0.247,0.002,1,74.77,3.13,88.22,0.24,0.065,0.689,9.89,2.6,4,30.1,4.0,6,6,64,9,602.15,0,0
11513,Midwest,Organic Search,Returning,Control,18,81.8,21,7,9.0,6.7,0.361,0.96,0.197,0.013,1,110.24,2.94,80.83,0.438,0.148,0.514,8.6,2.8,0,,10.0,6,6,47,3,319.53,0,0
11514,West,Social,Loyal,Control,46,90.3,30,4,2.3,4.9,0.433,0.616,0.239,0.03,1,78.15,1.94,73.39,0.174,0.122,0.738,5.83,5.9,2,14.1,9.0,5,5,46,2,148.43,0,0
11515,West,Organic Search,New,Treatment,27,81.4,3,8,3.1,6.0,0.151,0.842,0.162,0.032,4,95.19,1.87,388.61,0.446,0.074,0.754,1.27,4.2,1,27.8,7.0,7,7,5,2,173.06,0,0
11516,West,Paid Search,Returning,Treatment,58,89.1,7,12,3.5,4.8,0.506,0.541,0.507,0.021,3,87.93,2.85,286.12,0.461,0.138,0.621,3.41,1.6,0,,10.0,4,4,4,2,187.95,0,0
11517,West,Paid Search,Returning,Treatment,39,73.8,11,6,5.6,4.9,0.391,0.778,0.213,0.025,2,59.57,1.94,115.96,0.445,0.05,0.609,6.37,2.7,2,12.7,8.0,4,5,37,2,119.58,0,0
11518,West,Paid Search,Returning,Treatment,38,103.9,24,8,6.4,6.0,0.343,0.562,0.272,0.033,3,189.53,4.69,726.44,0.151,0.044,0.503,4.47,2.9,0,,10.0,5,5,5,1,145.08,1,1
11519,Northeast,Organic Search,Returning,Control,52,73.1,21,13,8.1,6.7,0.443,0.756,0.259,0.064,2,62.15,2.23,169.69,0.112,0.018,0.875,5.91,3.4,1,20.1,9.0,4,4,35,3,209.11,0,0
11520,Northeast,Social,New,Control,47,62.3,1,3,7.5,6.3,0.565,0.904,0.134,0.006,0,36.83,1.98,0.0,0.283,0.04,0.629,6.1,2.0,0,,7.0,5,5,221,1,38.67,1,0
11521,South,Organic Search,Loyal,Treatment,58,164.4,33,4,2.2,5.3,0.332,0.533,0.366,0.039,1,111.26,3.97,125.57,0.384,0.129,0.57,7.83,4.0,2,14.6,5.0,5,6,21,5,630.43,0,0
11522,West,Organic Search,Loyal,Control,38,69.3,27,8,4.1,6.8,0.198,0.943,0.278,0.005,3,75.45,2.38,209.65,0.249,0.125,0.668,8.73,4.3,0,,10.0,4,5,10,4,311.27,1,0
11523,South,Social,Loyal,Control,39,86.1,60,3,3.5,5.5,0.337,0.875,0.509,0.058,0,92.81,3.16,0.0,0.618,0.059,0.75,9.91,4.1,2,21.3,8.0,6,6,119,6,510.95,0,0
11524,South,Paid Search,Loyal,Control,67,90.9,28,5,5.6,5.2,0.315,0.632,0.443,0.075,2,95.46,2.59,163.78,0.502,0.107,0.78,5.66,3.9,1,8.4,8.0,5,5,29,4,372.61,1,1
11525,South,Paid Search,Returning,Treatment,54,72.1,20,7,4.8,5.5,0.388,0.759,0.222,0.012,3,102.98,1.78,327.74,0.402,0.082,0.609,3.95,2.3,0,,7.0,5,5,19,2,248.78,0,0
11526,Midwest,Organic Search,Loyal,Treatment,18,31.5,48,13,10.8,10.1,0.356,0.9,0.395,0.031,2,34.77,2.28,82.06,0.453,0.25,0.504,5.23,2.8,2,13.5,10.0,5,5,23,7,287.32,0,0
11527,Northeast,Organic Search,Returning,Treatment,50,88.7,17,15,4.1,4.4,0.249,0.75,0.093,0.017,5,80.77,3.01,500.46,0.327,0.045,0.724,3.47,6.3,3,35.6,3.0,5,6,28,3,216.28,0,0
11528,South,Paid Search,Returning,Control,41,41.9,6,11,4.2,4.0,0.447,0.843,0.23,0.068,0,55.14,2.44,0.0,0.268,0.162,0.689,5.57,2.0,1,20.5,,5,5,157,3,163.73,1,0
11529,West,Email,Loyal,Control,36,70.7,28,16,2.8,3.7,0.312,0.775,0.191,0.06,7,81.76,2.09,689.03,0.438,0.042,0.731,8.69,5.0,1,9.5,7.0,3,3,1,1,91.59,0,1
11530,Midwest,Social,Loyal,Treatment,18,151.1,47,9,10.5,8.0,0.453,0.902,0.322,0.073,0,102.78,3.26,0.0,0.119,0.117,0.786,4.65,3.7,1,20.3,7.0,6,6,148,6,544.55,0,0
11531,Northeast,Organic Search,Returning,Treatment,19,53.5,14,2,11.6,8.9,0.218,0.851,0.306,0.007,0,62.03,2.19,0.0,0.063,0.066,0.732,6.09,2.4,3,39.6,7.0,5,4,101,3,175.08,1,0
11532,West,Paid Search,Returning,Treatment,40,52.2,18,5,6.3,6.5,0.216,0.629,0.424,0.021,2,76.59,1.91,171.34,0.302,0.127,0.66,6.37,2.4,1,30.5,9.0,7,6,68,4,379.22,0,0
11533,Midwest,Paid Search,Returning,Control,55,,10,8,16.1,9.7,0.383,0.459,0.143,0.016,0,70.11,1.0,0.0,0.105,0.038,0.708,6.42,3.3,1,23.1,5.0,6,7,142,1,84.99,1,1
11534,West,Email,Returning,Treatment,62,96.6,22,15,2.4,4.3,0.105,0.817,0.157,0.017,4,90.07,1.97,399.06,0.148,0.074,0.608,5.66,2.8,2,38.7,7.0,7,7,14,7,528.81,0,1
11535,West,Organic Search,New,Treatment,40,67.9,5,9,3.6,4.4,0.213,0.786,0.231,0.036,2,170.2,3.53,349.54,0.255,0.064,0.628,5.32,1.9,1,19.1,10.0,5,5,14,1,176.25,0,0
11536,West,Referral,Loyal,Treatment,52,35.1,49,24,17.1,10.3,0.177,0.445,0.228,0.054,5,82.11,2.52,401.97,0.243,0.02,0.749,3.69,5.7,4,24.4,5.0,4,5,5,8,695.94,0,0
11537,West,Paid Search,Returning,Treatment,41,62.6,17,13,5.9,6.2,0.436,0.841,0.414,0.099,1,44.27,1.55,38.59,0.193,0.042,0.662,3.67,1.7,2,39.6,7.0,5,5,2,3,154.0,0,1
11538,Northeast,Referral,Returning,Treatment,44,97.5,12,10,3.1,4.6,0.243,0.548,0.214,0.026,4,53.91,2.38,185.83,0.349,0.042,0.594,4.94,4.0,0,,8.0,5,6,11,2,99.75,0,0
11539,Northeast,Organic Search,Returning,Control,28,108.3,18,15,5.1,7.4,0.297,0.931,0.326,0.012,4,102.32,2.24,360.88,0.372,0.044,0.68,5.31,4.7,1,26.3,5.0,5,5,8,2,196.74,0,0
11540,Northeast,Paid Search,Returning,Control,48,102.1,21,4,4.3,4.8,0.187,0.423,0.296,0.029,1,105.65,2.6,132.98,0.673,0.095,0.764,5.73,1.6,0,,5.0,5,6,32,3,263.32,0,0
11541,West,Organic Search,Loyal,Treatment,46,177.3,54,9,8.0,6.0,0.392,0.681,0.343,0.032,2,137.36,2.01,255.97,0.14,0.093,0.642,7.47,3.0,2,10.1,8.0,6,5,4,9,1111.76,0,0
11542,Midwest,Paid Search,Returning,Control,42,194.6,18,10,8.2,6.9,0.61,0.789,0.393,0.023,1,269.04,4.37,312.75,0.205,0.096,0.643,8.51,2.8,0,,4.0,6,6,18,1,235.35,0,1
11543,West,Referral,Returning,Treatment,37,28.3,19,3,7.8,7.0,0.238,0.801,0.443,0.038,0,103.55,1.68,0.0,0.379,0.1,0.565,4.88,3.3,0,,8.0,4,5,223,2,239.05,1,0
11544,West,Organic Search,Returning,Control,32,52.5,11,9,4.3,7.4,0.22,0.534,0.057,0.01,2,87.03,1.41,163.03,0.287,0.118,0.743,7.26,2.6,0,,10.0,6,5,61,1,118.66,0,0
11545,Northeast,Social,Loyal,Treatment,29,83.0,42,6,6.0,6.4,0.573,0.953,0.319,0.019,2,50.39,2.49,97.6,0.428,0.098,0.68,2.01,2.5,0,,10.0,6,6,46,2,92.8,0,0
11546,Northeast,Social,Returning,Control,39,38.0,9,6,12.1,10.0,0.413,0.762,0.237,0.022,1,40.48,2.21,34.72,0.432,0.05,0.667,8.16,2.9,1,12.3,10.0,2,2,79,3,140.87,1,0
11547,Midwest,Social,Returning,Control,32,123.9,21,5,6.7,6.4,0.425,0.756,0.125,0.021,0,98.67,2.44,0.0,0.41,0.092,0.713,7.56,3.3,0,,6.0,7,7,191,1,91.38,1,0
11548,Midwest,Organic Search,Returning,Treatment,52,83.0,21,11,2.9,7.3,0.141,0.752,0.144,0.003,3,104.99,1.07,412.47,0.095,0.086,0.69,7.1,3.5,3,11.5,9.0,5,5,35,3,313.23,0,0
11549,Northeast,Social,Returning,Treatment,19,100.4,9,13,8.5,6.2,0.572,0.904,0.253,0.033,3,102.59,3.63,311.4,0.234,0.112,0.799,4.64,2.4,1,25.3,,7,7,17,2,200.47,0,0
11550,South,Paid Search,Loyal,Treatment,43,54.0,65,8,11.7,8.2,0.296,0.511,0.24,0.039,2,73.46,2.4,127.92,0.414,0.036,0.595,5.8,3.7,1,25.0,4.0,7,7,29,7,457.62,0,0
11551,West,Social,Returning,Control,42,87.0,19,14,5.3,5.7,0.212,0.809,0.422,0.016,1,67.76,1.0,75.86,0.346,0.108,0.663,4.81,2.6,1,13.1,10.0,6,5,4,4,281.8,0,0
11552,Northeast,Organic Search,Returning,Treatment,44,92.3,20,13,5.3,5.4,0.409,0.725,0.297,0.013,1,95.37,1.65,72.53,0.227,0.136,0.606,7.91,3.0,0,,,6,6,34,3,228.92,0,0
11553,West,Paid Search,Returning,Control,28,113.6,24,15,4.8,5.4,0.398,0.875,0.097,0.0,2,88.47,2.83,167.97,0.397,0.089,0.597,8.52,2.7,1,11.9,8.0,4,4,30,4,289.48,0,0
11554,West,Paid Search,Returning,Control,78,55.5,22,9,3.0,4.0,0.362,0.47,0.269,0.003,0,65.22,1.92,0.0,0.305,0.036,0.829,4.82,2.8,1,21.0,4.0,7,7,209,1,72.86,1,0
11555,South,Organic Search,Returning,Treatment,40,51.8,8,7,5.6,6.3,0.255,0.674,0.202,0.032,1,72.1,2.6,77.93,0.193,0.042,0.715,2.76,5.4,0,,10.0,6,7,29,2,147.38,0,0
11556,Northeast,Organic Search,Loyal,Control,38,76.8,50,6,2.6,3.5,0.201,0.827,0.531,0.106,1,160.07,3.27,148.05,0.102,0.199,0.722,4.11,1.9,1,11.8,10.0,4,4,89,13,1949.37,0,1
11557,Northeast,Organic Search,Returning,Control,41,,22,24,8.3,7.1,0.425,0.659,0.267,0.028,6,114.4,3.45,616.88,0.376,0.103,0.797,8.16,4.0,0,,5.0,6,5,37,2,221.37,0,0
11558,Northeast,Social,Loyal,Control,43,143.0,33,10,4.9,5.6,0.377,0.523,0.42,0.014,1,51.32,1.68,59.03,0.568,0.295,0.737,6.21,3.2,1,8.9,4.0,5,6,89,7,332.67,0,0
11559,Midwest,Paid Search,Returning,Treatment,42,73.3,17,12,4.9,5.8,0.327,0.576,0.383,0.065,0,106.02,2.71,0.0,0.478,0.101,0.786,2.78,2.0,0,,,7,7,226,1,101.7,1,0
11560,West,Social,Loyal,Treatment,63,,27,15,9.4,10.3,0.369,0.479,0.231,0.053,5,97.06,1.95,393.16,0.152,0.141,0.662,5.16,5.0,0,,7.0,7,7,1,2,213.94,0,0
11561,South,Paid Search,Returning,Treatment,32,59.1,14,8,2.0,3.2,0.445,0.804,0.197,0.021,0,96.86,1.61,0.0,0.342,0.018,0.708,4.21,4.7,1,25.4,6.0,7,7,185,3,346.99,1,0
11562,South,Paid Search,Returning,Control,49,96.1,13,13,12.1,8.3,0.345,0.69,0.318,0.046,1,77.77,2.4,76.02,0.26,0.025,0.839,9.76,5.4,0,,10.0,4,3,36,1,73.46,0,0
11563,West,Referral,Loyal,Control,50,76.7,26,4,4.6,4.3,0.487,0.707,0.341,0.082,2,122.91,3.69,331.03,0.223,0.151,0.776,8.71,3.8,1,27.2,6.0,5,4,47,4,550.14,0,0
11564,West,Email,Loyal,Control,63,87.4,38,18,7.8,5.6,0.289,0.454,0.504,0.158,3,50.07,2.85,184.51,0.113,0.015,0.643,8.28,4.7,2,27.1,9.0,5,4,10,7,404.94,0,0
11565,West,Referral,Loyal,Treatment,45,65.9,46,7,6.1,5.7,0.345,0.91,0.146,0.056,2,138.21,2.8,271.54,0.053,0.032,0.795,8.12,3.0,2,4.3,5.0,4,3,44,6,808.15,0,0
11566,Northeast,Paid Search,Returning,Treatment,18,121.2,7,14,6.4,6.0,0.466,0.876,0.23,0.02,5,67.0,1.66,410.64,0.346,0.109,0.782,6.96,4.7,1,13.3,7.0,4,4,6,2,143.53,1,0
11567,Northeast,Email,Returning,Control,31,154.3,12,9,8.7,7.5,0.154,0.475,0.245,0.019,0,126.99,2.83,0.0,0.423,0.044,0.758,4.66,1.1,0,,6.0,6,7,162,4,528.63,1,0
11568,Northeast,Organic Search,Returning,Control,22,49.0,14,2,5.3,6.1,0.255,0.95,0.376,0.028,0,107.21,3.74,0.0,0.17,0.01,0.683,3.96,2.3,1,9.4,10.0,5,6,283,2,225.42,1,1
11569,Midwest,Organic Search,Returning,Treatment,34,71.8,15,10,5.8,6.3,0.312,0.839,0.192,0.03,2,91.5,2.77,285.44,0.163,0.044,0.731,5.05,5.9,1,19.5,3.0,4,5,8,2,194.91,0,0
11570,Midwest,Paid Search,Loyal,Control,43,47.3,42,7,10.3,7.2,0.459,0.633,0.396,0.024,3,106.74,2.45,330.17,0.255,0.043,0.63,9.74,4.2,4,23.3,5.0,6,6,37,6,702.5,1,0
11571,Midwest,Paid Search,New,Treatment,57,80.0,5,12,6.1,7.5,0.481,0.706,0.276,0.01,3,105.94,2.41,308.96,0.301,0.177,0.667,6.84,2.7,0,,10.0,5,6,49,1,118.46,0,0
11572,Midwest,Paid Search,New,Treatment,30,83.8,4,3,4.8,6.1,0.527,0.714,0.177,0.033,1,78.11,2.46,85.75,0.399,0.038,0.525,5.48,3.7,0,,6.0,5,4,15,1,66.85,1,0
11573,Northeast,Paid Search,Loyal,Control,24,49.4,29,11,2.8,4.1,0.391,0.979,0.166,0.033,5,70.15,2.36,359.99,0.414,0.069,0.673,7.98,2.4,2,5.7,8.0,6,6,9,7,498.83,0,0
11574,South,Email,New,Control,58,77.6,4,9,3.2,4.3,0.527,0.811,0.371,0.061,1,94.68,2.78,76.58,0.645,0.069,0.682,4.85,5.2,1,14.2,6.0,5,5,44,2,214.81,1,0
11575,South,Paid Search,Returning,Control,63,23.6,16,3,3.3,3.7,0.411,0.654,0.15,0.01,1,75.74,3.02,65.01,0.258,0.125,0.662,5.91,4.5,0,,8.0,5,5,27,2,128.22,0,0
11576,West,Organic Search,Returning,Control,34,129.8,14,9,9.3,7.4,0.181,0.626,0.17,0.015,0,104.14,2.39,0.0,0.322,0.207,0.777,4.13,4.1,0,,8.0,4,4,128,2,205.04,0,1
11577,West,Paid Search,New,Treatment,55,121.4,4,3,6.3,5.2,0.305,0.623,0.418,0.008,2,62.13,2.38,138.53,0.499,0.067,0.728,4.24,3.5,0,,9.0,6,5,36,1,64.0,0,0
11578,Northeast,Organic Search,Loyal,Control,25,,35,4,6.1,5.8,0.373,0.849,0.365,0.094,1,89.96,2.23,91.6,0.199,0.039,0.78,3.32,3.4,0,,6.0,6,6,6,4,355.94,0,0
11579,Midwest,Organic Search,Loyal,Treatment,47,,33,23,3.0,5.0,0.21,0.796,0.315,0.057,1,118.07,2.37,120.29,0.266,0.115,0.703,4.32,1.8,1,19.1,6.0,7,6,7,6,721.52,0,1
11580,Northeast,Paid Search,Loyal,Treatment,20,76.9,36,3,5.5,5.4,0.159,0.995,0.167,0.025,0,76.77,3.59,0.0,0.248,0.075,0.663,4.1,2.8,1,27.3,10.0,4,4,264,4,335.72,1,0
11581,West,Organic Search,Loyal,Control,34,,35,14,3.2,4.7,0.338,0.827,0.288,0.057,4,108.31,3.3,427.24,0.047,0.043,0.617,4.14,0.9,1,26.3,8.0,5,5,8,3,262.19,0,0
11582,Midwest,Email,Loyal,Control,57,131.9,41,17,11.9,9.8,0.206,0.637,0.256,0.015,4,83.56,2.06,374.88,0.333,0.066,0.837,6.89,5.2,0,,7.0,6,5,2,3,267.15,0,0
11583,Northeast,Paid Search,Loyal,Treatment,45,67.8,55,26,7.1,8.5,0.492,0.681,0.291,0.079,3,145.28,2.61,432.0,0.307,0.053,0.69,4.27,5.3,0,,8.0,6,7,21,8,1177.9,0,1
11584,South,Organic Search,Returning,Control,61,126.1,7,1,3.3,5.1,0.151,0.514,0.177,0.027,0,79.98,1.55,0.0,0.449,0.094,0.648,7.34,5.4,2,6.2,6.0,7,7,174,2,172.7,1,0
11585,South,Email,Loyal,Treatment,22,66.1,37,10,3.9,4.4,0.195,0.816,0.371,0.087,1,80.79,1.46,84.0,0.127,0.077,0.579,8.11,5.9,2,9.3,7.0,5,5,69,3,241.76,0,0
11586,Northeast,Referral,Returning,Treatment,66,23.2,19,6,3.3,6.4,0.275,0.102,0.302,0.018,1,113.96,3.14,92.44,0.342,0.039,0.751,7.44,2.5,4,11.2,,7,7,80,4,521.66,1,0
11587,South,Organic Search,Loyal,Control,32,90.5,38,39,12.2,9.6,0.351,0.946,0.148,0.008,3,85.42,2.28,235.67,0.404,0.048,0.636,7.62,2.4,1,22.5,7.0,4,5,13,2,162.29,0,0
11588,South,Organic Search,New,Treatment,22,68.7,4,5,6.1,6.3,0.403,0.998,0.547,0.113,1,65.86,2.22,65.08,0.253,0.085,0.721,4.54,4.4,0,,9.0,3,3,13,1,64.13,0,1
11589,South,Email,Returning,Control,28,,8,11,4.9,5.8,0.458,0.697,0.176,0.008,2,118.65,3.04,229.78,0.056,0.002,0.69,5.78,3.2,0,,7.0,4,3,86,2,248.9,0,0
11590,Midwest,Organic Search,Returning,Control,55,84.0,7,5,8.7,6.8,0.348,0.907,0.31,0.018,2,73.0,2.6,109.58,0.286,0.042,0.851,4.72,3.6,0,,7.0,4,4,24,1,70.37,0,0
11591,Midwest,Paid Search,Loyal,Treatment,33,45.4,32,15,8.2,10.8,0.313,0.95,0.161,0.027,7,88.91,2.86,655.28,0.526,0.062,0.543,6.33,2.6,0,,10.0,6,6,1,1,83.13,0,0
11592,West,Email,New,Control,53,112.2,4,14,4.3,4.3,0.255,0.553,0.39,0.042,1,54.07,2.11,62.19,0.439,0.261,0.62,4.07,3.3,2,7.6,2.0,7,7,70,2,133.32,1,0
11593,South,Referral,Returning,Treatment,46,126.7,10,10,7.8,6.6,0.545,0.897,0.148,0.024,1,114.92,1.41,102.16,0.316,0.147,0.679,6.13,5.6,0,,8.0,6,5,88,2,255.13,1,0
11594,South,Social,Returning,Control,47,81.7,14,23,5.5,7.0,0.414,0.559,0.465,0.006,1,63.54,2.32,68.31,0.038,0.215,0.749,8.73,3.1,1,25.5,7.0,3,3,42,2,150.31,1,0
11595,West,Organic Search,Returning,Control,18,170.0,17,17,3.7,7.0,0.189,0.988,0.348,0.037,5,113.1,3.74,723.91,0.051,0.123,0.669,10.18,4.7,2,8.0,,7,7,17,2,279.33,0,1
11596,West,Referral,Returning,Treatment,43,76.2,18,11,6.4,8.6,0.101,0.567,0.129,0.01,1,91.15,2.91,86.27,0.204,0.122,0.715,2.75,3.1,0,,7.0,6,7,11,6,512.74,0,0
11597,Northeast,Organic Search,Returning,Control,24,,13,5,14.1,12.4,0.196,0.836,0.039,0.005,2,71.39,3.21,139.68,0.129,0.03,0.839,5.75,4.0,1,14.6,8.0,6,6,34,1,97.67,0,1
11598,West,Email,Returning,Control,35,102.1,14,18,4.2,4.4,0.223,0.937,0.435,0.057,2,107.03,3.25,257.75,0.346,0.034,0.563,3.91,2.4,3,15.5,9.0,5,5,11,2,255.9,0,0
11599,West,Social,New,Control,25,37.3,2,12,1.7,3.0,0.307,0.59,0.413,0.125,5,44.57,1.57,192.91,0.413,0.104,0.759,8.99,3.5,0,,7.0,6,6,10,1,59.1,1,0
11600,Midwest,Paid Search,Returning,Treatment,32,142.1,14,6,8.6,8.6,0.377,0.848,0.233,0.002,2,59.3,2.11,119.6,0.406,0.138,0.623,0.0,3.0,0,,8.0,3,4,39,4,227.1,0,0
11601,Midwest,Social,Returning,Treatment,20,61.6,18,4,4.7,6.1,0.621,0.976,0.164,0.004,0,81.72,3.26,0.0,0.35,0.058,0.699,4.18,2.4,1,31.2,4.0,5,6,196,1,86.46,1,0
11602,Northeast,Email,Loyal,Treatment,39,120.1,51,7,3.6,5.1,0.16,0.791,0.396,0.022,2,79.04,1.22,135.29,0.09,0.02,0.758,7.79,2.1,1,49.3,,5,6,61,5,491.02,0,0
11603,West,Paid Search,Returning,Control,46,65.2,12,9,11.1,10.1,0.252,0.937,0.148,0.037,4,85.19,1.73,327.7,0.442,0.131,0.727,6.94,4.1,2,32.0,6.0,3,4,15,1,80.38,0,0
11604,Midwest,Social,Returning,Control,33,192.1,23,20,3.8,5.3,0.368,0.926,0.241,0.029,8,68.92,1.83,459.19,0.264,0.184,0.675,7.09,1.6,1,48.7,7.0,7,7,5,4,242.86,0,0
11605,West,Organic Search,Returning,Control,39,92.7,10,17,10.4,7.7,0.231,0.911,0.282,0.037,3,82.7,2.28,226.76,0.342,0.033,0.515,8.68,4.1,0,,10.0,7,6,42,1,61.83,0,0
11606,South,Social,Loyal,Treatment,37,37.7,26,11,1.9,3.5,0.343,0.614,0.248,0.027,4,59.49,2.25,262.75,0.42,0.175,0.755,7.23,3.7,0,,5.0,5,5,3,2,102.53,1,1
11607,Midwest,Referral,Returning,Control,75,78.2,10,11,5.0,6.5,0.363,0.672,0.314,0.01,1,79.92,4.11,74.21,0.506,0.105,0.709,6.24,3.8,1,24.8,7.0,5,6,52,1,84.01,1,0
11608,Northeast,Organic Search,New,Treatment,47,102.0,5,3,2.7,4.7,0.435,0.55,0.305,0.041,0,88.24,2.02,0.0,0.452,0.022,0.531,2.81,4.7,1,14.4,6.0,7,7,256,1,70.61,1,0
11609,Midwest,Email,Loyal,Treatment,47,32.7,44,20,8.8,7.1,0.314,0.941,0.302,0.068,2,69.66,2.21,141.77,0.318,0.027,0.583,1.65,4.5,1,20.7,6.0,5,5,20,7,475.93,0,0
11610,Northeast,Social,Returning,Control,44,59.7,10,10,9.5,7.0,0.497,0.438,0.22,0.041,3,90.0,2.49,221.1,0.659,0.116,0.779,4.77,3.4,1,18.3,6.0,5,4,21,3,263.35,0,0
11611,Midwest,Organic Search,Loyal,Treatment,49,81.5,26,1,2.9,5.6,0.34,0.775,0.168,0.01,0,100.26,4.43,0.0,0.581,0.023,0.681,2.14,5.1,0,,10.0,5,5,191,2,242.84,1,0
11612,Midwest,Email,New,Control,55,95.4,5,10,4.2,5.2,0.328,0.623,0.21,0.015,0,75.51,1.68,0.0,0.235,0.025,0.574,6.96,3.4,0,,5.0,3,3,365,1,68.84,1,1
11613,Northeast,Organic Search,Loyal,Control,40,60.3,50,23,2.7,3.7,0.223,0.94,0.416,0.041,2,83.59,2.49,136.18,0.222,0.048,0.638,6.47,2.3,0,,9.0,4,4,49,10,840.41,0,0
11614,West,Paid Search,Returning,Treatment,34,51.0,9,6,16.9,12.1,0.493,0.714,0.354,0.01,2,94.37,2.35,188.45,0.395,0.022,0.718,6.1,3.9,0,,10.0,5,5,50,2,198.93,1,1
11615,Midwest,Organic Search,Loyal,Treatment,35,134.8,57,26,11.2,8.2,0.455,0.803,0.238,0.036,2,64.25,1.54,143.71,0.411,0.052,0.587,5.72,1.5,2,8.7,6.0,4,4,15,10,622.23,0,1
11616,Midwest,Social,New,Treatment,40,178.5,1,3,11.8,10.5,0.358,0.745,0.199,0.014,0,48.31,1.46,0.0,0.508,0.123,0.791,6.15,3.2,2,53.8,6.0,7,7,120,1,46.9,1,1
11617,Midwest,Referral,Loyal,Control,61,108.4,59,22,12.5,8.8,0.089,0.699,0.351,0.041,4,107.98,3.42,507.95,0.245,0.136,0.59,6.28,2.0,0,,6.0,3,4,11,2,199.87,0,0
11618,South,Email,Returning,Control,30,37.6,10,7,5.8,5.4,0.16,0.878,0.26,0.033,0,49.05,2.39,0.0,0.2,0.125,0.795,8.38,3.9,1,11.1,10.0,4,5,183,3,158.76,0,0
11619,South,Paid Search,Loyal,Control,26,73.0,40,6,9.4,8.4,0.463,0.948,0.471,0.087,3,109.44,3.26,302.28,0.224,0.096,0.568,1.56,3.7,1,14.8,7.0,4,4,3,8,844.42,0,0
11620,Northeast,Email,Returning,Control,51,53.7,14,8,13.2,10.9,0.342,0.783,0.313,0.045,0,128.17,1.57,0.0,0.354,0.015,0.723,6.57,5.0,1,14.1,5.0,3,4,107,3,351.56,1,0
11621,Midwest,Paid Search,Returning,Control,46,62.5,16,15,2.1,5.0,0.567,0.768,0.427,0.068,0,119.26,2.84,0.0,0.298,0.053,0.734,6.31,3.1,3,18.0,3.0,5,6,211,4,376.9,1,0
11622,South,Social,Loyal,Control,54,150.8,31,18,6.0,6.8,0.286,0.551,0.252,0.044,3,111.86,2.18,259.92,0.185,0.044,0.672,3.6,4.2,0,,,6,6,7,5,473.99,0,0
11623,West,Organic Search,Loyal,Treatment,52,114.3,60,13,6.1,5.9,0.378,0.497,0.099,0.006,0,70.61,2.44,0.0,0.048,0.005,0.729,4.87,1.4,2,66.6,6.0,6,6,194,4,285.63,1,0
11624,South,Email,Loyal,Treatment,45,38.7,40,40,7.5,6.6,0.164,0.715,0.426,0.026,9,64.33,1.43,513.03,0.247,0.143,0.65,5.98,4.4,3,19.3,5.0,6,7,16,13,935.72,0,0
11625,South,Referral,Returning,Treatment,45,72.0,15,12,10.0,8.8,0.219,0.64,0.152,0.022,1,58.05,2.03,73.82,0.428,0.088,0.696,6.1,3.2,0,,7.0,3,3,49,3,141.51,1,0
11626,Midwest,Referral,Returning,Control,54,101.4,15,11,9.0,6.9,0.247,0.651,0.112,0.022,1,60.22,2.1,52.1,0.491,0.075,0.578,6.78,3.7,0,,7.0,6,6,1,1,56.86,0,0
11627,South,Organic Search,Returning,Control,42,69.4,19,11,4.9,4.9,0.216,0.79,0.524,0.065,2,152.76,4.01,197.06,0.059,0.132,0.659,6.76,3.4,1,28.2,6.0,3,4,57,2,324.17,0,0
11628,West,Organic Search,Returning,Treatment,52,84.8,9,7,5.2,6.4,0.306,0.71,0.276,0.063,1,82.06,2.08,72.27,0.217,0.06,0.467,4.38,3.3,0,,6.0,3,3,42,1,84.21,0,1
11629,West,Email,Returning,Treatment,36,86.5,13,24,4.9,4.9,0.336,0.956,0.313,0.031,3,87.76,2.23,241.24,0.473,0.044,0.675,2.85,5.1,0,,8.0,5,5,7,1,83.57,0,0
11630,West,Social,Returning,Treatment,47,148.4,17,9,4.0,4.8,0.337,0.749,0.517,0.059,3,92.22,4.1,276.61,0.272,0.114,0.448,3.26,3.1,0,,3.0,5,5,3,2,191.22,0,1
11631,West,Email,Returning,Treatment,49,68.6,19,33,11.2,8.4,0.259,0.949,0.239,0.019,5,76.64,1.95,426.23,0.249,0.024,0.645,6.95,3.6,0,,8.0,5,5,14,3,277.0,0,0
11632,West,Organic Search,Returning,Control,46,119.4,20,3,2.4,3.6,0.236,0.608,0.364,0.077,0,34.87,1.58,0.0,0.085,0.021,0.757,5.07,4.0,3,43.1,7.0,5,5,137,5,183.22,0,0
11633,Northeast,Referral,Returning,Treatment,44,73.4,16,12,7.6,5.8,0.433,0.618,0.364,0.021,2,115.7,2.8,164.49,0.334,0.071,0.615,6.88,3.1,3,6.1,3.0,4,4,53,4,476.56,0,0
11634,West,Email,New,Control,62,114.0,2,13,9.1,8.7,0.232,0.781,0.404,0.019,3,148.44,3.74,423.83,0.079,0.06,0.701,5.21,2.4,1,32.3,8.0,5,6,3,3,556.46,0,0
11635,Northeast,Organic Search,Loyal,Control,18,68.4,25,12,5.0,5.1,0.282,0.96,0.298,0.002,1,90.86,2.42,101.4,0.163,0.043,0.675,4.64,3.1,0,,8.0,4,5,89,8,728.92,0,0
11636,West,Organic Search,Loyal,Treatment,37,204.6,28,23,3.9,7.1,0.24,0.759,0.148,0.003,3,105.94,2.37,307.6,0.157,0.05,0.771,5.48,4.4,3,15.4,8.0,6,6,16,6,572.5,0,0
11637,Northeast,Organic Search,Returning,Treatment,43,76.9,23,18,5.9,6.2,0.221,0.666,0.366,0.056,3,88.45,1.94,236.87,0.074,0.096,0.639,5.24,2.1,1,41.8,10.0,4,3,3,5,378.5,0,0
11638,South,Paid Search,Loyal,Control,18,18.0,28,11,7.2,7.3,0.44,0.868,0.118,0.016,3,46.88,2.51,134.1,0.465,0.06,0.777,10.98,2.9,1,29.9,6.0,5,6,2,1,53.2,0,0
11639,Northeast,Organic Search,Loyal,Treatment,46,58.9,31,13,7.9,5.8,0.303,0.69,0.336,0.066,2,136.65,2.55,223.88,0.125,0.134,0.79,5.92,2.9,2,12.0,9.0,5,6,3,5,695.1,0,0
11640,South,Organic Search,Loyal,Control,30,116.5,33,4,7.4,6.5,0.168,0.782,0.256,0.005,3,46.26,1.0,118.9,0.228,0.021,0.595,7.83,3.6,4,41.6,8.0,5,5,20,10,464.66,0,0
11641,Midwest,Organic Search,Loyal,Control,52,54.0,27,9,3.5,4.4,0.41,0.713,0.226,0.028,2,71.01,1.32,147.85,0.099,0.069,0.589,7.63,3.3,2,17.3,9.0,4,5,29,5,420.02,0,0
11642,Midwest,Social,Returning,Treatment,68,34.5,6,7,3.4,10.7,0.297,0.53,0.406,0.085,1,57.18,2.17,54.74,0.368,0.103,0.629,7.9,3.1,0,,,4,5,29,1,63.83,0,0
11643,West,Organic Search,New,Treatment,63,95.4,1,3,3.9,6.0,0.222,0.55,0.328,0.049,0,115.89,2.69,0.0,0.256,0.064,0.751,1.1,3.7,0,,10.0,6,5,168,2,253.97,1,0
11644,West,Paid Search,Loyal,Treatment,67,95.7,47,9,5.9,7.6,0.28,0.41,0.229,0.015,5,73.24,2.15,272.74,0.597,0.066,0.858,6.13,3.7,2,26.8,10.0,6,6,22,4,309.06,0,0
11645,West,Social,New,Treatment,45,111.4,1,16,6.4,6.0,0.348,0.925,0.256,0.038,4,77.66,1.63,288.34,0.333,0.063,0.655,2.2,2.0,0,,,3,3,5,1,57.78,0,0
11646,Midwest,Organic Search,Loyal,Treatment,30,56.4,26,5,3.6,4.1,0.44,0.766,0.194,0.008,4,61.67,1.99,256.61,0.191,0.066,0.732,2.52,2.6,0,,9.0,5,5,21,2,110.53,1,0
11647,West,Email,Returning,Treatment,55,167.4,9,2,6.6,8.5,0.307,0.634,0.296,0.003,0,63.21,1.46,0.0,0.202,0.092,0.761,4.03,3.6,0,,7.0,5,6,257,1,71.19,1,0
11648,Midwest,Paid Search,Loyal,Control,42,211.7,31,7,3.7,4.3,0.326,0.862,0.078,0.002,1,92.6,2.79,89.1,0.713,0.06,0.8,4.41,3.0,2,23.5,10.0,4,4,40,1,101.64,0,0
11649,South,Social,New,Control,56,86.9,4,8,7.9,7.2,0.35,0.957,0.433,0.052,0,125.31,2.43,0.0,0.445,0.14,0.515,7.66,3.3,0,,8.0,6,6,135,1,134.3,0,0
11650,South,Social,New,Treatment,30,57.7,4,6,21.3,13.6,0.566,0.316,0.203,0.019,3,71.92,1.57,236.58,0.24,0.06,0.661,5.0,3.8,0,,10.0,5,5,22,1,77.36,0,0
11651,South,Email,Returning,Control,56,147.7,11,9,5.4,6.6,0.504,0.578,0.37,0.005,3,90.69,2.21,288.95,0.252,0.093,0.693,5.84,3.9,0,,8.0,4,5,33,3,287.01,1,1
11652,Northeast,Paid Search,Returning,Treatment,43,,10,3,12.7,8.8,0.409,0.571,0.393,0.049,1,93.32,2.15,78.78,0.342,0.096,0.636,2.94,2.6,2,20.5,7.0,7,7,25,2,182.92,0,0
11653,Northeast,Social,Loyal,Control,22,86.1,40,3,8.6,6.9,0.423,0.961,0.507,0.112,3,133.03,2.52,478.1,0.112,0.174,0.699,6.92,2.1,0,,10.0,4,5,64,1,121.67,0,0
11654,Northeast,Email,Returning,Treatment,36,111.4,8,4,4.4,6.3,0.284,0.478,0.313,0.042,0,88.2,1.65,0.0,0.1,0.015,0.662,9.05,2.4,1,15.2,10.0,5,5,313,2,145.38,1,1
11655,West,Referral,Returning,Treatment,37,42.5,10,4,3.9,4.0,0.296,0.729,0.246,0.038,2,58.03,2.06,122.92,0.025,0.092,0.686,6.11,1.8,2,43.6,8.0,5,5,36,1,54.3,0,0
11656,Midwest,Social,Returning,Control,36,67.8,10,3,9.8,7.7,0.297,0.712,0.204,0.007,1,36.22,1.64,40.99,0.188,0.117,0.579,6.53,3.3,1,28.4,7.0,5,5,10,3,112.73,0,0
11657,West,Social,Returning,Treatment,32,93.0,22,8,4.4,5.2,0.275,0.682,0.159,0.018,3,108.75,1.92,346.27,0.452,0.041,0.611,8.63,3.8,1,12.9,7.0,5,4,15,1,119.27,0,1
11658,Midwest,Organic Search,Loyal,Control,44,21.2,36,16,4.6,6.0,0.495,0.457,0.417,0.062,1,68.29,2.4,60.77,0.396,0.061,0.458,8.03,4.2,2,12.3,4.0,7,7,64,10,567.46,0,0
11659,South,Email,Returning,Control,29,96.7,13,9,7.1,8.3,0.444,0.839,0.295,0.069,0,67.73,2.39,0.0,0.274,0.023,0.858,4.65,6.2,0,,8.0,3,4,228,1,72.51,0,0
11660,West,Social,Returning,Control,18,69.5,21,7,3.1,4.5,0.498,0.902,0.198,0.029,0,80.31,3.37,0.0,0.427,0.062,0.703,6.57,2.0,1,6.0,7.0,4,5,98,2,191.59,0,0
11661,West,Paid Search,Returning,Control,51,127.3,14,5,9.0,6.8,0.257,0.782,0.21,0.03,2,90.08,3.3,137.72,0.258,0.022,0.541,6.79,3.6,0,,5.0,6,7,46,1,86.15,1,0
11662,Midwest,Organic Search,New,Treatment,58,,3,8,4.1,5.4,0.147,0.625,0.329,0.04,2,60.24,2.12,133.82,0.183,0.008,0.68,8.27,3.5,0,,7.0,4,4,50,1,60.19,1,0
11663,South,Paid Search,Returning,Control,48,174.5,18,10,4.2,5.1,0.349,0.926,0.346,0.03,2,88.95,2.73,195.19,0.355,0.064,0.63,8.12,3.4,1,12.8,7.0,5,5,64,2,160.48,0,1
11664,Midwest,Organic Search,Loyal,Control,30,110.5,38,3,7.8,9.0,0.27,0.655,0.217,0.04,0,185.48,4.3,0.0,0.253,0.006,0.699,6.69,3.5,1,23.7,9.0,4,3,97,7,1181.8,0,0
11665,West,Social,New,Control,42,84.2,4,5,3.9,4.3,0.345,0.918,0.415,0.052,2,78.36,1.96,181.42,0.496,0.118,0.747,8.91,5.8,0,,8.0,4,4,59,1,87.81,1,0
11666,South,Social,Loyal,Control,43,58.5,36,2,3.7,4.0,0.211,0.81,0.165,0.015,1,95.97,2.86,95.52,0.172,0.118,0.763,8.9,4.2,2,23.5,4.0,5,5,21,7,646.32,0,1
11667,West,Referral,Loyal,Treatment,55,53.0,52,27,9.3,8.0,0.094,0.557,0.133,0.023,6,217.67,4.22,1415.53,0.235,0.078,0.602,6.52,5.4,1,42.9,7.0,4,4,9,11,2090.2,0,0
11668,Midwest,Paid Search,New,Treatment,40,52.1,5,3,12.2,8.0,0.418,0.61,0.139,0.02,2,59.16,1.92,101.07,0.341,0.082,0.763,8.59,5.3,0,,7.0,4,4,38,2,99.72,0,0
11669,West,Paid Search,Returning,Control,36,73.4,6,2,10.9,7.7,0.365,0.877,0.36,0.018,0,75.55,1.51,0.0,0.331,0.092,0.607,4.06,3.6,0,,7.0,6,6,231,1,79.73,0,0
11670,West,Paid Search,New,Control,43,40.7,5,11,6.9,7.7,0.428,0.488,0.339,0.071,1,103.79,3.19,118.9,0.221,0.061,0.72,4.87,3.6,1,33.4,9.0,4,5,71,4,375.21,0,1
11671,Northeast,Organic Search,Returning,Control,41,32.2,21,8,5.7,6.1,0.367,0.637,0.213,0.03,5,77.49,2.65,369.5,0.474,0.071,0.731,7.17,2.2,0,,8.0,4,4,12,3,197.31,0,1
11672,West,Organic Search,Returning,Treatment,55,110.5,16,16,5.3,4.7,0.232,0.603,0.262,0.014,3,65.49,2.13,199.25,0.121,0.072,0.798,1.39,6.1,1,37.8,4.0,5,5,14,2,155.9,0,1
11673,South,Organic Search,Returning,Control,36,57.9,12,9,11.5,9.3,0.214,0.912,0.309,0.011,0,86.23,2.45,0.0,0.122,0.028,0.727,6.19,2.5,2,28.2,7.0,4,5,131,2,173.54,0,1
11674,West,Social,Loyal,Treatment,18,,42,12,9.6,8.1,0.371,0.862,0.244,0.02,4,95.07,1.7,401.87,0.453,0.276,0.63,4.94,6.2,1,19.9,3.0,6,6,9,3,320.08,0,0
11675,Midwest,Organic Search,Loyal,Treatment,50,66.4,56,22,6.0,6.0,0.298,0.761,0.284,0.027,2,72.84,2.11,152.73,0.08,0.029,0.808,3.14,3.2,3,25.8,8.0,6,6,19,15,984.8,0,0
11676,Midwest,Social,Returning,Treatment,37,44.5,22,7,4.3,5.7,0.282,0.794,0.385,0.06,3,40.27,1.34,138.16,0.445,0.04,0.624,6.64,6.2,0,,4.0,5,5,3,4,169.16,0,0
11677,West,Social,Returning,Control,20,78.4,12,10,6.2,7.5,0.309,0.687,0.182,0.013,6,125.06,2.17,652.5,0.276,0.227,0.688,8.13,3.2,2,36.8,4.0,4,3,9,5,526.61,0,0
11678,Midwest,Social,Returning,Treatment,49,66.5,13,10,13.5,9.1,0.211,0.509,0.183,0.004,1,56.36,1.91,52.78,0.356,0.171,0.561,6.7,2.5,0,,4.0,6,6,77,3,158.77,0,0
11679,South,Email,Loyal,Control,29,52.4,34,25,6.5,6.4,0.312,0.886,0.471,0.01,7,51.83,2.74,447.02,0.259,0.103,0.622,5.8,2.4,0,,10.0,7,6,4,1,60.3,0,0
11680,Midwest,Social,Returning,Control,55,99.9,23,4,5.7,7.2,0.305,0.542,0.381,0.076,0,76.79,2.7,0.0,0.435,0.053,0.786,4.48,2.0,1,15.3,9.0,4,5,107,4,250.79,0,0
11681,Northeast,Social,Loyal,Control,38,173.6,30,9,5.4,6.2,0.326,0.675,0.159,0.025,1,117.56,2.93,170.03,0.24,0.11,0.679,9.86,2.6,1,17.2,9.0,5,5,32,4,375.6,0,0
11682,Midwest,Organic Search,Returning,Treatment,53,107.2,14,6,7.1,6.5,0.337,0.726,0.169,0.021,0,48.71,2.36,0.0,0.187,0.036,0.819,5.27,4.2,0,,10.0,6,6,274,2,89.41,1,0
11683,West,Email,Returning,Treatment,36,74.5,7,7,3.4,5.2,0.333,0.889,0.557,0.094,1,123.87,2.75,94.09,0.57,0.052,0.561,3.09,2.7,1,11.7,8.0,5,4,89,1,109.06,0,1
11684,Northeast,Organic Search,Returning,Control,26,86.0,18,1,3.7,5.4,0.291,0.763,0.292,0.007,0,205.44,3.84,0.0,0.195,0.066,0.749,7.75,4.2,3,42.6,6.0,3,3,186,4,953.66,0,0
11685,Northeast,Email,Returning,Treatment,57,59.9,17,22,7.1,6.2,0.187,0.538,0.388,0.01,3,123.28,3.16,399.79,0.333,0.016,0.591,3.91,3.5,2,28.1,6.0,6,6,10,4,491.41,0,0
11686,South,Social,Returning,Treatment,60,98.2,18,5,7.1,6.1,0.487,0.487,0.421,0.09,1,77.16,2.73,93.82,0.448,0.083,0.681,0.0,3.3,4,19.3,4.0,4,4,3,2,199.12,0,1
11687,West,Organic Search,New,Treatment,41,76.9,4,9,3.4,4.6,0.355,0.739,0.116,0.03,3,126.95,3.34,314.76,0.306,0.109,0.646,2.78,4.6,0,,10.0,4,4,42,1,123.11,0,0
11688,Northeast,Paid Search,New,Control,48,52.1,4,21,7.6,9.3,0.415,0.351,0.161,0.043,4,85.49,2.8,262.47,0.465,0.156,0.752,8.28,5.6,1,20.9,6.0,7,7,28,1,84.89,0,1
11689,Midwest,Email,Returning,Treatment,56,183.4,6,15,12.1,8.6,0.393,0.596,0.257,0.017,1,108.24,2.54,99.71,0.205,0.123,0.593,3.12,2.9,1,10.8,7.0,4,5,13,3,314.66,0,0
11690,South,Organic Search,Returning,Control,62,113.2,22,11,4.2,5.5,0.286,0.702,0.357,0.061,0,87.63,2.75,0.0,0.163,0.138,0.768,7.08,4.9,2,27.1,5.0,4,3,137,7,537.86,0,1
11691,West,Referral,Returning,Control,68,49.3,15,2,3.8,5.3,0.175,0.694,0.085,0.012,1,56.48,2.15,58.96,0.142,0.251,0.681,5.25,2.5,1,20.1,6.0,6,6,64,2,102.52,1,0
11692,South,Organic Search,New,Treatment,40,78.5,2,7,5.2,6.3,0.36,0.721,0.571,0.086,3,73.29,1.73,201.87,0.772,0.017,0.591,3.25,4.7,0,,6.0,7,7,19,1,69.05,0,1
11693,South,Organic Search,Loyal,Control,39,32.1,25,8,7.1,5.7,0.292,0.871,0.272,0.102,0,69.42,1.21,0.0,0.324,0.043,0.914,6.32,4.0,1,21.9,9.0,5,6,265,6,490.82,0,0
11694,South,Referral,Loyal,Control,50,,34,8,5.7,7.5,0.375,0.726,0.313,0.03,1,46.37,2.19,55.11,0.109,0.033,0.668,6.41,2.5,5,24.4,8.0,5,6,43,21,791.68,0,0
11695,West,Organic Search,Returning,Control,53,122.5,15,11,5.0,4.4,0.542,0.593,0.177,0.005,2,71.08,1.9,133.24,0.216,0.121,0.725,3.79,1.7,0,,10.0,4,3,25,6,441.35,0,0
11696,West,Organic Search,Returning,Treatment,32,46.4,20,11,6.1,9.0,0.241,0.919,0.28,0.032,2,53.83,1.0,93.95,0.252,0.072,0.66,6.38,2.7,0,,8.0,6,7,16,5,286.27,0,0
11697,South,Social,Returning,Treatment,50,85.5,9,12,6.1,5.7,0.401,0.517,0.177,0.026,2,112.74,2.72,212.67,0.522,0.13,0.675,2.56,3.9,1,23.4,7.0,5,5,54,2,238.06,0,0
11698,Northeast,Organic Search,Returning,Control,35,73.1,23,9,9.3,8.1,0.152,0.839,0.229,0.03,3,51.57,1.37,195.41,0.048,0.051,0.66,6.11,3.8,2,8.8,6.0,3,4,26,5,250.51,0,1
11699,South,Social,Returning,Treatment,26,89.3,20,7,10.7,8.0,0.47,0.772,0.34,0.022,1,148.63,3.88,181.35,0.241,0.058,0.637,4.87,5.1,1,83.6,10.0,2,2,74,2,300.1,0,1
11700,South,Social,Returning,Control,38,99.7,8,1,4.6,4.8,0.46,0.799,0.383,0.061,0,111.22,3.32,0.0,0.504,0.027,0.663,8.12,3.8,0,,7.0,5,5,143,2,195.86,0,0
11701,Midwest,Social,Returning,Control,53,56.1,24,5,7.0,5.5,0.368,0.723,0.328,0.039,0,114.27,2.15,0.0,0.421,0.148,0.817,4.06,3.3,1,15.7,4.0,6,7,132,8,919.38,1,0
11702,Midwest,Organic Search,Returning,Treatment,49,64.0,19,2,5.0,5.5,0.348,0.733,0.119,0.032,1,52.33,1.99,52.14,0.43,0.149,0.551,7.76,4.8,1,7.6,5.0,6,6,78,2,86.71,1,0
11703,South,Organic Search,Returning,Control,35,40.7,10,9,5.5,5.3,0.209,0.849,0.183,0.002,2,60.65,1.69,150.81,0.23,0.023,0.634,6.97,3.9,0,,7.0,4,5,89,1,63.42,0,0
11704,West,Paid Search,New,Treatment,40,63.2,5,3,5.5,7.3,0.282,0.701,0.216,0.01,2,78.87,2.71,141.49,0.234,0.082,0.475,7.21,4.0,0,,4.0,5,5,24,1,92.62,0,0
11705,Northeast,Social,Returning,Treatment,31,297.4,17,10,11.0,9.6,0.432,0.718,0.305,0.071,2,148.42,2.57,331.67,0.248,0.17,0.806,6.56,1.9,0,,8.0,5,5,37,2,248.45,0,0
11706,South,Organic Search,Returning,Treatment,32,64.3,19,9,5.6,5.4,0.305,0.896,0.217,0.028,3,72.92,1.61,241.14,0.368,0.127,0.472,5.27,2.5,0,,6.0,4,4,23,1,70.27,0,0
11707,Midwest,Social,Returning,Treatment,41,47.0,19,15,8.7,8.8,0.282,0.718,0.505,0.04,2,60.11,1.63,161.56,0.602,0.071,0.73,3.4,3.5,0,,7.0,6,7,2,1,53.48,0,1
11708,West,Organic Search,Loyal,Treatment,36,102.4,33,17,7.0,6.6,0.333,0.731,0.089,0.017,2,61.41,1.56,106.52,0.247,0.088,0.536,6.14,4.6,4,24.2,6.0,6,6,10,6,440.43,0,0
11709,West,Social,New,Control,30,165.9,2,10,2.3,5.2,0.47,0.912,0.308,0.008,3,185.91,3.36,676.53,0.24,0.08,0.455,9.75,3.7,0,,,5,5,12,1,147.39,0,0
11710,West,Social,Returning,Treatment,64,133.5,6,7,6.1,7.6,0.468,0.591,0.294,0.038,1,61.09,2.59,49.91,0.313,0.161,0.707,3.88,2.1,1,16.5,6.0,4,4,16,1,57.83,0,0
11711,West,Social,Returning,Control,21,86.7,12,10,27.2,15.9,0.322,0.965,0.243,0.04,2,128.57,2.91,239.08,0.323,0.116,0.777,11.22,3.0,1,23.8,8.0,6,6,6,3,399.72,0,0
11712,Northeast,Organic Search,Loyal,Treatment,40,107.3,38,15,7.8,6.0,0.435,0.712,0.295,0.053,3,144.54,3.18,445.84,0.057,0.082,0.709,4.34,3.8,4,28.8,9.0,4,4,8,5,650.52,0,1
11713,South,Social,Loyal,Control,53,47.9,38,2,6.0,6.3,0.439,0.591,0.501,0.055,1,82.69,3.15,73.69,0.419,0.207,0.586,4.91,3.5,3,12.1,5.0,5,7,40,4,292.86,0,0
11714,Northeast,Referral,Loyal,Control,30,46.5,30,21,3.9,4.8,0.279,0.721,0.251,0.025,2,98.33,3.11,176.1,0.455,0.178,0.708,6.22,5.4,2,17.1,8.0,4,5,11,3,294.02,0,0
11715,South,Paid Search,Returning,Control,55,79.9,17,10,6.7,5.5,0.187,0.547,0.364,0.05,0,95.69,2.03,0.0,0.21,0.092,0.711,7.34,4.3,1,16.8,8.0,5,5,363,5,430.79,1,0
11716,West,Social,New,Control,55,47.5,4,12,4.1,4.9,0.214,0.705,0.344,0.09,2,69.81,2.39,146.41,0.158,0.153,0.782,4.26,4.4,0,,5.0,5,5,12,1,74.58,0,0
11717,West,Paid Search,New,Treatment,62,116.7,3,1,8.1,7.0,0.379,0.482,0.081,0.005,1,70.6,1.57,68.74,0.414,0.231,0.707,5.42,5.0,1,13.0,8.0,6,6,32,1,70.66,0,0
11718,Northeast,Organic Search,Returning,Control,31,95.4,16,6,9.0,6.5,0.37,0.858,0.149,0.005,2,153.8,2.88,262.0,0.34,0.046,0.767,3.44,4.0,1,8.4,10.0,6,7,9,6,924.8,0,1
11719,Midwest,Email,Returning,Treatment,67,37.7,16,12,5.4,4.7,0.186,0.708,0.307,0.032,1,56.15,2.7,68.55,0.301,0.015,0.526,6.26,4.3,0,,9.0,2,3,11,1,67.02,0,0
11720,South,Paid Search,Returning,Control,46,25.8,8,7,12.5,9.8,0.27,0.484,0.283,0.028,0,63.88,2.39,0.0,0.175,0.115,0.809,6.55,1.8,2,19.1,9.0,6,7,105,3,184.77,1,0
11721,Northeast,Paid Search,New,Control,53,105.6,2,6,3.1,4.3,0.256,0.756,0.149,0.007,1,77.68,3.98,84.66,0.189,0.094,0.651,8.66,1.8,3,26.9,10.0,7,7,6,1,69.78,0,0
11722,West,Email,Returning,Control,44,68.0,9,12,5.8,5.3,0.363,0.613,0.283,0.039,1,116.01,3.25,120.17,0.66,0.083,0.684,4.36,2.7,2,39.1,10.0,3,2,23,1,120.31,0,0
11723,West,Organic Search,Returning,Treatment,22,38.7,18,23,3.7,4.9,0.15,0.906,0.154,0.024,5,105.67,1.81,518.17,0.189,0.067,0.602,5.11,3.4,2,37.0,9.0,5,7,18,1,108.92,0,1
11724,Northeast,Paid Search,Loyal,Control,19,81.9,30,13,5.4,8.4,0.395,0.589,0.213,0.029,2,66.91,2.11,157.64,0.247,0.121,0.607,8.48,4.3,2,19.1,10.0,4,5,14,15,929.85,0,0
11725,South,Paid Search,Loyal,Control,61,78.3,29,14,4.7,4.8,0.503,0.577,0.397,0.096,1,57.08,2.61,50.48,0.271,0.078,0.609,8.2,5.1,1,8.9,8.0,5,7,48,5,319.76,0,0
11726,Northeast,Paid Search,Returning,Control,46,,20,12,3.3,4.6,0.579,0.697,0.185,0.016,1,195.77,3.8,190.87,0.146,0.096,0.65,4.23,3.6,0,,6.0,5,6,17,6,1007.14,0,0
11727,South,Email,Loyal,Treatment,42,94.3,36,8,6.0,5.8,0.319,0.5,0.418,0.024,0,46.01,2.12,0.0,0.588,0.153,0.623,5.38,2.6,2,5.4,9.0,5,5,102,5,220.17,0,1
11728,Northeast,Paid Search,Returning,Treatment,46,88.2,11,8,5.2,5.7,0.579,0.62,0.187,0.008,0,110.91,3.59,0.0,0.308,0.071,0.519,3.57,3.7,0,,8.0,6,6,228,1,105.46,0,0
11729,West,Social,Returning,Control,29,103.8,10,16,6.1,5.1,0.454,0.694,0.207,0.036,2,94.34,2.67,219.4,0.413,0.265,0.66,6.38,3.2,1,47.9,4.0,7,7,63,5,482.42,0,0
11730,West,Paid Search,Loyal,Treatment,33,66.2,43,4,8.9,6.1,0.465,0.889,0.122,0.008,1,85.49,1.59,88.76,0.292,0.072,0.698,5.23,1.9,2,43.4,7.0,5,5,69,10,736.66,0,0
11731,Midwest,Social,Returning,Control,21,71.6,22,8,7.9,5.9,0.317,0.95,0.134,0.005,0,67.7,2.74,0.0,0.353,0.105,0.709,6.14,2.8,2,15.0,6.0,6,6,170,1,53.41,1,0
11732,South,Social,New,Control,37,88.8,3,9,6.5,9.0,0.346,0.506,0.15,0.015,2,84.73,2.83,231.21,0.27,0.197,0.792,4.67,2.2,1,32.1,7.0,6,6,45,1,89.48,0,0
11733,West,Organic Search,Returning,Control,55,35.0,20,11,4.6,5.6,0.453,0.702,0.072,0.005,1,78.33,2.48,66.13,0.124,0.032,0.723,8.43,2.7,0,,10.0,5,5,33,2,136.79,0,0
11734,Northeast,Paid Search,Returning,Treatment,41,135.8,13,4,13.2,9.8,0.256,0.674,0.311,0.036,0,88.69,1.56,0.0,0.488,0.14,0.632,6.22,2.4,2,39.3,6.0,6,7,135,5,369.81,0,0
11735,West,Social,Returning,Control,50,60.1,24,6,13.5,9.9,0.284,0.765,0.29,0.011,1,87.91,2.08,82.78,0.284,0.095,0.586,9.12,1.9,1,57.3,6.0,5,6,20,5,510.73,0,0
11736,South,Paid Search,Loyal,Control,30,147.4,25,16,5.7,6.2,0.451,0.652,0.355,0.018,5,92.21,3.07,403.17,0.261,0.135,0.541,5.07,6.4,1,19.4,,5,6,7,4,458.92,1,1
11737,West,Social,Returning,Treatment,45,111.5,9,10,2.7,4.6,0.356,0.788,0.186,0.036,0,114.89,3.79,0.0,0.356,0.101,0.737,5.26,2.0,1,25.2,10.0,3,3,167,1,132.83,1,0
11738,Northeast,Organic Search,Returning,Treatment,28,84.6,21,17,5.5,6.3,0.272,0.837,0.349,0.009,2,55.92,1.62,121.42,0.028,0.078,0.681,2.83,3.5,2,30.6,9.0,5,5,27,3,211.39,0,1
11739,Northeast,Organic Search,Returning,Treatment,29,79.5,20,12,4.6,8.0,0.227,0.799,0.136,0.017,3,59.14,1.56,146.55,0.077,0.097,0.555,7.26,4.3,0,,9.0,5,6,32,1,65.79,1,1
11740,West,Social,Returning,Treatment,32,70.6,10,5,1.9,3.9,0.566,0.829,0.25,0.033,1,92.71,3.11,68.23,0.179,0.17,0.606,3.86,3.1,2,8.3,8.0,5,5,87,2,206.78,0,0
11741,South,Paid Search,Loyal,Treatment,54,61.5,53,6,6.0,6.3,0.323,0.7,0.136,0.028,3,70.75,1.65,174.35,0.368,0.022,0.812,4.84,5.7,1,9.4,6.0,6,5,25,2,163.88,0,1
11742,West,Referral,Returning,Control,44,61.1,11,7,9.5,7.2,0.2,0.71,0.197,0.007,3,196.57,3.04,420.64,0.389,0.07,0.699,6.71,2.3,0,,8.0,4,5,13,3,544.33,0,0
11743,Midwest,Email,Returning,Control,51,,21,23,8.2,7.2,0.248,0.418,0.165,0.017,3,114.78,2.45,387.52,0.182,0.322,0.733,5.81,3.6,1,10.5,8.0,6,7,51,4,469.55,0,0
11744,Northeast,Organic Search,Loyal,Treatment,31,74.2,27,15,14.1,8.7,0.181,0.789,0.317,0.007,1,90.62,2.29,110.4,0.194,0.083,0.701,7.0,3.6,0,,10.0,6,4,71,4,418.16,0,0
11745,Northeast,Organic Search,Loyal,Treatment,43,43.5,33,10,5.4,6.3,0.407,0.738,0.425,0.03,3,54.44,2.03,139.72,0.142,0.014,0.591,2.22,1.0,1,57.6,10.0,7,7,27,3,144.8,0,0
11746,South,Email,Returning,Control,54,69.0,15,13,9.5,7.4,0.346,0.707,0.159,0.018,1,57.98,2.25,59.18,0.104,0.067,0.637,7.95,2.9,1,19.8,8.0,7,7,23,3,175.03,0,0
11747,West,Social,Returning,Treatment,28,46.8,10,1,4.4,5.0,0.311,0.948,0.43,0.104,0,139.6,2.09,0.0,0.408,0.053,0.528,7.93,2.6,0,,7.0,5,4,221,2,264.23,1,0
11748,Midwest,Referral,Loyal,Control,29,34.1,42,16,2.6,6.0,0.308,0.654,0.14,0.002,3,70.57,2.47,241.66,0.168,0.048,0.721,8.71,3.2,3,46.2,8.0,6,6,54,8,478.6,0,0
11749,Northeast,Organic Search,Loyal,Control,18,149.6,40,3,6.1,8.9,0.281,0.899,0.226,0.05,0,136.5,3.29,0.0,0.194,0.022,0.536,4.53,4.3,2,11.8,5.0,5,5,152,4,456.22,0,0
11750,Northeast,Social,Returning,Treatment,36,92.5,12,8,3.8,6.3,0.299,0.748,0.353,0.068,2,72.54,1.44,134.17,0.583,0.081,0.707,6.69,2.4,1,10.4,5.0,6,5,3,3,249.39,0,1
11751,South,Organic Search,Returning,Control,50,35.3,22,4,8.2,7.2,0.241,0.893,0.298,0.085,0,91.64,3.02,0.0,0.276,0.003,0.732,8.99,3.4,0,,7.0,7,7,157,2,187.84,1,0
11752,South,Paid Search,New,Treatment,34,39.5,3,3,9.8,6.9,0.446,0.686,0.235,0.013,1,67.02,3.22,62.55,0.254,0.12,0.663,5.15,4.9,0,,9.0,6,6,47,1,69.6,0,0
11753,West,Organic Search,Returning,Treatment,27,30.9,24,21,6.8,7.2,0.451,0.959,0.201,0.053,3,78.8,2.51,267.14,0.223,0.026,0.824,3.17,1.6,0,,7.0,5,5,6,2,144.26,0,0
11754,Midwest,Social,Returning,Treatment,42,100.6,10,17,3.1,4.4,0.572,0.688,0.268,0.008,4,86.01,1.81,360.47,0.54,0.109,0.506,5.72,2.9,1,12.4,,5,5,24,2,149.95,0,0
11755,West,Organic Search,Returning,Control,39,70.3,21,16,4.3,5.6,0.368,0.916,0.147,0.012,0,83.8,2.52,0.0,0.105,0.082,0.69,4.68,3.6,1,36.1,5.0,4,4,128,8,688.14,0,0
11756,West,Email,Returning,Treatment,56,82.1,13,5,8.9,9.0,0.381,0.323,0.245,0.007,1,50.74,1.8,45.68,0.499,0.02,0.634,1.35,3.0,0,,2.0,6,5,66,2,96.86,0,0
11757,South,Organic Search,Returning,Treatment,33,60.4,14,14,9.3,7.4,0.395,0.958,0.281,0.04,1,136.37,2.58,138.34,0.151,0.043,0.486,5.03,2.9,1,39.8,7.0,5,5,25,8,1212.44,0,0
11758,West,Referral,Loyal,Control,55,47.0,30,11,11.6,7.7,0.289,0.854,0.331,0.031,4,79.95,2.38,245.4,0.181,0.007,0.712,2.5,2.3,1,41.3,,6,6,12,8,680.97,0,0
11759,Northeast,Organic Search,New,Control,42,207.6,5,8,4.0,4.7,0.287,0.536,0.553,0.15,0,120.06,3.7,0.0,0.169,0.079,0.77,6.67,3.7,0,,6.0,4,4,262,2,221.04,1,0
11760,West,Paid Search,Loyal,Treatment,18,164.0,33,17,3.7,5.2,0.55,0.999,0.146,0.038,1,72.2,2.73,66.79,0.41,0.062,0.573,4.8,3.9,1,31.3,,6,6,36,4,254.3,0,0
11761,South,Organic Search,Returning,Treatment,36,55.9,14,5,4.5,4.4,0.288,0.804,0.438,0.012,0,54.07,2.09,0.0,0.285,0.027,0.622,4.14,1.8,0,,3.0,5,5,182,1,51.91,0,0
11762,West,Paid Search,Loyal,Treatment,52,82.4,27,12,5.6,5.2,0.315,0.686,0.213,0.017,7,60.85,2.96,461.22,0.638,0.037,0.681,6.79,2.9,2,15.8,6.0,4,4,1,4,208.74,0,0
11763,South,Social,Returning,Treatment,63,84.5,20,23,5.5,10.4,0.318,0.638,0.113,0.003,4,65.8,2.4,252.61,0.168,0.038,0.727,2.45,2.1,0,,10.0,6,5,7,2,133.33,0,1
11764,West,Organic Search,Returning,Control,49,110.6,18,17,9.5,7.2,0.241,0.726,0.307,0.037,3,82.79,1.64,284.49,0.051,0.062,0.646,8.87,2.1,1,20.1,10.0,5,6,53,3,242.25,1,0
11765,West,Email,New,Control,18,83.7,1,8,6.2,5.3,0.309,0.519,0.229,0.026,3,104.14,2.53,348.51,0.31,0.12,0.849,5.14,2.5,1,42.3,,5,5,30,1,90.7,0,1
11766,West,Organic Search,Returning,Control,27,47.3,6,1,11.7,10.1,0.154,0.798,0.119,0.004,0,71.38,1.82,0.0,0.425,0.025,0.492,8.1,3.2,2,12.6,9.0,5,5,115,2,149.38,0,0
11767,Midwest,Organic Search,Returning,Treatment,18,97.6,6,6,7.2,8.9,0.208,0.993,0.318,0.055,0,75.26,1.71,0.0,0.412,0.117,0.657,5.52,4.3,1,10.7,,4,5,200,4,285.37,0,0
11768,South,Organic Search,Returning,Treatment,30,46.0,8,7,5.0,5.6,0.387,0.347,0.203,0.044,2,96.29,1.35,164.29,0.221,0.053,0.691,6.89,3.1,1,15.2,6.0,4,5,19,2,205.59,0,0
11769,Northeast,Paid Search,Loyal,Control,31,233.3,46,5,5.5,4.9,0.456,0.694,0.345,0.039,0,127.61,2.07,0.0,0.586,0.139,0.669,4.17,4.0,0,,5.0,4,5,100,1,137.78,0,0
11770,West,Social,Returning,Control,43,80.2,10,5,6.1,5.8,0.44,0.343,0.204,0.01,2,172.49,3.05,309.03,0.473,0.23,0.702,6.58,2.0,2,14.5,,5,5,21,2,315.69,1,0
11771,Midwest,Referral,Returning,Control,37,72.3,15,15,8.1,5.8,0.475,0.87,0.249,0.088,2,69.78,2.12,149.43,0.262,0.066,0.615,9.42,2.9,1,10.9,8.0,5,6,47,9,693.15,0,0
11772,South,Referral,Returning,Treatment,60,78.1,14,11,8.2,6.9,0.206,0.827,0.187,0.043,2,74.6,2.78,169.11,0.339,0.205,0.561,2.71,6.0,0,,6.0,3,4,1,1,82.21,1,0
11773,Midwest,Referral,Returning,Treatment,48,74.3,20,3,6.4,7.2,0.388,0.507,0.19,0.006,3,60.2,2.08,201.97,0.187,0.05,0.698,3.56,3.0,1,21.2,8.0,5,5,31,4,261.73,0,0
11774,West,Email,Returning,Control,44,43.2,19,10,5.0,5.7,0.274,0.668,0.395,0.029,2,76.93,1.62,135.49,0.149,0.06,0.79,4.41,5.1,1,21.1,5.0,4,3,10,7,590.05,0,0
11775,Midwest,Paid Search,Returning,Control,54,67.8,16,12,7.4,9.7,0.225,0.631,0.439,0.013,2,49.04,2.24,76.74,0.16,0.084,0.851,8.2,3.9,0,,7.0,5,5,17,2,87.87,0,0
11776,Northeast,Email,Returning,Control,41,,13,17,3.9,4.4,0.292,0.75,0.412,0.076,1,134.2,4.08,152.29,0.341,0.096,0.683,4.59,3.6,0,,10.0,5,6,20,2,276.21,0,0
11777,Midwest,Referral,Loyal,Control,51,45.5,32,19,5.1,5.0,0.318,0.836,0.27,0.067,1,113.43,3.93,123.12,0.166,0.08,0.619,7.13,4.0,0,,8.0,5,5,37,4,522.15,1,1
11778,West,Organic Search,Returning,Control,41,31.4,12,15,7.0,6.4,0.346,0.584,0.329,0.02,2,43.32,2.32,71.16,0.079,0.118,0.768,6.7,5.8,1,24.8,8.0,6,6,20,2,100.53,0,0
11779,Midwest,Social,Returning,Treatment,30,109.5,20,8,2.9,4.0,0.316,0.955,0.232,0.041,1,58.87,3.45,58.78,0.663,0.152,0.744,5.17,2.4,0,,5.0,4,4,86,3,171.21,0,0
11780,West,Social,Returning,Control,65,31.7,21,11,8.7,8.9,0.298,0.739,0.222,0.007,2,120.46,3.03,260.57,0.603,0.122,0.571,4.31,5.9,0,,10.0,5,7,28,2,256.31,0,1
11781,Northeast,Paid Search,Returning,Treatment,62,74.0,6,3,7.4,6.3,0.355,0.565,0.266,0.055,2,149.66,3.28,416.11,0.394,0.042,0.72,9.14,2.8,2,15.1,8.0,4,4,31,2,283.07,0,1
11782,South,Social,Returning,Treatment,49,53.8,20,22,8.4,6.7,0.537,0.694,0.307,0.069,2,76.97,1.4,202.54,0.284,0.044,0.659,4.21,5.6,2,15.8,8.0,6,7,21,4,385.77,0,0
11783,South,Paid Search,Loyal,Control,22,93.6,25,12,3.2,5.2,0.389,0.959,0.231,0.024,4,38.56,1.83,125.95,0.373,0.14,0.729,6.37,2.9,2,17.4,8.0,4,4,25,8,347.6,0,0
11784,South,Referral,Loyal,Treatment,49,41.2,26,9,4.6,5.3,0.437,0.763,0.134,0.003,1,53.33,1.38,52.02,0.298,0.028,0.685,3.85,3.7,2,16.5,,7,7,6,4,204.12,0,0
11785,Northeast,Email,New,Treatment,52,62.9,3,4,8.7,6.2,0.253,0.817,0.531,0.114,0,115.88,3.21,0.0,0.603,0.109,0.802,6.79,3.5,0,,7.0,5,5,183,2,236.25,1,0
11786,South,Paid Search,Loyal,Treatment,49,73.7,45,23,9.5,6.8,0.523,0.539,0.135,0.001,6,59.52,2.58,361.66,0.253,0.037,0.699,4.08,5.6,1,8.4,10.0,5,5,19,5,252.68,0,1
11787,Northeast,Organic Search,Loyal,Control,59,87.6,32,5,9.2,8.3,0.538,0.357,0.389,0.012,0,77.66,2.03,0.0,0.284,0.032,0.771,4.94,4.5,2,48.9,10.0,7,7,104,4,314.61,0,0
11788,South,Social,Loyal,Control,43,89.0,31,15,4.1,6.2,0.395,0.97,0.274,0.017,3,53.58,2.51,137.04,0.273,0.101,0.658,7.84,3.6,1,8.2,,3,2,28,6,280.34,0,0
11789,West,Organic Search,Returning,Control,35,87.0,14,12,5.3,4.8,0.388,0.865,0.184,0.028,2,100.03,3.4,205.85,0.349,0.076,0.74,6.29,3.0,0,,,5,5,32,2,223.43,0,0
11790,West,Organic Search,Returning,Treatment,41,64.9,19,18,4.5,5.1,0.245,0.55,0.412,0.029,8,48.87,1.51,375.86,0.292,0.054,0.76,1.52,4.0,1,39.4,8.0,6,7,36,4,183.15,0,0
11791,South,Organic Search,Loyal,Control,57,43.6,34,21,13.2,9.4,0.182,0.657,0.253,0.057,0,141.65,3.24,0.0,0.235,0.045,0.6,7.87,3.3,0,,7.0,5,5,344,1,135.15,0,0
11792,South,Social,Loyal,Control,37,79.0,32,30,7.1,7.8,0.408,0.647,0.194,0.021,1,52.37,2.81,43.62,0.396,0.144,0.72,7.16,2.0,1,11.2,10.0,6,6,33,3,177.85,0,0
11793,Northeast,Email,Returning,Treatment,32,86.3,16,16,8.8,7.6,0.331,0.872,0.097,0.009,3,63.46,2.29,206.0,0.173,0.069,0.763,5.45,3.0,2,19.7,2.0,3,2,18,2,128.25,1,0
11794,Northeast,Organic Search,Returning,Treatment,26,91.6,9,2,9.3,10.6,0.363,0.997,0.291,0.07,3,166.67,3.19,542.62,0.546,0.138,0.658,2.44,3.6,3,25.1,7.0,4,4,8,5,880.36,0,0
11795,Northeast,Referral,Returning,Treatment,44,72.6,22,9,3.9,8.6,0.31,0.541,0.115,0.023,2,102.84,3.28,175.51,0.354,0.091,0.621,5.87,4.8,1,14.7,8.0,5,6,25,5,443.36,0,1
11796,Midwest,Email,Loyal,Control,58,,33,18,6.6,7.8,0.301,0.75,0.337,0.019,1,91.74,3.47,99.47,0.292,0.075,0.62,5.55,3.0,1,11.9,10.0,5,5,10,3,252.25,0,0
11797,Northeast,Organic Search,Returning,Treatment,45,89.0,13,18,3.4,6.5,0.151,0.551,0.241,0.003,2,97.5,2.33,270.62,0.219,0.068,0.756,1.8,5.6,0,,5.0,6,5,27,2,221.32,0,0
11798,Midwest,Organic Search,Returning,Control,66,83.2,17,18,6.9,7.1,0.388,0.745,0.397,0.056,2,63.39,2.3,117.18,0.19,0.112,0.741,5.01,2.3,0,,10.0,6,6,19,2,130.26,0,0
11799,South,Email,New,Control,38,43.9,5,9,3.9,5.6,0.287,0.938,0.312,0.055,1,87.23,2.63,74.51,0.418,0.11,0.879,3.63,3.3,0,,5.0,5,6,89,1,99.13,1,0
11800,Northeast,Social,New,Control,31,197.8,3,2,2.7,5.3,0.612,0.511,0.283,0.063,1,94.58,2.45,112.08,0.201,0.124,0.658,9.8,3.3,1,23.8,8.0,4,4,23,1,84.71,1,0
11801,West,Paid Search,Returning,Treatment,59,86.9,12,9,2.9,5.1,0.395,0.488,0.346,0.019,3,76.0,2.24,298.12,0.511,0.044,0.636,6.14,5.0,0,,9.0,6,5,10,1,74.06,0,0
11802,South,Social,Loyal,Treatment,18,47.8,37,18,4.7,4.4,0.513,0.897,0.274,0.004,2,53.56,2.61,114.26,0.166,0.226,0.725,2.42,2.5,0,,4.0,4,5,11,6,299.53,0,1
11803,Northeast,Paid Search,Returning,Treatment,52,37.4,8,6,3.8,4.6,0.263,0.81,0.153,0.019,1,44.3,1.68,53.8,0.156,0.051,0.531,6.98,3.7,0,,10.0,4,5,27,1,45.5,0,0
11804,Northeast,Organic Search,Loyal,Treatment,27,82.3,31,9,7.1,5.3,0.378,0.808,0.248,0.02,1,93.88,3.28,78.31,0.129,0.022,0.676,5.22,7.7,1,10.8,6.0,5,6,11,5,472.97,0,0
11805,South,Organic Search,Loyal,Treatment,50,62.4,29,20,5.4,5.4,0.098,0.616,0.055,0.005,5,105.41,2.13,480.52,0.113,0.149,0.559,6.07,3.9,1,13.5,7.0,4,4,15,2,208.89,0,0
11806,Midwest,Organic Search,Returning,Control,40,50.8,12,27,11.3,8.8,0.141,0.815,0.486,0.034,2,67.11,2.22,106.91,0.129,0.095,0.695,8.38,2.6,1,15.0,9.0,3,4,54,4,256.86,1,1
11807,West,Social,Loyal,Control,42,67.1,32,11,8.9,8.5,0.323,0.741,0.211,0.015,5,81.51,2.76,432.84,0.196,0.11,0.695,3.12,2.6,0,,8.0,4,6,7,1,72.85,0,0
11808,Northeast,Organic Search,Loyal,Control,38,93.0,28,11,9.9,9.3,0.109,0.474,0.227,0.004,3,115.63,3.59,316.82,0.136,0.041,0.773,4.71,3.4,4,14.7,9.0,5,6,14,9,1188.44,0,0
11809,Northeast,Email,Returning,Treatment,43,105.7,9,8,7.2,6.6,0.168,0.896,0.253,0.06,4,129.96,3.19,534.99,0.162,0.126,0.741,2.6,5.2,2,13.3,,5,5,22,1,126.99,1,0
11810,South,Organic Search,Loyal,Control,41,68.2,61,25,5.7,5.4,0.283,0.331,0.339,0.022,9,115.17,2.95,1161.43,0.379,0.089,0.653,6.72,5.5,2,9.3,6.0,6,7,9,18,2096.31,0,1
11811,Northeast,Organic Search,Returning,Control,47,64.0,12,5,10.2,7.2,0.335,0.278,0.222,0.004,0,81.24,2.56,0.0,0.266,0.078,0.715,7.29,2.9,0,,10.0,5,5,194,3,235.94,0,0
11812,Midwest,Social,Returning,Control,35,17.4,14,7,8.5,7.1,0.177,0.873,0.247,0.016,2,69.5,2.03,110.26,0.378,0.221,0.803,4.2,7.2,1,55.9,10.0,5,6,5,2,135.69,0,0
11813,Northeast,Social,Returning,Treatment,42,,20,10,13.5,10.6,0.476,0.943,0.309,0.055,2,86.7,1.73,124.37,0.502,0.274,0.747,2.53,4.5,0,,6.0,6,5,17,2,179.68,0,1
11814,South,Organic Search,Loyal,Control,30,81.9,25,1,10.1,8.5,0.444,0.782,0.38,0.024,3,151.71,3.15,649.1,0.127,0.013,0.575,5.86,4.6,1,21.5,9.0,5,5,22,8,1121.2,0,0
11815,Midwest,Organic Search,Returning,Treatment,38,77.3,16,5,4.0,5.1,0.233,0.594,0.173,0.052,0,69.5,1.53,0.0,0.159,0.089,0.676,6.08,3.1,2,24.3,10.0,4,4,218,2,123.73,1,0
11816,South,Paid Search,Returning,Control,51,57.7,19,17,6.2,7.0,0.239,0.941,0.282,0.053,5,56.79,2.34,256.04,0.273,0.048,0.8,7.79,4.3,0,,7.0,6,5,20,3,154.34,0,0
11817,Midwest,Paid Search,Loyal,Control,63,178.9,44,6,8.5,6.1,0.361,0.521,0.471,0.044,0,70.68,1.92,0.0,0.452,0.124,0.783,5.88,4.7,4,41.0,9.0,5,4,154,3,215.68,0,0
11818,Midwest,Organic Search,Returning,Control,54,97.2,6,3,8.5,9.0,0.065,0.811,0.136,0.063,0,63.62,1.11,0.0,0.41,0.051,0.789,7.24,2.3,0,,10.0,4,5,131,2,138.22,0,0
11819,Midwest,Organic Search,Returning,Control,36,63.4,15,4,5.1,5.7,0.339,0.782,0.608,0.109,2,55.02,1.56,87.49,0.492,0.069,0.696,6.55,5.1,2,12.3,5.0,4,4,23,3,154.39,1,0
11820,South,Organic Search,Returning,Control,36,43.2,24,8,4.1,3.9,0.259,0.821,0.247,0.058,0,57.48,2.51,0.0,0.07,0.013,0.796,7.48,1.8,1,7.7,6.0,6,7,121,5,273.62,0,0
11821,South,Email,Returning,Treatment,58,101.9,21,23,2.7,3.4,0.427,0.699,0.204,0.01,3,87.38,2.31,290.4,0.273,0.076,0.525,3.53,3.6,1,53.1,7.0,6,7,8,1,103.88,0,0
11822,South,Referral,Loyal,Control,18,28.6,45,13,8.7,8.9,0.152,0.907,0.17,0.049,4,113.14,3.25,353.79,0.128,0.076,0.701,5.99,2.9,0,,5.0,3,3,19,5,559.63,0,0
11823,Midwest,Organic Search,Returning,Control,39,56.5,13,5,5.5,5.3,0.247,0.974,0.375,0.038,1,64.74,2.5,65.9,0.259,0.215,0.75,3.08,2.1,3,8.8,8.0,6,5,89,6,418.3,1,1
11824,South,Email,Loyal,Treatment,36,178.9,45,15,4.1,4.7,0.27,0.631,0.308,0.06,2,103.17,2.98,181.08,0.332,0.006,0.694,5.7,3.4,1,21.2,8.0,5,5,45,9,960.29,0,1
11825,South,Email,Returning,Treatment,57,93.7,9,3,5.7,5.9,0.302,0.637,0.395,0.042,0,86.32,2.05,0.0,0.2,0.116,0.713,2.96,3.7,1,25.6,2.0,6,6,277,2,152.53,1,0
11826,Northeast,Email,Loyal,Control,49,74.2,28,27,3.5,4.1,0.436,0.781,0.19,0.075,2,147.47,4.01,371.22,0.252,0.071,0.539,6.96,2.8,0,,10.0,6,5,7,6,835.5,0,0
11827,Midwest,Email,Loyal,Treatment,40,93.1,40,11,4.7,6.5,0.32,0.463,0.243,0.023,4,70.53,2.74,360.46,0.287,0.028,0.483,3.2,5.1,1,14.4,5.0,3,4,39,1,68.57,0,0
11828,West,Organic Search,Returning,Treatment,18,86.3,14,16,13.2,9.4,0.292,0.72,0.197,0.002,4,179.03,4.13,833.71,0.422,0.107,0.683,4.43,2.3,1,15.9,7.0,5,5,5,2,348.23,0,0
11829,Northeast,Referral,Loyal,Control,56,102.2,96,22,4.8,8.2,0.333,0.851,0.115,0.009,2,106.85,2.79,255.82,0.04,0.008,0.736,4.44,3.5,2,73.3,7.0,6,7,10,7,706.47,0,0
11830,Northeast,Organic Search,Returning,Treatment,65,67.5,10,4,3.6,6.4,0.292,0.709,0.2,0.02,0,156.67,3.15,0.0,0.091,0.05,0.594,6.66,3.3,2,16.9,8.0,5,5,238,3,414.91,0,0
11831,Northeast,Paid Search,Returning,Control,61,213.3,10,8,4.7,7.0,0.293,0.547,0.296,0.008,0,87.69,2.32,0.0,0.368,0.084,0.74,5.4,3.5,1,29.4,6.0,5,5,236,1,94.82,1,1
11832,Midwest,Paid Search,Returning,Control,53,,13,6,9.3,6.4,0.376,0.573,0.433,0.11,0,78.98,2.16,0.0,0.51,0.061,0.764,8.55,4.7,0,,10.0,5,6,124,1,82.79,0,0
11833,South,Paid Search,Returning,Control,32,208.7,21,12,8.7,7.2,0.381,0.555,0.246,0.029,4,99.35,2.63,491.19,0.329,0.151,0.463,6.99,5.9,0,,10.0,5,5,15,1,96.11,0,0
11834,Midwest,Referral,Returning,Treatment,53,87.4,8,11,6.2,6.9,0.251,0.933,0.138,0.006,3,72.64,1.29,216.05,0.506,0.027,0.652,6.42,3.7,2,14.0,7.0,4,5,43,2,156.03,0,0
11835,Midwest,Referral,Returning,Control,69,100.6,6,6,12.0,8.1,0.421,0.752,0.113,0.012,3,64.47,3.01,161.61,0.146,0.048,0.695,7.12,3.7,1,19.9,5.0,6,6,2,1,63.85,0,0
11836,West,Social,Loyal,Control,34,54.9,25,7,6.6,6.2,0.355,0.912,0.394,0.036,2,131.05,2.16,334.89,0.311,0.115,0.65,9.48,2.2,1,21.3,5.0,4,6,29,2,327.03,0,0
11837,Midwest,Organic Search,Returning,Control,36,43.8,16,5,5.3,5.6,0.159,0.911,0.177,0.027,1,87.03,2.9,67.5,0.481,0.131,0.646,7.33,2.3,0,,8.0,6,7,60,7,703.72,1,0
11838,West,Organic Search,Loyal,Treatment,40,43.6,25,3,8.5,6.7,0.311,0.869,0.187,0.033,1,107.33,2.77,103.27,0.335,0.034,0.533,6.53,4.3,3,28.2,9.0,6,6,60,1,110.6,1,0
11839,West,Organic Search,New,Control,52,112.1,5,12,4.4,5.1,0.349,0.856,0.271,0.03,0,131.96,2.95,0.0,0.117,0.062,0.686,3.44,2.2,0,,8.0,4,5,240,1,136.89,0,0
11840,West,Organic Search,Returning,Control,47,113.2,21,1,5.7,6.2,0.267,0.719,0.245,0.005,0,88.85,2.87,0.0,0.386,0.014,0.558,3.78,3.1,3,23.2,5.0,5,4,192,7,831.3,1,0
11841,Midwest,Organic Search,Returning,Control,43,49.5,16,4,10.6,9.2,0.236,0.627,0.165,0.007,0,111.41,1.81,0.0,0.29,0.11,0.69,4.54,4.2,0,,10.0,5,5,270,1,125.11,1,0
11842,Northeast,Paid Search,Returning,Control,48,87.4,14,9,4.5,4.1,0.489,0.519,0.275,0.072,0,97.51,2.44,0.0,0.279,0.052,0.711,6.83,1.9,0,,8.0,7,7,267,3,278.19,1,1
11843,Northeast,Email,Returning,Control,51,57.7,7,8,3.9,4.2,0.2,0.765,0.223,0.086,1,85.47,2.8,71.03,0.44,0.129,0.745,8.71,2.7,1,10.2,5.0,5,5,54,2,179.39,0,0
11844,Northeast,Email,Returning,Treatment,48,95.1,10,15,5.5,7.9,0.428,0.843,0.215,0.018,2,102.55,2.5,303.04,0.357,0.049,0.547,2.87,3.1,0,,7.0,5,5,36,2,177.41,0,0
11845,Midwest,Organic Search,Loyal,Control,55,110.4,50,11,10.4,8.3,0.393,0.323,0.27,0.025,2,45.3,2.36,77.35,0.166,0.043,0.768,8.25,4.8,0,,9.0,6,6,30,3,111.3,0,0
11846,South,Referral,Returning,Treatment,25,88.4,19,18,6.7,5.9,0.34,0.613,0.173,0.004,7,91.52,3.42,546.81,0.108,0.13,0.697,8.36,3.1,1,18.0,3.0,5,5,3,5,376.82,0,0
11847,Midwest,Paid Search,Returning,Control,48,91.8,7,5,6.1,5.8,0.217,0.656,0.189,0.018,2,66.61,3.14,116.86,0.537,0.12,0.631,7.3,3.6,0,,6.0,5,6,16,2,138.52,0,0
11848,West,Social,New,Control,40,104.5,5,9,11.6,7.8,0.247,0.523,0.111,0.026,2,184.14,3.85,374.97,0.433,0.125,0.712,4.2,3.4,0,,7.0,5,5,4,1,197.72,0,0
11849,West,Email,New,Treatment,47,134.0,4,17,5.5,7.3,0.305,0.656,0.464,0.075,4,120.24,2.94,572.47,0.282,0.108,0.536,5.1,4.6,0,,9.0,5,5,11,2,236.76,1,0
11850,West,Social,Loyal,Control,34,103.3,73,14,6.6,6.6,0.338,0.733,0.108,0.028,1,105.92,2.59,94.97,0.33,0.101,0.794,8.14,5.2,3,12.2,10.0,6,7,75,25,2503.34,0,0
11851,Midwest,Social,Returning,Treatment,32,68.3,7,17,3.9,6.6,0.415,0.874,0.221,0.029,3,84.84,2.79,318.19,0.71,0.032,0.499,3.43,2.6,0,,10.0,6,6,20,2,197.1,0,0
11852,West,Referral,Loyal,Control,30,94.9,55,20,11.6,8.1,0.197,0.814,0.21,0.012,2,118.91,2.76,209.52,0.168,0.33,0.606,7.19,3.6,2,24.1,4.0,4,3,20,18,2333.95,0,0
11853,West,Organic Search,Loyal,Treatment,32,167.2,70,13,6.5,6.7,0.36,0.773,0.168,0.025,3,99.03,2.34,307.05,0.184,0.125,0.646,4.33,2.5,2,25.5,8.0,6,5,4,7,641.6,0,0
11854,South,Paid Search,Returning,Treatment,36,59.2,11,3,6.4,5.9,0.494,0.585,0.166,0.033,1,146.09,1.94,149.03,0.372,0.023,0.676,4.3,3.8,0,,5.0,4,3,9,3,420.22,0,0
11855,South,Organic Search,New,Control,45,42.2,4,5,15.0,10.0,0.309,0.73,0.179,0.009,1,47.44,2.74,54.69,0.412,0.025,0.789,6.01,5.4,1,15.8,7.0,5,6,18,1,45.18,1,0
11856,Northeast,Paid Search,Returning,Control,23,76.4,19,6,9.2,7.2,0.451,0.813,0.378,0.075,1,114.95,2.14,93.88,0.274,0.183,0.594,5.12,2.6,0,,7.0,7,7,17,1,120.68,0,1
11857,West,Social,Returning,Treatment,37,111.7,13,23,6.1,7.6,0.357,0.865,0.213,0.006,1,109.65,3.05,105.17,0.233,0.114,0.533,4.87,2.6,2,15.1,6.0,5,5,32,3,321.24,1,0
11858,West,Organic Search,New,Control,43,68.6,3,8,7.6,6.6,0.2,0.875,0.318,0.005,0,138.32,2.54,0.0,0.111,0.068,0.782,10.48,1.8,1,15.0,6.0,4,5,129,2,262.97,0,0
11859,West,Organic Search,Returning,Control,42,44.5,19,21,5.9,6.4,0.41,0.829,0.182,0.017,4,99.1,2.42,445.68,0.158,0.024,0.569,11.7,1.4,0,,10.0,3,4,2,1,104.12,0,1
11860,West,Referral,Returning,Treatment,48,84.8,13,4,7.4,6.8,0.363,0.706,0.259,0.089,0,92.56,1.0,0.0,0.15,0.074,0.428,5.62,2.3,1,18.4,10.0,4,4,109,4,378.59,0,0
11861,South,Referral,Loyal,Control,21,115.5,28,14,2.7,3.8,0.441,0.873,0.274,0.051,4,140.9,2.86,692.65,0.244,0.089,0.524,8.04,3.6,1,16.7,8.0,5,5,9,4,563.82,0,0
11862,Northeast,Referral,Returning,Treatment,30,109.0,19,11,4.5,4.7,0.306,0.972,0.212,0.016,0,91.83,2.69,0.0,0.451,0.068,0.653,2.91,3.2,1,34.9,9.0,5,6,130,4,421.97,1,0
11863,Midwest,Email,Returning,Control,26,45.5,11,12,12.6,8.5,0.113,0.799,0.226,0.025,1,116.2,3.68,93.96,0.253,0.031,0.771,7.53,2.6,0,,10.0,5,6,19,2,226.3,0,0
11864,South,Referral,Returning,Control,18,46.5,8,5,1.4,4.7,0.317,0.918,0.223,0.003,1,86.61,1.99,109.6,0.097,0.02,0.74,6.59,4.1,0,,9.0,2,3,9,2,160.76,0,0
11865,Midwest,Organic Search,New,Control,46,33.7,2,10,2.0,3.1,0.337,0.737,0.194,0.021,3,54.15,2.65,163.74,0.081,0.056,0.657,6.02,4.7,0,,6.0,3,3,18,1,65.57,0,0
11866,South,Social,New,Control,35,131.8,2,8,23.2,13.5,0.39,0.706,0.265,0.04,0,74.65,2.26,0.0,0.261,0.084,0.656,8.12,2.5,0,,10.0,5,6,144,1,70.68,0,0
11867,Northeast,Organic Search,Loyal,Treatment,32,80.4,34,7,6.0,5.5,0.289,0.723,0.155,0.008,2,139.82,3.41,263.84,0.259,0.034,0.529,3.65,2.1,0,,8.0,4,5,8,1,130.64,0,0
11868,South,Organic Search,Returning,Control,44,69.3,6,20,3.9,4.7,0.234,0.769,0.246,0.026,0,51.73,1.36,0.0,0.474,0.134,0.491,7.01,4.9,0,,7.0,5,5,102,1,58.39,1,0
11869,Northeast,Paid Search,Returning,Treatment,32,70.1,6,11,3.3,6.9,0.378,0.699,0.171,0.024,3,62.47,1.73,231.27,0.209,0.048,0.728,6.03,5.3,0,,8.0,5,6,25,1,51.84,0,0
11870,Midwest,Social,New,Control,44,88.5,3,6,4.3,4.4,0.389,0.464,0.199,0.045,1,119.2,2.22,99.72,0.534,0.127,0.812,6.03,5.5,0,,6.0,6,6,68,2,236.11,0,1
11871,Northeast,Email,Loyal,Control,36,31.4,54,40,7.9,6.5,0.251,0.926,0.484,0.137,9,74.36,2.57,551.38,0.196,0.011,0.81,4.4,2.4,2,28.7,7.0,4,4,8,6,400.59,0,0
11872,South,Organic Search,Loyal,Treatment,58,127.0,25,5,10.5,7.1,0.167,0.118,0.39,0.077,1,54.45,1.69,63.57,0.238,0.159,0.623,3.63,2.7,1,15.2,10.0,6,6,43,2,127.95,0,0
11873,South,Paid Search,Returning,Treatment,66,65.7,11,7,3.7,4.4,0.557,0.499,0.296,0.047,0,54.19,2.01,0.0,0.415,0.08,0.698,2.84,3.5,0,,10.0,4,3,99,2,101.24,0,0
11874,West,Social,Returning,Control,33,33.1,11,5,5.1,8.8,0.261,0.744,0.293,0.045,1,75.76,2.71,78.61,0.149,0.202,0.663,9.43,4.3,0,,8.0,3,3,28,2,131.63,0,0
11875,Midwest,Organic Search,Returning,Control,62,67.8,18,14,5.0,5.3,0.509,0.653,0.249,0.095,0,108.81,2.16,0.0,0.187,0.024,0.665,4.07,2.5,0,,8.0,3,3,155,6,739.5,1,0
11876,South,Social,Returning,Treatment,39,100.6,7,6,4.4,4.2,0.442,0.681,0.159,0.03,1,98.51,2.11,102.77,0.194,0.136,0.639,4.52,2.9,2,52.2,,6,6,87,3,316.14,0,0
11877,West,Referral,Returning,Treatment,41,63.6,18,18,7.3,7.3,0.212,0.821,0.197,0.023,2,130.13,2.08,313.19,0.197,0.006,0.576,2.65,1.8,2,14.7,,5,5,14,2,259.56,1,1
11878,South,Paid Search,Loyal,Treatment,47,26.8,30,8,7.0,6.0,0.523,0.71,0.172,0.016,0,99.16,2.02,0.0,0.27,0.113,0.532,6.93,2.7,0,,6.0,4,6,326,1,92.66,1,0
11879,South,Organic Search,Returning,Control,49,160.1,9,11,3.6,5.9,0.331,0.27,0.213,0.015,2,80.29,3.35,146.35,0.281,0.116,0.799,5.62,3.1,2,8.4,6.0,5,6,16,3,262.85,0,0
11880,Midwest,Paid Search,Returning,Control,28,100.7,13,7,2.9,3.6,0.511,0.852,0.301,0.038,2,56.81,2.96,107.8,0.442,0.074,0.6,8.31,2.9,1,50.1,,6,6,21,9,440.84,0,0
11881,West,Email,Returning,Control,37,,20,5,12.5,12.8,0.299,0.786,0.18,0.011,0,94.14,2.49,0.0,0.46,0.049,0.791,7.14,3.3,0,,7.0,3,4,170,4,546.8,0,1
11882,South,Social,Loyal,Treatment,59,60.6,40,25,3.4,4.3,0.392,0.794,0.139,0.021,4,57.78,1.67,274.94,0.115,0.179,0.61,2.6,6.2,2,28.4,7.0,2,1,29,9,505.63,0,0
11883,South,Paid Search,Loyal,Control,18,88.5,48,9,3.4,6.6,0.611,0.97,0.17,0.019,2,95.11,1.88,187.09,0.284,0.065,0.695,8.39,5.7,2,10.6,8.0,6,5,24,4,310.35,0,1
11884,Northeast,Social,Returning,Control,49,92.6,8,3,5.4,5.1,0.468,0.883,0.192,0.066,0,67.6,2.69,0.0,0.177,0.016,0.845,6.44,2.9,0,,,3,4,129,7,505.72,0,0
11885,Northeast,Email,New,Control,46,69.1,4,8,11.2,7.5,0.329,0.703,0.269,0.028,3,118.68,2.91,322.15,0.592,0.14,0.591,3.07,3.6,0,,6.0,5,5,52,1,130.53,0,0
11886,South,Paid Search,Returning,Treatment,35,46.1,17,9,5.5,7.3,0.445,0.88,0.152,0.003,1,78.14,1.83,103.05,0.264,0.037,0.707,5.3,3.0,1,18.7,8.0,4,3,14,3,225.81,0,0
11887,Midwest,Social,Returning,Control,54,123.4,17,13,6.9,8.0,0.37,0.393,0.235,0.006,1,110.83,2.78,105.18,0.207,0.126,0.81,6.59,2.6,1,41.2,6.0,6,7,89,3,318.74,1,0
11888,Midwest,Referral,Returning,Control,35,47.3,22,8,4.9,5.1,0.208,0.924,0.138,0.009,2,125.69,3.03,238.53,0.038,0.031,0.754,5.13,2.3,1,14.8,4.0,6,7,44,4,498.66,0,0
11889,West,Email,Loyal,Control,56,83.1,31,25,8.1,8.4,0.163,0.756,0.303,0.03,3,118.98,2.82,365.81,0.28,0.1,0.764,8.16,3.1,2,13.7,7.0,5,4,39,6,734.04,0,0
11890,Midwest,Organic Search,Returning,Control,58,47.1,11,11,5.4,5.7,0.262,0.394,0.482,0.118,2,96.41,2.46,230.95,0.472,0.048,0.731,1.11,2.3,0,,6.0,7,7,80,6,642.41,0,0
11891,Midwest,Social,New,Treatment,56,69.4,2,8,5.3,4.7,0.308,0.717,0.467,0.107,1,50.51,1.69,43.4,0.232,0.129,0.56,5.3,3.3,0,,5.0,6,6,10,1,50.12,1,0
11892,Midwest,Social,New,Treatment,20,52.6,5,11,8.1,8.5,0.556,0.869,0.223,0.052,3,39.37,1.44,138.43,0.15,0.213,0.675,1.98,3.8,2,40.4,7.0,4,5,21,1,47.65,0,0
11893,West,Paid Search,Loyal,Treatment,61,95.3,25,9,10.3,7.7,0.336,0.469,0.197,0.005,2,93.7,2.35,258.98,0.371,0.123,0.718,6.44,3.5,1,50.6,8.0,6,5,89,3,233.45,0,0
11894,West,Paid Search,Returning,Control,27,122.1,12,13,5.7,6.1,0.404,0.832,0.178,0.051,5,71.96,2.6,403.86,0.319,0.083,0.781,5.41,2.3,2,57.2,2.0,5,4,8,4,274.36,0,0
11895,West,Email,Returning,Control,36,120.5,10,18,10.1,7.2,0.263,0.542,0.341,0.05,2,109.98,2.37,201.76,0.288,0.237,0.741,5.87,3.1,1,21.3,5.0,5,6,25,2,233.93,1,0
11896,West,Referral,Returning,Control,44,43.9,10,9,8.9,7.8,0.088,0.703,0.231,0.032,1,71.39,2.16,73.32,0.238,0.133,0.821,6.12,3.7,1,13.0,7.0,3,3,16,2,142.62,0,1
11897,Midwest,Social,Loyal,Control,33,70.7,53,10,6.7,7.4,0.359,0.835,0.291,0.073,5,80.41,2.65,392.27,0.226,0.094,0.706,5.82,3.5,2,13.9,,5,5,2,4,300.44,1,1
11898,Northeast,Paid Search,Returning,Treatment,39,85.5,23,5,6.3,6.7,0.343,0.761,0.093,0.037,0,120.59,2.45,0.0,0.489,0.048,0.537,3.94,3.5,1,11.1,4.0,5,5,212,2,227.39,0,0
11899,Midwest,Paid Search,Loyal,Control,30,49.8,29,6,8.8,8.8,0.57,0.79,0.515,0.038,0,82.05,3.71,0.0,0.392,0.078,0.765,6.72,2.9,2,26.5,6.0,6,6,94,3,280.22,0,0
11900,Midwest,Organic Search,Loyal,Control,30,89.8,57,24,4.1,4.9,0.282,0.879,0.33,0.015,3,131.88,2.59,354.81,0.169,0.059,0.816,7.03,4.8,2,19.0,9.0,7,6,48,11,1465.69,0,1
11901,West,Paid Search,Returning,Treatment,38,95.1,18,20,9.3,8.7,0.485,0.719,0.089,0.005,4,101.25,3.37,378.46,0.572,0.022,0.744,4.8,2.7,1,34.3,,4,5,12,5,606.9,0,1
11902,South,Paid Search,Returning,Control,53,33.1,8,8,3.3,8.1,0.391,0.603,0.262,0.056,0,67.44,1.0,0.0,0.198,0.042,0.811,4.9,2.5,0,,8.0,6,6,113,1,63.28,0,0
11903,West,Email,Returning,Treatment,35,42.8,14,8,14.5,12.1,0.195,0.67,0.342,0.043,6,65.64,3.05,507.76,0.376,0.078,0.656,2.09,4.0,1,16.5,7.0,4,4,14,2,157.25,0,1
11904,South,Organic Search,New,Treatment,26,143.8,2,6,7.4,9.7,0.153,0.96,0.423,0.048,0,111.54,2.95,0.0,0.306,0.182,0.545,4.38,4.7,1,23.5,,7,6,158,1,127.88,0,0
11905,Midwest,Email,Returning,Treatment,53,84.7,12,18,7.6,5.7,0.234,0.563,0.313,0.021,2,87.34,2.56,151.66,0.339,0.043,0.499,2.23,4.2,1,19.2,7.0,3,3,2,2,145.19,0,1
11906,South,Paid Search,Loyal,Control,29,30.7,86,5,2.8,4.3,0.414,0.874,0.148,0.001,1,91.13,2.37,101.62,0.639,0.148,0.657,6.88,2.8,3,2.9,5.0,5,5,34,26,2780.11,0,0
11907,West,Paid Search,Returning,Control,35,75.8,6,2,7.4,6.0,0.249,0.858,0.198,0.051,0,94.36,1.1,0.0,0.16,0.092,0.741,6.89,3.8,1,16.7,8.0,6,6,158,1,100.1,0,0
11908,Midwest,Email,Returning,Control,52,108.4,15,24,4.4,5.0,0.244,0.846,0.59,0.047,1,69.52,2.32,67.6,0.048,0.022,0.639,6.16,2.0,1,24.3,9.0,5,6,9,1,56.66,0,0
11909,Midwest,Social,Loyal,Treatment,48,69.3,42,16,8.0,6.5,0.352,0.734,0.236,0.053,1,101.25,2.95,103.72,0.186,0.079,0.737,4.88,6.1,0,,10.0,6,7,18,1,89.53,0,1
11910,South,Organic Search,Returning,Treatment,68,,6,1,5.5,5.3,0.319,0.205,0.43,0.06,2,64.98,2.3,116.65,0.237,0.033,0.859,7.49,5.1,0,,5.0,6,6,19,1,64.28,0,0
11911,West,Referral,Returning,Control,46,83.5,7,1,11.2,7.7,0.466,0.528,0.277,0.03,0,61.62,2.67,0.0,0.563,0.018,0.641,7.09,3.8,1,63.8,10.0,3,3,154,3,163.88,0,0
11912,Midwest,Paid Search,Loyal,Treatment,51,69.3,60,5,5.6,5.0,0.582,0.716,0.158,0.039,2,104.8,3.18,176.55,0.376,0.049,0.611,5.12,3.9,2,19.1,10.0,5,5,7,7,734.82,0,0
11913,West,Email,Loyal,Control,20,110.4,41,12,14.7,10.5,0.302,0.949,0.341,0.034,2,62.83,2.8,143.12,0.199,0.134,0.773,8.01,3.5,2,25.6,8.0,6,7,7,3,220.78,0,1
11914,West,Paid Search,Loyal,Control,57,,29,3,9.5,7.8,0.426,0.791,0.2,0.021,1,97.33,3.09,94.28,0.494,0.035,0.637,6.0,1.9,1,46.5,10.0,3,3,29,6,637.91,0,0
11915,West,Paid Search,Returning,Treatment,36,86.6,22,8,7.2,8.8,0.355,0.764,0.416,0.031,5,83.11,2.76,305.06,0.494,0.202,0.757,3.54,3.6,0,,7.0,5,5,11,4,324.19,0,0
11916,West,Paid Search,Returning,Control,64,127.9,11,3,4.0,6.7,0.445,0.744,0.316,0.085,0,79.14,2.45,0.0,0.116,0.082,0.617,7.47,7.0,1,33.1,4.0,5,5,101,1,95.22,0,0
11917,Midwest,Organic Search,Loyal,Treatment,44,41.2,27,18,7.1,9.1,0.329,0.819,0.291,0.057,4,92.85,2.34,336.95,0.207,0.176,0.691,3.02,5.6,2,15.4,8.0,6,7,56,3,315.66,0,1
11918,West,Social,New,Control,18,45.4,4,1,3.6,5.4,0.557,0.904,0.267,0.026,0,62.37,2.33,0.0,0.222,0.055,0.717,7.36,2.2,0,,6.0,5,5,169,1,67.88,1,0
11919,Northeast,Paid Search,Returning,Control,61,127.9,9,4,3.5,4.3,0.376,0.698,0.315,0.022,0,107.59,2.49,0.0,0.447,0.032,0.673,5.98,2.8,1,5.2,9.0,7,7,108,1,114.76,1,0
11920,West,Social,Loyal,Treatment,57,112.9,40,8,9.4,7.8,0.284,0.925,0.216,0.034,2,81.38,2.94,170.46,0.224,0.069,0.816,4.61,1.8,2,65.6,10.0,7,7,35,4,397.26,0,1
11921,Midwest,Organic Search,Loyal,Treatment,32,,80,22,6.0,6.7,0.297,0.811,0.119,0.008,4,71.46,1.04,292.05,0.086,0.008,0.823,5.71,3.9,1,30.1,7.0,5,5,38,4,340.48,0,0
11922,West,Email,Loyal,Treatment,38,94.4,37,14,7.0,5.9,0.141,0.822,0.374,0.01,2,53.86,2.78,115.16,0.279,0.041,0.852,5.73,2.4,1,46.2,8.0,7,7,17,4,220.2,0,1
11923,South,Paid Search,Returning,Treatment,44,62.6,20,10,1.9,3.7,0.44,0.903,0.354,0.053,1,61.47,2.22,62.3,0.361,0.042,0.714,0.43,3.9,0,,9.0,4,4,17,2,150.43,0,0
11924,West,Paid Search,Loyal,Treatment,39,38.2,37,5,11.0,7.9,0.376,0.675,0.2,0.021,0,91.97,1.52,0.0,0.466,0.116,0.888,4.43,5.0,0,,8.0,4,3,94,9,787.19,0,0
11925,South,Organic Search,Returning,Treatment,35,154.3,14,8,12.0,8.8,0.474,0.544,0.076,0.013,1,60.18,2.44,52.51,0.138,0.061,0.531,3.52,3.4,0,,7.0,5,5,51,5,264.58,0,0
11926,Midwest,Organic Search,Returning,Control,44,48.7,11,6,3.6,4.8,0.301,0.905,0.146,0.026,1,42.61,1.09,37.68,0.322,0.071,0.767,4.5,3.0,1,18.1,,5,6,48,4,172.49,0,0
11927,Northeast,Organic Search,Loyal,Treatment,22,,53,11,4.0,5.1,0.201,0.844,0.328,0.067,2,82.03,2.68,168.3,0.428,0.052,0.596,4.36,3.7,2,19.4,5.0,6,7,52,5,487.53,0,0
11928,Northeast,Organic Search,Returning,Treatment,49,62.4,14,5,5.1,5.4,0.375,0.711,0.492,0.051,0,79.16,2.67,0.0,0.099,0.056,0.725,1.14,2.8,1,18.2,9.0,5,5,113,2,124.69,0,0
11929,Midwest,Email,Returning,Control,18,,13,17,4.6,6.5,0.281,1.0,0.104,0.007,1,62.8,2.13,64.23,0.239,0.012,0.712,5.0,3.4,1,24.5,8.0,7,7,54,3,182.09,0,0
11930,West,Email,Returning,Control,18,53.6,6,9,4.7,5.1,0.306,0.977,0.282,0.011,2,61.41,2.85,136.89,0.416,0.16,0.566,6.08,3.3,1,12.7,6.0,5,6,29,2,129.81,0,0
11931,West,Social,Loyal,Control,33,87.2,28,19,3.9,4.1,0.392,0.837,0.318,0.075,4,91.32,1.86,408.94,0.699,0.139,0.576,7.05,4.6,2,14.4,,5,5,53,4,459.51,1,0
11932,South,Organic Search,Returning,Treatment,52,,13,7,4.3,5.0,0.376,0.337,0.202,0.041,1,69.74,2.16,63.54,0.279,0.09,0.581,5.36,3.7,3,70.8,6.0,3,3,61,3,220.28,0,0
11933,Midwest,Organic Search,Returning,Treatment,35,58.0,7,5,3.5,4.4,0.224,0.658,0.129,0.019,1,50.11,1.18,59.98,0.189,0.033,0.748,4.87,4.2,0,,,4,5,15,2,104.22,0,1
11934,West,Paid Search,Loyal,Treatment,37,48.8,39,10,14.5,10.5,0.415,0.829,0.253,0.067,0,131.2,2.92,0.0,0.18,0.116,0.716,6.65,4.2,0,,10.0,4,4,180,1,88.55,0,0
11935,South,Email,Loyal,Control,42,42.6,37,6,3.4,6.4,0.237,0.847,0.46,0.042,2,90.88,1.08,185.78,0.619,0.09,0.608,8.25,3.2,0,,10.0,4,5,39,3,270.62,0,0
11936,West,Paid Search,Returning,Control,51,103.1,20,17,5.0,7.3,0.348,0.612,0.454,0.081,2,83.6,1.53,166.4,0.614,0.047,0.808,6.22,3.3,1,5.4,7.0,6,6,4,2,186.43,0,0
11937,West,Email,Returning,Treatment,66,111.5,9,10,5.3,5.9,0.119,0.549,0.523,0.181,2,96.42,2.83,167.2,0.058,0.025,0.81,2.13,2.6,0,,7.0,4,3,12,2,193.43,0,0
11938,West,Paid Search,Returning,Control,49,,6,10,4.1,7.4,0.193,0.409,0.136,0.01,4,62.36,2.92,252.04,0.305,0.033,0.715,7.03,3.5,2,65.7,7.0,6,6,16,2,143.75,0,0
11939,Midwest,Social,Returning,Treatment,49,65.2,8,4,7.8,7.0,0.421,0.743,0.397,0.133,4,63.42,2.18,228.68,0.349,0.203,0.52,5.77,4.8,0,,4.0,5,5,12,1,55.36,0,1
11940,South,Organic Search,Returning,Treatment,31,121.4,15,7,12.8,9.3,0.263,0.846,0.388,0.027,1,66.49,2.18,55.74,0.092,0.077,0.573,7.91,5.8,1,10.7,8.0,5,6,89,1,68.43,0,0
11941,South,Social,Loyal,Control,31,65.7,29,4,4.2,4.5,0.417,0.976,0.371,0.012,1,208.61,3.38,226.1,0.481,0.098,0.696,5.56,5.0,1,23.4,8.0,5,5,29,5,993.13,1,0
11942,West,Organic Search,Loyal,Control,23,45.5,33,16,5.2,4.6,0.273,0.85,0.299,0.066,2,101.5,3.08,177.34,0.228,0.035,0.793,8.85,3.0,0,,7.0,5,5,51,1,105.12,0,0
11943,South,Paid Search,Loyal,Treatment,43,101.7,53,6,9.9,9.4,0.287,0.657,0.163,0.015,2,78.39,3.04,150.99,0.304,0.152,0.697,4.56,6.5,4,19.8,5.0,5,5,25,20,1534.8,0,0
11944,South,Organic Search,New,Treatment,26,44.4,4,8,3.8,4.4,0.187,0.861,0.34,0.056,1,64.92,2.77,68.51,0.506,0.113,0.621,3.59,3.0,0,,9.0,3,2,7,1,68.08,0,0
11945,West,Organic Search,Returning,Control,58,68.2,6,8,8.3,7.6,0.492,0.505,0.127,0.029,1,77.13,2.31,76.58,0.314,0.19,0.581,8.66,3.4,1,13.9,7.0,6,6,23,3,227.49,0,1
11946,West,Referral,Loyal,Control,40,53.3,32,9,6.1,5.8,0.373,0.863,0.235,0.012,0,62.72,2.92,0.0,0.203,0.045,0.567,6.25,4.0,2,11.5,3.0,5,6,162,2,99.78,1,0
11947,West,Organic Search,Returning,Treatment,23,40.1,17,9,8.2,6.6,0.321,0.992,0.148,0.009,5,60.94,2.23,275.95,0.239,0.058,0.726,4.77,1.8,1,12.2,10.0,4,4,19,4,274.62,0,0
11948,Midwest,Paid Search,Returning,Control,34,45.1,19,13,7.5,7.3,0.64,0.54,0.144,0.003,1,84.66,2.26,81.65,0.405,0.162,0.735,5.27,2.5,0,,7.0,6,7,27,4,316.49,0,0
11949,West,Social,Returning,Control,29,47.3,21,12,8.0,6.1,0.506,0.933,0.136,0.003,1,57.59,2.14,67.28,0.175,0.161,0.665,3.54,2.9,3,21.1,2.0,5,5,63,8,515.91,0,0
11950,West,Referral,Returning,Control,39,98.7,24,14,3.4,4.0,0.242,0.903,0.35,0.02,3,63.82,3.56,192.98,0.435,0.163,0.63,8.55,1.7,2,41.1,7.0,7,7,36,2,138.16,0,0
11951,Northeast,Paid Search,Returning,Control,40,66.7,22,9,6.7,6.0,0.53,0.694,0.102,0.022,3,90.37,1.61,318.31,0.145,0.08,0.709,7.18,4.5,1,9.6,5.0,6,7,53,2,197.83,1,0
11952,South,Referral,Returning,Control,57,98.3,7,19,12.2,8.3,0.269,0.907,0.372,0.043,2,88.04,3.34,162.59,0.115,0.018,0.745,5.05,2.9,1,25.5,7.0,6,7,89,2,197.25,0,0
11953,West,Organic Search,Returning,Control,18,49.7,6,8,4.9,4.5,0.185,0.521,0.115,0.021,2,117.55,2.68,186.6,0.051,0.069,0.757,5.96,4.7,1,22.0,10.0,5,6,36,3,371.78,0,0
11954,Northeast,Organic Search,Returning,Control,40,86.1,21,5,14.4,10.0,0.18,0.968,0.22,0.02,0,93.16,2.72,0.0,0.141,0.023,0.697,8.45,3.0,2,18.9,7.0,4,4,268,8,768.46,1,1
11955,South,Referral,Returning,Treatment,52,25.6,14,7,4.0,4.0,0.399,0.774,0.343,0.049,0,69.8,4.19,0.0,0.287,0.015,0.593,5.13,5.4,1,56.1,7.0,5,5,132,6,384.64,0,0
11956,Midwest,Social,New,Control,29,77.9,4,3,3.5,5.2,0.274,0.873,0.207,0.031,0,48.88,1.0,0.0,0.261,0.245,0.75,4.59,4.4,0,,5.0,4,5,308,1,38.3,1,0
11957,South,Organic Search,Returning,Control,41,169.5,20,4,14.8,10.4,0.171,0.522,0.307,0.087,0,170.13,4.44,0.0,0.371,0.013,0.781,9.36,4.2,4,28.7,3.0,5,6,144,6,978.87,1,0
11958,South,Social,Returning,Control,30,130.8,10,1,4.4,5.0,0.394,0.905,0.242,0.054,0,101.51,2.42,0.0,0.286,0.061,0.797,5.92,3.7,0,,5.0,5,5,150,3,293.81,1,1
11959,West,Referral,Loyal,Control,55,62.0,45,21,9.8,7.6,0.426,0.353,0.162,0.014,2,90.49,3.27,214.61,0.197,0.007,0.639,6.81,2.4,1,13.8,6.0,6,7,61,3,244.84,0,1
11960,Midwest,Referral,Returning,Control,48,,21,7,6.9,8.3,0.483,0.351,0.167,0.021,3,150.23,3.4,498.87,0.389,0.028,0.715,7.17,3.7,1,8.8,5.0,5,5,11,2,277.77,0,0
11961,South,Paid Search,Returning,Control,71,48.6,24,5,9.3,7.9,0.328,0.454,0.186,0.011,2,121.47,3.52,265.74,0.708,0.039,0.686,6.7,3.5,0,,7.0,7,7,25,4,541.5,0,0
11962,West,Paid Search,Returning,Control,44,83.3,6,6,4.0,4.4,0.228,0.767,0.472,0.018,3,71.44,2.63,247.34,0.359,0.053,0.776,9.31,3.9,0,,9.0,6,6,3,2,153.36,0,0
11963,West,Paid Search,Returning,Control,39,49.5,6,14,11.2,10.2,0.269,0.233,0.401,0.029,1,74.78,3.15,87.1,0.408,0.053,0.673,10.24,3.4,1,13.1,5.0,4,5,18,1,79.22,0,0
11964,West,Paid Search,Returning,Treatment,18,115.4,8,10,12.1,11.7,0.326,0.974,0.538,0.094,3,80.32,2.33,238.48,0.154,0.074,0.805,4.55,3.3,0,,10.0,4,4,8,3,225.73,0,0
11965,South,Organic Search,Returning,Treatment,36,29.5,16,10,16.2,9.8,0.391,0.833,0.096,0.012,2,112.74,2.71,225.78,0.424,0.165,0.628,4.72,4.4,1,26.1,6.0,4,5,37,2,207.3,1,0
11966,South,Social,Returning,Treatment,32,45.7,7,5,6.9,8.1,0.268,0.484,0.266,0.032,1,80.01,3.01,85.4,0.325,0.123,0.528,6.04,4.4,0,,9.0,3,3,9,2,158.94,0,1
11967,South,Social,Loyal,Control,41,32.5,26,6,11.4,8.1,0.517,0.719,0.07,0.008,0,94.85,2.93,0.0,0.399,0.217,0.739,7.8,5.0,1,19.5,9.0,7,7,131,3,238.26,0,0
11968,West,Social,Returning,Treatment,39,116.4,11,6,8.0,7.2,0.308,0.807,0.282,0.055,2,41.62,1.8,82.83,0.443,0.176,0.685,8.02,3.7,0,,10.0,6,7,19,2,93.96,0,0
11969,Northeast,Paid Search,Loyal,Control,18,76.9,25,4,11.9,8.0,0.328,0.529,0.295,0.043,0,67.96,1.29,0.0,0.431,0.178,0.524,9.21,2.5,1,25.1,8.0,7,7,105,3,224.34,0,1
11970,West,Organic Search,Returning,Control,31,60.2,7,18,4.7,6.4,0.185,0.92,0.217,0.029,3,85.1,3.48,248.09,0.19,0.035,0.631,6.88,3.6,1,21.6,7.0,6,6,20,3,241.37,0,0
11971,West,Social,Loyal,Treatment,44,114.1,33,13,5.2,4.9,0.18,0.897,0.505,0.079,2,119.62,2.77,212.09,0.377,0.061,0.673,6.95,2.1,1,18.3,8.0,4,5,43,9,1089.3,0,1
11972,South,Paid Search,Returning,Control,46,114.4,12,3,5.2,5.2,0.375,0.476,0.333,0.023,0,107.94,2.1,0.0,0.407,0.137,0.612,8.12,3.3,1,12.5,8.0,7,7,327,2,241.82,1,0
11973,Northeast,Organic Search,Returning,Treatment,59,160.5,7,1,11.4,10.0,0.126,0.773,0.256,0.015,0,116.97,3.65,0.0,0.108,0.034,0.509,4.14,3.2,0,,8.0,5,6,134,1,118.13,0,0
11974,Northeast,Referral,Returning,Control,32,89.5,14,6,12.6,8.1,0.18,0.793,0.201,0.06,1,29.64,1.17,36.94,0.293,0.048,0.721,8.65,2.7,0,,8.0,5,5,19,1,28.11,0,0
11975,South,Organic Search,Returning,Control,26,47.7,14,14,3.5,6.8,0.282,0.915,0.158,0.036,3,124.3,2.87,366.74,0.472,0.038,0.778,5.93,6.5,0,,8.0,6,6,4,2,213.96,0,0
11976,South,Email,New,Control,21,64.4,5,7,5.4,5.4,0.144,0.914,0.297,0.042,2,84.54,3.49,207.39,0.368,0.169,0.73,7.44,2.0,0,,7.0,3,4,2,2,180.89,0,0
11977,Northeast,Organic Search,New,Control,38,128.7,1,5,7.0,5.6,0.207,0.942,0.285,0.043,2,108.18,2.48,231.31,0.279,0.018,0.612,7.57,4.1,0,,7.0,5,4,66,1,78.63,0,0
11978,West,Social,New,Control,66,79.5,1,3,5.5,5.8,0.257,0.345,0.153,0.023,0,63.97,2.28,0.0,0.131,0.301,0.751,4.95,3.1,0,,6.0,6,6,161,1,69.29,0,0
11979,Midwest,Paid Search,Returning,Control,63,75.5,7,3,14.0,10.9,0.341,0.331,0.151,0.006,3,74.26,1.27,236.04,0.411,0.054,0.764,5.43,3.2,0,,8.0,7,7,43,1,68.04,0,1
11980,South,Paid Search,Returning,Treatment,18,59.0,8,11,5.7,5.4,0.574,0.919,0.118,0.015,1,65.56,1.7,62.17,0.442,0.055,0.706,3.47,4.2,0,,6.0,5,5,10,2,145.71,0,0
11981,Northeast,Organic Search,New,Treatment,54,124.1,2,5,4.6,6.9,0.3,0.855,0.325,0.055,0,83.94,2.55,0.0,0.092,0.145,0.715,4.81,2.8,0,,8.0,4,4,181,2,173.75,0,0
11982,Northeast,Paid Search,Loyal,Treatment,49,139.1,31,7,2.9,5.9,0.339,0.762,0.202,0.029,1,175.93,3.75,194.84,0.444,0.038,0.577,3.75,3.1,1,9.9,4.0,5,5,89,14,3097.47,0,1
11983,Northeast,Paid Search,Returning,Treatment,51,113.7,7,14,3.2,3.6,0.363,0.44,0.233,0.011,1,148.34,3.72,122.66,0.226,0.026,0.606,7.88,1.1,4,22.8,9.0,6,6,48,3,443.61,0,1
11984,Northeast,Email,Returning,Control,55,53.1,9,6,5.9,5.9,0.243,0.425,0.466,0.067,2,53.35,2.3,88.33,0.243,0.107,0.735,6.01,3.3,3,53.2,6.0,5,6,17,7,389.04,0,1
11985,West,Organic Search,Returning,Treatment,46,63.4,17,6,5.1,5.9,0.358,0.747,0.259,0.046,2,104.41,2.71,208.57,0.244,0.056,0.698,4.3,4.4,2,23.3,3.0,7,7,15,5,562.9,0,0
11986,South,Paid Search,New,Treatment,44,66.3,2,11,4.8,5.2,0.395,0.316,0.291,0.014,1,54.9,2.13,52.8,0.494,0.009,0.497,6.19,3.8,0,,8.0,4,4,89,1,57.06,1,0
11987,West,Email,Returning,Control,40,67.2,10,7,7.0,6.5,0.281,0.539,0.209,0.024,1,61.14,1.82,54.24,0.329,0.064,0.688,8.04,2.5,0,,9.0,6,6,29,5,323.65,0,0
11988,Northeast,Social,Returning,Treatment,56,88.0,10,13,6.7,5.8,0.543,0.567,0.269,0.02,4,88.35,1.9,330.26,0.463,0.269,0.745,6.77,2.6,1,7.2,,6,6,46,2,169.74,1,0
11989,Northeast,Paid Search,Returning,Treatment,58,74.8,12,6,2.8,4.1,0.485,0.661,0.178,0.024,1,84.48,1.55,92.98,0.58,0.028,0.755,3.83,3.5,1,11.3,4.0,6,6,10,4,359.76,0,0
11990,South,Email,New,Control,55,44.1,1,6,11.0,8.6,0.125,0.692,0.386,0.097,1,101.83,2.39,114.47,0.371,0.259,0.602,4.67,2.8,1,34.6,10.0,4,3,80,1,87.31,0,0
11991,South,Paid Search,Loyal,Control,50,55.7,35,18,3.8,4.6,0.35,0.687,0.079,0.011,3,75.48,2.96,226.98,0.399,0.054,0.633,8.54,6.5,1,18.7,5.0,7,7,55,4,245.08,0,0
11992,Northeast,Paid Search,Loyal,Control,25,94.0,36,12,5.0,5.6,0.31,0.872,0.121,0.007,2,100.69,3.02,174.6,0.256,0.064,0.652,3.83,3.1,1,27.3,8.0,7,7,46,2,199.04,0,0
11993,Northeast,Social,Returning,Control,42,42.0,19,19,10.4,7.0,0.34,0.721,0.195,0.007,4,45.91,1.79,191.97,0.306,0.114,0.573,4.72,4.0,1,26.7,9.0,4,4,32,2,94.36,0,0
11994,South,Social,Returning,Treatment,38,32.5,12,4,12.4,10.8,0.443,0.573,0.344,0.024,0,93.26,2.67,0.0,0.358,0.213,0.502,3.6,3.8,1,18.6,8.0,3,4,242,3,223.51,1,0
11995,South,Social,Returning,Treatment,34,32.9,8,10,3.9,5.5,0.294,0.901,0.22,0.004,0,92.12,1.74,0.0,0.423,0.069,0.66,3.46,4.6,1,18.9,6.0,3,3,101,2,202.22,1,0
11996,Midwest,Organic Search,Loyal,Control,46,50.5,34,12,9.6,7.6,0.214,0.864,0.198,0.021,2,69.66,2.62,150.76,0.414,0.067,0.545,6.11,2.3,0,,9.0,3,3,18,3,188.91,0,0
11997,Midwest,Organic Search,Returning,Control,47,44.5,18,3,6.6,6.6,0.235,0.472,0.208,0.019,2,48.67,1.91,90.35,0.504,0.036,0.724,7.94,3.2,0,,5.0,7,7,11,1,49.73,0,0
11998,South,Social,Loyal,Treatment,32,86.4,31,10,4.4,5.0,0.453,0.857,0.24,0.011,4,103.73,2.91,386.87,0.334,0.236,0.587,2.83,2.8,1,30.4,7.0,5,5,13,5,518.97,0,1
11999,West,Organic Search,Loyal,Control,18,75.0,43,20,5.2,4.9,0.155,0.908,0.137,0.002,2,79.12,2.88,168.26,0.338,0.009,0.756,5.72,2.6,3,36.1,7.0,4,4,9,7,402.43,0,0
12000,South,Email,Returning,Treatment,53,88.8,10,14,6.3,7.0,0.253,0.583,0.246,0.018,1,131.68,2.92,119.76,0.218,0.027,0.826,3.18,3.4,1,24.3,,5,5,89,5,704.83,0,0
12001,Northeast,Paid Search,Loyal,Control,19,,25,6,4.5,5.2,0.456,0.833,0.157,0.038,2,69.63,2.02,127.0,0.35,0.088,0.734,8.34,2.8,0,,5.0,6,6,6,2,169.01,0,0
12002,West,Referral,Returning,Control,52,81.5,21,8,8.0,6.3,0.206,0.629,0.076,0.009,1,91.95,2.79,100.65,0.363,0.034,0.586,4.14,3.2,0,,7.0,7,7,6,2,177.33,0,0
12003,West,Organic Search,Loyal,Control,55,40.4,25,12,5.0,4.7,0.327,0.761,0.266,0.054,1,51.71,1.91,62.4,0.436,0.16,0.709,8.27,2.6,0,,9.0,6,6,11,1,62.39,0,0
12004,Northeast,Referral,Loyal,Control,42,86.2,30,13,9.9,7.2,0.235,0.433,0.313,0.034,4,123.23,4.06,491.94,0.26,0.07,0.751,5.2,3.1,1,33.8,7.0,5,6,5,4,450.65,0,0
12005,South,Paid Search,Returning,Treatment,30,35.8,20,12,6.8,6.9,0.241,0.387,0.162,0.014,2,83.11,2.24,159.12,0.194,0.041,0.745,5.9,4.2,1,4.5,7.0,5,5,31,2,170.05,1,0
12006,West,Organic Search,Returning,Treatment,49,118.4,14,5,9.2,7.8,0.19,0.771,0.385,0.029,3,89.67,2.13,284.86,0.601,0.163,0.667,6.55,3.4,0,,10.0,4,4,20,2,165.42,0,0
12007,South,Social,New,Control,18,51.5,4,9,11.6,8.3,0.159,0.944,0.225,0.029,3,63.84,2.67,195.44,0.434,0.068,0.767,8.36,3.6,0,,8.0,5,5,19,2,143.71,0,0
12008,South,Organic Search,Returning,Treatment,46,42.8,12,9,3.3,5.7,0.314,0.58,0.273,0.024,0,55.64,1.89,0.0,0.17,0.037,0.686,7.17,6.0,2,32.0,7.0,6,5,123,2,87.69,0,1
12009,Midwest,Email,New,Treatment,29,50.9,2,9,6.4,6.0,0.172,0.694,0.334,0.063,1,118.81,2.09,115.62,0.362,0.081,0.639,3.27,3.7,0,,9.0,5,5,1,1,128.17,0,1
12010,Northeast,Organic Search,Returning,Treatment,61,102.3,17,4,4.3,5.4,0.422,0.406,0.15,0.029,0,195.58,3.45,0.0,0.251,0.037,0.673,6.35,4.5,0,,4.0,5,4,231,3,690.37,1,0
12011,Midwest,Paid Search,Returning,Control,45,42.0,24,8,6.1,5.3,0.298,0.427,0.37,0.034,0,63.23,2.16,0.0,0.39,0.13,0.743,6.48,4.4,0,,5.0,7,7,143,5,342.94,0,0
12012,South,Organic Search,Loyal,Control,21,95.4,38,15,6.5,6.2,0.225,0.712,0.413,0.075,3,91.25,2.98,324.97,0.185,0.149,0.679,7.37,2.6,2,13.8,5.0,7,7,8,7,573.46,0,0
12013,Northeast,Social,Loyal,Control,51,62.8,53,6,10.7,6.9,0.31,0.802,0.261,0.014,4,101.89,2.39,522.89,0.578,0.136,0.706,9.53,2.7,0,,8.0,5,5,7,7,783.9,0,1
12014,Midwest,Paid Search,Returning,Control,36,121.9,18,5,4.0,5.8,0.317,0.835,0.141,0.023,1,57.41,2.54,57.88,0.302,0.042,0.734,6.28,4.0,1,29.1,,5,5,59,3,182.47,0,0
12015,Northeast,Paid Search,Loyal,Control,62,115.5,25,19,8.8,6.4,0.339,0.822,0.375,0.019,3,119.65,2.63,238.93,0.164,0.127,0.763,3.23,2.6,0,,,6,7,10,7,672.66,0,0
12016,Northeast,Social,Loyal,Treatment,56,86.0,37,29,11.1,10.0,0.381,0.463,0.248,0.06,4,78.42,3.61,271.99,0.345,0.082,0.661,4.3,4.1,1,11.8,8.0,6,7,9,7,581.83,0,0
12017,West,Paid Search,Returning,Treatment,34,71.5,7,1,3.8,4.7,0.337,0.644,0.165,0.014,0,111.32,3.49,0.0,0.581,0.076,0.722,6.0,4.1,0,,7.0,5,5,283,2,229.75,1,0
12018,Northeast,Paid Search,Returning,Control,54,43.9,18,9,4.0,8.5,0.21,0.673,0.111,0.031,2,141.01,3.31,354.82,0.672,0.09,0.683,6.31,4.1,2,24.2,9.0,4,4,46,3,451.45,0,0
12019,South,Paid Search,New,Treatment,48,,4,13,7.1,7.2,0.226,0.389,0.215,0.018,4,73.37,1.57,327.93,0.169,0.236,0.644,6.26,2.7,1,7.8,7.0,5,6,26,2,159.2,0,0
12020,Midwest,Social,New,Treatment,51,70.9,1,3,11.6,8.1,0.549,0.782,0.345,0.099,0,68.77,2.9,0.0,0.407,0.177,0.641,2.8,2.3,0,,7.0,6,7,172,1,71.63,0,0
12021,South,Organic Search,Returning,Control,51,72.2,9,12,3.3,4.7,0.187,0.82,0.249,0.023,2,104.93,1.92,225.3,0.258,0.087,0.724,4.87,2.3,0,,10.0,4,5,81,1,120.2,1,0
12022,South,Organic Search,Loyal,Control,43,39.6,25,6,4.4,4.6,0.267,0.623,0.541,0.09,1,74.59,2.86,74.82,0.318,0.049,0.653,4.56,3.4,3,28.5,7.0,4,5,20,3,248.54,0,0
12023,Northeast,Social,Returning,Control,23,54.8,18,12,13.1,9.4,0.348,0.757,0.436,0.12,1,121.33,2.84,128.71,0.243,0.074,0.798,6.4,4.4,3,14.0,,4,5,13,7,785.22,0,0
12024,Northeast,Organic Search,Returning,Treatment,41,30.6,17,6,6.5,9.0,0.135,0.676,0.347,0.027,2,101.09,2.21,193.05,0.204,0.086,0.637,7.44,2.5,0,,10.0,4,4,27,3,314.79,0,0
12025,Northeast,Organic Search,Loyal,Treatment,29,84.5,74,9,7.7,11.5,0.108,0.712,0.083,0.032,2,73.55,2.55,183.04,0.138,0.044,0.542,1.83,3.0,2,26.0,,5,6,20,16,1239.55,0,1
12026,West,Paid Search,Returning,Control,49,38.8,9,5,3.7,4.9,0.357,0.798,0.353,0.058,1,101.38,1.1,105.54,0.401,0.104,0.774,4.36,4.9,2,16.5,6.0,5,5,8,2,219.65,0,0
12027,West,Social,New,Treatment,42,81.8,5,14,3.9,6.5,0.512,0.788,0.289,0.015,1,95.89,3.17,125.29,0.762,0.069,0.64,6.23,2.3,0,,7.0,4,4,89,1,74.52,1,0
12028,West,Email,New,Control,38,110.2,1,8,4.0,5.9,0.218,0.945,0.472,0.069,1,106.25,2.5,86.34,0.525,0.044,0.633,4.38,3.5,2,16.7,9.0,6,6,61,1,99.37,0,1
12029,South,Paid Search,Returning,Control,41,34.9,23,9,5.9,7.5,0.447,0.857,0.155,0.045,3,63.42,1.87,163.2,0.3,0.054,0.775,9.71,3.6,0,,7.0,5,6,55,9,647.42,0,1
12030,Northeast,Referral,Returning,Treatment,30,63.4,16,15,9.3,7.5,0.121,0.752,0.269,0.028,3,104.1,2.04,394.07,0.275,0.034,0.664,3.07,4.7,0,,7.0,6,6,15,3,371.17,0,0
12031,West,Email,Returning,Treatment,29,66.3,10,5,8.8,6.4,0.171,0.589,0.242,0.032,0,88.94,1.6,0.0,0.43,0.056,0.775,6.01,3.4,1,11.4,6.0,6,7,193,1,92.57,0,0
12032,Northeast,Email,Loyal,Control,48,74.8,32,44,3.5,4.3,0.317,0.402,0.473,0.051,7,110.92,3.04,624.22,0.135,0.115,0.845,5.09,4.0,2,54.8,5.0,4,3,9,6,712.41,0,0
12033,South,Email,Loyal,Control,34,66.4,36,11,5.9,5.6,0.381,0.933,0.375,0.021,3,73.88,3.02,202.15,0.286,0.014,0.648,4.17,4.6,2,24.0,7.0,6,6,18,2,117.61,0,0
12034,Midwest,Email,Returning,Control,47,91.9,15,17,8.6,6.0,0.252,0.83,0.362,0.024,4,73.17,2.53,334.66,0.23,0.021,0.627,8.24,2.8,1,11.2,9.0,5,5,50,2,112.54,1,0
12035,South,Social,Returning,Treatment,52,55.5,16,14,3.3,3.6,0.585,0.11,0.134,0.017,5,75.36,2.24,437.34,0.689,0.085,0.698,7.16,3.2,1,57.2,4.0,3,4,7,2,168.41,0,0
12036,Midwest,Email,Returning,Control,38,82.5,9,16,9.1,7.8,0.437,0.493,0.174,0.031,3,107.52,2.48,248.95,0.3,0.075,0.727,9.04,4.3,0,,9.0,4,4,10,2,179.88,0,0
12037,Northeast,Social,Loyal,Control,36,,30,7,8.4,8.0,0.343,0.849,0.29,0.06,2,69.21,1.05,147.53,0.698,0.122,0.67,6.82,2.9,1,16.9,,6,7,23,8,590.77,0,1
12038,Northeast,Organic Search,New,Control,42,57.6,5,4,7.5,5.8,0.219,0.873,0.277,0.008,0,70.37,2.18,0.0,0.273,0.027,0.58,5.91,4.2,0,,,5,5,128,2,127.06,0,0
12039,Midwest,Organic Search,Returning,Control,28,32.9,7,6,2.5,5.2,0.237,0.597,0.21,0.053,0,64.9,1.45,0.0,0.366,0.159,0.689,6.04,3.0,1,10.5,9.0,5,4,115,2,124.04,1,0
12040,Midwest,Social,Returning,Treatment,53,56.9,9,12,4.1,9.2,0.34,0.61,0.217,0.056,3,92.86,2.49,294.86,0.505,0.122,0.721,5.59,3.5,0,,5.0,3,4,15,2,148.18,0,0
12041,Midwest,Paid Search,Loyal,Treatment,51,,57,13,9.4,7.3,0.37,0.686,0.311,0.018,3,78.62,1.78,358.63,0.138,0.037,0.636,2.85,1.4,2,18.2,10.0,4,6,49,12,994.7,0,0
12042,West,Referral,Loyal,Treatment,55,156.2,46,25,4.0,5.6,0.288,0.782,0.152,0.028,6,88.61,3.24,616.3,0.655,0.046,0.729,3.81,1.8,4,19.1,8.0,6,6,14,8,756.17,0,0
12043,Midwest,Referral,Loyal,Treatment,39,37.6,26,7,3.6,5.0,0.348,0.629,0.372,0.058,1,94.44,2.51,128.41,0.234,0.063,0.554,2.81,4.5,0,,10.0,4,4,26,3,259.36,0,0
12044,Midwest,Email,Returning,Control,46,124.7,13,25,13.1,8.3,0.047,0.671,0.403,0.103,5,83.21,2.27,499.79,0.266,0.004,0.506,5.21,3.4,0,,6.0,4,5,43,2,171.31,0,0
12045,West,Organic Search,Returning,Treatment,67,92.2,9,13,4.3,5.1,0.334,0.554,0.18,0.035,3,123.81,2.52,306.98,0.23,0.028,0.498,3.25,2.4,0,,6.0,5,5,27,1,122.95,1,0
12046,Midwest,Paid Search,Returning,Treatment,43,101.2,8,5,9.3,8.4,0.594,0.823,0.362,0.052,1,78.62,2.8,106.3,0.55,0.022,0.818,2.73,1.8,0,,7.0,4,4,32,1,76.26,0,0
12047,West,Email,Returning,Control,26,55.7,8,12,7.5,6.4,0.376,0.958,0.091,0.008,1,98.63,3.08,103.35,0.407,0.009,0.607,7.69,2.4,1,21.8,7.0,6,7,89,1,92.94,1,0
12048,Midwest,Social,Loyal,Treatment,47,,54,9,8.7,6.2,0.462,0.592,0.198,0.061,1,82.12,2.95,73.61,0.306,0.12,0.555,5.89,4.0,0,,7.0,5,5,89,1,76.75,0,1
12049,West,Social,Loyal,Treatment,49,47.8,26,13,4.7,4.9,0.533,0.593,0.124,0.028,2,90.72,3.47,231.95,0.276,0.037,0.777,5.58,3.4,1,17.5,7.0,3,2,47,5,343.04,0,0
12050,Midwest,Organic Search,Returning,Control,64,57.3,11,3,11.4,8.0,0.253,0.393,0.3,0.045,0,60.54,1.4,0.0,0.122,0.119,0.688,5.9,3.1,0,,8.0,6,7,185,2,136.87,0,0
12051,Northeast,Organic Search,Returning,Control,53,122.6,24,6,6.4,5.6,0.397,0.665,0.166,0.025,0,94.64,2.05,0.0,0.275,0.129,0.69,5.0,2.5,2,15.1,9.0,5,5,217,8,839.04,1,0
12052,South,Email,Loyal,Control,61,88.9,28,18,5.9,5.2,0.197,0.373,0.391,0.043,3,85.45,2.52,220.23,0.257,0.073,0.648,7.53,6.4,1,43.2,10.0,7,7,41,7,527.83,0,0
12053,South,Social,Returning,Control,46,111.1,20,4,8.1,6.5,0.376,0.863,0.205,0.006,2,141.37,2.58,399.25,0.323,0.112,0.718,5.2,4.1,1,11.6,6.0,4,5,41,4,530.42,0,0
12054,West,Organic Search,Returning,Control,44,63.0,10,16,4.0,4.1,0.302,0.913,0.469,0.056,3,84.55,2.59,337.9,0.504,0.009,0.847,6.46,4.2,0,,7.0,4,3,48,1,83.93,1,1
12055,West,Organic Search,Returning,Control,29,66.8,24,2,3.7,4.1,0.25,0.9,0.304,0.034,0,234.29,5.54,0.0,0.316,0.059,0.697,7.95,1.5,1,15.7,9.0,4,3,110,5,1429.53,0,0
12056,Northeast,Paid Search,Returning,Control,54,43.3,16,6,10.8,8.1,0.324,0.441,0.322,0.029,2,87.86,2.25,171.91,0.247,0.147,0.646,8.6,2.2,3,14.5,5.0,5,6,57,5,455.05,0,0
12057,Midwest,Organic Search,New,Treatment,49,108.9,4,3,6.2,8.8,0.171,0.617,0.207,0.017,0,70.08,2.27,0.0,0.139,0.022,0.776,2.28,4.6,1,7.3,7.0,6,7,315,1,66.0,1,0
12058,South,Social,Returning,Treatment,51,93.6,17,10,3.5,5.4,0.26,0.807,0.14,0.004,0,61.87,2.24,0.0,0.357,0.086,0.778,4.13,4.0,2,36.6,6.0,5,5,150,2,114.77,0,0
12059,Northeast,Social,Returning,Treatment,33,151.0,20,18,12.3,7.9,0.3,0.8,0.139,0.02,1,109.16,3.1,99.79,0.389,0.202,0.675,5.58,4.6,1,8.5,5.0,4,5,55,7,758.79,0,0
12060,South,Social,Returning,Treatment,50,102.5,8,1,10.8,8.0,0.295,0.808,0.214,0.036,0,75.04,2.81,0.0,0.458,0.191,0.816,1.77,2.9,0,,6.0,3,4,138,3,237.39,1,0
12061,South,Paid Search,Loyal,Treatment,67,126.5,31,10,3.6,6.8,0.391,0.514,0.406,0.014,2,74.52,2.7,149.18,0.18,0.217,0.639,5.59,2.9,0,,8.0,7,7,79,6,440.68,0,0
12062,South,Referral,Loyal,Control,59,55.5,32,9,7.3,7.6,0.211,0.878,0.311,0.03,3,67.29,1.96,209.26,0.35,0.016,0.762,5.23,3.3,2,21.3,5.0,4,4,31,5,264.1,0,0
12063,West,Paid Search,Loyal,Control,53,96.7,28,12,16.6,10.4,0.365,0.76,0.173,0.021,2,109.45,1.82,154.8,0.285,0.122,0.636,8.29,3.1,0,,9.0,6,6,29,3,345.68,1,0
12064,West,Referral,Loyal,Treatment,46,48.9,32,5,5.6,7.4,0.222,0.935,0.274,0.042,4,143.94,2.89,668.51,0.326,0.013,0.687,3.61,1.8,1,12.2,5.0,6,6,13,6,761.62,0,1
12065,West,Paid Search,Loyal,Control,53,90.0,75,13,6.5,6.0,0.276,0.497,0.587,0.119,4,110.43,2.56,371.44,0.214,0.027,0.652,5.3,3.5,1,51.6,6.0,4,5,12,11,984.18,0,1
12066,Midwest,Social,Loyal,Treatment,55,77.5,25,1,6.8,9.1,0.43,0.942,0.069,0.015,0,110.78,1.75,0.0,0.196,0.094,0.479,8.65,3.0,0,,8.0,4,4,117,6,724.49,0,0
12067,West,Referral,Loyal,Treatment,36,102.3,31,8,12.1,10.4,0.166,0.794,0.204,0.004,1,116.0,3.17,100.69,0.525,0.033,0.638,2.55,1.4,2,20.7,7.0,5,5,75,6,758.47,0,0
12068,West,Paid Search,Returning,Treatment,36,32.9,15,13,13.9,10.3,0.325,0.877,0.231,0.023,4,89.75,2.75,360.83,0.543,0.173,0.626,3.25,3.6,1,20.5,6.0,3,4,33,3,270.93,0,1
12069,Midwest,Organic Search,Returning,Control,34,66.3,15,3,6.2,8.3,0.247,0.617,0.065,0.023,2,67.29,2.42,115.71,0.305,0.06,0.638,3.85,4.9,4,7.1,7.0,6,6,5,5,360.42,0,0
12070,South,Organic Search,Returning,Treatment,31,117.9,6,4,8.1,9.7,0.288,0.9,0.211,0.004,1,88.13,2.62,87.45,0.372,0.073,0.688,3.47,3.2,0,,4.0,5,5,1,2,170.66,0,0
12071,West,Organic Search,Loyal,Control,22,36.7,47,15,3.6,4.2,0.354,0.886,0.104,0.025,2,65.12,2.77,118.59,0.364,0.198,0.631,5.9,3.0,0,,10.0,4,3,42,6,418.24,0,1
12072,South,Email,Returning,Treatment,54,104.5,11,11,5.5,6.3,0.234,0.364,0.291,0.01,1,107.3,1.33,101.44,0.169,0.083,0.666,2.89,3.5,0,,8.0,5,5,71,1,107.63,0,0
12073,Northeast,Email,Returning,Control,31,74.6,18,3,2.7,4.1,0.283,0.87,0.516,0.027,0,103.46,2.48,0.0,0.177,0.038,0.736,1.32,2.0,3,40.4,6.0,6,6,100,2,176.01,1,0
12074,West,Email,Returning,Treatment,39,81.0,12,5,7.7,6.3,0.544,0.417,0.587,0.016,3,103.2,2.96,270.93,0.128,0.065,0.773,4.73,4.0,1,20.4,7.0,4,4,7,4,400.48,0,0
12075,West,Email,New,Treatment,34,107.5,5,6,13.6,9.0,0.117,0.488,0.545,0.132,1,67.74,3.51,74.72,0.126,0.019,0.578,7.04,2.2,0,,8.0,3,4,48,2,129.43,0,0
12076,West,Referral,Returning,Treatment,56,,6,3,10.2,7.7,0.243,0.798,0.323,0.056,1,111.03,1.88,115.72,0.226,0.103,0.669,2.35,2.8,0,,5.0,7,6,61,1,94.64,1,0
12077,South,Organic Search,Returning,Treatment,46,78.0,13,8,8.7,7.4,0.409,0.872,0.11,0.019,0,141.84,2.37,0.0,0.476,0.09,0.62,2.1,2.7,0,,8.0,4,5,171,2,310.32,0,0
12078,South,Organic Search,Loyal,Control,18,34.7,47,6,8.9,6.8,0.296,0.989,0.237,0.033,0,91.75,2.18,0.0,0.148,0.068,0.686,5.61,2.9,1,8.0,6.0,5,6,225,4,333.99,1,1
12079,South,Referral,Loyal,Control,39,62.2,42,12,6.3,5.3,0.136,0.618,0.188,0.014,2,112.33,2.81,181.53,0.049,0.03,0.697,9.57,3.5,0,,9.0,5,5,7,2,211.5,0,0
12080,Midwest,Social,Loyal,Treatment,54,86.5,48,7,5.5,6.8,0.366,0.337,0.444,0.072,3,112.97,1.55,372.26,0.189,0.023,0.823,3.91,5.0,2,23.3,10.0,6,7,38,3,288.01,1,0
12081,West,Paid Search,Returning,Treatment,60,,23,12,2.7,4.8,0.499,0.692,0.187,0.048,3,61.14,2.13,199.98,0.247,0.028,0.759,4.01,3.8,2,35.2,,4,4,5,5,307.08,0,1
12082,West,Organic Search,Loyal,Control,40,,46,18,8.3,6.4,0.447,0.691,0.165,0.035,5,78.24,3.43,464.09,0.192,0.059,0.639,6.6,2.4,0,,7.0,3,3,9,5,390.35,0,0
12083,West,Email,Returning,Treatment,29,89.7,13,15,6.9,7.6,0.135,0.927,0.517,0.053,7,52.76,2.08,382.74,0.494,0.018,0.587,8.02,4.0,1,4.4,8.0,6,6,1,2,128.3,0,1
12084,West,Paid Search,Returning,Control,54,34.4,24,12,3.9,6.1,0.215,0.484,0.215,0.045,2,136.97,3.32,249.68,0.404,0.023,0.569,2.25,2.8,1,54.4,5.0,6,7,46,5,582.92,0,0
12085,South,Social,Returning,Treatment,18,42.9,18,15,15.9,12.8,0.343,0.977,0.218,0.011,1,48.35,2.69,42.57,0.189,0.061,0.603,2.5,3.1,1,29.5,10.0,7,7,40,2,75.16,1,0
12086,Northeast,Social,New,Treatment,46,59.0,1,3,11.6,8.2,0.553,0.573,0.363,0.068,0,153.54,2.38,0.0,0.166,0.03,0.627,5.55,3.7,0,,,5,5,157,1,137.62,1,0
12087,Midwest,Social,Returning,Treatment,46,51.7,8,12,4.3,6.0,0.304,0.81,0.134,0.003,2,158.92,2.09,385.45,0.473,0.107,0.628,3.64,2.8,0,,,5,5,49,2,353.62,0,1
12088,West,Organic Search,New,Treatment,44,78.2,4,5,7.2,6.2,0.168,0.766,0.409,0.083,0,75.45,1.93,0.0,0.174,0.084,0.564,4.05,4.0,1,9.6,5.0,5,5,215,2,133.55,1,0
12089,West,Referral,Returning,Treatment,43,32.8,23,4,18.5,11.0,0.263,0.534,0.037,0.001,0,74.8,1.75,0.0,0.162,0.08,0.642,3.19,1.3,0,,8.0,4,4,167,1,84.69,1,0
12090,Midwest,Paid Search,New,Treatment,35,102.1,3,6,23.7,16.5,0.196,0.829,0.311,0.016,2,107.48,3.35,203.31,0.31,0.13,0.533,4.83,5.9,0,,7.0,4,4,9,2,203.98,0,0
12091,West,Social,Loyal,Treatment,47,150.0,38,14,12.5,9.5,0.477,0.416,0.155,0.018,2,137.74,2.66,232.96,0.489,0.06,0.538,4.89,1.6,0,,10.0,5,5,35,2,261.88,0,0
12092,West,Organic Search,Returning,Control,36,45.4,18,11,6.1,5.8,0.319,0.886,0.223,0.039,4,47.96,1.41,196.24,0.216,0.182,0.679,7.17,2.1,0,,5.0,3,3,45,2,90.24,0,1
12093,South,Email,Returning,Treatment,30,72.1,14,9,1.7,4.5,0.332,0.82,0.451,0.128,3,141.93,3.54,452.2,0.255,0.134,0.585,4.65,5.0,1,28.1,5.0,7,6,6,3,415.84,0,0
12094,South,Email,New,Treatment,40,68.0,2,12,7.3,5.8,0.269,0.796,0.46,0.095,0,117.31,2.57,0.0,0.245,0.028,0.683,5.06,6.2,0,,10.0,6,6,172,1,95.91,1,0
12095,South,Paid Search,Returning,Control,46,65.9,10,2,6.9,6.2,0.581,0.453,0.286,0.036,0,69.38,1.5,0.0,0.34,0.096,0.696,10.13,3.7,0,,10.0,3,4,114,1,70.17,0,0
12096,Northeast,Paid Search,Returning,Control,51,59.7,17,6,22.4,14.9,0.263,0.79,0.178,0.028,0,104.9,2.28,0.0,0.304,0.045,0.786,3.95,3.0,0,,5.0,5,5,131,2,228.93,0,1
12097,Midwest,Referral,Loyal,Treatment,50,136.6,31,4,8.6,6.5,0.371,0.717,0.103,0.003,0,69.73,2.53,0.0,0.482,0.056,0.59,2.86,4.3,0,,8.0,7,7,331,1,62.84,1,0
12098,West,Organic Search,Returning,Treatment,18,63.9,18,12,5.3,5.8,0.37,0.966,0.275,0.02,3,88.32,2.09,219.92,0.424,0.157,0.531,5.02,3.9,0,,9.0,5,6,8,2,156.74,0,0
12099,West,Email,Returning,Control,35,64.7,15,12,9.1,6.8,0.36,0.836,0.299,0.009,2,69.63,1.89,156.28,0.356,0.028,0.551,5.66,3.3,2,34.7,10.0,4,4,12,3,221.22,0,1
12100,Northeast,Referral,Loyal,Treatment,24,100.7,34,10,7.5,6.3,0.225,0.641,0.082,0.02,2,83.52,1.75,181.66,0.084,0.228,0.692,8.03,7.0,1,67.5,7.0,5,5,16,8,660.41,0,1
12101,South,Organic Search,Returning,Treatment,64,77.1,16,9,12.1,9.8,0.312,0.436,0.289,0.017,3,96.49,2.62,277.06,0.205,0.094,0.751,4.1,4.5,1,19.4,5.0,3,3,20,8,871.2,0,1
12102,West,Email,Loyal,Control,36,43.7,57,17,2.7,5.2,0.162,0.689,0.502,0.173,3,63.36,1.31,167.13,0.281,0.021,0.737,8.02,4.4,1,14.7,9.0,6,7,50,10,789.22,0,0
12103,South,Referral,Returning,Control,31,101.0,8,5,3.0,4.5,0.227,0.691,0.294,0.023,0,77.78,3.13,0.0,0.446,0.049,0.684,6.98,5.1,0,,4.0,5,5,212,1,69.96,1,0
12104,Midwest,Referral,Returning,Control,36,47.4,20,14,10.2,10.3,0.091,0.941,0.157,0.028,2,77.7,2.36,165.21,0.264,0.051,0.51,8.09,2.9,1,16.3,6.0,6,7,61,2,156.79,0,0
12105,South,Organic Search,Loyal,Treatment,27,42.7,37,13,19.0,11.2,0.228,0.518,0.405,0.105,1,30.18,1.0,36.05,0.064,0.012,0.642,5.73,2.2,1,23.2,7.0,4,5,43,4,114.65,0,0
12106,Northeast,Paid Search,New,Control,33,70.2,3,20,5.0,6.2,0.312,0.916,0.148,0.044,4,70.08,2.91,358.21,0.323,0.061,0.629,7.91,3.3,0,,8.0,4,5,21,1,70.92,0,0
12107,Northeast,Referral,Loyal,Treatment,34,70.0,27,14,6.5,7.1,0.368,0.955,0.249,0.007,4,68.48,1.63,275.73,0.179,0.015,0.535,6.02,2.6,0,,9.0,6,6,26,3,233.33,0,0
12108,South,Organic Search,Returning,Treatment,44,93.0,18,19,3.4,6.0,0.124,0.569,0.232,0.032,0,57.19,2.13,0.0,0.471,0.055,0.731,4.05,3.4,0,,10.0,5,5,250,5,374.72,0,0
12109,Midwest,Social,Returning,Control,49,98.1,22,3,5.5,5.0,0.448,0.839,0.315,0.114,2,77.51,2.15,164.13,0.727,0.056,0.656,9.57,1.6,1,16.8,10.0,7,7,32,3,270.64,0,1
12110,South,Organic Search,Loyal,Treatment,40,40.9,66,11,6.0,6.0,0.384,0.554,0.297,0.072,2,61.4,2.74,104.38,0.383,0.08,0.648,5.67,2.7,6,10.9,7.0,4,5,24,23,1148.57,0,1
12111,South,Organic Search,Loyal,Treatment,33,108.9,32,21,19.4,11.4,0.29,0.593,0.248,0.084,4,48.41,1.97,207.63,0.179,0.018,0.7,3.21,3.3,1,63.1,9.0,3,4,32,4,199.79,0,0
12112,Midwest,Social,Returning,Control,58,57.4,8,12,4.9,6.0,0.372,0.494,0.277,0.008,1,210.17,3.68,181.18,0.305,0.236,0.802,7.14,4.0,0,,3.0,6,6,73,1,165.59,0,0
12113,Midwest,Organic Search,Returning,Treatment,32,92.7,8,15,4.5,6.5,0.328,0.539,0.361,0.044,3,116.87,3.24,283.25,0.123,0.076,0.628,4.77,3.8,1,25.7,6.0,5,5,27,2,233.52,0,0
12114,West,Organic Search,Loyal,Control,54,109.9,35,2,5.5,5.6,0.369,0.724,0.355,0.051,1,95.49,2.0,112.98,0.242,0.112,0.635,4.89,3.4,0,,9.0,4,4,28,7,780.2,0,1
12115,Northeast,Social,Returning,Control,47,100.7,16,9,8.0,11.2,0.35,0.854,0.18,0.001,1,156.23,3.15,125.93,0.345,0.314,0.694,6.61,4.0,0,,7.0,7,7,38,3,467.49,0,1
12116,Northeast,Organic Search,Loyal,Control,18,96.1,59,4,5.5,5.5,0.287,0.883,0.037,0.004,0,128.85,4.13,0.0,0.198,0.018,0.773,6.91,2.2,2,30.3,8.0,6,7,146,8,903.7,0,1
12117,West,Social,Returning,Control,22,63.4,16,12,13.7,8.8,0.336,0.917,0.3,0.049,2,68.14,3.05,140.72,0.472,0.092,0.875,5.61,3.0,3,31.1,10.0,5,6,16,3,186.49,0,1
12118,West,Social,Returning,Treatment,18,,14,22,3.5,7.4,0.42,0.988,0.375,0.077,5,68.6,2.23,428.66,0.488,0.186,0.572,5.76,4.3,0,,4.0,7,7,13,2,156.5,0,1
12119,South,Organic Search,Loyal,Treatment,43,146.3,31,13,6.2,5.3,0.377,0.807,0.314,0.035,0,125.45,1.98,0.0,0.108,0.123,0.79,4.2,6.9,3,37.0,7.0,5,4,120,6,816.95,1,0
12120,West,Paid Search,Returning,Control,48,79.1,19,9,7.2,6.3,0.431,0.881,0.406,0.034,1,66.4,2.75,71.7,0.508,0.106,0.696,5.7,4.1,2,16.7,10.0,6,6,55,4,244.53,0,0
12121,Midwest,Organic Search,Loyal,Treatment,30,75.1,35,10,5.2,5.3,0.155,0.785,0.096,0.022,2,75.86,1.44,176.08,0.161,0.065,0.657,4.15,3.0,0,,8.0,4,4,53,3,224.43,0,0
12122,Midwest,Social,Returning,Control,45,84.5,14,8,2.9,4.7,0.461,0.675,0.096,0.031,1,68.66,2.32,60.94,0.357,0.082,0.641,7.18,3.4,3,14.5,7.0,6,5,8,4,303.15,0,0
12123,South,Organic Search,Returning,Control,59,45.4,11,13,4.7,5.0,0.235,0.78,0.44,0.149,1,54.41,1.77,44.36,0.213,0.027,0.693,9.21,2.4,1,19.3,6.0,4,3,82,3,152.04,0,0
12124,West,Organic Search,Returning,Control,26,45.3,10,7,3.8,4.1,0.277,0.782,0.072,0.003,2,58.63,2.04,113.5,0.333,0.072,0.677,6.18,4.0,1,27.8,7.0,6,6,13,5,293.22,1,0
12125,Midwest,Organic Search,Returning,Treatment,40,66.9,9,6,8.5,6.9,0.408,0.869,0.338,0.057,1,94.19,3.66,95.54,0.241,0.086,0.603,6.36,3.9,1,9.1,10.0,5,5,7,3,346.99,0,0
12126,South,Social,Returning,Control,29,65.2,17,5,5.3,5.6,0.462,0.482,0.302,0.03,0,60.54,1.73,0.0,0.316,0.046,0.628,7.78,2.6,4,48.1,,5,5,131,4,251.84,1,0
12127,West,Organic Search,Returning,Control,23,61.4,10,5,6.0,6.9,0.186,0.689,0.084,0.013,0,100.32,2.2,0.0,0.097,0.182,0.775,10.17,4.0,1,7.5,9.0,6,7,363,3,316.8,1,0
12128,West,Organic Search,Returning,Treatment,27,59.5,17,2,10.6,9.1,0.225,0.857,0.337,0.01,1,47.3,1.0,43.73,0.213,0.062,0.645,0.53,2.3,1,28.3,9.0,7,7,18,4,167.48,0,0
12129,South,Email,Returning,Treatment,60,41.4,8,9,7.9,9.0,0.208,0.346,0.346,0.057,4,102.93,1.98,359.99,0.24,0.069,0.673,7.77,4.7,1,14.2,6.0,6,6,16,4,477.96,0,0
12130,South,Referral,Loyal,Control,31,31.9,28,7,7.9,5.7,0.191,0.85,0.145,0.014,2,92.72,2.71,225.6,0.225,0.132,0.671,6.24,4.6,0,,,4,5,44,1,78.41,1,0
12131,West,Organic Search,Returning,Control,53,58.5,8,12,9.3,7.1,0.132,0.64,0.168,0.045,3,88.98,2.62,318.36,0.275,0.031,0.625,6.31,5.1,0,,6.0,4,4,10,1,85.8,0,0
12132,South,Paid Search,Returning,Treatment,65,82.4,20,12,5.9,7.1,0.39,0.505,0.243,0.041,3,77.46,2.67,212.95,0.625,0.103,0.75,0.73,1.9,1,16.6,,6,7,3,3,196.9,0,0
12133,West,Email,Returning,Control,28,94.3,17,6,5.9,6.0,0.225,0.879,0.347,0.029,1,46.76,1.39,51.37,0.344,0.065,0.699,5.57,3.1,1,13.1,9.0,5,5,10,2,97.92,0,0
12134,Midwest,Paid Search,Loyal,Control,43,94.6,25,10,6.7,5.8,0.38,0.713,0.394,0.089,3,63.37,1.88,206.34,0.445,0.03,0.729,6.05,2.5,3,22.9,6.0,6,6,49,6,333.61,0,0
12135,Northeast,Social,Returning,Treatment,40,32.6,10,16,4.2,4.2,0.289,0.634,0.43,0.075,5,81.32,2.77,365.45,0.502,0.062,0.652,0.0,2.6,2,13.1,8.0,7,6,11,1,68.2,0,0
12136,South,Referral,Returning,Treatment,47,19.4,8,3,6.5,5.4,0.401,0.767,0.249,0.02,0,43.81,2.65,0.0,0.117,0.008,0.611,9.83,3.0,0,,,4,5,133,4,191.26,0,0
12137,Midwest,Paid Search,Returning,Control,48,57.5,17,1,4.3,9.6,0.302,0.665,0.425,0.038,0,51.61,2.13,0.0,0.186,0.202,0.776,6.3,2.7,2,10.9,7.0,3,4,273,2,107.74,1,0
12138,Northeast,Paid Search,Returning,Treatment,38,88.9,8,5,3.6,4.5,0.348,0.739,0.226,0.008,2,66.29,2.21,121.87,0.56,0.053,0.796,5.6,3.2,0,,8.0,5,5,16,1,63.66,0,0
12139,Midwest,Paid Search,Loyal,Treatment,52,162.5,96,23,8.7,6.7,0.559,0.704,0.325,0.064,4,136.12,3.32,495.5,0.418,0.022,0.733,4.05,2.2,2,19.3,9.0,7,7,8,18,2710.59,0,0
12140,South,Paid Search,Loyal,Control,47,49.5,49,4,20.1,12.6,0.372,0.708,0.208,0.04,0,77.42,2.11,0.0,0.38,0.041,0.752,5.47,6.5,2,14.9,10.0,5,5,142,7,445.99,0,0
12141,Midwest,Social,Returning,Treatment,46,56.2,6,6,4.3,4.8,0.623,0.648,0.319,0.041,1,60.14,1.57,64.61,0.271,0.272,0.769,6.61,2.8,0,,5.0,6,7,18,1,73.17,0,1
12142,West,Paid Search,New,Treatment,56,30.0,2,4,7.3,7.2,0.437,0.31,0.277,0.075,4,44.12,2.59,216.46,0.497,0.145,0.782,4.65,2.2,0,,,7,7,1,1,42.84,0,0
12143,West,Referral,New,Treatment,34,,3,1,11.6,7.5,0.535,0.97,0.219,0.077,1,71.74,2.13,67.92,0.413,0.214,0.782,4.84,4.3,1,29.2,7.0,6,5,81,1,69.61,0,1
12144,South,Social,Returning,Treatment,34,72.0,13,13,11.5,7.6,0.36,0.801,0.485,0.07,1,111.73,3.69,121.53,0.459,0.103,0.542,5.88,5.2,1,27.8,7.0,5,5,13,2,188.31,0,0
12145,Midwest,Organic Search,Loyal,Control,20,63.4,51,24,3.8,4.4,0.307,0.918,0.298,0.048,3,69.86,2.15,227.47,0.208,0.142,0.627,5.95,3.0,0,,6.0,5,4,34,1,60.46,0,0
12146,West,Email,Returning,Control,34,81.8,23,11,7.8,7.4,0.065,0.579,0.6,0.054,3,92.43,3.47,249.17,0.262,0.012,0.805,6.91,2.2,0,,10.0,6,7,27,2,189.72,0,0
12147,Northeast,Referral,Returning,Treatment,24,71.0,11,11,3.3,4.2,0.32,0.992,0.215,0.064,1,57.8,2.58,60.52,0.098,0.077,0.589,6.05,1.8,0,,10.0,4,4,16,2,105.92,0,0
12148,Midwest,Email,Returning,Treatment,51,59.5,17,3,3.7,5.1,0.325,0.734,0.404,0.047,0,100.41,3.27,0.0,0.301,0.068,0.724,3.49,3.0,1,25.1,4.0,5,5,257,2,207.64,0,0
12149,Midwest,Organic Search,Returning,Treatment,29,61.8,16,1,10.7,9.4,0.111,0.969,0.136,0.03,1,56.28,2.51,44.91,0.357,0.078,0.627,7.65,3.2,0,,8.0,4,5,50,1,54.93,1,0
12150,West,Email,Loyal,Treatment,37,83.4,48,21,3.1,4.7,0.458,0.947,0.564,0.005,2,48.35,1.75,83.66,0.454,0.149,0.555,7.37,2.7,2,24.8,10.0,7,6,28,9,429.3,0,0
12151,West,Social,Loyal,Control,45,43.8,25,7,5.3,4.7,0.283,0.821,0.409,0.072,3,102.64,2.97,323.93,0.465,0.102,0.749,6.86,4.4,0,,7.0,7,7,9,3,298.3,0,0
12152,Northeast,Organic Search,Returning,Control,28,199.2,16,10,4.7,7.0,0.092,0.898,0.204,0.011,0,106.74,3.0,0.0,0.121,0.039,0.668,4.71,6.7,0,,,6,7,156,1,119.11,1,0
12153,Midwest,Referral,Loyal,Treatment,49,114.2,34,13,3.5,5.7,0.225,0.706,0.18,0.015,3,75.33,1.59,230.19,0.058,0.137,0.811,4.11,4.4,1,13.3,10.0,5,6,4,6,449.15,1,0
12154,Northeast,Organic Search,Loyal,Treatment,24,107.0,25,4,6.1,5.0,0.285,0.906,0.086,0.011,5,95.21,2.68,561.78,0.102,0.173,0.685,4.81,3.4,0,,8.0,5,6,16,4,313.63,0,0
12155,West,Email,Returning,Control,59,27.7,14,10,5.7,7.1,0.203,0.841,0.384,0.035,3,56.87,1.92,117.94,0.094,0.173,0.687,6.88,4.3,0,,8.0,4,3,15,2,115.26,0,0
12156,South,Organic Search,Returning,Control,28,96.2,12,5,6.7,6.2,0.213,0.776,0.522,0.043,2,100.51,2.41,177.67,0.507,0.073,0.778,4.14,4.6,1,16.4,,4,4,18,3,274.12,1,1
12157,West,Organic Search,Returning,Treatment,59,92.9,9,6,6.5,5.2,0.504,0.741,0.213,0.097,1,112.68,3.02,113.91,0.166,0.052,0.62,5.98,2.1,0,,10.0,3,4,41,1,110.6,1,0
12158,West,Referral,Loyal,Treatment,51,79.4,27,26,5.3,5.6,0.39,0.836,0.227,0.022,5,62.43,3.34,319.69,0.261,0.025,0.692,5.18,2.9,2,34.3,8.0,6,6,6,7,456.3,0,0
12159,South,Social,Returning,Control,45,186.3,17,17,3.9,5.4,0.499,0.842,0.358,0.017,3,225.29,4.04,937.45,0.533,0.086,0.647,5.7,3.3,0,,4.0,7,7,26,5,1125.54,0,0
12160,South,Organic Search,Returning,Control,49,36.3,7,4,4.8,5.4,0.373,0.559,0.383,0.071,3,32.63,2.38,96.5,0.339,0.044,0.834,8.33,2.1,0,,10.0,5,5,15,2,75.24,0,0
12161,Midwest,Paid Search,Returning,Control,35,41.3,13,11,5.8,5.8,0.426,0.869,0.255,0.029,3,73.7,1.95,257.06,0.474,0.095,0.662,5.0,2.3,0,,7.0,6,7,56,1,99.11,0,0
12162,Northeast,Referral,Returning,Treatment,38,47.0,23,6,5.2,5.7,0.16,0.949,0.214,0.043,0,77.76,1.84,0.0,0.515,0.055,0.574,5.35,2.6,5,6.4,,4,4,349,10,804.3,1,0
12163,West,Organic Search,Returning,Control,44,84.4,16,16,5.7,5.1,0.218,0.646,0.062,0.007,2,100.83,1.65,188.77,0.093,0.049,0.812,7.3,5.3,0,,7.0,6,7,45,3,321.19,0,0
12164,South,Paid Search,New,Treatment,32,52.1,3,6,7.6,7.3,0.387,0.825,0.463,0.158,1,83.21,1.2,90.23,0.151,0.023,0.709,4.45,5.5,0,,10.0,6,7,5,1,73.55,0,0
12165,South,Paid Search,Returning,Treatment,34,54.1,7,5,6.0,5.3,0.272,0.79,0.34,0.009,0,88.86,2.19,0.0,0.71,0.124,0.566,2.72,4.9,1,32.0,7.0,5,6,153,3,274.71,1,0
12166,South,Email,Loyal,Treatment,51,55.8,30,18,4.9,5.1,0.34,0.935,0.297,0.067,6,71.86,3.24,422.65,0.147,0.024,0.748,5.86,4.1,2,37.7,6.0,4,4,24,1,78.4,0,0
12167,Midwest,Paid Search,Returning,Control,65,69.7,20,2,8.9,6.3,0.29,0.255,0.249,0.02,2,48.93,2.3,96.73,0.179,0.035,0.724,7.78,5.7,2,27.6,10.0,4,6,44,1,42.09,0,0
12168,South,Organic Search,Returning,Treatment,47,131.2,20,3,6.4,5.1,0.398,0.751,0.234,0.007,1,73.66,2.92,106.38,0.178,0.12,0.627,4.71,5.4,1,16.6,9.0,4,4,26,4,337.47,0,0
12169,Northeast,Organic Search,Returning,Control,40,90.7,13,9,4.5,5.0,0.271,0.326,0.109,0.027,1,136.36,3.45,150.63,0.28,0.08,0.711,5.61,2.8,0,,,7,7,37,1,151.66,0,0
12170,West,Paid Search,Returning,Treatment,33,107.1,7,4,4.5,6.4,0.183,0.803,0.291,0.107,0,71.9,3.11,0.0,0.249,0.128,0.573,5.85,2.9,1,39.9,8.0,6,5,123,4,289.84,1,0
12171,West,Referral,New,Control,45,112.7,3,7,3.2,4.9,0.306,0.675,0.606,0.201,0,107.9,2.17,0.0,0.278,0.135,0.724,6.36,4.9,0,,,4,5,172,1,96.47,1,0
12172,West,Paid Search,Returning,Treatment,42,53.4,20,9,20.5,11.8,0.227,0.805,0.202,0.04,2,132.9,3.72,222.72,0.23,0.048,0.75,5.12,0.9,0,,10.0,4,4,29,2,216.75,0,0
12173,West,Paid Search,Returning,Control,45,50.0,19,7,6.5,6.1,0.366,0.766,0.131,0.016,5,83.67,2.67,628.47,0.29,0.107,0.641,7.48,3.4,0,,10.0,5,5,12,3,270.65,0,0
12174,Northeast,Social,New,Control,40,127.1,5,8,11.9,8.9,0.287,0.589,0.288,0.055,1,85.8,2.19,91.98,0.116,0.095,0.77,9.23,3.2,1,25.9,2.0,5,5,36,1,70.94,1,0
12175,South,Email,Returning,Treatment,38,38.7,18,11,9.3,6.7,0.259,0.895,0.181,0.012,1,60.06,1.78,74.6,0.288,0.156,0.477,3.33,3.6,0,,8.0,6,7,89,2,115.9,0,0
12176,Midwest,Organic Search,New,Treatment,56,87.8,5,1,7.9,6.1,0.604,0.779,0.195,0.098,1,80.85,3.19,65.0,0.214,0.067,0.668,5.34,3.3,0,,8.0,6,6,69,1,73.81,0,0
12177,Midwest,Social,Returning,Treatment,37,137.9,21,12,3.9,5.5,0.266,0.878,0.203,0.037,1,92.19,1.76,84.38,0.701,0.045,0.58,3.27,4.4,2,27.5,7.0,6,5,35,4,472.16,0,0
12178,Midwest,Organic Search,Returning,Treatment,64,85.9,14,4,4.0,4.3,0.2,0.621,0.286,0.011,2,183.72,3.58,400.24,0.106,0.132,0.665,5.71,3.9,0,,6.0,5,6,3,1,226.72,0,0
12179,Midwest,Organic Search,Loyal,Treatment,45,62.7,47,13,4.2,5.9,0.243,0.572,0.352,0.049,1,41.28,2.2,35.55,0.567,0.089,0.751,5.81,6.4,0,,10.0,4,5,44,6,248.66,0,0
12180,South,Referral,Returning,Treatment,38,57.9,18,17,9.7,8.0,0.393,0.908,0.157,0.027,4,111.52,3.3,422.12,0.493,0.068,0.631,4.16,2.6,1,29.9,,5,5,13,3,246.5,0,0
12181,West,Organic Search,Returning,Treatment,74,68.8,8,13,8.7,8.6,0.284,0.338,0.384,0.002,0,75.54,2.08,0.0,0.069,0.346,0.827,4.34,3.3,1,17.2,7.0,3,3,214,2,154.26,1,0
12182,South,Organic Search,Loyal,Treatment,37,89.7,49,6,8.7,9.5,0.238,0.558,0.076,0.003,4,65.43,1.99,285.23,0.223,0.157,0.641,4.03,2.6,1,46.3,7.0,3,4,26,3,190.4,0,1
12183,Midwest,Organic Search,Loyal,Treatment,43,142.4,26,5,5.4,6.7,0.34,0.819,0.159,0.035,3,100.2,2.48,356.94,0.363,0.058,0.508,1.49,3.9,0,,10.0,4,5,7,5,516.35,0,0
12184,West,Organic Search,Returning,Control,44,32.2,7,4,6.0,8.0,0.161,0.455,0.255,0.089,0,33.67,2.36,0.0,0.137,0.084,0.686,7.18,1.4,0,,,5,4,98,1,31.25,0,0
12185,South,Organic Search,Returning,Treatment,23,65.0,14,2,6.7,6.9,0.139,0.945,0.194,0.013,0,62.31,1.68,0.0,0.118,0.101,0.685,7.7,4.2,1,22.3,9.0,5,5,304,1,66.75,1,0
12186,Midwest,Organic Search,Loyal,Control,34,55.1,51,3,11.8,8.1,0.2,0.463,0.317,0.073,0,38.51,1.33,0.0,0.278,0.079,0.607,4.99,7.8,2,88.4,10.0,4,4,275,5,175.95,1,0
12187,West,Paid Search,Loyal,Control,36,242.9,50,17,11.1,8.8,0.179,0.753,0.308,0.015,2,146.91,2.82,265.14,0.389,0.151,0.652,5.59,2.0,1,11.4,7.0,7,7,43,5,627.91,0,0
12188,Midwest,Paid Search,Returning,Control,57,45.6,15,5,8.1,7.1,0.405,0.678,0.295,0.038,0,138.57,2.58,0.0,0.324,0.09,0.623,6.95,4.0,1,19.8,9.0,5,6,150,1,124.32,0,0
12189,South,Paid Search,Returning,Treatment,34,117.8,8,4,5.1,5.3,0.469,0.76,0.341,0.024,1,53.69,2.61,56.28,0.509,0.032,0.614,2.4,4.4,1,14.6,4.0,5,4,15,3,157.51,0,0
12190,Northeast,Referral,Returning,Control,27,22.4,14,12,6.6,6.4,0.399,0.868,0.169,0.014,5,54.0,2.18,230.79,0.117,0.057,0.727,7.01,2.8,1,12.2,6.0,7,7,42,1,48.39,0,1
12191,Northeast,Referral,Loyal,Control,46,81.5,60,10,9.8,7.0,0.267,0.724,0.27,0.021,3,116.36,4.08,306.34,0.098,0.081,0.717,9.49,5.2,4,25.0,10.0,4,4,6,16,1794.97,0,0
12192,Northeast,Referral,Loyal,Treatment,41,143.2,25,8,2.6,4.0,0.244,0.876,0.279,0.04,3,118.65,2.74,394.2,0.411,0.019,0.722,3.82,2.5,0,,10.0,7,7,23,1,120.26,0,0
12193,Northeast,Referral,Loyal,Control,38,155.5,50,12,4.9,9.2,0.36,0.711,0.238,0.013,2,86.87,2.2,163.51,0.124,0.021,0.747,2.45,3.0,4,32.8,7.0,4,3,23,16,1323.39,1,0
12194,South,Paid Search,Returning,Control,68,42.6,13,12,7.6,7.2,0.447,0.473,0.255,0.016,2,61.44,3.21,118.24,0.395,0.088,0.68,6.58,3.2,0,,6.0,5,4,32,2,144.42,0,0
12195,West,Organic Search,Returning,Control,43,38.6,9,13,5.8,10.4,0.203,0.822,0.182,0.023,1,83.03,2.49,87.27,0.203,0.067,0.631,5.45,3.6,0,,7.0,4,4,27,1,73.78,0,0
12196,West,Organic Search,Loyal,Treatment,27,57.8,47,7,3.4,3.9,0.351,0.947,0.261,0.045,3,68.93,2.59,258.36,0.435,0.031,0.738,7.4,4.9,0,,5.0,4,4,17,5,384.55,0,1
12197,Midwest,Email,Returning,Treatment,40,77.0,9,14,4.8,5.0,0.227,0.928,0.252,0.034,3,72.28,2.58,231.05,0.417,0.04,0.743,5.64,2.6,1,14.2,7.0,5,5,4,2,124.74,0,0
12198,South,Social,Loyal,Control,33,110.0,73,5,13.0,10.0,0.269,0.592,0.114,0.012,2,92.72,2.26,147.96,0.165,0.112,0.695,6.46,2.6,3,16.3,8.0,3,3,27,14,1132.56,1,0
12199,Midwest,Paid Search,Returning,Control,34,100.8,13,5,7.6,7.8,0.319,0.34,0.523,0.05,1,96.67,2.69,84.4,0.218,0.037,0.488,7.63,5.0,0,,5.0,3,3,66,1,104.37,0,0
12200,South,Email,Returning,Treatment,45,118.3,20,9,5.9,5.4,0.374,0.731,0.248,0.046,1,109.84,3.19,109.25,0.138,0.087,0.555,5.77,3.3,1,12.2,7.0,5,6,25,3,264.7,0,1
12201,West,Social,Returning,Control,26,49.9,18,3,7.0,5.9,0.381,0.928,0.126,0.005,1,60.39,2.51,47.95,0.468,0.326,0.553,6.0,3.2,1,13.7,5.0,6,6,68,5,255.26,1,0
12202,South,Referral,Loyal,Treatment,34,110.4,28,10,5.7,4.9,0.229,0.93,0.192,0.009,1,84.46,3.82,83.04,0.289,0.055,0.721,2.01,3.4,1,33.5,7.0,6,7,7,8,518.13,0,0
12203,South,Referral,Loyal,Treatment,65,36.1,25,14,5.5,6.7,0.316,0.606,0.189,0.05,3,76.41,2.61,192.09,0.307,0.068,0.732,4.65,4.6,1,24.5,6.0,7,7,20,4,318.72,0,0
12204,West,Social,New,Treatment,54,60.8,3,13,3.5,6.1,0.429,0.508,0.22,0.043,2,105.89,1.09,244.01,0.227,0.191,0.484,3.03,2.8,0,,9.0,5,6,14,2,173.97,1,0
12205,Midwest,Paid Search,Returning,Control,31,66.5,8,6,5.8,6.8,0.245,0.838,0.121,0.017,1,97.57,3.12,96.42,0.202,0.027,0.508,8.2,4.4,0,,7.0,5,5,5,3,315.89,0,0
12206,Midwest,Email,Returning,Treatment,52,63.3,10,15,4.2,5.4,0.367,0.778,0.421,0.025,3,56.15,2.63,194.67,0.39,0.025,0.634,4.35,3.9,0,,9.0,6,6,11,1,55.53,1,0
12207,West,Email,Returning,Control,51,78.9,21,17,3.5,7.1,0.289,0.545,0.451,0.043,2,130.05,2.08,250.13,0.284,0.029,0.802,5.0,3.3,1,7.1,9.0,6,6,74,6,851.46,0,1
12208,Northeast,Paid Search,Returning,Treatment,51,130.8,21,5,4.4,6.0,0.265,0.775,0.195,0.062,2,122.29,3.35,205.6,0.338,0.016,0.571,3.64,3.7,3,9.2,,5,6,33,4,437.86,1,0
12209,South,Social,New,Treatment,55,137.8,5,4,6.7,6.5,0.377,0.613,0.255,0.06,1,124.01,3.11,137.7,0.558,0.01,0.656,7.42,2.9,2,7.7,,7,7,9,1,124.94,0,0
12210,West,Organic Search,New,Treatment,45,71.8,5,1,6.1,7.8,0.183,0.911,0.254,0.088,0,85.36,1.32,0.0,0.302,0.049,0.574,4.59,3.0,1,14.1,10.0,5,4,105,1,73.06,0,0
12211,West,Paid Search,Returning,Control,35,176.0,12,5,5.7,6.0,0.371,0.652,0.21,0.027,1,211.24,4.69,201.04,0.332,0.061,0.67,6.13,5.0,0,,6.0,7,7,8,3,570.38,0,0
12212,Midwest,Email,Returning,Treatment,35,85.1,9,8,7.7,6.7,0.486,0.97,0.309,0.018,1,64.2,2.53,73.11,0.273,0.111,0.541,9.67,3.4,0,,,4,5,25,1,68.61,0,1
12213,West,Email,Loyal,Treatment,26,120.1,46,16,6.3,6.3,0.27,0.892,0.345,0.05,1,67.59,2.65,56.28,0.17,0.017,0.684,7.73,4.0,0,,10.0,7,7,80,2,142.4,0,0
12214,West,Social,Returning,Treatment,57,78.6,17,29,6.9,7.1,0.466,0.831,0.281,0.039,1,78.13,1.0,89.25,0.262,0.132,0.67,5.11,3.0,1,10.8,5.0,7,7,14,5,444.95,1,0
12215,Northeast,Email,Returning,Treatment,37,71.1,7,8,8.7,7.5,0.258,0.789,0.31,0.038,2,109.12,2.75,204.09,0.49,0.022,0.68,6.34,3.2,1,9.7,9.0,4,5,10,2,189.52,0,0
12216,South,Paid Search,Loyal,Treatment,80,48.8,26,20,6.4,6.3,0.449,0.273,0.09,0.014,5,88.94,2.58,420.36,0.643,0.139,0.696,4.45,1.6,2,19.6,7.0,4,4,6,4,415.39,1,0
12217,Midwest,Social,Loyal,Treatment,46,79.8,49,10,8.9,6.8,0.38,0.71,0.41,0.074,2,117.89,2.79,242.07,0.459,0.307,0.516,4.4,2.7,0,,7.0,6,6,27,5,533.74,0,0
12218,South,Email,New,Control,44,72.7,4,10,4.2,6.1,0.446,0.872,0.222,0.013,3,78.54,2.59,232.31,0.176,0.269,0.601,9.67,2.5,2,15.4,6.0,6,5,9,3,235.38,1,0
12219,West,Organic Search,Returning,Control,50,93.9,6,1,9.2,8.0,0.152,0.854,0.232,0.007,0,115.37,2.45,0.0,0.195,0.176,0.863,6.95,2.6,0,,6.0,6,6,136,1,127.94,1,0
12220,South,Organic Search,Loyal,Treatment,41,64.8,41,19,9.7,7.2,0.246,0.68,0.26,0.061,10,117.29,3.2,1145.86,0.114,0.042,0.727,5.16,2.7,1,26.9,8.0,6,7,2,7,901.73,0,1
12221,Northeast,Organic Search,New,Control,38,54.5,3,5,5.9,6.0,0.408,0.829,0.261,0.01,1,81.06,2.93,71.92,0.104,0.14,0.781,6.48,2.7,1,23.3,9.0,5,5,45,1,83.56,0,0
12222,West,Paid Search,Returning,Control,44,36.5,21,19,9.3,6.7,0.439,0.393,0.321,0.042,1,47.77,2.41,53.63,0.518,0.14,0.697,7.78,4.6,0,,10.0,6,6,15,3,137.59,1,0
12223,South,Referral,New,Control,55,54.7,3,6,6.1,6.3,0.289,0.611,0.154,0.047,0,54.94,2.84,0.0,0.396,0.082,0.77,5.64,2.7,2,32.1,,7,6,160,1,47.39,0,0
12224,Midwest,Referral,Loyal,Control,44,74.8,28,1,6.5,5.7,0.326,0.745,0.246,0.027,0,101.87,2.46,0.0,0.22,0.095,0.696,6.16,2.5,2,30.5,8.0,7,7,114,11,952.72,0,0
12225,Northeast,Email,Returning,Control,46,162.6,18,12,10.0,7.6,0.244,0.58,0.37,0.05,3,100.11,2.6,327.35,0.401,0.102,0.608,9.37,4.8,2,19.6,5.0,4,3,22,3,373.28,0,1
12226,Midwest,Paid Search,Returning,Control,37,62.7,17,16,8.3,6.8,0.407,0.798,0.12,0.01,5,55.06,1.0,339.89,0.331,0.074,0.719,5.04,2.9,1,44.4,10.0,6,6,7,4,236.69,0,0
12227,West,Referral,Returning,Treatment,31,73.5,9,11,16.0,11.6,0.208,0.847,0.428,0.083,1,75.33,1.62,75.43,0.179,0.062,0.547,5.59,3.1,1,18.6,8.0,3,2,15,2,179.97,0,0
12228,South,Social,Returning,Treatment,49,45.0,13,7,3.9,6.7,0.257,0.707,0.172,0.007,1,76.31,2.22,88.25,0.252,0.157,0.706,4.29,4.9,0,,5.0,4,4,89,4,249.23,1,0
12229,South,Referral,Loyal,Treatment,42,31.5,33,19,3.5,4.5,0.451,0.85,0.415,0.15,1,78.04,2.06,75.84,0.625,0.06,0.779,4.36,4.3,2,65.5,7.0,6,6,25,5,384.12,0,1
12230,Midwest,Social,Loyal,Control,53,47.6,36,4,3.5,5.8,0.564,0.371,0.275,0.019,2,39.96,2.4,84.86,0.347,0.193,0.797,5.71,3.8,0,,8.0,5,5,8,3,112.02,0,0
12231,West,Social,New,Treatment,41,59.3,3,2,4.6,4.9,0.602,0.726,0.323,0.073,1,70.71,1.47,67.21,0.212,0.164,0.537,2.11,2.9,0,,10.0,3,2,71,1,71.13,0,0
12232,West,Organic Search,Loyal,Control,39,175.0,75,19,4.6,5.5,0.376,0.881,0.187,0.012,5,152.74,3.65,869.28,0.243,0.035,0.722,7.73,3.4,2,19.7,6.0,4,5,8,8,1460.23,1,0
12233,West,Referral,Returning,Treatment,28,123.2,12,14,5.8,6.7,0.165,0.703,0.345,0.082,2,72.75,1.95,128.76,0.263,0.173,0.714,1.55,3.2,1,19.2,4.0,5,3,15,2,134.01,1,0
12234,Northeast,Paid Search,Returning,Treatment,36,111.6,12,13,11.3,8.5,0.44,0.737,0.132,0.014,2,76.55,2.45,145.2,0.396,0.051,0.699,4.27,2.9,1,10.9,6.0,6,7,40,2,136.95,0,0
12235,West,Paid Search,Returning,Treatment,51,52.3,8,1,4.8,4.8,0.305,0.589,0.15,0.002,1,81.53,1.66,83.37,0.431,0.019,0.706,3.48,3.4,0,,6.0,5,4,69,1,68.57,0,0
12236,West,Email,New,Control,31,123.4,3,8,1.6,4.2,0.191,0.792,0.267,0.05,4,193.07,3.84,780.01,0.437,0.12,0.798,9.27,5.8,0,,8.0,6,5,27,1,194.59,0,0
12237,West,Organic Search,Returning,Control,44,25.2,14,10,4.9,6.8,0.24,0.864,0.186,0.045,0,40.43,2.31,0.0,0.28,0.065,0.633,8.03,4.9,0,,10.0,4,5,129,2,69.75,0,0
12238,Northeast,Organic Search,Returning,Control,32,144.8,7,6,4.3,6.1,0.201,0.697,0.413,0.095,0,83.3,3.21,0.0,0.354,0.03,0.8,3.72,4.5,1,26.0,9.0,3,2,222,1,81.99,0,0
12239,West,Paid Search,Returning,Treatment,57,85.6,12,16,6.6,6.7,0.416,0.832,0.264,0.003,2,47.28,2.94,93.24,0.411,0.055,0.687,4.23,3.2,0,,9.0,5,5,65,3,137.17,0,1
12240,West,Social,Returning,Treatment,50,77.7,8,6,9.0,8.6,0.313,0.537,0.146,0.011,0,72.6,3.27,0.0,0.364,0.14,0.653,7.41,3.2,2,43.8,8.0,7,7,135,4,280.23,0,0
12241,West,Social,Loyal,Treatment,20,37.9,53,3,19.5,12.2,0.198,0.804,0.177,0.017,1,73.84,1.22,84.24,0.431,0.277,0.82,1.36,2.3,3,70.1,4.0,3,3,17,9,622.89,0,0
12242,South,Organic Search,Loyal,Treatment,49,124.3,36,7,5.6,6.0,0.357,0.727,0.371,0.036,1,116.48,2.86,138.37,0.372,0.035,0.609,4.14,3.2,1,25.5,10.0,5,4,24,3,352.13,0,0
12243,West,Organic Search,Loyal,Control,37,105.7,35,14,5.0,4.8,0.248,0.789,0.105,0.009,3,89.15,2.77,337.6,0.591,0.141,0.751,8.25,3.7,3,5.9,9.0,4,5,25,7,481.49,0,0
12244,West,Referral,Returning,Treatment,26,41.8,11,10,4.7,5.4,0.23,0.952,0.138,0.018,3,51.71,1.0,169.71,0.402,0.074,0.835,2.03,4.1,1,21.7,10.0,3,3,35,2,88.42,0,0
12245,South,Social,Returning,Treatment,22,57.3,12,9,3.8,5.9,0.339,0.949,0.162,0.037,4,71.17,1.41,257.46,0.217,0.116,0.511,4.84,5.9,0,,9.0,5,6,48,2,128.19,0,0
12246,South,Social,New,Control,30,51.7,4,11,15.2,11.2,0.277,0.972,0.364,0.044,1,74.79,1.64,90.77,0.573,0.111,0.762,8.91,1.8,1,61.9,6.0,6,7,48,2,127.76,0,0
12247,West,Organic Search,Returning,Treatment,39,191.4,22,15,3.5,6.0,0.341,0.515,0.242,0.015,5,152.01,3.74,878.09,0.179,0.201,0.468,7.19,5.0,3,21.3,6.0,7,7,60,8,1192.6,0,0
12248,South,Organic Search,Returning,Treatment,44,115.3,8,5,4.3,6.1,0.391,0.928,0.388,0.066,1,96.55,2.64,106.55,0.381,0.044,0.602,5.92,5.2,0,,6.0,6,6,15,1,87.57,0,1
12249,South,Organic Search,Returning,Control,46,46.6,20,15,9.7,7.3,0.265,0.768,0.326,0.02,1,71.35,1.69,74.46,0.39,0.076,0.735,4.03,3.2,0,,7.0,4,5,39,5,333.88,0,0
12250,Midwest,Social,New,Treatment,44,167.2,4,6,7.8,8.5,0.402,0.807,0.165,0.022,0,46.82,2.02,0.0,0.33,0.149,0.67,4.58,2.6,0,,5.0,5,5,154,2,98.02,0,0
12251,Midwest,Organic Search,Returning,Treatment,31,97.9,12,11,5.2,4.8,0.539,0.539,0.215,0.016,3,92.54,3.15,268.21,0.438,0.036,0.487,5.4,3.2,0,,8.0,3,4,37,1,96.15,0,0
12252,South,Organic Search,Loyal,Treatment,18,91.7,43,10,7.4,5.6,0.256,0.827,0.339,0.053,2,87.1,2.59,141.51,0.433,0.035,0.533,8.08,3.2,2,39.7,10.0,1,1,89,3,266.44,1,0
12253,West,Paid Search,Returning,Treatment,46,59.6,8,10,8.1,6.2,0.299,0.591,0.36,0.042,1,127.8,3.18,139.79,0.581,0.049,0.71,5.68,3.9,0,,7.0,4,5,53,1,157.91,1,0
12254,Northeast,Paid Search,Returning,Treatment,28,52.0,24,11,7.4,5.5,0.271,0.697,0.233,0.053,3,137.81,2.81,407.87,0.324,0.049,0.631,2.99,3.2,1,8.2,8.0,4,4,27,5,1021.15,0,0
12255,Midwest,Organic Search,Returning,Treatment,59,100.2,14,17,5.5,7.0,0.331,0.589,0.324,0.127,0,111.04,2.71,0.0,0.185,0.234,0.774,4.38,2.8,4,23.9,7.0,4,4,365,4,447.47,1,1
12256,South,Email,Returning,Treatment,47,73.9,15,9,3.0,4.8,0.185,0.702,0.423,0.083,0,58.33,2.32,0.0,0.214,0.135,0.668,6.04,5.9,0,,8.0,7,7,136,1,55.08,0,0
12257,West,Email,Returning,Control,63,69.3,23,9,4.0,6.5,0.246,0.518,0.56,0.026,1,85.94,2.18,82.73,0.577,0.021,0.443,5.65,4.3,2,51.2,4.0,5,6,20,4,311.99,1,0
12258,West,Organic Search,Returning,Treatment,51,52.1,13,10,3.5,4.4,0.325,0.678,0.368,0.038,2,54.8,2.62,93.32,0.537,0.092,0.53,2.67,2.9,0,,9.0,6,6,3,1,45.22,0,0
12259,West,Social,Returning,Treatment,18,59.9,8,10,3.9,4.7,0.388,0.943,0.206,0.013,4,58.72,1.81,289.42,0.646,0.041,0.751,4.43,3.6,0,,6.0,6,7,2,4,241.96,0,0
12260,South,Organic Search,Returning,Control,42,85.7,22,6,6.3,6.3,0.236,0.732,0.309,0.118,0,110.0,2.37,0.0,0.339,0.012,0.611,5.96,2.8,2,7.6,6.0,5,6,155,3,330.71,0,0
12261,South,Paid Search,Returning,Control,49,,13,7,3.0,3.9,0.443,0.641,0.292,0.073,2,30.7,1.0,76.8,0.277,0.153,0.643,8.44,3.7,1,9.4,6.0,4,4,22,1,34.85,0,0
12262,South,Organic Search,New,Treatment,44,90.7,4,3,7.0,7.2,0.163,0.83,0.264,0.009,1,98.59,2.86,107.03,0.176,0.151,0.49,6.76,3.8,0,,6.0,5,5,62,2,157.2,0,0
12263,Midwest,Email,Returning,Treatment,49,123.9,17,30,12.6,9.1,0.418,0.502,0.411,0.047,1,84.33,2.08,132.36,0.282,0.093,0.532,1.48,2.8,1,30.5,5.0,2,2,5,5,431.33,0,0
12264,West,Social,Returning,Treatment,30,30.6,9,6,4.5,4.4,0.246,0.99,0.299,0.023,2,75.06,2.84,138.86,0.449,0.062,0.755,6.13,4.5,0,,5.0,6,6,11,1,71.04,0,0
12265,Northeast,Paid Search,Returning,Control,36,66.7,12,4,5.9,8.7,0.377,0.795,0.249,0.046,3,91.95,1.95,263.37,0.477,0.11,0.862,6.25,3.3,1,14.3,4.0,5,4,12,1,105.43,1,0
12266,Northeast,Paid Search,Returning,Control,48,66.4,20,6,9.7,6.7,0.554,0.682,0.296,0.062,1,36.77,3.11,31.69,0.384,0.173,0.709,7.57,1.6,0,,8.0,3,4,56,1,46.93,0,0
12267,South,Organic Search,New,Control,37,99.1,4,4,6.2,7.3,0.193,0.944,0.246,0.026,0,76.67,3.03,0.0,0.126,0.014,0.826,6.23,3.7,1,47.8,10.0,5,5,365,2,143.55,1,1
12268,South,Paid Search,Returning,Treatment,48,39.4,10,11,2.9,5.0,0.573,0.755,0.173,0.016,3,51.2,2.7,137.05,0.497,0.115,0.733,7.82,5.2,0,,10.0,6,6,12,1,65.48,0,0
12269,Northeast,Social,Loyal,Treatment,51,,32,11,6.1,8.7,0.437,0.876,0.268,0.069,3,88.9,2.18,304.62,0.364,0.054,0.762,0.29,1.6,1,11.0,9.0,4,4,25,4,374.4,0,0
12270,Northeast,Social,Returning,Control,52,90.5,13,7,11.7,9.5,0.34,0.922,0.221,0.086,2,49.16,1.68,78.2,0.301,0.104,0.664,3.29,3.3,0,,8.0,6,6,14,2,97.32,0,0
12271,Northeast,Paid Search,Returning,Control,49,68.0,7,4,10.2,6.9,0.384,0.832,0.316,0.032,0,90.85,2.29,0.0,0.504,0.073,0.786,5.25,4.0,0,,9.0,4,4,224,2,173.6,1,0
12272,West,Social,Loyal,Treatment,27,,36,9,7.8,7.4,0.234,0.871,0.303,0.086,1,47.43,2.19,56.02,0.453,0.032,0.537,3.43,2.1,1,11.7,10.0,6,6,12,7,327.38,1,0
12273,Midwest,Social,New,Treatment,53,186.4,3,8,6.8,5.6,0.594,0.803,0.223,0.005,1,55.28,3.62,58.83,0.684,0.06,0.515,5.34,4.2,0,,9.0,7,6,81,2,86.16,0,0
12274,West,Social,Loyal,Control,54,158.8,43,5,4.8,6.2,0.531,0.68,0.265,0.011,1,54.23,1.89,58.23,0.221,0.2,0.765,4.85,2.0,0,,10.0,6,6,43,2,129.52,0,0
12275,Midwest,Social,Returning,Treatment,42,103.0,21,4,5.7,8.2,0.507,0.707,0.249,0.018,1,82.41,3.24,93.23,0.263,0.284,0.524,5.85,5.6,3,16.9,1.0,5,5,59,4,293.07,1,0
12276,Midwest,Organic Search,Loyal,Control,64,97.2,66,6,2.4,4.0,0.346,0.92,0.153,0.021,2,85.6,3.27,235.68,0.113,0.049,0.872,3.06,2.2,5,27.2,7.0,4,4,89,9,707.37,0,0
12277,Midwest,Social,Loyal,Treatment,38,56.4,32,6,4.3,5.9,0.548,0.453,0.269,0.066,0,67.4,2.21,0.0,0.378,0.193,0.902,7.35,5.1,0,,9.0,5,5,154,2,120.85,1,0
12278,Midwest,Social,Loyal,Control,25,78.6,59,11,2.2,4.1,0.479,0.982,0.283,0.041,2,79.66,2.35,192.04,0.433,0.117,0.801,8.87,6.4,0,,6.0,5,5,55,1,85.76,0,0
12279,Midwest,Referral,Loyal,Control,28,30.3,36,9,7.6,7.1,0.165,0.946,0.253,0.049,0,90.48,2.04,0.0,0.059,0.026,0.673,9.1,4.9,2,29.2,7.0,5,6,160,6,474.69,1,0
12280,South,Referral,Returning,Treatment,59,81.3,14,14,6.5,5.4,0.44,0.687,0.344,0.048,1,117.98,3.75,122.98,0.237,0.067,0.648,4.94,4.4,0,,4.0,5,7,54,1,125.25,1,0
12281,West,Paid Search,Returning,Control,57,94.5,18,10,11.3,9.4,0.569,0.594,0.298,0.03,2,68.75,2.35,178.85,0.46,0.025,0.505,8.5,1.6,2,53.6,7.0,5,5,25,1,53.3,0,0
12282,South,Social,Returning,Treatment,53,114.1,18,2,5.0,7.1,0.368,0.392,0.074,0.038,1,108.98,3.41,107.77,0.277,0.136,0.75,1.99,4.1,0,,10.0,3,3,6,2,240.35,0,0
12283,West,Paid Search,Returning,Treatment,23,67.4,7,2,9.4,8.9,0.281,0.845,0.149,0.005,0,90.49,3.32,0.0,0.441,0.036,0.672,1.14,3.7,0,,9.0,4,4,131,1,115.13,0,0
12284,West,Organic Search,Loyal,Control,68,57.3,45,23,3.9,5.9,0.215,0.729,0.222,0.026,2,89.41,2.37,151.88,0.166,0.111,0.837,7.87,3.1,2,17.6,2.0,4,4,55,8,755.49,1,1
12285,Northeast,Email,Returning,Control,23,121.3,6,9,6.6,8.3,0.285,0.959,0.397,0.021,1,125.42,3.2,112.76,0.287,0.158,0.851,6.88,4.4,1,27.6,7.0,3,4,12,1,119.01,0,0
12286,Northeast,Paid Search,Returning,Control,43,,14,1,3.3,3.9,0.325,0.651,0.276,0.022,0,92.94,2.71,0.0,0.304,0.067,0.586,5.77,4.9,0,,7.0,6,6,114,1,80.04,1,0
12287,South,Email,New,Treatment,23,30.4,3,4,6.5,8.3,0.129,0.692,0.376,0.041,2,96.35,3.11,162.69,0.62,0.041,0.774,4.51,2.0,2,35.4,7.0,3,2,16,1,91.91,0,0
12288,South,Referral,Returning,Control,57,64.8,8,9,5.2,5.9,0.376,0.77,0.332,0.057,2,101.56,2.65,242.53,0.319,0.065,0.638,8.35,3.4,0,,,4,5,27,2,163.97,0,0
12289,South,Social,Returning,Treatment,36,60.0,12,6,3.4,4.3,0.489,0.506,0.124,0.027,0,61.45,2.79,0.0,0.124,0.211,0.682,6.72,3.7,0,,5.0,3,4,286,6,461.77,1,0
12290,West,Organic Search,Returning,Control,42,52.2,8,8,2.2,3.5,0.207,0.859,0.171,0.016,2,136.88,2.14,313.49,0.2,0.094,0.662,7.1,2.9,2,22.7,,5,5,27,2,242.56,0,1
12291,West,Referral,Loyal,Control,41,118.9,30,12,6.0,6.1,0.363,0.885,0.339,0.024,2,98.27,3.38,182.51,0.219,0.075,0.764,3.48,2.7,0,,6.0,6,7,38,10,861.72,0,0
12292,Midwest,Referral,Returning,Control,65,55.1,20,15,9.4,8.2,0.374,0.73,0.143,0.048,2,100.39,1.9,215.48,0.329,0.01,0.738,5.87,5.9,1,12.3,4.0,3,3,44,2,209.09,0,0
12293,Midwest,Referral,Returning,Treatment,44,46.6,6,6,5.0,4.9,0.144,0.826,0.301,0.019,2,67.54,2.86,121.25,0.186,0.035,0.582,3.7,3.9,0,,10.0,4,4,51,1,59.37,0,0
12294,Northeast,Social,Returning,Control,53,70.0,19,19,6.9,6.4,0.347,0.704,0.264,0.006,5,101.94,1.4,473.46,0.347,0.02,0.847,5.28,3.2,1,7.7,10.0,4,4,3,1,97.89,0,1
12295,Northeast,Email,Returning,Treatment,46,42.4,6,13,3.2,7.9,0.348,0.454,0.25,0.036,3,225.18,4.12,616.0,0.037,0.11,0.582,3.14,3.2,0,,10.0,4,4,21,1,186.79,0,0
12296,Northeast,Social,Returning,Control,51,111.9,21,10,2.0,3.4,0.427,0.878,0.106,0.003,4,136.71,3.27,485.05,0.392,0.188,0.692,7.59,4.2,0,,5.0,4,5,10,3,344.97,0,0
12297,Midwest,Paid Search,Returning,Control,54,96.2,13,16,5.0,6.0,0.514,0.513,0.125,0.023,1,54.74,1.94,56.04,0.55,0.125,0.556,6.83,3.8,1,23.4,8.0,4,4,27,1,52.47,0,1
12298,Midwest,Organic Search,Returning,Treatment,33,207.9,23,18,6.3,5.0,0.376,0.636,0.397,0.058,4,122.93,2.36,391.25,0.428,0.057,0.651,3.57,5.3,1,41.6,5.0,5,5,13,4,519.18,0,1
12299,Northeast,Paid Search,Loyal,Control,46,49.9,25,10,5.0,5.8,0.43,0.684,0.136,0.008,1,56.05,1.65,78.66,0.326,0.046,0.875,7.3,7.6,0,,9.0,4,5,64,5,232.95,0,0
12300,Midwest,Paid Search,Loyal,Treatment,43,88.9,32,10,2.0,6.8,0.341,0.656,0.073,0.024,1,81.7,2.21,120.64,0.136,0.12,0.578,6.53,5.3,0,,8.0,6,6,13,2,173.78,0,0
12301,West,Organic Search,Returning,Control,51,92.3,23,15,2.3,5.1,0.322,0.729,0.155,0.048,2,87.79,2.32,203.31,0.158,0.053,0.776,7.2,5.2,1,12.8,10.0,7,7,20,8,707.43,0,0
12302,South,Organic Search,Returning,Treatment,26,113.7,16,10,3.5,5.5,0.493,0.79,0.193,0.082,1,103.91,3.69,92.31,0.103,0.131,0.557,4.86,2.8,1,43.5,9.0,6,6,89,5,523.21,0,0
12303,Midwest,Social,New,Control,46,87.7,3,5,3.6,5.2,0.53,0.682,0.272,0.049,0,76.72,2.16,0.0,0.25,0.037,0.566,7.61,4.2,1,10.0,6.0,4,4,147,1,90.86,0,0
12304,South,Organic Search,Returning,Treatment,48,57.1,14,10,4.5,5.4,0.32,0.544,0.276,0.017,0,67.7,2.47,0.0,0.275,0.069,0.646,4.64,2.0,3,34.8,9.0,5,7,120,4,205.44,0,0
12305,West,Social,Returning,Control,45,48.0,11,3,6.2,5.2,0.441,0.924,0.253,0.036,1,79.36,2.16,72.75,0.374,0.178,0.573,6.06,4.3,2,17.3,7.0,3,4,31,3,225.25,0,1
12306,Northeast,Social,Returning,Control,39,54.8,17,8,5.0,6.0,0.184,0.625,0.13,0.008,2,130.52,1.63,366.4,0.481,0.266,0.768,4.56,4.8,0,,6.0,4,5,21,3,340.59,0,1
12307,West,Email,Returning,Treatment,45,164.3,20,10,4.8,4.5,0.273,0.723,0.428,0.034,3,64.8,2.24,232.66,0.43,0.142,0.702,4.51,2.5,2,7.9,9.0,6,7,32,5,329.9,0,1
12308,West,Organic Search,Returning,Control,40,57.0,14,6,6.5,5.7,0.161,0.846,0.123,0.036,0,89.22,3.21,0.0,0.568,0.164,0.564,6.55,5.0,3,19.4,7.0,5,5,266,4,382.76,0,0
12309,Midwest,Organic Search,Returning,Control,50,44.3,12,15,5.8,5.9,0.151,0.806,0.184,0.009,1,57.98,2.75,52.84,0.316,0.081,0.751,6.08,2.5,1,21.0,10.0,4,5,28,1,62.84,0,0
12310,Northeast,Paid Search,New,Control,54,64.1,3,7,12.6,8.3,0.266,0.698,0.118,0.01,1,135.23,2.32,123.32,0.416,0.072,0.734,4.79,3.5,1,37.9,,3,3,89,3,312.21,0,0
12311,Northeast,Social,Returning,Treatment,34,95.1,20,22,6.9,6.8,0.506,0.783,0.165,0.008,0,101.57,3.33,0.0,0.313,0.157,0.715,4.49,2.6,4,29.1,6.0,4,4,365,4,323.77,1,0
12312,Midwest,Organic Search,Loyal,Treatment,36,49.2,29,10,3.0,4.3,0.406,0.964,0.269,0.021,3,73.67,2.29,269.14,0.143,0.156,0.67,4.48,1.8,0,,3.0,4,3,2,1,81.32,0,0
12313,Midwest,Paid Search,Loyal,Treatment,43,67.0,44,10,4.7,5.5,0.482,0.601,0.204,0.009,1,80.75,2.13,84.93,0.382,0.124,0.734,5.24,3.3,2,30.4,4.0,7,7,52,5,334.73,0,0
12314,West,Organic Search,New,Treatment,25,47.0,2,1,4.4,4.4,0.258,0.773,0.29,0.016,0,119.53,2.7,0.0,0.382,0.091,0.745,3.48,4.0,2,20.0,10.0,6,7,135,2,180.52,1,0
12315,Midwest,Organic Search,New,Treatment,41,52.1,4,16,5.1,6.8,0.311,0.76,0.336,0.082,3,73.41,2.89,202.95,0.2,0.155,0.662,5.26,1.4,0,,7.0,3,3,20,1,75.72,0,1
12316,West,Paid Search,Returning,Treatment,38,93.9,13,1,5.7,5.5,0.456,0.758,0.046,0.024,0,78.48,2.28,0.0,0.32,0.025,0.595,2.63,2.5,0,,10.0,6,6,106,4,312.01,1,0
12317,West,Social,Returning,Control,66,74.7,9,13,7.9,6.9,0.421,0.587,0.209,0.004,1,109.08,1.33,120.75,0.286,0.133,0.833,7.84,4.1,2,26.8,6.0,4,4,75,2,224.72,1,0
12318,Midwest,Paid Search,New,Control,51,111.1,1,6,8.8,9.4,0.362,0.793,0.398,0.048,2,79.93,1.08,137.38,0.433,0.066,0.581,4.89,3.8,0,,7.0,4,5,37,1,78.34,0,0
12319,West,Paid Search,Returning,Control,49,66.5,11,4,4.9,4.5,0.302,0.552,0.19,0.033,1,70.96,1.96,74.09,0.57,0.229,0.781,9.03,1.7,0,,6.0,7,6,31,1,67.9,0,0
12320,Midwest,Organic Search,Returning,Control,28,91.7,17,15,3.8,5.6,0.304,0.706,0.26,0.019,3,105.65,3.3,269.43,0.281,0.005,0.547,6.02,4.4,3,13.1,8.0,4,4,44,3,334.52,0,0
12321,South,Paid Search,Returning,Control,36,29.8,8,9,2.9,6.2,0.155,0.829,0.18,0.025,1,81.59,3.21,100.29,0.588,0.047,0.687,3.58,4.2,1,30.8,8.0,5,6,25,3,231.92,0,0
12322,West,Paid Search,New,Treatment,24,74.8,2,3,3.8,4.1,0.393,0.955,0.211,0.025,0,136.03,3.07,0.0,0.569,0.08,0.705,6.12,1.1,0,,4.0,4,4,128,1,117.79,0,1
12323,West,Organic Search,New,Treatment,49,82.4,1,3,5.1,5.7,0.428,0.656,0.185,0.021,0,89.57,1.71,0.0,0.153,0.087,0.638,4.89,1.2,1,40.1,10.0,4,4,197,1,96.48,1,1
12324,South,Organic Search,Returning,Control,31,64.2,7,4,12.9,9.3,0.231,0.868,0.249,0.011,1,72.91,2.6,91.89,0.514,0.035,0.64,6.48,5.0,0,,10.0,4,4,46,1,68.85,0,0
12325,Northeast,Organic Search,Returning,Control,18,177.3,10,8,5.0,6.1,0.358,0.937,0.197,0.022,2,101.25,1.69,188.02,0.256,0.081,0.82,7.54,4.4,1,35.7,7.0,4,3,24,5,564.53,0,0
12326,Midwest,Social,Returning,Control,53,115.4,14,7,7.4,6.8,0.529,0.531,0.15,0.028,2,52.7,2.05,80.0,0.109,0.046,0.732,9.57,5.6,1,37.1,10.0,3,2,62,2,108.65,1,0
12327,West,Organic Search,Returning,Control,37,99.8,13,15,5.6,5.8,0.345,0.58,0.269,0.04,1,106.26,2.21,112.23,0.383,0.025,0.791,6.43,4.7,0,,9.0,6,7,20,2,238.7,0,0
12328,South,Paid Search,Returning,Control,59,38.0,7,8,7.2,7.1,0.24,0.302,0.28,0.024,2,42.35,1.22,89.9,0.504,0.01,0.723,5.4,3.0,0,,10.0,6,6,5,1,42.62,0,0
12329,West,Email,Loyal,Control,50,89.0,35,36,7.1,7.4,0.311,0.635,0.24,0.041,4,75.73,2.91,275.09,0.166,0.025,0.762,8.37,3.9,1,8.1,8.0,6,7,11,3,260.08,0,0
12330,Midwest,Referral,Returning,Control,42,31.0,12,15,7.7,6.5,0.249,0.799,0.212,0.043,2,58.17,3.53,113.39,0.832,0.105,0.85,8.96,4.6,0,,8.0,4,5,38,2,107.33,0,0
12331,South,Email,New,Treatment,69,62.9,3,16,6.2,8.1,0.389,0.476,0.344,0.126,1,83.55,2.9,89.71,0.071,0.029,0.675,3.83,3.3,0,,9.0,5,5,48,1,81.57,0,1
12332,West,Organic Search,Returning,Treatment,65,66.9,11,14,4.9,5.0,0.15,0.65,0.186,0.035,4,98.17,2.64,424.1,0.367,0.038,0.709,4.1,3.3,1,16.4,7.0,6,7,1,3,305.36,0,0
12333,South,Organic Search,Returning,Control,18,73.0,24,24,3.8,8.0,0.357,0.973,0.242,0.021,5,76.23,2.19,326.56,0.088,0.104,0.768,9.07,2.8,3,35.0,9.0,3,3,39,4,293.6,0,0
12334,West,Organic Search,Loyal,Treatment,40,100.8,40,14,9.5,7.4,0.422,0.776,0.132,0.011,4,50.79,2.1,196.53,0.35,0.025,0.799,4.02,1.6,2,21.5,,5,5,34,6,323.4,0,0
12335,West,Paid Search,Returning,Control,54,26.4,17,19,9.3,6.7,0.358,0.789,0.456,0.04,1,30.21,1.72,23.15,0.509,0.072,0.566,7.39,5.6,1,16.8,8.0,7,7,54,5,132.4,0,1
12336,Midwest,Paid Search,Loyal,Treatment,47,114.7,33,4,4.6,5.5,0.463,0.854,0.126,0.0,0,89.63,1.61,0.0,0.244,0.05,0.727,3.61,5.0,1,30.6,9.0,6,7,111,5,405.96,0,0
12337,Midwest,Social,Returning,Treatment,64,63.6,19,11,11.5,8.0,0.507,0.492,0.259,0.016,2,53.05,3.13,99.3,0.248,0.175,0.619,3.53,3.0,1,30.6,,6,5,60,3,162.0,0,0
12338,Midwest,Paid Search,Returning,Control,41,114.3,15,11,8.4,9.4,0.321,0.772,0.18,0.028,2,111.43,3.05,236.23,0.619,0.057,0.726,7.59,2.5,0,,7.0,5,4,32,2,237.28,0,0
12339,West,Social,Returning,Treatment,29,163.3,12,6,9.1,7.6,0.441,0.874,0.106,0.038,0,119.66,2.59,0.0,0.224,0.17,0.71,8.27,2.1,0,,10.0,2,2,264,1,131.49,0,0
12340,Midwest,Social,Returning,Control,49,65.3,20,9,15.1,9.1,0.321,0.828,0.379,0.021,3,59.09,1.57,184.69,0.411,0.086,0.727,9.27,2.5,1,22.6,5.0,6,5,41,3,150.09,1,0
12341,West,Organic Search,Returning,Treatment,56,77.5,14,9,6.1,5.6,0.248,0.546,0.204,0.02,1,67.62,1.57,81.66,0.114,0.154,0.729,4.56,4.6,2,11.6,9.0,3,3,28,1,66.55,0,0
12342,South,Organic Search,Returning,Treatment,50,77.0,9,2,25.2,14.6,0.187,0.702,0.135,0.033,0,72.49,2.53,0.0,0.196,0.033,0.615,4.75,4.2,1,18.0,10.0,6,6,183,2,134.16,1,0
12343,West,Paid Search,Returning,Control,57,92.6,18,18,12.7,9.6,0.283,0.872,0.252,0.041,2,111.34,3.76,182.56,0.16,0.166,0.699,5.28,4.0,2,15.5,3.0,5,6,21,2,207.91,0,0
12344,West,Social,Loyal,Control,67,158.9,29,19,4.6,6.1,0.248,0.394,0.427,0.041,1,185.85,4.9,150.74,0.387,0.228,0.613,2.58,2.3,4,9.3,9.0,6,7,54,10,1792.85,1,1
12345,South,Organic Search,Loyal,Control,66,39.3,41,11,9.8,6.5,0.362,0.719,0.173,0.007,2,59.15,1.56,97.05,0.059,0.024,0.825,7.65,5.4,2,17.5,,6,7,12,1,54.85,0,0
12346,Northeast,Social,Returning,Control,40,74.8,20,12,11.5,9.6,0.392,0.609,0.227,0.011,4,65.97,2.05,194.15,0.34,0.095,0.638,6.46,2.4,1,17.1,8.0,3,4,4,4,223.36,0,0
12347,West,Paid Search,Returning,Control,18,79.8,14,8,6.7,5.4,0.268,0.957,0.389,0.06,1,54.2,2.44,52.94,0.318,0.194,0.501,4.97,3.3,1,64.2,5.0,5,5,6,3,150.13,0,0
12348,West,Paid Search,Returning,Treatment,38,63.3,11,6,6.7,6.1,0.409,0.687,0.272,0.037,1,108.21,2.24,104.38,0.604,0.149,0.629,4.41,3.9,1,42.1,4.0,5,5,7,2,236.54,1,1
12349,Northeast,Paid Search,Returning,Control,43,,7,4,11.5,11.4,0.292,0.593,0.17,0.017,1,56.06,1.81,52.89,0.45,0.026,0.483,3.95,2.8,0,,10.0,7,6,44,2,110.85,0,0
12350,West,Paid Search,New,Control,44,70.2,1,2,3.5,5.2,0.442,0.919,0.378,0.073,0,68.08,2.89,0.0,0.517,0.158,0.818,3.68,2.9,0,,8.0,7,7,161,1,56.0,0,0
12351,Midwest,Email,Loyal,Control,45,89.6,36,5,11.9,8.6,0.365,0.555,0.25,0.07,1,59.73,1.63,60.17,0.175,0.034,0.604,7.83,2.4,1,11.0,8.0,6,6,0,6,347.87,0,0
12352,West,Organic Search,Loyal,Control,26,82.1,36,11,3.3,4.7,0.376,0.758,0.276,0.01,5,64.06,1.99,329.42,0.396,0.056,0.753,6.48,3.1,2,15.6,7.0,6,6,5,3,178.91,0,0
12353,Northeast,Organic Search,Loyal,Control,54,73.5,54,23,7.1,6.5,0.325,0.819,0.177,0.021,6,71.38,1.98,422.15,0.335,0.16,0.712,8.17,2.1,1,44.0,10.0,7,7,7,4,285.9,0,0
12354,West,Paid Search,Loyal,Control,34,76.1,28,9,6.8,10.4,0.434,0.511,0.258,0.032,1,106.22,2.92,109.08,0.258,0.177,0.75,5.98,5.9,4,26.3,7.0,6,6,35,10,1003.89,0,0
12355,West,Organic Search,Loyal,Control,27,82.7,25,13,9.2,8.9,0.339,0.88,0.238,0.111,5,112.47,3.25,731.13,0.386,0.085,0.769,5.23,2.6,0,,10.0,6,6,14,1,139.78,0,0
12356,Midwest,Organic Search,Returning,Control,39,129.9,9,7,12.9,8.5,0.266,0.929,0.555,0.147,0,199.14,5.23,0.0,0.197,0.054,0.763,3.59,3.8,0,,7.0,7,7,242,2,398.35,1,1
12357,South,Email,New,Treatment,56,31.3,4,9,5.0,8.0,0.198,0.684,0.388,0.06,2,68.2,1.5,149.86,0.139,0.112,0.521,8.39,1.9,1,8.7,6.0,6,7,6,1,63.57,0,0
12358,West,Referral,Loyal,Treatment,32,83.3,57,21,11.3,8.4,0.245,0.655,0.24,0.064,5,88.41,2.08,425.58,0.351,0.14,0.694,3.89,3.9,2,16.6,10.0,3,3,4,13,1094.69,1,1
12359,Northeast,Referral,Returning,Control,41,52.9,18,5,4.2,5.6,0.234,0.61,0.182,0.024,1,51.23,2.14,43.36,0.192,0.11,0.732,8.73,3.4,0,,8.0,4,5,60,8,500.39,0,0
12360,Midwest,Organic Search,Returning,Control,52,,9,12,7.8,7.3,0.231,0.748,0.219,0.001,1,117.78,2.33,137.29,0.297,0.091,0.69,5.32,2.6,1,30.2,7.0,6,6,21,3,307.16,0,1
12361,West,Social,Returning,Control,59,114.0,17,5,13.4,8.1,0.39,0.524,0.198,0.016,0,63.04,2.38,0.0,0.38,0.054,0.687,6.93,6.3,1,23.0,,5,5,104,2,141.09,1,0
12362,West,Social,Loyal,Treatment,47,103.0,34,14,16.0,9.5,0.458,0.775,0.132,0.027,4,92.6,2.57,397.77,0.182,0.176,0.641,3.69,3.1,1,31.3,5.0,6,6,20,6,654.87,1,0
12363,South,Referral,Returning,Control,56,38.9,19,4,6.5,5.7,0.283,0.703,0.119,0.034,1,65.97,1.59,57.72,0.114,0.002,0.753,4.92,3.7,2,34.0,7.0,5,4,18,5,327.42,0,0
12364,Midwest,Paid Search,Loyal,Treatment,52,58.8,33,16,3.3,4.2,0.482,0.234,0.3,0.037,6,72.04,1.76,576.48,0.321,0.074,0.667,6.49,2.4,0,,9.0,7,6,9,3,206.74,0,0
12365,Northeast,Social,Loyal,Treatment,39,101.3,65,10,6.5,6.6,0.567,0.753,0.289,0.023,2,88.09,1.63,126.19,0.271,0.111,0.676,4.24,2.9,4,15.5,6.0,5,5,18,17,1474.91,0,1
12366,Northeast,Organic Search,New,Control,20,86.0,1,4,4.2,4.1,0.43,0.813,0.088,0.015,0,80.55,1.76,0.0,0.285,0.062,0.802,6.62,1.5,0,,,3,3,238,1,82.72,0,1
12367,West,Paid Search,New,Treatment,18,93.8,5,7,3.6,4.1,0.427,0.962,0.212,0.054,2,69.82,1.19,158.73,0.191,0.082,0.724,5.81,3.6,0,,10.0,6,6,27,2,141.46,1,0
12368,Northeast,Email,Returning,Treatment,44,38.2,22,18,9.7,7.9,0.3,0.6,0.349,0.088,2,65.07,2.08,162.16,0.611,0.146,0.691,5.42,3.3,0,,9.0,6,6,89,1,67.64,1,1
12369,West,Email,New,Treatment,38,77.2,3,29,2.4,3.4,0.325,0.531,0.179,0.011,3,64.66,2.54,187.1,0.313,0.024,0.786,4.91,2.6,1,20.2,10.0,3,2,49,2,153.39,0,1
12370,West,Social,Returning,Control,50,112.1,22,5,3.8,4.3,0.431,0.686,0.273,0.035,2,117.48,2.98,234.94,0.375,0.164,0.606,6.59,3.2,1,22.1,9.0,6,6,60,4,482.34,1,0
12371,West,Organic Search,Loyal,Treatment,44,82.2,28,3,7.4,5.4,0.239,0.373,0.271,0.053,0,106.75,2.55,0.0,0.284,0.103,0.631,4.88,4.8,2,17.0,,6,6,168,3,346.19,0,0
12372,South,Paid Search,Loyal,Control,39,60.0,28,14,3.7,4.9,0.364,0.81,0.195,0.021,3,86.42,2.35,301.48,0.354,0.226,0.623,8.56,2.6,1,8.8,7.0,6,7,25,5,468.91,0,0
12373,Northeast,Email,New,Treatment,46,180.2,4,10,2.9,3.8,0.19,0.482,0.149,0.016,1,66.83,2.45,59.95,0.237,0.099,0.618,4.94,4.0,1,17.0,7.0,6,5,79,1,74.59,0,0
12374,Midwest,Social,Returning,Control,65,35.6,19,10,6.0,5.7,0.464,0.493,0.231,0.015,2,67.12,2.54,128.16,0.218,0.076,0.45,7.43,3.1,0,,9.0,6,6,23,1,57.99,0,0
12375,South,Paid Search,Returning,Treatment,31,,18,5,3.0,4.9,0.373,0.792,0.146,0.016,0,133.2,3.83,0.0,0.453,0.096,0.621,5.37,2.1,0,,10.0,6,5,162,2,281.03,0,0
12376,West,Paid Search,Returning,Control,60,37.1,15,7,9.1,7.9,0.366,0.655,0.289,0.044,0,96.66,3.18,0.0,0.544,0.035,0.748,5.93,4.3,1,10.0,7.0,6,6,243,1,119.22,1,0
12377,Northeast,Organic Search,Returning,Treatment,30,150.8,11,8,7.8,6.8,0.116,0.944,0.226,0.019,0,78.01,2.35,0.0,0.449,0.111,0.703,2.41,3.4,1,16.6,7.0,4,3,179,2,132.87,0,0
12378,Northeast,Organic Search,Loyal,Treatment,46,50.0,46,17,4.0,6.0,0.667,0.629,0.196,0.019,4,80.13,2.48,350.47,0.38,0.137,0.673,5.75,5.7,0,,5.0,5,5,15,2,156.78,0,0
12379,West,Organic Search,New,Control,42,63.7,2,4,5.6,6.7,0.311,0.776,0.193,0.014,0,96.33,2.6,0.0,0.18,0.015,0.691,7.83,2.5,0,,3.0,4,3,98,1,111.31,0,0
12380,Midwest,Social,Loyal,Treatment,21,171.4,35,13,9.0,8.1,0.368,0.956,0.199,0.036,0,38.05,1.94,0.0,0.381,0.245,0.78,6.41,2.2,0,,8.0,5,5,122,6,221.62,1,0
12381,South,Organic Search,Returning,Treatment,52,98.5,14,10,3.3,6.6,0.281,0.617,0.199,0.019,3,80.86,1.81,254.15,0.246,0.074,0.61,4.65,4.0,0,,8.0,7,7,8,4,360.32,1,0
12382,Northeast,Organic Search,New,Treatment,45,46.6,4,10,8.3,6.9,0.534,0.596,0.358,0.082,0,112.96,3.4,0.0,0.305,0.08,0.675,3.42,3.1,0,,10.0,3,3,110,1,105.81,0,0
12383,South,Paid Search,Returning,Treatment,33,69.7,16,4,5.2,7.7,0.468,0.536,0.269,0.026,1,85.72,2.09,70.43,0.443,0.057,0.651,2.39,5.9,1,22.1,,7,7,89,2,206.7,1,0
12384,Northeast,Organic Search,Loyal,Treatment,41,61.8,27,11,3.5,6.0,0.337,0.859,0.393,0.019,2,97.66,3.01,234.2,0.127,0.086,0.64,2.31,7.8,2,10.8,6.0,5,6,16,4,439.9,1,1
12385,Midwest,Organic Search,Returning,Control,34,69.9,11,14,11.4,8.1,0.186,0.636,0.456,0.055,3,87.89,3.21,227.09,0.159,0.06,0.627,6.48,3.3,0,,10.0,5,5,25,2,180.35,1,0
12386,Northeast,Paid Search,Loyal,Treatment,32,66.2,39,12,8.1,6.0,0.376,0.969,0.201,0.021,3,79.75,2.71,245.19,0.376,0.093,0.726,5.65,3.5,3,46.0,7.0,6,7,4,5,424.01,0,0
12387,South,Email,New,Control,54,51.1,3,3,2.6,5.5,0.426,0.806,0.389,0.015,0,53.64,1.97,0.0,0.119,0.051,0.74,7.43,4.3,0,,8.0,5,5,131,1,47.59,1,0
12388,Midwest,Paid Search,Returning,Control,40,113.0,20,17,7.4,9.7,0.507,0.688,0.391,0.008,1,61.85,2.18,53.47,0.16,0.082,0.566,6.95,2.8,0,,8.0,4,4,13,3,171.99,0,0
12389,Midwest,Organic Search,New,Control,52,94.2,1,3,3.0,5.8,0.223,0.568,0.213,0.006,0,121.14,3.06,0.0,0.234,0.054,0.579,7.79,1.9,0,,10.0,5,5,199,1,112.57,1,1
12390,South,Referral,Returning,Control,49,36.5,23,14,6.2,6.2,0.323,0.752,0.288,0.067,5,69.86,2.24,340.48,0.03,0.109,0.775,4.06,3.9,0,,6.0,7,7,14,1,60.57,0,0
12391,West,Social,New,Control,33,128.6,2,1,9.5,7.2,0.389,0.79,0.328,0.075,0,101.98,2.88,0.0,0.269,0.085,0.631,5.42,1.9,0,,8.0,5,6,187,1,86.38,0,0
12392,Northeast,Organic Search,Returning,Treatment,36,192.1,16,19,7.1,6.5,0.13,0.986,0.198,0.041,4,160.75,3.03,683.46,0.091,0.086,0.738,3.18,2.5,0,,6.0,7,7,13,2,348.12,0,0
12393,Northeast,Organic Search,Returning,Control,59,80.1,6,7,10.2,8.6,0.346,0.58,0.487,0.033,1,81.1,2.59,86.36,0.27,0.018,0.587,2.94,5.7,1,7.4,9.0,4,3,32,1,104.05,0,0
12394,Northeast,Organic Search,Loyal,Treatment,38,126.3,30,8,8.3,6.9,0.368,0.896,0.487,0.08,1,65.49,1.48,54.67,0.081,0.024,0.635,3.25,2.2,1,38.5,5.0,6,6,36,2,117.33,1,0
12395,South,Social,Returning,Treatment,21,80.2,18,15,4.0,5.5,0.388,0.956,0.233,0.011,2,70.56,2.3,131.82,0.457,0.312,0.595,7.78,3.3,0,,6.0,5,6,40,2,143.2,0,1
12396,West,Social,Returning,Treatment,33,126.7,18,14,11.9,9.7,0.313,0.94,0.226,0.019,1,119.26,2.88,100.58,0.437,0.063,0.689,5.04,3.1,0,,9.0,6,6,53,3,326.56,0,0
12397,West,Organic Search,New,Control,43,79.6,4,1,5.0,5.6,0.37,0.803,0.121,0.026,1,61.98,2.17,74.27,0.329,0.088,0.595,4.61,4.4,0,,7.0,5,6,48,2,114.65,1,0
12398,Northeast,Organic Search,Returning,Treatment,46,157.5,21,14,3.3,4.0,0.321,0.738,0.173,0.052,1,90.07,2.8,118.71,0.409,0.084,0.601,4.34,2.5,1,21.9,7.0,6,6,82,6,590.22,1,1
12399,Northeast,Paid Search,Returning,Control,25,61.8,10,6,3.3,5.5,0.345,0.747,0.073,0.002,1,101.93,2.61,89.33,0.201,0.119,0.71,5.72,1.7,1,32.6,8.0,3,3,54,3,315.88,0,0
12400,Midwest,Paid Search,Returning,Treatment,50,57.3,14,9,11.9,11.9,0.228,0.679,0.345,0.003,2,48.07,1.0,129.03,0.453,0.153,0.688,9.31,3.6,2,21.7,6.0,4,4,35,2,89.44,0,0
12401,West,Email,Returning,Control,24,185.5,6,2,3.3,4.7,0.317,0.79,0.315,0.024,1,81.44,2.76,74.21,0.366,0.046,0.686,6.23,3.6,1,15.1,6.0,3,3,13,1,84.12,0,0
12402,Midwest,Email,Returning,Control,40,98.1,10,26,3.1,5.0,0.338,0.8,0.541,0.135,5,127.48,3.11,525.37,0.1,0.101,0.47,8.76,3.7,2,9.3,8.0,5,5,34,1,135.87,0,1
12403,Northeast,Organic Search,Returning,Treatment,31,230.0,6,6,5.5,5.3,0.367,0.795,0.151,0.044,0,118.7,2.15,0.0,0.302,0.029,0.882,5.49,3.8,1,30.8,5.0,4,4,122,1,119.79,1,0
12404,South,Paid Search,Returning,Treatment,42,27.5,12,8,4.5,4.7,0.669,0.707,0.283,0.026,1,46.75,2.44,51.09,0.246,0.035,0.672,4.66,4.1,0,,10.0,4,5,79,1,47.39,0,0
12405,West,Paid Search,Returning,Treatment,45,60.3,13,12,3.0,4.7,0.594,0.612,0.256,0.021,2,122.33,4.02,285.1,0.419,0.173,0.733,2.5,2.4,1,10.5,6.0,3,3,11,4,465.12,1,0
12406,South,Paid Search,New,Treatment,26,23.3,4,23,2.1,3.7,0.565,0.995,0.176,0.034,3,55.04,1.82,189.72,0.546,0.139,0.681,3.17,3.5,0,,,5,5,13,1,59.92,0,0
12407,South,Organic Search,Loyal,Treatment,50,99.3,33,11,3.9,6.5,0.249,0.947,0.202,0.031,1,59.86,1.67,74.17,0.171,0.048,0.729,6.09,4.4,2,24.2,9.0,5,5,33,6,420.03,0,1
12408,South,Social,Returning,Control,18,80.3,8,5,11.1,8.6,0.341,0.852,0.309,0.006,0,141.44,2.52,0.0,0.38,0.109,0.726,5.5,3.3,2,47.2,,6,6,118,2,279.29,0,0
12409,South,Paid Search,Returning,Control,22,51.6,22,7,5.1,4.5,0.391,0.845,0.145,0.012,0,113.12,3.06,0.0,0.259,0.053,0.764,8.95,2.8,0,,6.0,6,5,190,3,382.73,0,0
12410,Northeast,Paid Search,Returning,Control,37,44.9,14,16,3.4,4.1,0.406,0.937,0.5,0.04,0,70.73,2.35,0.0,0.104,0.075,0.546,5.84,2.6,0,,9.0,7,7,152,2,138.58,0,0
12411,Midwest,Social,Loyal,Control,34,41.0,40,47,3.7,5.0,0.329,0.866,0.183,0.046,4,84.02,3.06,254.35,0.24,0.135,0.807,7.08,4.9,0,,7.0,4,5,22,2,178.66,0,1
12412,Northeast,Referral,Returning,Control,51,57.7,12,8,5.8,5.4,0.279,0.574,0.122,0.022,3,65.86,2.03,271.36,0.317,0.061,0.651,5.42,3.8,0,,8.0,7,7,25,3,224.88,0,0
12413,Midwest,Paid Search,Returning,Control,23,40.3,12,1,4.2,6.5,0.295,0.908,0.21,0.036,1,90.7,2.39,99.07,0.422,0.039,0.815,4.57,2.8,0,,7.0,5,5,20,1,104.9,0,0
12414,South,Email,New,Treatment,44,140.6,4,12,10.2,7.0,0.174,0.988,0.337,0.048,2,113.31,1.51,200.61,0.324,0.127,0.558,4.73,3.0,0,,9.0,3,2,89,3,340.33,0,0
12415,South,Organic Search,Returning,Treatment,18,53.2,10,3,7.4,5.8,0.191,0.537,0.457,0.079,0,48.44,2.33,0.0,0.305,0.096,0.569,6.18,3.6,0,,7.0,7,7,134,3,168.03,1,0
12416,South,Paid Search,Loyal,Control,29,,29,5,3.7,5.9,0.568,0.784,0.222,0.037,1,79.16,1.59,97.98,0.556,0.151,0.793,8.75,2.0,1,36.7,8.0,4,4,22,3,228.39,0,1
12417,Midwest,Referral,New,Treatment,42,39.9,3,4,7.0,5.8,0.22,0.677,0.41,0.042,0,83.74,3.25,0.0,0.257,0.016,0.742,3.69,1.5,2,12.7,6.0,3,4,195,1,72.5,1,0
12418,South,Social,Returning,Control,37,103.5,8,3,6.3,6.2,0.616,0.966,0.35,0.05,0,130.96,2.94,0.0,0.527,0.071,0.76,4.6,4.3,0,,,4,3,219,3,332.13,1,0
12419,Midwest,Email,Returning,Treatment,50,72.5,13,9,7.0,6.1,0.311,0.812,0.531,0.09,3,107.62,2.64,246.34,0.125,0.043,0.751,7.27,4.3,0,,10.0,4,4,5,3,337.2,0,0
12420,West,Social,Loyal,Treatment,21,46.8,75,14,10.9,10.8,0.33,0.952,0.193,0.049,3,105.87,1.63,435.5,0.484,0.052,0.773,3.65,2.5,0,,10.0,5,5,23,12,1189.15,0,1
12421,West,Social,New,Treatment,24,81.7,3,7,17.2,10.1,0.336,0.923,0.484,0.052,0,70.53,2.38,0.0,0.446,0.182,0.756,5.53,4.9,0,,8.0,5,4,135,1,67.98,1,0
12422,Midwest,Paid Search,Returning,Treatment,55,130.4,14,3,7.0,6.7,0.295,0.503,0.244,0.035,1,174.39,3.06,187.29,0.226,0.191,0.572,4.09,3.3,2,17.2,7.0,6,6,28,2,352.65,0,0
12423,South,Social,Returning,Control,30,95.9,7,7,9.8,8.2,0.183,0.914,0.513,0.059,2,73.73,2.29,166.71,0.383,0.043,0.769,6.22,3.4,1,17.7,10.0,5,5,53,3,231.37,0,0
12424,West,Organic Search,Loyal,Treatment,36,68.8,69,14,4.2,4.3,0.325,0.875,0.204,0.022,3,84.1,3.08,338.09,0.191,0.036,0.664,5.43,3.0,0,,10.0,5,5,3,6,432.3,0,0
12425,West,Paid Search,Returning,Control,37,194.7,14,8,10.3,9.7,0.297,0.867,0.274,0.025,0,84.43,3.37,0.0,0.26,0.155,0.744,6.38,1.8,0,,9.0,4,3,130,2,173.66,0,0
12426,Midwest,Organic Search,Returning,Treatment,57,91.0,13,6,9.1,6.6,0.375,0.871,0.335,0.066,3,116.09,1.38,371.99,0.206,0.055,0.692,6.48,2.1,1,19.0,6.0,6,6,87,1,113.11,0,0
12427,Midwest,Organic Search,Returning,Control,72,,10,6,2.3,3.6,0.14,0.384,0.244,0.02,0,78.1,2.78,0.0,0.35,0.067,0.73,7.14,4.4,2,35.6,5.0,3,3,103,1,84.71,0,0
12428,Northeast,Paid Search,Returning,Treatment,54,104.2,16,7,10.3,7.9,0.54,0.905,0.274,0.018,2,111.5,2.91,222.25,0.704,0.018,0.742,4.09,3.1,1,33.4,8.0,4,4,26,1,115.88,0,0
12429,Midwest,Email,Loyal,Treatment,39,98.8,53,36,9.5,7.0,0.277,0.904,0.421,0.033,7,38.74,1.07,326.43,0.403,0.025,0.714,6.78,2.7,0,,5.0,5,6,4,4,167.92,0,1
12430,Northeast,Organic Search,Returning,Treatment,27,124.9,13,3,3.8,4.4,0.397,0.956,0.129,0.018,2,112.0,4.3,217.11,0.1,0.017,0.559,4.14,2.8,1,11.9,7.0,5,6,22,6,775.49,0,0
12431,West,Organic Search,Returning,Control,60,114.4,18,8,3.9,4.6,0.446,0.723,0.246,0.027,4,84.35,2.16,471.5,0.222,0.192,0.479,6.07,3.2,3,16.0,4.0,5,5,20,7,504.92,0,0
12432,South,Paid Search,Returning,Treatment,18,151.2,13,12,4.2,6.1,0.328,0.8,0.241,0.009,0,112.35,2.97,0.0,0.37,0.106,0.621,4.62,4.4,0,,5.0,4,5,130,2,214.48,1,0
12433,West,Referral,Loyal,Control,54,55.9,45,19,4.9,8.8,0.271,0.887,0.227,0.022,4,56.47,2.69,210.12,0.227,0.04,0.684,5.64,2.8,2,13.7,10.0,5,5,5,11,635.42,0,1
12434,South,Email,Returning,Treatment,75,46.8,10,27,11.3,7.8,0.382,0.618,0.456,0.019,2,79.82,2.82,160.61,0.064,0.13,0.643,4.43,2.1,1,8.3,8.0,5,5,6,1,93.34,0,0
12435,West,Email,New,Treatment,21,86.0,3,7,6.4,6.6,0.291,0.968,0.378,0.058,1,109.12,2.5,84.19,0.317,0.127,0.64,4.69,3.0,0,,7.0,4,4,31,1,107.48,0,0
12436,Northeast,Social,Returning,Treatment,37,72.4,24,8,3.9,4.7,0.352,0.745,0.224,0.072,2,80.49,2.18,132.92,0.318,0.263,0.584,5.73,2.6,1,25.1,3.0,5,6,34,1,73.83,1,0
12437,Northeast,Paid Search,Returning,Control,45,130.1,21,12,3.5,4.2,0.285,0.918,0.157,0.016,1,111.66,3.09,121.64,0.328,0.039,0.69,5.95,3.2,1,17.4,6.0,5,6,52,5,679.21,0,0
12438,Midwest,Email,Returning,Control,31,59.5,16,10,6.8,6.0,0.275,0.913,0.305,0.016,2,74.01,2.9,211.07,0.463,0.113,0.808,9.16,2.7,2,9.4,5.0,6,7,61,4,281.95,0,0
12439,South,Organic Search,Returning,Treatment,46,70.7,14,4,15.5,11.0,0.164,0.974,0.254,0.048,1,125.02,2.8,141.19,0.023,0.019,0.664,5.9,4.6,0,,,5,6,13,3,393.14,0,0
12440,Northeast,Organic Search,Returning,Control,36,94.4,18,8,5.1,5.1,0.19,0.864,0.408,0.097,1,96.32,1.81,102.71,0.048,0.215,0.67,9.77,4.8,1,53.2,8.0,4,4,89,4,420.15,1,0
12441,South,Organic Search,New,Treatment,18,54.4,4,5,3.2,5.8,0.454,0.876,0.174,0.005,3,104.11,2.79,272.57,0.241,0.056,0.64,3.07,2.3,0,,7.0,7,7,48,1,97.38,0,0
12442,Midwest,Email,Loyal,Control,24,65.3,32,23,15.1,10.1,0.24,0.91,0.251,0.025,4,57.23,2.29,258.38,0.21,0.178,0.704,8.32,3.6,2,8.3,6.0,6,6,19,3,150.07,0,0
12443,West,Social,Loyal,Treatment,55,101.5,37,3,2.9,6.0,0.328,0.536,0.386,0.055,0,67.92,2.19,0.0,0.189,0.157,0.817,7.29,2.9,1,21.0,8.0,5,5,189,1,72.89,0,0
12444,Midwest,Social,Returning,Treatment,31,75.4,9,5,3.7,5.0,0.507,0.596,0.154,0.041,1,117.45,3.16,106.21,0.264,0.112,0.702,3.13,2.1,0,,10.0,6,5,19,2,210.31,0,0
12445,South,Organic Search,Loyal,Treatment,59,55.5,31,14,5.2,4.5,0.351,0.602,0.361,0.044,2,81.32,2.96,157.55,0.14,0.081,0.527,4.33,4.0,1,16.9,9.0,6,6,41,3,233.34,0,0
12446,West,Social,Returning,Treatment,32,51.1,17,1,10.1,7.7,0.278,0.901,0.215,0.02,0,92.46,2.45,0.0,0.323,0.156,0.666,4.13,3.3,2,19.6,8.0,4,4,185,4,322.66,1,0
12447,Northeast,Email,Returning,Control,20,46.7,8,13,3.8,5.1,0.323,0.976,0.144,0.015,5,88.75,2.0,551.76,0.331,0.059,0.72,7.58,5.5,1,42.9,,6,7,17,2,148.45,0,0
12448,Northeast,Referral,Returning,Control,41,36.7,15,13,1.5,7.5,0.241,0.838,0.384,0.059,1,80.31,2.42,78.87,0.323,0.138,0.57,3.45,4.1,3,29.5,5.0,3,3,89,4,307.44,1,1
12449,South,Organic Search,New,Control,38,58.3,4,2,8.1,7.1,0.417,0.832,0.379,0.038,0,75.17,2.79,0.0,0.125,0.06,0.752,6.85,7.4,0,,6.0,3,3,365,1,79.15,1,0
12450,Midwest,Organic Search,Loyal,Control,44,78.1,69,16,8.6,7.8,0.201,0.931,0.345,0.047,5,64.2,2.3,328.22,0.735,0.05,0.707,3.11,2.2,2,17.3,5.0,5,5,17,19,1137.46,0,0
12451,Northeast,Organic Search,Loyal,Treatment,39,124.6,55,10,10.9,7.2,0.419,0.803,0.148,0.007,2,77.31,3.07,139.12,0.359,0.061,0.537,5.57,2.5,0,,6.0,5,6,87,5,341.47,0,1
12452,South,Organic Search,Returning,Treatment,62,75.6,16,15,6.6,5.7,0.575,0.207,0.372,0.142,3,127.39,2.93,403.76,0.478,0.042,0.745,5.14,3.9,1,81.6,10.0,5,5,25,1,119.14,0,0
12453,South,Email,Returning,Treatment,31,116.1,15,1,13.6,9.9,0.13,0.754,0.286,0.068,0,103.26,2.94,0.0,0.376,0.088,0.806,2.35,7.0,1,9.1,,5,3,106,1,96.64,0,0
12454,Midwest,Organic Search,Returning,Control,31,43.3,13,13,11.2,9.7,0.237,0.372,0.632,0.037,0,110.25,2.56,0.0,0.557,0.015,0.813,4.83,4.0,0,,8.0,4,5,163,2,250.77,0,0
12455,South,Organic Search,Returning,Treatment,40,59.2,9,7,4.6,8.3,0.198,0.789,0.245,0.02,2,55.56,3.4,130.83,0.127,0.142,0.682,4.62,3.0,1,16.8,3.0,3,4,58,1,60.47,1,0
12456,South,Email,Returning,Control,37,103.1,20,14,12.7,11.0,0.202,0.739,0.384,0.051,1,54.6,1.33,62.94,0.169,0.117,0.665,3.74,4.6,2,18.4,8.0,5,5,44,3,166.76,1,0
12457,West,Referral,Loyal,Control,27,78.2,28,12,7.2,6.9,0.326,0.955,0.182,0.01,0,70.82,2.78,0.0,0.322,0.143,0.766,9.0,3.3,2,21.0,3.0,5,5,300,6,479.36,1,0
12458,Midwest,Organic Search,Returning,Control,59,47.3,11,17,5.7,8.4,0.095,0.463,0.128,0.008,1,81.8,2.33,97.05,0.242,0.056,0.767,3.77,3.2,0,,9.0,5,6,52,3,220.05,0,0
12459,South,Referral,Returning,Control,54,47.7,9,7,4.1,5.1,0.259,0.701,0.313,0.056,2,67.16,1.32,111.47,0.015,0.047,0.726,7.64,1.8,1,22.4,10.0,6,7,24,4,280.21,0,0
12460,South,Email,Returning,Control,25,116.8,15,10,2.7,5.2,0.303,0.92,0.502,0.034,1,99.72,2.65,98.07,0.287,0.099,0.776,5.38,2.9,1,15.4,9.0,4,4,61,1,113.29,0,0
12461,Midwest,Organic Search,New,Control,42,70.0,2,3,4.4,7.4,0.421,0.763,0.38,0.007,1,89.54,1.79,83.54,0.158,0.058,0.745,6.03,5.0,0,,7.0,5,5,54,1,103.91,0,1
12462,Midwest,Social,Returning,Treatment,68,50.0,21,5,4.3,5.1,0.275,0.687,0.193,0.047,0,72.95,1.73,0.0,0.255,0.079,0.65,2.88,4.8,1,12.1,9.0,6,6,129,1,88.21,0,0
12463,West,Paid Search,Loyal,Treatment,18,142.1,38,7,6.1,6.3,0.468,0.869,0.321,0.025,4,70.13,2.47,223.67,0.608,0.133,0.676,9.26,2.5,0,,7.0,3,5,17,2,122.06,0,1
12464,South,Paid Search,New,Treatment,54,71.7,3,8,6.9,7.2,0.271,0.453,0.209,0.024,1,99.58,2.5,103.54,0.623,0.125,0.548,5.18,4.0,0,,9.0,6,7,84,1,104.79,0,0
12465,West,Organic Search,Returning,Treatment,40,43.9,7,16,3.5,4.0,0.33,0.849,0.275,0.009,3,62.68,1.95,236.03,0.094,0.06,0.63,7.27,3.6,1,17.2,7.0,6,6,19,2,100.17,1,0
12466,Midwest,Paid Search,Loyal,Control,27,69.4,78,30,4.1,4.1,0.52,0.844,0.128,0.014,3,53.91,2.72,197.21,0.584,0.097,0.822,9.51,2.6,2,9.1,,5,5,4,9,476.79,0,0
12467,South,Paid Search,Loyal,Control,35,51.4,30,14,5.5,7.5,0.395,0.902,0.232,0.031,3,64.14,1.87,184.35,0.256,0.054,0.703,7.13,5.5,0,,,5,5,7,2,126.36,0,1
12468,South,Organic Search,Loyal,Control,37,59.4,26,5,16.7,12.5,0.383,0.83,0.295,0.041,1,104.31,2.98,94.82,0.398,0.047,0.631,4.4,5.1,3,10.6,7.0,5,5,53,5,548.6,0,0
12469,Northeast,Social,Returning,Treatment,54,86.3,10,7,8.8,7.7,0.42,0.753,0.385,0.075,1,123.3,2.85,133.4,0.167,0.171,0.723,3.16,4.2,0,,,6,6,66,1,142.84,0,0
12470,West,Organic Search,Returning,Control,56,87.0,12,4,7.0,7.7,0.229,0.802,0.254,0.002,1,92.77,1.89,84.22,0.193,0.077,0.711,5.46,3.5,0,,4.0,5,6,75,2,196.46,0,0
12471,West,Organic Search,Returning,Control,41,132.8,20,25,8.7,6.6,0.379,0.593,0.424,0.032,2,89.24,2.56,193.12,0.195,0.077,0.852,8.46,2.5,1,30.7,8.0,6,6,49,4,295.3,0,0
12472,West,Email,Loyal,Control,34,125.7,59,23,11.6,10.0,0.41,0.72,0.37,0.047,8,76.47,2.77,788.57,0.33,0.114,0.729,7.23,2.3,2,21.1,4.0,5,5,10,2,165.31,0,0
12473,West,Referral,Returning,Control,43,64.4,17,4,6.9,6.2,0.159,0.467,0.149,0.031,0,63.68,2.55,0.0,0.109,0.072,0.491,6.64,2.7,0,,5.0,4,5,135,2,152.13,0,0
12474,South,Social,Returning,Control,68,79.3,14,4,7.8,6.8,0.428,0.586,0.093,0.014,0,86.55,2.5,0.0,0.369,0.078,0.789,5.28,4.2,3,24.5,5.0,5,5,169,10,926.62,1,1
12475,Northeast,Email,Returning,Control,57,164.0,23,20,7.4,6.7,0.435,0.31,0.314,0.039,1,97.16,2.32,91.44,0.323,0.116,0.619,6.54,3.8,1,7.5,7.0,6,6,8,1,122.62,0,0
12476,Northeast,Organic Search,New,Control,43,44.2,4,19,14.5,10.8,0.291,0.834,0.222,0.033,1,104.01,1.7,82.57,0.219,0.119,0.744,2.93,2.5,1,44.5,,6,7,34,2,180.28,0,0
12477,South,Paid Search,Loyal,Treatment,45,43.7,27,5,3.7,5.4,0.336,0.626,0.159,0.032,2,70.85,2.7,158.83,0.495,0.063,0.652,4.25,3.4,1,27.2,,4,4,70,6,441.6,0,0
12478,Midwest,Organic Search,New,Treatment,49,93.8,4,9,6.5,7.1,0.134,0.835,0.105,0.013,3,72.05,1.83,203.52,0.251,0.006,0.649,6.01,5.5,0,,7.0,5,5,17,1,81.47,0,0
12479,West,Email,Returning,Treatment,36,85.3,16,26,5.0,4.7,0.149,0.784,0.429,0.1,3,125.46,2.58,305.24,0.479,0.027,0.632,5.76,4.5,0,,8.0,5,5,9,2,261.04,0,0
12480,West,Organic Search,Returning,Control,61,101.8,12,1,12.5,7.9,0.359,0.708,0.132,0.017,0,90.71,3.65,0.0,0.195,0.131,0.655,7.78,2.4,1,13.4,,6,5,265,2,190.27,0,0
12481,West,Organic Search,Loyal,Control,44,34.0,26,8,3.9,5.0,0.308,0.949,0.513,0.199,0,47.78,1.0,0.0,0.375,0.046,0.831,5.23,3.0,1,23.3,9.0,4,4,147,10,450.1,0,0
12482,Midwest,Organic Search,Returning,Control,47,42.7,13,23,7.9,5.7,0.369,0.603,0.51,0.078,3,61.97,2.0,165.27,0.118,0.106,0.732,2.95,2.4,0,,8.0,4,4,4,2,137.37,0,0
12483,Midwest,Social,Loyal,Control,18,38.5,32,12,12.9,8.9,0.339,0.999,0.322,0.032,1,77.26,2.66,65.51,0.14,0.046,0.741,4.29,3.3,2,15.3,6.0,6,7,29,4,282.58,0,0
12484,Northeast,Organic Search,Returning,Treatment,42,116.5,16,10,5.6,5.7,0.255,0.658,0.175,0.015,1,122.98,3.05,121.81,0.148,0.01,0.575,4.4,3.0,1,25.6,8.0,4,4,20,10,1434.36,1,0
12485,Midwest,Social,Returning,Treatment,50,66.0,19,6,5.6,6.0,0.584,0.671,0.195,0.049,2,74.08,2.42,177.83,0.325,0.116,0.71,6.17,3.6,1,21.3,6.0,4,4,28,1,87.67,0,0
12486,Midwest,Email,New,Control,77,,4,4,11.7,8.2,0.273,0.626,0.241,0.04,0,83.26,2.04,0.0,0.379,0.007,0.77,7.62,4.6,0,,7.0,6,6,137,1,87.37,0,1
12487,Northeast,Social,New,Control,63,63.5,1,4,5.3,6.7,0.395,0.56,0.428,0.032,1,112.82,2.29,88.94,0.189,0.068,0.634,2.94,3.1,0,,7.0,7,7,43,1,127.57,1,0
12488,West,Paid Search,New,Control,43,168.6,1,2,8.0,6.8,0.345,0.632,0.373,0.021,0,115.74,3.32,0.0,0.424,0.095,0.589,7.34,1.6,0,,5.0,5,5,258,1,115.7,1,0
12489,Northeast,Paid Search,Returning,Treatment,61,60.3,16,11,10.9,7.5,0.377,0.473,0.34,0.028,2,90.71,3.11,223.56,0.665,0.074,0.761,4.94,3.5,1,10.5,,4,4,11,3,269.77,0,0
12490,West,Organic Search,Returning,Control,22,98.9,8,1,4.3,7.0,0.298,0.802,0.126,0.038,0,104.45,2.29,0.0,0.34,0.143,0.663,5.82,6.3,0,,7.0,4,5,146,1,102.45,0,0
12491,South,Social,Loyal,Control,27,55.6,37,22,9.0,7.7,0.532,0.725,0.378,0.026,5,182.07,3.19,852.19,0.416,0.24,0.75,7.4,4.0,0,,8.0,4,5,16,2,292.64,0,0
12492,West,Organic Search,Returning,Control,50,77.7,12,7,12.1,8.8,0.293,0.452,0.14,0.021,0,85.74,2.92,0.0,0.151,0.121,0.857,6.7,2.2,0,,10.0,5,6,143,2,204.27,0,1
12493,Northeast,Referral,Returning,Treatment,39,47.9,24,34,8.8,6.7,0.448,0.563,0.457,0.035,3,97.64,2.98,344.71,0.369,0.051,0.639,5.03,5.3,3,13.7,6.0,5,5,5,3,228.97,0,0
12494,South,Organic Search,Returning,Treatment,56,,19,3,8.1,7.0,0.223,0.779,0.415,0.088,1,55.85,2.35,44.89,0.179,0.007,0.646,2.34,4.4,0,,8.0,5,5,89,1,61.65,0,0
12495,West,Organic Search,Returning,Treatment,47,,11,12,5.1,7.0,0.257,0.311,0.358,0.073,2,97.68,2.7,193.64,0.433,0.076,0.79,6.57,2.9,0,,,7,7,51,1,108.13,0,0
12496,Northeast,Social,Loyal,Control,55,56.0,30,13,5.1,6.2,0.377,0.793,0.191,0.009,5,73.25,1.18,340.89,0.129,0.039,0.668,9.17,1.6,0,,7.0,3,2,20,3,200.09,0,0
12497,West,Email,Loyal,Control,44,42.0,48,15,3.1,6.2,0.341,0.792,0.492,0.118,0,80.84,2.38,0.0,0.37,0.086,0.847,6.14,3.0,1,28.8,,6,7,135,4,281.46,0,0
12498,South,Paid Search,Returning,Control,62,80.5,16,6,2.1,4.4,0.385,0.54,0.308,0.021,0,62.97,2.13,0.0,0.55,0.036,0.76,7.85,5.6,0,,9.0,4,4,100,2,119.35,1,0
12499,Northeast,Email,Loyal,Treatment,34,55.0,25,11,6.6,5.6,0.311,0.943,0.36,0.034,0,124.11,3.86,0.0,0.152,0.087,0.693,3.0,3.8,1,31.3,9.0,7,7,234,6,763.81,0,0
12500,West,Referral,New,Treatment,73,52.4,5,4,2.8,5.1,0.172,0.513,0.284,0.018,0,68.6,2.15,0.0,0.245,0.034,0.7,4.89,2.1,4,13.0,5.0,5,5,211,4,209.34,1,0
12501,Midwest,Email,Returning,Control,51,47.5,12,31,13.3,10.0,0.31,0.679,0.595,0.025,7,131.22,4.05,762.33,0.336,0.051,0.539,10.56,3.2,0,,7.0,7,7,5,2,250.33,0,0
12502,West,Organic Search,Loyal,Control,39,80.8,40,8,3.5,5.2,0.531,0.651,0.375,0.01,1,138.95,3.77,142.27,0.205,0.082,0.755,6.51,2.9,2,8.9,5.0,4,4,12,12,1662.64,1,0
12503,South,Email,Returning,Treatment,33,52.2,15,15,10.0,8.4,0.23,0.849,0.357,0.027,2,51.37,1.91,95.6,0.464,0.035,0.703,3.21,3.8,1,15.2,6.0,7,6,22,3,141.27,0,0
12504,West,Organic Search,New,Treatment,35,,3,7,6.0,8.7,0.446,0.697,0.297,0.006,0,98.4,2.71,0.0,0.427,0.137,0.669,2.66,2.5,0,,6.0,4,4,149,3,272.25,0,0
12505,West,Email,New,Treatment,47,119.6,3,2,3.2,4.1,0.338,0.863,0.155,0.051,1,157.46,3.57,183.48,0.394,0.015,0.737,1.43,3.7,0,,8.0,3,3,4,1,171.62,0,0
12506,West,Paid Search,New,Treatment,29,21.6,5,12,4.3,6.1,0.28,0.899,0.092,0.001,1,53.82,1.3,60.76,0.114,0.133,0.563,7.38,2.3,0,,5.0,3,3,68,1,71.87,1,0
12507,West,Organic Search,Returning,Control,18,139.5,11,8,6.0,9.1,0.187,0.666,0.088,0.008,0,67.3,3.01,0.0,0.154,0.034,0.572,5.66,2.4,0,,6.0,6,6,94,2,128.19,0,0
12508,West,Referral,Loyal,Treatment,26,96.7,28,6,10.7,7.8,0.24,0.754,0.344,0.021,5,128.8,3.27,549.86,0.222,0.051,0.581,7.45,5.1,1,30.2,4.0,5,6,22,5,541.0,0,1
12509,Northeast,Organic Search,Returning,Control,26,44.9,9,7,9.1,6.4,0.199,0.962,0.32,0.007,0,114.32,3.34,0.0,0.164,0.026,0.66,6.34,3.3,0,,7.0,3,3,124,3,279.52,1,0
12510,Midwest,Paid Search,Returning,Control,39,37.8,21,5,4.4,4.4,0.315,0.863,0.159,0.038,0,58.65,2.31,0.0,0.265,0.143,0.604,8.47,2.9,1,35.8,7.0,6,6,111,5,263.01,0,0
12511,West,Organic Search,Loyal,Control,46,77.8,35,8,4.2,5.9,0.208,0.611,0.216,0.044,1,106.5,2.11,96.91,0.305,0.187,0.69,3.66,1.6,3,26.0,,3,3,21,3,320.82,0,0
12512,West,Email,Loyal,Treatment,77,88.8,43,26,4.6,5.0,0.203,0.671,0.38,0.011,6,68.84,2.4,427.13,0.096,0.244,0.75,5.32,3.3,3,31.3,4.0,7,6,1,7,467.14,0,0
12513,South,Social,Loyal,Treatment,52,58.2,40,6,3.0,5.8,0.35,0.923,0.16,0.023,1,59.6,2.05,50.35,0.53,0.09,0.713,6.0,3.3,1,11.2,9.0,7,7,89,6,373.14,0,0
12514,South,Referral,Loyal,Treatment,34,146.4,27,19,5.0,6.1,0.267,0.738,0.272,0.049,3,89.29,2.58,264.45,0.158,0.124,0.756,6.8,2.8,1,10.6,8.0,4,5,20,19,1823.07,0,0
12515,West,Paid Search,Returning,Control,62,,21,3,6.3,5.6,0.442,0.455,0.093,0.01,0,73.08,2.4,0.0,0.175,0.063,0.672,5.82,4.6,3,15.2,7.0,5,6,158,2,154.14,0,0
12516,South,Organic Search,Returning,Control,34,65.2,11,6,5.4,5.3,0.328,0.844,0.246,0.051,2,111.98,1.65,228.02,0.228,0.046,0.745,6.51,2.8,0,,7.0,5,6,25,1,132.23,0,0
12517,Northeast,Email,Returning,Control,22,67.3,7,6,8.5,8.2,0.196,0.997,0.336,0.041,0,80.02,2.39,0.0,0.241,0.095,0.622,5.98,2.9,2,17.2,10.0,5,6,97,1,108.75,1,0
12518,Midwest,Organic Search,Returning,Control,46,86.0,16,7,7.1,8.3,0.263,0.938,0.15,0.037,1,137.83,3.17,127.91,0.228,0.034,0.706,6.54,4.3,0,,5.0,7,7,23,1,135.45,0,0
12519,South,Referral,Loyal,Control,59,46.9,86,8,6.7,5.6,0.302,0.739,0.186,0.02,2,64.19,2.7,156.19,0.225,0.029,0.88,5.61,6.3,4,21.8,4.0,4,5,78,4,289.99,1,0
12520,West,Email,Returning,Treatment,46,33.6,13,7,8.0,6.4,0.368,0.845,0.54,0.113,2,75.59,1.98,145.6,0.195,0.111,0.643,1.46,4.1,4,21.8,4.0,5,4,61,2,178.34,0,0
12521,West,Paid Search,Returning,Control,18,47.4,8,4,6.7,8.1,0.326,0.941,0.343,0.012,0,100.74,1.98,0.0,0.591,0.091,0.809,4.68,2.6,2,15.1,8.0,5,6,253,4,341.89,0,0
12522,West,Organic Search,Loyal,Control,65,84.1,35,16,6.8,6.5,0.365,0.509,0.408,0.243,3,111.82,3.29,326.47,0.159,0.014,0.509,5.08,3.3,1,17.9,6.0,4,4,59,6,601.25,1,0
12523,West,Referral,Loyal,Treatment,52,77.5,68,13,10.5,9.7,0.231,0.789,0.069,0.006,5,104.58,3.69,547.27,0.625,0.008,0.58,6.55,4.8,2,14.5,8.0,7,7,12,11,1109.91,0,1
12524,South,Email,Loyal,Control,39,55.4,27,13,12.3,10.0,0.254,0.686,0.414,0.03,4,134.18,2.83,432.7,0.286,0.065,0.74,7.63,3.6,1,26.1,7.0,3,3,60,2,239.58,0,0
12525,Midwest,Paid Search,Returning,Treatment,62,38.5,13,11,2.1,4.7,0.361,0.36,0.093,0.0,3,51.95,2.09,126.79,0.402,0.026,0.775,5.31,4.7,1,27.2,5.0,4,4,46,3,175.02,0,1
12526,South,Organic Search,Loyal,Control,47,28.9,38,13,8.0,6.8,0.417,0.408,0.192,0.028,5,108.21,3.26,451.31,0.014,0.032,0.56,5.57,4.0,1,14.2,10.0,7,7,20,10,1248.17,0,0
12527,Midwest,Email,Returning,Control,58,,6,12,7.5,7.1,0.191,0.849,0.322,0.129,1,77.77,2.76,73.19,0.359,0.028,0.697,4.79,3.5,1,9.2,7.0,7,7,51,2,157.59,0,0
12528,West,Paid Search,New,Treatment,32,132.9,5,9,3.8,4.1,0.336,0.819,0.242,0.016,0,76.2,1.38,0.0,0.508,0.041,0.687,4.0,3.7,1,20.1,9.0,5,6,117,3,190.27,0,1
12529,Midwest,Email,Returning,Treatment,56,39.7,12,9,11.1,9.4,0.263,0.719,0.535,0.061,2,121.48,2.98,168.79,0.121,0.021,0.727,7.06,4.0,0,,5.0,5,5,22,1,125.02,0,0
12530,South,Paid Search,Returning,Treatment,67,73.4,17,7,6.1,5.9,0.421,0.773,0.335,0.03,2,54.62,2.81,104.97,0.368,0.014,0.606,1.99,4.0,2,25.0,8.0,4,4,23,4,210.99,0,0
12531,West,Social,Returning,Treatment,80,146.2,6,15,6.1,6.1,0.269,0.425,0.38,0.054,3,100.17,3.03,382.08,0.201,0.018,0.683,4.75,2.3,1,6.5,10.0,6,7,19,1,100.92,0,0
12532,South,Email,Loyal,Control,47,63.7,26,9,5.4,5.7,0.562,0.655,0.216,0.005,1,163.61,3.19,172.83,0.606,0.114,0.863,6.97,3.2,1,44.1,10.0,6,6,54,7,1126.87,0,0
12533,Midwest,Organic Search,Returning,Control,39,95.4,18,17,5.5,9.4,0.521,0.949,0.212,0.01,1,75.69,3.07,68.03,0.212,0.088,0.642,8.38,3.8,0,,10.0,3,4,2,2,168.91,0,0
12534,South,Email,Returning,Control,22,53.1,18,7,5.8,5.5,0.239,0.999,0.536,0.013,1,72.38,1.32,76.12,0.402,0.02,0.732,5.89,4.1,1,10.0,10.0,4,3,8,5,420.35,0,0
12535,West,Email,Returning,Treatment,66,60.2,16,17,3.4,3.8,0.212,0.737,0.246,0.016,2,116.64,3.51,224.7,0.192,0.154,0.71,6.45,2.8,2,18.7,6.0,6,7,0,3,311.64,1,1
12536,Northeast,Email,Returning,Control,36,96.8,9,13,9.2,8.5,0.203,0.834,0.424,0.023,4,152.25,3.45,502.45,0.107,0.079,0.68,6.5,6.7,0,,5.0,5,6,24,3,464.49,0,0
12537,Northeast,Organic Search,New,Treatment,28,148.2,5,12,4.6,4.6,0.172,0.822,0.225,0.039,3,194.74,2.32,565.79,0.18,0.064,0.643,6.69,4.5,0,,,5,5,2,1,214.13,0,0
12538,Northeast,Social,Loyal,Control,44,95.3,26,13,7.7,6.3,0.206,0.739,0.175,0.006,1,68.47,2.23,94.26,0.469,0.124,0.759,11.53,3.5,0,,8.0,5,5,28,7,434.59,0,0
12539,West,Organic Search,New,Treatment,47,112.8,1,5,12.4,8.3,0.34,0.621,0.309,0.067,1,59.23,1.94,58.57,0.283,0.025,0.692,5.4,3.6,1,15.2,8.0,4,4,89,2,135.48,0,0
12540,Midwest,Paid Search,Returning,Treatment,53,99.4,13,7,9.0,6.8,0.429,0.66,0.057,0.01,3,90.3,2.78,259.09,0.541,0.04,0.664,4.69,2.3,2,72.8,5.0,4,4,5,6,533.31,1,0
12541,West,Organic Search,Returning,Control,36,27.0,17,5,7.3,6.9,0.048,0.647,0.154,0.01,0,74.8,1.47,0.0,0.159,0.073,0.842,5.55,3.5,0,,7.0,6,5,195,2,140.44,0,0
12542,South,Organic Search,New,Control,45,51.3,4,3,6.3,5.5,0.319,0.534,0.189,0.033,0,65.34,2.35,0.0,0.161,0.104,0.537,2.88,3.5,0,,6.0,5,5,99,1,65.25,0,0
12543,Midwest,Organic Search,Returning,Treatment,36,91.6,9,3,3.2,4.9,0.455,0.793,0.425,0.006,2,77.33,2.4,178.78,0.36,0.032,0.722,4.91,3.4,1,36.9,7.0,4,3,24,2,167.58,1,0
12544,Northeast,Organic Search,Returning,Treatment,40,85.3,6,5,4.5,4.6,0.308,0.661,0.193,0.019,1,96.81,3.33,89.02,0.285,0.063,0.591,4.01,3.2,1,12.1,5.0,3,3,45,1,94.69,0,0
12545,South,Referral,Loyal,Control,35,68.5,36,11,3.2,5.4,0.317,0.969,0.213,0.028,1,73.22,1.72,79.85,0.318,0.028,0.604,5.49,4.6,0,,10.0,3,3,89,3,234.71,0,1
12546,West,Organic Search,Loyal,Control,39,54.2,29,13,3.4,4.4,0.492,0.569,0.227,0.026,4,71.55,2.2,275.34,0.334,0.019,0.713,5.42,2.8,1,37.3,8.0,7,6,3,3,240.91,0,0
12547,Northeast,Email,Returning,Treatment,55,171.3,20,3,4.2,5.8,0.248,0.774,0.423,0.044,0,79.57,2.37,0.0,0.46,0.016,0.693,6.05,3.4,3,19.6,,7,7,196,4,228.29,1,1
12548,West,Social,New,Treatment,25,105.5,3,3,4.3,8.1,0.332,0.899,0.47,0.01,0,85.41,1.77,0.0,0.307,0.051,0.567,5.36,3.0,0,,8.0,5,5,184,1,88.5,0,0
12549,Midwest,Email,New,Treatment,48,71.1,2,6,15.2,10.5,0.155,0.704,0.237,0.008,1,74.25,2.96,64.31,0.169,0.05,0.593,3.2,3.2,0,,7.0,4,4,89,1,85.02,1,1
12550,West,Paid Search,Returning,Treatment,25,61.8,18,1,6.2,6.9,0.247,0.663,0.228,0.024,0,85.55,1.29,0.0,0.245,0.246,0.632,4.6,5.7,1,13.1,4.0,4,4,92,1,81.85,0,0
12551,Midwest,Social,Returning,Treatment,34,26.1,15,27,7.0,7.0,0.495,0.721,0.271,0.032,6,40.27,2.15,275.21,0.468,0.111,0.676,3.34,1.9,0,,8.0,6,5,9,4,161.63,0,0
12552,Northeast,Referral,Loyal,Treatment,37,44.9,33,9,7.9,6.4,0.203,0.889,0.247,0.017,3,71.81,2.13,163.67,0.286,0.012,0.613,4.28,2.7,1,36.6,10.0,4,5,19,15,1017.66,0,0
12553,Midwest,Paid Search,Returning,Control,59,70.1,18,4,7.5,6.9,0.391,0.507,0.382,0.13,1,44.13,1.54,48.79,0.68,0.017,0.658,7.89,2.0,2,25.5,4.0,3,3,33,5,195.07,0,1
12554,West,Social,Returning,Control,56,96.9,14,8,1.8,4.0,0.306,0.857,0.203,0.029,2,59.65,1.3,123.44,0.559,0.103,0.853,7.23,1.3,3,27.8,10.0,6,6,27,4,241.27,0,0
12555,South,Organic Search,Returning,Treatment,26,117.6,10,5,4.3,6.4,0.369,0.82,0.122,0.019,1,86.38,1.49,98.37,0.128,0.117,0.682,4.33,3.2,0,,6.0,5,5,8,2,203.29,0,0
12556,Northeast,Organic Search,New,Treatment,26,73.0,5,3,5.6,5.4,0.443,0.892,0.236,0.063,1,75.68,1.86,73.93,0.22,0.13,0.609,5.74,4.2,0,,6.0,5,5,28,1,71.16,0,0
12557,West,Organic Search,Returning,Control,18,70.3,9,3,6.2,5.4,0.465,0.921,0.138,0.05,1,69.22,2.25,67.66,0.171,0.137,0.595,5.78,2.5,0,,5.0,4,3,39,1,67.51,0,0
12558,South,Email,Returning,Treatment,24,65.0,18,8,18.0,12.0,0.292,0.677,0.185,0.028,2,67.57,2.15,143.41,0.495,0.151,0.634,0.0,4.3,4,11.0,6.0,4,4,41,9,543.09,1,0
12559,South,Paid Search,Returning,Treatment,41,85.8,22,4,11.4,7.8,0.368,0.742,0.464,0.068,1,55.17,3.03,49.35,0.288,0.066,0.75,0.0,3.6,1,10.2,5.0,6,6,57,3,174.24,0,1
12560,South,Email,New,Control,38,101.1,5,7,5.8,6.2,0.205,0.893,0.203,0.005,0,117.11,2.5,0.0,0.151,0.339,0.656,6.97,3.5,1,52.6,9.0,4,3,144,1,124.66,0,0
12561,Northeast,Social,Returning,Control,52,66.5,9,7,2.3,3.8,0.283,0.705,0.142,0.038,2,60.49,2.82,135.28,0.369,0.207,0.753,5.17,3.6,0,,6.0,6,7,1,1,65.72,0,0
12562,South,Email,Returning,Control,65,75.5,16,6,5.6,5.8,0.294,0.325,0.434,0.023,0,119.52,1.87,0.0,0.455,0.041,0.664,7.65,3.8,1,15.2,5.0,4,5,302,3,331.63,1,0
12563,West,Social,Returning,Control,55,65.5,11,5,9.0,7.1,0.386,0.862,0.254,0.008,1,56.69,2.83,50.69,0.284,0.016,0.726,6.91,4.0,0,,10.0,7,7,19,3,155.14,0,0
12564,Midwest,Referral,Loyal,Treatment,29,58.9,37,17,4.9,6.4,0.183,0.828,0.379,0.025,3,90.58,2.01,238.0,0.219,0.044,0.695,6.58,4.1,2,39.7,7.0,4,3,13,6,483.17,0,0
12565,Northeast,Paid Search,Returning,Control,30,40.8,20,9,9.8,7.1,0.212,0.491,0.278,0.009,0,62.84,2.02,0.0,0.449,0.103,0.692,7.01,6.1,0,,7.0,5,6,365,4,233.19,0,0
12566,South,Social,Returning,Treatment,18,65.3,12,14,6.4,5.3,0.607,0.75,0.172,0.057,1,79.67,2.11,118.26,0.041,0.094,0.745,3.37,4.5,1,14.4,3.0,4,4,32,5,361.18,0,0
12567,West,Organic Search,Returning,Control,30,58.8,10,9,7.1,5.5,0.162,0.872,0.221,0.012,2,45.71,2.75,131.64,0.323,0.085,0.454,8.01,4.0,0,,5.0,5,5,13,4,179.64,1,0
12568,Midwest,Paid Search,Loyal,Control,34,56.8,28,7,9.9,7.2,0.252,0.711,0.134,0.026,2,73.49,3.07,144.88,0.325,0.162,0.719,6.98,3.5,1,19.4,9.0,4,4,23,4,280.58,0,0
12569,West,Email,Returning,Treatment,53,,9,7,13.0,11.4,0.214,0.508,0.396,0.006,1,98.71,3.14,101.67,0.206,0.143,0.729,5.5,2.9,2,27.6,5.0,4,4,1,2,186.73,1,1
12570,West,Social,Loyal,Treatment,40,64.3,61,16,21.6,12.3,0.266,0.857,0.191,0.025,0,106.87,2.26,0.0,0.505,0.189,0.695,5.33,2.6,2,9.8,9.0,7,7,154,5,573.94,0,0
12571,Midwest,Organic Search,Returning,Control,18,74.0,7,4,10.8,8.3,0.357,0.721,0.193,0.03,1,70.72,3.43,90.96,0.288,0.061,0.809,7.84,1.6,0,,10.0,7,7,23,1,72.14,0,0
12572,West,Organic Search,New,Control,29,132.9,2,3,4.0,5.1,0.285,0.994,0.303,0.063,0,117.55,2.8,0.0,0.224,0.038,0.767,6.89,2.8,0,,8.0,5,6,231,1,135.75,1,0
12573,South,Organic Search,Returning,Control,44,52.9,19,20,14.0,11.3,0.254,0.522,0.346,0.043,2,85.68,1.96,185.54,0.274,0.116,0.595,9.61,2.9,1,23.4,6.0,5,5,1,2,157.32,1,0
12574,South,Social,Returning,Control,48,75.6,20,9,7.5,5.6,0.359,0.922,0.36,0.12,3,63.38,2.21,186.87,0.279,0.177,0.846,8.91,3.2,1,15.9,9.0,6,6,8,3,208.36,0,1
12575,Northeast,Paid Search,Loyal,Treatment,45,,29,14,11.3,7.2,0.628,0.335,0.456,0.104,3,85.19,2.7,263.43,0.137,0.163,0.592,4.87,4.6,0,,,4,5,14,5,399.84,0,0
12576,Northeast,Social,Returning,Treatment,58,64.0,13,19,3.1,4.6,0.483,0.181,0.088,0.023,4,81.19,1.73,367.21,0.13,0.243,0.64,0.96,2.1,0,,10.0,4,4,18,1,102.01,0,0
12577,Northeast,Referral,Returning,Treatment,41,56.3,9,5,7.7,8.0,0.46,0.81,0.188,0.02,1,128.72,3.08,103.29,0.181,0.139,0.698,4.83,2.3,0,,8.0,6,6,14,1,137.71,0,0
12578,Northeast,Paid Search,Returning,Control,50,98.8,12,7,8.1,6.3,0.417,0.577,0.288,0.026,0,95.82,2.53,0.0,0.236,0.085,0.76,6.34,4.9,1,16.3,7.0,7,6,127,3,319.04,1,0
12579,Northeast,Paid Search,Returning,Treatment,32,41.2,10,11,5.9,6.0,0.315,0.892,0.304,0.017,2,54.2,2.49,98.43,0.329,0.095,0.763,9.27,3.3,0,,6.0,5,5,20,3,117.76,0,0
12580,West,Email,Loyal,Treatment,39,59.7,59,26,3.6,4.4,0.355,0.566,0.316,0.063,3,58.98,2.12,178.62,0.071,0.092,0.668,5.13,2.3,1,27.9,8.0,4,5,17,7,434.55,0,0
12581,West,Paid Search,Loyal,Control,50,43.4,41,16,7.4,5.8,0.503,0.765,0.398,0.056,2,75.19,1.1,183.71,0.323,0.13,0.75,7.99,2.0,2,33.1,6.0,5,5,12,11,705.19,0,1
12582,Northeast,Organic Search,Returning,Treatment,59,151.2,14,11,4.4,6.1,0.252,0.703,0.335,0.031,3,153.26,3.09,608.67,0.483,0.073,0.696,5.35,2.7,0,,10.0,6,5,15,2,303.99,0,0
12583,West,Referral,Loyal,Treatment,50,69.0,48,16,6.2,5.7,0.422,0.546,0.416,0.061,2,62.56,2.15,127.82,0.252,0.069,0.658,6.38,5.1,3,9.6,6.0,6,5,13,7,371.8,0,0
12584,South,Email,Loyal,Treatment,40,157.0,47,14,4.0,12.2,0.137,0.598,0.494,0.072,3,91.02,2.06,288.09,0.17,0.073,0.692,6.22,3.8,1,25.4,10.0,6,6,30,6,585.37,0,1
12585,West,Organic Search,Returning,Control,64,80.2,18,2,4.1,5.2,0.183,0.825,0.314,0.052,1,115.72,2.06,118.26,0.185,0.023,0.742,6.75,2.3,0,,10.0,5,5,41,2,236.79,0,0
12586,West,Referral,Loyal,Treatment,41,136.2,31,8,3.9,5.5,0.345,0.929,0.366,0.048,1,131.29,3.41,134.82,0.223,0.14,0.778,6.78,3.2,1,35.5,8.0,5,6,82,8,1015.22,0,1
12587,South,Paid Search,Returning,Control,55,61.7,9,3,8.3,6.1,0.383,0.304,0.166,0.017,0,114.8,2.15,0.0,0.16,0.1,0.747,4.94,3.4,0,,10.0,5,5,249,3,356.23,1,0
12588,South,Paid Search,Returning,Treatment,34,39.9,18,5,9.7,9.5,0.426,0.746,0.222,0.02,2,33.74,1.51,76.25,0.394,0.023,0.696,6.52,5.4,0,,10.0,5,4,52,2,82.82,0,0
12589,Northeast,Social,Loyal,Treatment,43,39.1,53,7,6.0,6.1,0.483,0.721,0.275,0.09,3,75.94,2.36,196.22,0.42,0.107,0.744,3.48,5.6,7,10.6,8.0,6,6,34,14,1024.39,0,0
12590,South,Paid Search,Returning,Treatment,43,45.8,20,4,4.3,4.6,0.392,0.751,0.497,0.051,0,80.45,2.0,0.0,0.401,0.112,0.494,5.45,3.1,0,,,2,3,149,2,187.51,1,0
12591,Northeast,Social,New,Control,27,91.7,1,5,2.9,3.9,0.486,0.973,0.177,0.009,0,94.18,3.27,0.0,0.52,0.125,0.658,2.3,3.1,0,,10.0,5,6,142,1,91.29,0,0
12592,Midwest,Social,Loyal,Control,39,53.3,43,8,9.6,6.8,0.363,0.835,0.366,0.067,2,65.76,1.73,137.85,0.286,0.249,0.751,6.76,3.8,2,19.5,3.0,7,7,6,2,152.75,0,0
12593,Northeast,Paid Search,Returning,Control,51,153.6,15,12,7.7,5.9,0.417,0.453,0.161,0.044,5,85.48,2.01,534.46,0.291,0.012,0.573,5.14,4.9,1,16.1,6.0,5,5,14,1,88.42,0,0
12594,South,Social,Returning,Treatment,52,74.2,19,24,6.0,5.1,0.455,0.749,0.24,0.023,1,85.36,2.04,88.64,0.185,0.126,0.587,4.61,4.3,1,57.5,6.0,6,5,53,2,213.18,0,0
12595,Northeast,Paid Search,Loyal,Treatment,39,70.2,38,11,5.1,4.8,0.385,0.844,0.271,0.017,5,150.45,3.98,1011.94,0.618,0.053,0.411,5.05,4.6,0,,9.0,6,6,13,6,1096.41,0,1
12596,South,Social,Loyal,Treatment,34,110.8,25,2,4.0,4.0,0.393,0.586,0.264,0.005,0,106.07,2.55,0.0,0.436,0.079,0.636,2.32,3.1,0,,6.0,3,4,205,3,352.0,1,0
12597,West,Organic Search,Loyal,Treatment,41,144.2,26,9,3.0,4.3,0.147,0.79,0.147,0.012,3,89.66,2.54,265.38,0.178,0.024,0.503,6.36,4.1,2,10.6,3.0,6,6,26,11,786.65,0,0
12598,West,Organic Search,Returning,Control,37,48.3,6,11,4.5,5.6,0.249,0.927,0.186,0.013,2,123.44,2.58,191.17,0.276,0.038,0.606,11.53,1.5,0,,7.0,6,7,19,1,139.65,1,0
12599,South,Social,Returning,Control,51,76.0,7,1,9.1,6.7,0.362,0.536,0.225,0.019,1,58.28,2.34,56.07,0.451,0.034,0.684,6.51,5.1,0,,8.0,5,6,71,2,104.27,0,0
12600,South,Email,Returning,Treatment,40,76.3,7,16,2.1,4.0,0.227,0.477,0.443,0.068,3,71.94,2.6,240.44,0.109,0.047,0.639,4.77,2.6,0,,5.0,6,5,18,1,73.37,0,0
12601,South,Referral,Returning,Control,42,43.5,20,3,4.5,4.3,0.405,0.541,0.541,0.023,0,82.45,2.69,0.0,0.41,0.084,0.69,3.77,5.0,0,,,5,5,143,2,152.43,0,1
12602,West,Organic Search,Returning,Control,28,107.8,17,14,6.1,5.7,0.296,0.932,0.362,0.098,2,54.04,1.8,103.3,0.112,0.054,0.72,4.95,1.4,0,,8.0,6,6,42,1,60.49,0,0
12603,South,Social,Loyal,Control,29,,45,4,3.9,5.7,0.319,0.864,0.236,0.009,1,113.0,2.93,133.98,0.43,0.059,0.662,9.79,2.0,2,24.6,7.0,6,6,89,7,805.75,0,0
12604,Midwest,Organic Search,Returning,Treatment,46,99.3,6,10,4.5,5.0,0.381,0.8,0.234,0.06,1,93.06,2.47,85.59,0.316,0.069,0.708,4.45,2.5,0,,6.0,3,3,14,1,79.92,1,0
12605,South,Referral,Loyal,Treatment,21,89.1,32,7,5.9,7.0,0.191,0.974,0.267,0.022,1,129.56,2.52,130.03,0.326,0.044,0.86,5.16,7.1,1,5.1,6.0,4,4,0,5,664.72,0,0
12606,Midwest,Email,Returning,Control,64,140.0,20,20,4.3,5.4,0.388,0.526,0.237,0.038,6,87.59,2.81,563.99,0.313,0.09,0.62,3.31,3.6,0,,9.0,4,4,27,4,353.7,0,0
12607,Midwest,Social,Loyal,Treatment,40,186.0,43,15,7.7,6.7,0.608,0.799,0.126,0.02,2,77.03,2.41,127.75,0.161,0.157,0.545,0.79,3.0,2,17.0,6.0,5,5,4,6,458.53,0,0
12608,Midwest,Social,New,Control,56,57.1,2,10,3.8,4.5,0.442,0.836,0.329,0.038,1,76.29,1.64,78.4,0.229,0.122,0.724,7.33,3.8,1,20.6,10.0,4,5,47,2,135.42,0,1
12609,South,Referral,Returning,Control,18,74.4,10,6,8.6,7.8,0.341,0.919,0.204,0.03,1,67.64,2.3,65.44,0.127,0.013,0.723,7.48,3.4,0,,7.0,6,6,60,3,199.56,0,0
12610,South,Organic Search,Returning,Control,36,57.5,7,5,8.7,7.1,0.339,0.769,0.205,0.022,2,66.65,2.79,160.59,0.505,0.083,0.709,7.68,3.5,0,,,4,4,17,6,389.23,0,0
12611,Midwest,Email,Returning,Treatment,52,162.0,7,6,7.3,8.2,0.322,0.81,0.568,0.065,0,98.35,2.37,0.0,0.456,0.083,0.769,5.68,3.8,0,,9.0,4,3,132,1,104.89,0,0
12612,South,Organic Search,Returning,Treatment,20,89.9,21,24,4.9,6.2,0.225,0.948,0.359,0.053,6,83.71,2.22,372.81,0.651,0.016,0.559,6.55,2.9,0,,7.0,5,5,16,1,79.12,0,0
12613,West,Social,Returning,Control,32,84.2,9,8,10.5,7.2,0.256,0.583,0.321,0.005,1,88.91,1.92,101.96,0.378,0.027,0.803,6.82,2.9,0,,8.0,7,7,51,2,185.07,0,0
12614,West,Paid Search,Loyal,Control,32,70.7,30,11,6.0,9.7,0.198,0.894,0.324,0.127,0,59.44,2.07,0.0,0.167,0.103,0.63,7.16,4.0,1,26.4,8.0,5,6,107,4,228.43,0,0
12615,South,Organic Search,Loyal,Treatment,57,126.0,30,9,9.5,8.9,0.23,0.814,0.296,0.071,2,92.89,1.61,232.11,0.136,0.089,0.731,5.82,3.4,0,,10.0,4,4,3,4,427.28,0,1
12616,Northeast,Organic Search,New,Control,28,48.1,5,12,6.7,8.9,0.315,0.884,0.297,0.074,3,49.6,2.34,159.5,0.109,0.085,0.756,8.91,2.5,0,,9.0,3,3,26,1,50.35,0,0
12617,West,Paid Search,Loyal,Control,44,54.9,34,24,5.6,7.9,0.288,0.725,0.313,0.041,6,102.22,2.53,523.46,0.342,0.129,0.78,8.34,4.0,1,39.4,6.0,5,5,2,4,457.89,0,0
12618,West,Paid Search,New,Control,31,43.3,5,6,13.8,11.8,0.379,0.79,0.281,0.017,1,93.28,1.95,95.36,0.56,0.047,0.764,7.48,2.9,0,,7.0,6,5,89,1,111.23,0,0
12619,South,Organic Search,New,Treatment,42,95.6,5,9,17.2,13.0,0.424,0.839,0.266,0.032,2,135.4,3.4,248.52,0.166,0.048,0.61,7.4,2.1,2,20.7,2.0,6,5,7,2,267.8,1,1
12620,South,Paid Search,New,Control,20,56.2,2,2,2.1,4.2,0.65,0.748,0.137,0.013,0,61.78,2.7,0.0,0.322,0.016,0.714,8.92,3.5,1,32.0,9.0,3,2,169,2,124.25,0,0
12621,West,Paid Search,Returning,Control,35,73.7,6,21,8.7,6.9,0.199,0.819,0.23,0.029,4,228.77,3.04,878.43,0.251,0.064,0.722,4.28,2.8,1,15.4,7.0,4,4,21,1,251.77,0,0
12622,Northeast,Referral,Returning,Control,36,75.5,15,8,11.1,8.1,0.476,0.697,0.225,0.06,1,145.4,3.21,121.8,0.2,0.053,0.564,7.64,1.7,1,46.9,,4,4,14,3,446.63,0,0
12623,South,Paid Search,Returning,Control,47,42.4,24,1,3.1,9.6,0.234,0.525,0.333,0.075,0,44.6,1.37,0.0,0.358,0.056,0.709,4.26,4.7,1,11.4,8.0,5,5,106,8,314.56,1,0
12624,South,Organic Search,Loyal,Control,59,74.0,93,17,12.2,8.7,0.205,0.575,0.308,0.006,2,87.75,1.91,194.29,0.138,0.09,0.644,4.94,4.2,4,17.5,,5,5,21,20,1549.74,0,1
12625,Midwest,Email,Returning,Control,52,35.6,16,3,9.9,7.2,0.182,0.754,0.383,0.12,0,119.61,2.2,0.0,0.15,0.024,0.786,6.18,2.0,0,,7.0,5,5,209,5,737.44,1,0
12626,South,Social,Returning,Control,27,96.3,7,3,9.5,8.4,0.526,0.772,0.139,0.026,2,153.67,3.86,242.19,0.084,0.047,0.732,6.23,3.6,0,,7.0,6,5,11,1,177.03,0,1
12627,Midwest,Social,Returning,Control,43,55.3,17,8,17.7,10.5,0.296,0.6,0.162,0.006,0,49.59,2.03,0.0,0.465,0.103,0.793,4.44,3.6,3,15.0,8.0,5,5,125,3,129.09,0,0
12628,South,Organic Search,Loyal,Treatment,56,95.5,36,17,6.3,6.5,0.256,0.872,0.548,0.095,3,47.52,1.0,147.04,0.534,0.074,0.594,3.83,5.6,0,,4.0,6,6,11,6,245.95,0,0
12629,Northeast,Email,Loyal,Control,38,65.0,50,14,4.2,6.3,0.197,0.844,0.571,0.033,1,97.37,2.89,92.7,0.43,0.173,0.5,5.77,4.3,4,12.3,9.0,5,5,23,19,1957.47,0,0
12630,Midwest,Organic Search,Returning,Control,32,93.3,8,2,22.4,13.2,0.253,0.513,0.356,0.076,0,102.98,2.8,0.0,0.319,0.148,0.622,7.07,4.8,0,,8.0,6,6,157,1,92.31,1,0
12631,South,Organic Search,Returning,Treatment,28,105.4,15,14,5.1,5.9,0.332,0.814,0.355,0.029,3,93.73,3.88,261.28,0.306,0.192,0.682,7.73,3.2,0,,10.0,4,4,21,2,199.97,0,0
12632,West,Email,Returning,Treatment,34,71.4,23,13,8.9,8.2,0.129,0.961,0.109,0.023,2,85.82,2.45,183.54,0.233,0.013,0.712,7.8,2.2,1,13.7,10.0,4,5,19,9,841.32,1,0
12633,Midwest,Organic Search,New,Treatment,41,89.9,5,8,2.9,5.4,0.401,0.606,0.269,0.018,1,70.16,2.62,58.0,0.143,0.001,0.748,0.76,1.9,0,,6.0,6,6,48,1,66.58,0,0
12634,Midwest,Organic Search,Returning,Treatment,36,134.3,21,22,4.1,6.2,0.276,0.949,0.192,0.044,6,81.36,2.82,469.75,0.283,0.099,0.683,8.32,3.7,0,,10.0,7,7,25,1,78.62,0,1
12635,South,Social,Loyal,Control,64,78.7,40,23,7.9,8.2,0.322,0.712,0.156,0.003,5,90.29,2.3,496.29,0.692,0.055,0.601,6.04,2.7,2,49.1,,4,4,8,7,617.61,0,0
12636,Northeast,Email,New,Control,40,118.6,1,3,7.4,9.5,0.238,0.954,0.239,0.036,1,198.07,3.15,252.96,0.239,0.007,0.653,8.15,3.1,2,27.6,6.0,6,5,42,1,182.61,1,0
12637,West,Organic Search,Returning,Control,40,54.0,18,10,5.5,5.2,0.269,0.596,0.271,0.014,1,68.58,2.13,69.25,0.189,0.03,0.535,3.79,4.4,0,,8.0,6,6,44,2,111.76,0,0
12638,Northeast,Email,Returning,Treatment,38,28.9,20,10,9.8,9.6,0.36,0.898,0.453,0.088,0,94.8,3.28,0.0,0.064,0.01,0.61,3.48,5.6,2,9.2,4.0,4,4,113,5,470.62,1,0
12639,South,Organic Search,Loyal,Treatment,49,,53,9,7.9,7.9,0.27,0.719,0.203,0.045,2,100.71,2.77,172.89,0.328,0.003,0.642,3.38,1.8,4,10.5,5.0,4,5,7,8,830.13,0,1
12640,West,Paid Search,Returning,Treatment,48,63.5,6,11,5.4,5.5,0.256,0.696,0.156,0.072,2,90.31,2.21,182.22,0.279,0.039,0.382,4.77,2.8,0,,7.0,5,5,40,1,95.02,0,0
12641,Midwest,Organic Search,Loyal,Treatment,68,65.7,26,13,5.3,5.6,0.321,0.733,0.226,0.011,2,79.16,1.82,194.56,0.328,0.109,0.484,3.17,5.0,1,72.7,8.0,5,6,87,2,157.77,0,0
12642,West,Referral,Loyal,Control,42,126.8,34,17,4.3,5.5,0.247,0.492,0.149,0.036,3,103.66,1.58,406.59,0.274,0.003,0.787,8.45,3.7,0,,7.0,5,5,33,4,457.84,0,0
12643,Northeast,Social,Returning,Treatment,76,99.2,22,2,11.7,8.2,0.427,0.426,0.104,0.027,1,107.56,3.29,111.88,0.118,0.074,0.534,6.48,3.4,1,20.0,8.0,5,6,7,2,213.38,0,0
12644,West,Paid Search,Returning,Control,46,107.4,19,9,5.1,5.4,0.301,0.748,0.366,0.033,2,155.51,2.69,349.54,0.609,0.274,0.793,5.77,1.5,1,20.1,3.0,3,4,62,6,854.54,1,0
12645,South,Organic Search,New,Control,52,45.2,4,7,3.4,7.9,0.325,0.376,0.195,0.029,2,93.9,3.03,163.6,0.309,0.124,0.725,7.11,1.8,0,,8.0,3,4,80,2,194.62,0,0
12646,South,Email,Loyal,Control,32,43.2,25,9,4.0,4.7,0.531,0.544,0.552,0.243,1,79.76,2.93,80.84,0.647,0.03,0.646,5.23,1.8,0,,8.0,6,6,21,7,530.18,0,0
12647,West,Social,Returning,Control,52,72.6,11,11,3.8,4.1,0.48,0.572,0.263,0.02,1,98.82,3.01,96.71,0.497,0.068,0.682,2.64,2.5,1,19.0,4.0,5,6,61,3,271.92,0,0
12648,Midwest,Organic Search,Loyal,Control,44,65.9,36,18,10.7,9.5,0.162,0.936,0.196,0.04,2,83.12,1.61,177.93,0.237,0.039,0.709,4.28,3.3,0,,6.0,4,4,23,10,799.88,0,0
12649,Northeast,Email,Returning,Control,35,41.5,23,20,12.6,8.5,0.402,0.514,0.382,0.044,2,88.64,1.79,204.09,0.279,0.013,0.673,8.09,6.9,1,32.4,9.0,4,5,40,8,759.97,0,0
12650,Northeast,Social,Returning,Control,37,49.7,11,10,6.4,5.5,0.388,0.691,0.201,0.035,2,58.87,2.6,97.61,0.375,0.13,0.508,5.82,2.9,1,8.5,10.0,6,6,10,1,54.06,0,0
12651,West,Organic Search,Loyal,Treatment,49,64.0,28,21,2.9,5.1,0.238,0.798,0.389,0.039,9,76.83,2.74,617.36,0.069,0.031,0.716,4.47,5.2,1,56.1,6.0,5,6,3,1,69.84,1,0
12652,West,Paid Search,Returning,Control,33,140.9,21,9,6.1,6.0,0.647,0.647,0.166,0.012,0,53.87,2.4,0.0,0.418,0.045,0.75,7.5,1.3,0,,7.0,4,5,159,4,229.14,1,0
12653,West,Paid Search,Loyal,Treatment,40,28.3,38,10,7.5,7.0,0.33,0.707,0.201,0.029,3,53.76,2.08,150.23,0.319,0.083,0.68,8.49,6.2,2,16.8,6.0,6,6,24,5,300.42,0,0
12654,South,Paid Search,Returning,Treatment,31,90.1,9,2,9.8,7.6,0.279,0.83,0.217,0.023,2,80.03,2.7,185.19,0.119,0.081,0.577,1.96,6.1,0,,7.0,6,6,22,3,276.83,0,1
12655,West,Paid Search,Returning,Treatment,37,124.7,9,7,3.8,5.7,0.471,0.64,0.295,0.032,4,55.33,2.06,201.35,0.234,0.072,0.639,4.9,3.5,0,,,4,3,19,2,113.97,0,0
12656,Northeast,Paid Search,Loyal,Control,59,91.9,61,4,10.2,7.1,0.456,0.376,0.273,0.014,2,100.64,1.67,207.7,0.446,0.146,0.707,7.44,4.6,1,16.6,7.0,4,4,41,4,476.05,0,0
12657,West,Paid Search,Loyal,Control,30,,29,10,5.8,5.6,0.277,0.58,0.512,0.115,3,72.91,2.38,224.67,0.793,0.072,0.667,8.98,2.3,1,40.8,10.0,5,5,10,9,773.68,0,0
12658,West,Referral,Returning,Treatment,43,54.1,16,28,15.4,11.0,0.262,0.393,0.465,0.036,4,105.71,2.73,390.92,0.354,0.028,0.576,5.17,3.6,0,,6.0,6,6,4,3,284.94,0,0
12659,Midwest,Social,Returning,Control,34,54.1,18,22,23.6,14.5,0.247,0.675,0.269,0.029,4,76.49,3.22,338.13,0.305,0.166,0.786,5.57,3.6,0,,8.0,4,5,17,5,401.75,0,0
12660,South,Organic Search,Returning,Control,57,47.0,10,6,2.9,4.3,0.374,0.738,0.353,0.06,0,110.19,2.72,0.0,0.174,0.044,0.588,6.11,2.6,0,,10.0,5,5,360,2,242.61,1,0
12661,West,Organic Search,Loyal,Treatment,40,47.4,40,3,7.3,7.5,0.201,0.486,0.33,0.006,1,94.5,2.67,92.74,0.355,0.066,0.6,2.21,5.0,3,10.0,10.0,5,5,48,3,259.59,1,0
12662,Midwest,Paid Search,Loyal,Control,18,64.0,25,3,6.1,6.3,0.429,0.998,0.331,0.102,0,104.79,2.27,0.0,0.262,0.088,0.533,6.71,2.9,1,21.6,,4,4,129,2,211.07,0,0
12663,West,Social,Returning,Control,44,51.4,7,6,5.9,5.4,0.216,0.806,0.158,0.036,0,86.72,1.39,0.0,0.298,0.017,0.723,5.84,2.3,0,,,3,4,155,2,160.93,0,0
12664,Midwest,Organic Search,Returning,Treatment,43,102.6,7,6,2.5,4.2,0.181,0.769,0.187,0.009,1,100.23,3.33,94.56,0.348,0.12,0.704,6.08,4.6,0,,8.0,5,5,49,1,108.28,0,1
12665,South,Paid Search,Loyal,Control,47,138.6,45,2,9.3,11.7,0.533,0.619,0.181,0.031,1,50.87,1.82,54.95,0.315,0.111,0.705,2.94,2.7,1,26.7,8.0,3,5,41,12,439.49,0,0
12666,Northeast,Organic Search,Returning,Treatment,18,47.5,6,6,8.1,7.5,0.329,0.932,0.336,0.063,2,89.13,3.1,216.96,0.201,0.08,0.859,4.6,3.3,1,30.8,7.0,6,6,89,1,94.44,0,0
12667,Midwest,Organic Search,Returning,Control,51,100.7,6,9,6.7,7.5,0.274,0.759,0.299,0.035,1,142.99,3.08,146.72,0.348,0.159,0.763,5.46,3.3,2,8.8,7.0,2,2,71,2,281.32,1,0
12668,Midwest,Email,Loyal,Treatment,27,109.2,33,16,12.7,10.8,0.167,0.744,0.453,0.041,5,62.45,2.7,383.03,0.494,0.077,0.776,5.54,4.6,0,,,7,7,6,5,326.95,0,0
12669,South,Referral,Returning,Control,51,49.4,8,2,4.9,4.9,0.231,0.713,0.184,0.033,0,104.71,2.39,0.0,0.201,0.022,0.813,4.49,4.2,1,5.1,,5,5,176,5,461.94,1,0
12670,West,Referral,Returning,Control,42,69.8,15,11,3.3,4.2,0.129,0.663,0.29,0.073,6,85.38,2.18,563.75,0.153,0.091,0.646,6.49,2.3,2,39.1,7.0,4,4,18,3,250.69,0,0
12671,Midwest,Organic Search,Loyal,Control,58,,52,12,7.4,7.9,0.441,0.498,0.377,0.058,3,62.86,2.48,210.93,0.286,0.037,0.711,4.75,2.9,2,19.9,9.0,7,7,5,9,644.49,0,0
12672,Midwest,Paid Search,Returning,Control,45,179.4,11,9,6.6,7.4,0.237,0.671,0.156,0.025,1,91.56,1.86,103.86,0.266,0.082,0.718,4.23,1.5,0,,6.0,5,5,80,5,518.18,0,0
12673,South,Organic Search,Returning,Control,47,52.6,17,24,11.3,7.9,0.242,0.805,0.137,0.065,5,55.94,2.38,343.21,0.145,0.024,0.789,6.72,4.2,0,,10.0,5,6,14,1,49.67,0,1
12674,South,Social,Loyal,Treatment,49,83.1,40,25,7.9,8.0,0.505,0.581,0.391,0.012,2,113.97,3.13,268.19,0.14,0.101,0.691,7.49,3.0,0,,8.0,7,7,5,3,316.82,0,0
12675,Midwest,Organic Search,Loyal,Control,41,70.3,27,17,4.3,4.7,0.319,0.433,0.391,0.013,3,133.5,2.92,370.33,0.444,0.04,0.803,9.31,2.3,1,14.7,7.0,6,7,28,3,348.87,0,0
12676,Midwest,Social,Loyal,Control,46,89.3,39,9,2.5,6.3,0.455,0.874,0.088,0.017,3,102.49,2.72,251.4,0.296,0.117,0.719,6.03,2.6,2,26.6,3.0,7,7,8,5,485.52,0,0
12677,Northeast,Paid Search,Loyal,Treatment,19,137.3,44,7,5.8,7.3,0.302,0.969,0.34,0.051,3,87.58,1.48,293.33,0.453,0.019,0.588,6.38,3.1,2,38.3,,5,5,10,2,192.9,0,1
12678,South,Email,Returning,Treatment,18,84.6,14,18,8.8,6.7,0.267,0.988,0.366,0.054,3,81.56,3.03,245.97,0.088,0.063,0.551,5.47,4.0,0,,8.0,6,7,12,1,67.49,0,0
12679,West,Organic Search,Returning,Treatment,29,162.9,11,3,7.0,5.8,0.293,0.862,0.234,0.029,0,51.9,3.04,0.0,0.198,0.19,0.649,4.29,5.5,2,18.6,2.0,5,5,144,3,158.28,1,0
12680,Northeast,Organic Search,Returning,Treatment,40,71.8,24,11,4.6,6.6,0.184,0.789,0.197,0.043,1,91.34,1.83,102.54,0.389,0.055,0.573,5.11,3.9,3,16.0,7.0,4,5,55,5,475.46,0,0
12681,West,Organic Search,Returning,Treatment,44,105.9,10,10,5.2,5.3,0.383,0.659,0.18,0.011,1,69.16,1.98,70.83,0.185,0.055,0.714,3.09,4.0,0,,6.0,7,7,89,2,116.77,0,0
12682,South,Referral,Loyal,Treatment,37,111.4,52,19,10.2,7.8,0.255,0.925,0.239,0.024,3,54.73,1.0,122.12,0.238,0.171,0.77,3.26,3.3,4,26.1,,5,5,21,21,1443.63,0,0
12683,West,Social,New,Control,41,94.2,5,4,7.3,10.6,0.317,0.595,0.211,0.03,0,39.07,2.11,0.0,0.504,0.168,0.533,8.3,2.2,1,19.1,8.0,4,4,109,2,77.68,0,0
12684,South,Paid Search,Returning,Treatment,44,49.1,21,7,9.3,7.7,0.251,0.881,0.352,0.032,1,53.38,2.47,61.72,0.309,0.153,0.674,4.58,4.6,1,16.0,6.0,4,5,17,11,598.06,0,1
12685,Midwest,Email,Loyal,Treatment,21,119.8,29,12,5.0,8.1,0.155,0.953,0.229,0.014,3,48.32,2.31,126.05,0.391,0.029,0.799,2.75,5.0,3,30.0,9.0,5,5,27,8,390.55,0,0
12686,West,Organic Search,New,Treatment,36,79.9,1,4,5.0,5.3,0.355,0.79,0.413,0.029,1,64.0,2.29,69.89,0.425,0.007,0.639,5.43,2.2,0,,10.0,5,5,74,1,73.98,0,0
12687,West,Paid Search,Returning,Treatment,30,59.7,17,12,18.7,11.6,0.442,0.968,0.363,0.021,4,74.73,1.89,312.73,0.449,0.231,0.726,7.03,3.0,0,,7.0,5,5,35,3,195.62,0,0
12688,West,Organic Search,Returning,Control,26,60.0,11,7,4.3,6.2,0.277,0.956,0.559,0.111,1,98.25,2.27,109.47,0.253,0.142,0.639,6.75,4.9,1,17.3,7.0,6,6,44,2,181.0,0,0
12689,South,Paid Search,Returning,Control,47,66.6,16,10,3.0,3.5,0.274,0.6,0.22,0.01,2,50.85,2.23,111.59,0.393,0.114,0.66,6.85,4.9,2,16.2,5.0,2,3,31,4,244.37,0,0
12690,Midwest,Email,Returning,Control,34,84.1,18,11,4.7,6.6,0.193,0.744,0.167,0.011,1,76.57,2.2,97.22,0.341,0.01,0.675,6.66,2.3,1,16.3,6.0,6,6,89,2,166.96,0,0
12691,West,Social,Returning,Control,45,,19,6,3.4,5.9,0.161,0.813,0.167,0.062,2,54.75,2.35,140.52,0.409,0.073,0.729,5.18,4.0,0,,6.0,5,5,25,2,134.91,0,0
12692,South,Social,Returning,Treatment,23,36.7,14,9,6.9,6.7,0.403,0.646,0.272,0.075,3,108.34,2.94,315.88,0.278,0.05,0.387,1.09,3.4,0,,7.0,7,7,12,5,497.12,0,0
12693,Midwest,Email,New,Control,36,101.7,3,1,5.6,5.8,0.332,0.853,0.341,0.004,0,45.62,1.78,0.0,0.167,0.074,0.816,6.81,3.7,0,,7.0,5,4,192,1,40.6,1,0
12694,Northeast,Paid Search,Returning,Treatment,41,156.8,21,2,7.8,7.2,0.356,0.875,0.327,0.019,4,155.15,4.2,646.73,0.265,0.053,0.732,3.91,3.3,2,66.2,10.0,6,6,11,2,307.28,0,0
12695,South,Organic Search,Returning,Control,50,58.3,24,5,8.1,6.7,0.475,0.815,0.382,0.043,0,82.07,1.93,0.0,0.249,0.066,0.579,6.55,3.9,1,17.8,10.0,2,2,264,1,66.7,0,0
12696,West,Email,Returning,Treatment,47,84.9,16,18,5.6,4.8,0.331,0.649,0.56,0.171,3,76.44,2.59,214.82,0.445,0.011,0.555,3.65,1.2,4,8.2,4.0,5,6,9,5,391.32,0,0
12697,Northeast,Social,Returning,Control,53,42.7,9,3,11.5,9.0,0.482,0.684,0.269,0.007,3,88.39,2.23,207.24,0.728,0.013,0.724,2.75,3.4,2,13.6,6.0,6,6,10,1,77.18,0,0
12698,Midwest,Email,Returning,Treatment,24,48.8,10,23,7.6,6.2,0.23,0.797,0.214,0.076,2,50.21,2.75,95.91,0.327,0.046,0.517,7.13,3.9,1,29.7,9.0,6,7,14,1,56.82,0,1
12699,Northeast,Organic Search,Returning,Control,40,78.5,15,5,5.2,8.2,0.135,0.73,0.313,0.098,5,78.42,2.4,448.63,0.16,0.076,0.618,6.61,5.4,1,41.3,3.0,6,5,23,3,257.47,0,0
12700,Midwest,Paid Search,Returning,Treatment,48,46.7,15,2,4.1,5.3,0.508,0.744,0.261,0.057,1,82.52,2.6,82.56,0.146,0.253,0.727,5.9,4.7,3,14.5,7.0,3,3,10,5,499.74,1,0
12701,Northeast,Email,New,Treatment,27,59.0,3,15,11.7,9.3,0.162,0.904,0.394,0.056,1,76.74,1.62,59.61,0.266,0.159,0.519,7.02,1.5,0,,10.0,4,4,24,1,76.52,1,0
12702,Midwest,Paid Search,Loyal,Control,32,95.9,27,7,2.3,3.8,0.353,0.949,0.425,0.049,1,150.51,3.54,169.33,0.288,0.054,0.631,8.46,3.8,2,16.7,7.0,6,7,17,4,599.4,1,0
12703,Northeast,Paid Search,Returning,Control,44,74.9,20,11,6.8,5.3,0.504,0.824,0.3,0.08,2,127.5,3.27,386.12,0.489,0.041,0.636,6.74,3.3,0,,9.0,6,6,46,2,279.15,0,0
12704,South,Organic Search,New,Treatment,36,16.0,3,7,6.5,6.2,0.282,0.413,0.106,0.015,1,58.98,2.81,59.96,0.399,0.04,0.767,6.24,2.4,1,13.3,8.0,5,6,15,1,58.41,0,1
12705,South,Paid Search,Returning,Control,52,65.2,17,8,3.4,4.6,0.462,0.524,0.226,0.039,1,63.49,2.88,50.99,0.225,0.061,0.855,8.09,2.9,0,,10.0,6,7,8,2,118.09,0,0
12706,Northeast,Organic Search,Returning,Control,36,80.4,11,3,7.6,6.2,0.411,0.606,0.156,0.024,1,108.99,2.57,133.4,0.341,0.009,0.672,6.31,2.4,2,14.1,10.0,6,6,64,5,579.57,1,0
12707,Midwest,Paid Search,Loyal,Control,38,39.5,26,5,5.0,5.7,0.554,0.855,0.174,0.035,0,90.98,2.67,0.0,0.48,0.032,0.752,5.18,3.0,2,6.8,4.0,6,6,203,8,776.58,0,0
12708,West,Social,Returning,Treatment,42,107.7,8,1,5.9,8.4,0.314,0.54,0.178,0.015,0,51.52,2.63,0.0,0.386,0.364,0.529,5.29,2.4,0,,7.0,6,6,147,2,90.16,0,0
12709,West,Organic Search,Returning,Control,51,83.9,12,10,5.8,6.7,0.196,0.546,0.271,0.031,0,119.72,2.51,0.0,0.298,0.053,0.7,4.54,2.4,0,,7.0,5,5,205,1,125.08,1,0
12710,West,Referral,Returning,Treatment,42,42.9,20,5,15.3,9.7,0.166,0.932,0.285,0.092,1,82.85,3.48,90.4,0.154,0.001,0.713,5.76,4.0,0,,4.0,6,6,89,6,528.61,0,0
12711,Northeast,Organic Search,Returning,Control,33,48.1,19,17,13.8,8.4,0.34,0.893,0.341,0.038,4,53.71,2.82,190.58,0.391,0.073,0.622,6.81,2.7,4,31.3,8.0,4,5,20,7,383.2,0,0
12712,Midwest,Organic Search,Loyal,Control,36,42.9,37,5,12.0,9.9,0.227,0.809,0.335,0.014,1,49.3,1.0,46.79,0.15,0.13,0.594,8.24,3.6,1,16.6,6.0,5,5,89,2,90.91,0,1
12713,South,Paid Search,Returning,Control,39,69.1,13,13,8.3,7.3,0.454,0.928,0.301,0.053,1,103.34,2.67,112.91,0.601,0.034,0.812,7.86,5.6,1,29.7,9.0,4,4,12,2,185.6,0,0
12714,West,Referral,Returning,Control,52,77.6,8,7,12.8,10.0,0.155,0.855,0.441,0.026,1,58.47,2.44,71.8,0.207,0.016,0.843,8.76,3.4,0,,8.0,6,7,13,1,52.38,0,0
12715,South,Referral,Returning,Control,18,54.1,9,1,5.3,7.9,0.296,0.792,0.164,0.01,0,52.31,2.75,0.0,0.227,0.021,0.855,7.53,6.2,1,11.6,7.0,7,7,158,2,95.6,1,0
12716,South,Paid Search,Returning,Control,58,104.3,23,8,10.3,9.5,0.162,0.886,0.183,0.029,3,76.07,3.31,261.18,0.205,0.045,0.657,8.15,4.7,0,,8.0,7,7,13,5,358.03,0,0
12717,West,Paid Search,Returning,Control,25,74.9,17,10,1.5,3.0,0.585,0.973,0.304,0.091,0,57.75,2.44,0.0,0.327,0.161,0.792,7.4,3.2,3,37.5,3.0,3,3,101,3,204.29,1,0
12718,South,Paid Search,Loyal,Control,47,88.8,28,6,6.7,6.6,0.402,0.827,0.169,0.01,1,64.47,2.42,63.63,0.058,0.098,0.621,7.97,3.2,1,39.1,8.0,4,5,52,3,192.03,0,0
12719,West,Referral,Returning,Control,33,128.4,12,4,5.0,5.7,0.402,0.831,0.264,0.049,4,122.56,2.34,492.83,0.194,0.038,0.704,4.7,6.9,1,31.8,6.0,5,6,54,6,785.61,0,0
12720,South,Paid Search,Returning,Control,57,68.8,16,8,8.0,8.6,0.28,0.468,0.403,0.022,3,93.11,2.69,319.78,0.4,0.184,0.717,8.3,3.9,0,,6.0,6,6,23,3,285.93,0,1
12721,Northeast,Referral,Loyal,Treatment,56,73.5,50,22,6.7,5.9,0.283,0.714,0.177,0.003,2,78.79,3.18,166.74,0.425,0.028,0.671,3.83,3.5,1,45.5,6.0,4,4,64,4,350.33,0,0
12722,West,Social,Loyal,Treatment,73,69.6,38,22,4.8,4.3,0.273,0.824,0.194,0.077,1,107.83,2.89,112.94,0.245,0.178,0.626,4.3,2.5,2,22.9,5.0,7,7,30,7,710.48,0,1
12723,South,Email,Loyal,Control,47,180.0,26,12,7.2,6.7,0.316,0.656,0.316,0.136,1,112.49,2.86,124.45,0.464,0.112,0.616,5.01,3.6,2,13.3,,4,4,71,10,1123.81,0,1
12724,West,Social,Loyal,Control,39,68.7,33,9,9.5,8.6,0.268,0.862,0.318,0.104,1,131.24,3.75,119.64,0.457,0.321,0.715,6.22,3.0,1,6.4,4.0,5,5,16,6,595.48,0,0
12725,Midwest,Paid Search,Returning,Control,49,30.9,17,1,6.8,6.7,0.334,0.831,0.237,0.015,0,54.93,2.8,0.0,0.258,0.113,0.819,4.73,3.6,0,,5.0,6,6,215,2,107.75,1,0
12726,West,Social,Returning,Treatment,53,115.8,17,4,6.1,5.2,0.367,0.609,0.167,0.078,2,73.84,2.22,141.29,0.401,0.045,0.575,3.1,2.1,0,,7.0,5,5,32,1,82.97,0,0
12727,West,Paid Search,New,Treatment,43,65.8,3,5,3.1,6.6,0.409,0.664,0.236,0.028,1,121.08,3.81,151.58,0.378,0.011,0.62,5.24,3.1,2,38.1,8.0,4,4,72,1,119.1,1,0
12728,Midwest,Organic Search,Returning,Treatment,59,85.6,9,1,4.1,5.0,0.184,0.213,0.2,0.012,1,104.01,3.25,95.62,0.43,0.131,0.682,3.41,4.6,0,,5.0,5,4,49,1,114.77,1,1
12729,West,Paid Search,Returning,Control,47,106.0,10,10,5.0,9.9,0.267,0.82,0.164,0.017,1,202.72,4.53,182.89,0.081,0.044,0.746,7.98,5.7,0,,6.0,7,7,55,1,207.71,0,0
12730,Midwest,Social,Loyal,Treatment,41,,82,19,5.5,7.5,0.574,0.819,0.271,0.038,6,65.21,1.86,333.83,0.439,0.16,0.708,3.51,4.6,0,,10.0,6,6,34,3,219.3,0,0
12731,Northeast,Organic Search,Returning,Treatment,26,233.8,19,10,8.0,9.7,0.29,0.904,0.343,0.005,2,185.22,4.74,344.1,0.19,0.067,0.675,6.0,5.1,1,32.3,6.0,4,4,40,4,732.93,0,1
12732,Northeast,Social,Returning,Control,34,51.6,16,5,3.4,5.6,0.268,0.941,0.101,0.034,1,63.82,1.99,62.41,0.311,0.118,0.777,8.47,3.7,0,,9.0,3,3,16,4,323.79,0,0
12733,Midwest,Social,Returning,Treatment,46,40.2,12,2,12.4,15.6,0.158,0.848,0.171,0.019,1,87.73,1.61,81.67,0.434,0.084,0.496,6.13,5.2,2,33.9,4.0,5,4,25,3,280.15,1,0
12734,Northeast,Paid Search,New,Control,39,55.1,1,2,4.3,8.8,0.434,0.991,0.239,0.051,0,55.06,2.72,0.0,0.534,0.097,0.738,8.01,3.1,0,,10.0,7,7,233,1,66.18,1,1
12735,South,Paid Search,Returning,Treatment,41,41.9,20,15,6.1,5.6,0.246,0.755,0.139,0.024,5,121.69,2.42,660.68,0.303,0.011,0.839,7.17,3.8,1,24.8,8.0,6,6,6,2,212.08,0,0
12736,Midwest,Social,Loyal,Control,38,90.2,36,16,5.4,6.2,0.446,0.57,0.362,0.016,2,61.52,3.73,97.88,0.515,0.121,0.769,5.47,4.4,1,19.8,6.0,5,5,11,5,283.13,0,1
12737,West,Organic Search,Returning,Treatment,45,40.5,16,14,2.3,4.7,0.284,0.931,0.291,0.061,0,78.64,2.93,0.0,0.281,0.014,0.596,3.72,2.7,1,6.9,9.0,6,6,262,2,147.87,1,0
12738,Midwest,Paid Search,Returning,Control,53,106.6,14,2,4.7,5.9,0.298,0.454,0.118,0.008,2,104.43,1.96,232.1,0.399,0.057,0.555,4.54,7.1,0,,8.0,4,5,71,4,433.94,0,0
12739,South,Organic Search,New,Control,49,41.4,3,10,3.9,5.0,0.316,0.672,0.159,0.027,2,106.72,1.0,214.0,0.425,0.014,0.715,8.39,1.9,1,19.3,10.0,6,6,41,1,118.63,1,0
12740,West,Organic Search,Returning,Control,37,54.2,16,17,6.9,8.3,0.305,0.88,0.174,0.062,2,92.01,2.5,166.65,0.51,0.023,0.644,8.06,3.5,1,50.2,6.0,6,6,14,2,180.1,0,1
12741,South,Referral,Loyal,Control,56,35.2,36,14,6.0,4.8,0.372,0.644,0.201,0.011,2,111.03,2.76,202.5,0.061,0.015,0.568,8.78,3.6,1,16.8,6.0,5,5,15,7,891.63,0,0
12742,South,Paid Search,Returning,Treatment,27,67.0,6,12,8.1,7.2,0.532,0.77,0.335,0.039,3,92.67,1.46,358.12,0.619,0.19,0.714,2.83,4.2,2,10.5,5.0,5,6,20,3,269.02,1,0
12743,West,Organic Search,Loyal,Control,21,108.7,37,15,6.0,6.0,0.381,0.951,0.179,0.035,4,115.1,3.03,371.28,0.116,0.076,0.802,9.96,2.3,3,20.5,9.0,6,6,7,10,1128.81,0,0
12744,South,Social,Loyal,Control,48,69.0,63,8,3.7,5.0,0.283,0.782,0.214,0.028,2,48.52,2.24,100.32,0.278,0.054,0.631,3.72,5.5,1,20.8,9.0,5,6,30,7,362.73,0,0
12745,South,Referral,Loyal,Control,37,29.7,26,6,8.1,8.4,0.294,0.744,0.134,0.035,0,95.09,3.04,0.0,0.216,0.018,0.747,4.12,4.0,1,11.1,6.0,7,7,365,3,281.37,1,0
12746,West,Social,Loyal,Control,26,56.5,35,17,2.4,3.4,0.401,0.917,0.258,0.019,4,70.2,2.04,251.51,0.536,0.074,0.607,7.72,3.7,2,7.9,9.0,6,5,5,8,487.52,0,0
12747,Midwest,Referral,Returning,Control,39,53.3,18,4,5.1,6.1,0.185,0.723,0.177,0.015,1,63.16,2.33,64.19,0.109,0.047,0.692,7.55,5.7,1,15.3,6.0,5,5,89,3,172.06,0,0
12748,Northeast,Email,Returning,Control,52,48.5,12,10,14.6,11.3,0.245,0.9,0.371,0.049,3,129.25,3.45,363.64,0.195,0.018,0.563,5.18,2.2,1,31.5,6.0,6,7,19,2,256.82,0,0
12749,Northeast,Organic Search,Returning,Treatment,56,61.9,14,9,5.0,9.3,0.258,0.721,0.386,0.079,0,64.9,1.0,0.0,0.573,0.065,0.747,5.02,3.2,5,52.8,9.0,4,4,135,4,242.09,0,0
12750,Northeast,Social,Returning,Treatment,34,68.9,7,2,3.8,4.1,0.634,0.444,0.25,0.019,1,99.13,3.33,118.53,0.345,0.091,0.499,7.59,2.6,0,,9.0,3,4,22,2,202.18,0,0
12751,Midwest,Referral,Returning,Control,36,164.0,20,1,6.4,8.9,0.13,0.839,0.166,0.001,0,77.6,2.12,0.0,0.142,0.01,0.627,8.94,2.3,2,12.8,10.0,6,7,211,7,447.13,0,0
12752,West,Organic Search,Returning,Control,61,72.6,17,9,6.9,6.2,0.426,0.561,0.336,0.055,0,114.3,2.47,0.0,0.164,0.029,0.711,4.56,4.3,0,,9.0,4,4,258,1,100.56,1,0
12753,West,Organic Search,Loyal,Treatment,55,52.5,38,13,2.9,4.9,0.447,0.334,0.202,0.067,7,127.42,2.65,1058.73,0.195,0.112,0.728,6.26,4.8,0,,,5,6,10,5,667.85,1,0
12754,West,Paid Search,Returning,Treatment,43,141.3,12,16,9.3,6.5,0.314,0.552,0.346,0.013,2,94.44,2.43,167.88,0.307,0.029,0.689,5.06,2.2,0,,5.0,4,5,12,1,92.45,0,0
12755,Northeast,Paid Search,Loyal,Control,59,62.7,51,7,5.5,5.1,0.415,0.736,0.134,0.029,1,77.7,3.27,79.43,0.177,0.089,0.767,6.33,5.1,1,7.6,6.0,3,5,70,5,355.58,0,0
12756,West,Paid Search,Loyal,Treatment,43,52.6,71,18,5.8,5.7,0.2,0.581,0.42,0.02,3,118.82,3.51,322.78,0.625,0.095,0.586,5.89,4.1,3,43.6,6.0,5,5,23,16,2069.4,0,0
12757,West,Organic Search,Returning,Control,47,53.0,11,15,8.7,6.7,0.168,0.752,0.143,0.031,3,132.27,2.83,402.32,0.332,0.049,0.73,5.4,2.8,0,,10.0,6,7,49,1,142.89,0,1
12758,West,Organic Search,New,Control,50,60.2,3,3,5.9,6.5,0.135,0.829,0.192,0.026,1,93.77,1.25,98.43,0.17,0.057,0.722,8.34,1.9,1,16.7,10.0,4,3,89,1,137.65,0,0
12759,South,Organic Search,Returning,Treatment,43,96.3,12,11,6.1,5.8,0.216,0.681,0.282,0.014,2,51.05,2.21,81.41,0.182,0.045,0.663,6.2,1.7,0,,9.0,5,4,24,2,84.74,0,0
12760,West,Email,Loyal,Treatment,28,85.5,37,27,7.1,8.3,0.271,0.858,0.416,0.015,3,52.85,1.0,151.21,0.417,0.047,0.568,3.85,4.1,1,35.6,10.0,5,6,31,5,289.84,0,0
12761,West,Paid Search,Loyal,Control,38,,62,4,11.5,8.6,0.392,0.711,0.496,0.03,1,109.04,3.08,79.7,0.438,0.016,0.628,6.49,2.0,3,22.1,7.0,6,6,36,17,1687.99,0,1
12762,Northeast,Social,Returning,Control,58,267.4,20,14,10.5,7.3,0.512,0.606,0.242,0.027,4,130.73,2.99,502.8,0.409,0.017,0.763,7.41,2.4,0,,8.0,6,6,11,3,431.39,0,1
12763,West,Referral,New,Treatment,31,86.8,4,19,3.8,5.2,0.306,0.846,0.191,0.023,8,68.17,2.08,516.9,0.33,0.011,0.578,3.08,2.6,1,11.1,10.0,5,6,13,2,112.39,0,0
12764,West,Email,Loyal,Control,51,70.1,29,14,5.2,5.0,0.229,0.345,0.3,0.05,4,87.08,2.2,313.46,0.349,0.029,0.662,6.48,3.3,0,,9.0,6,6,21,1,84.1,0,1
12765,Midwest,Paid Search,Returning,Control,48,52.0,23,12,8.9,6.9,0.273,0.797,0.161,0.002,1,89.02,2.61,100.16,0.237,0.186,0.696,6.18,2.1,3,12.7,5.0,6,6,87,2,204.92,1,0
12766,Midwest,Organic Search,Loyal,Treatment,51,64.0,30,14,10.9,7.7,0.193,0.913,0.28,0.017,3,83.96,1.6,267.78,0.255,0.035,0.848,4.16,4.0,2,15.9,3.0,6,5,18,9,713.06,0,0
12767,West,Social,Loyal,Control,60,,38,14,4.8,5.0,0.365,0.675,0.33,0.01,3,86.27,2.21,274.06,0.384,0.063,0.624,5.83,3.2,1,19.0,6.0,3,4,41,5,432.61,0,0
12768,West,Paid Search,Loyal,Control,61,61.6,46,3,2.7,4.5,0.415,0.535,0.224,0.032,0,91.8,3.12,0.0,0.211,0.175,0.667,6.85,4.4,4,11.5,,5,5,170,4,359.02,0,0
12769,South,Email,Returning,Control,63,75.0,6,10,5.7,5.0,0.28,0.438,0.287,0.036,1,99.6,3.75,86.39,0.372,0.07,0.724,6.32,3.2,2,20.5,10.0,4,4,57,2,196.92,0,0
12770,Northeast,Social,Loyal,Treatment,18,103.0,76,6,5.3,4.7,0.625,0.985,0.169,0.051,5,85.37,2.94,490.22,0.409,0.137,0.594,3.81,4.9,2,22.5,4.0,6,6,5,11,859.84,0,1
12771,Northeast,Email,Returning,Treatment,37,43.9,8,13,12.2,8.6,0.23,0.902,0.138,0.009,4,49.89,2.53,210.01,0.364,0.026,0.463,6.06,3.8,0,,8.0,6,6,38,1,45.23,0,0
12772,Northeast,Organic Search,New,Treatment,27,106.7,5,2,4.8,5.3,0.153,0.889,0.431,0.048,0,106.82,1.74,0.0,0.342,0.048,0.645,5.58,3.4,0,,10.0,5,7,119,1,109.17,0,0
12773,Midwest,Organic Search,Returning,Control,35,,17,4,18.4,12.7,0.297,0.961,0.31,0.054,3,76.23,3.11,215.28,0.244,0.045,0.658,2.23,2.0,1,20.7,9.0,7,7,10,3,265.06,0,0
12774,Northeast,Email,New,Control,49,102.4,1,8,4.3,5.3,0.129,0.712,0.39,0.017,1,174.68,2.16,177.97,0.037,0.028,0.697,5.04,3.2,2,5.7,,5,6,27,1,221.97,0,0
12775,Northeast,Paid Search,Returning,Treatment,62,64.0,14,7,5.0,5.3,0.365,0.889,0.232,0.013,5,146.09,3.4,1060.79,0.217,0.029,0.566,1.47,4.2,0,,7.0,6,5,37,2,301.18,0,0
12776,South,Referral,New,Control,19,,3,12,3.2,5.8,0.211,0.652,0.176,0.019,3,48.64,3.21,104.77,0.564,0.075,0.623,8.0,3.4,1,23.3,8.0,5,5,8,2,85.51,0,0
12777,West,Social,Returning,Treatment,37,38.5,6,4,4.9,6.9,0.266,0.51,0.296,0.013,0,88.09,3.71,0.0,0.212,0.188,0.695,3.67,4.3,0,,6.0,7,7,134,3,252.63,1,1
12778,West,Email,Returning,Control,56,33.0,19,7,4.1,4.3,0.198,0.713,0.318,0.029,3,73.07,3.06,252.46,0.228,0.077,0.792,4.44,3.6,0,,9.0,5,5,16,1,74.86,0,1
12779,Midwest,Paid Search,Returning,Control,41,53.2,8,6,11.4,8.6,0.499,0.601,0.153,0.037,3,66.4,3.75,199.86,0.14,0.009,0.68,6.75,4.4,0,,6.0,4,4,8,1,75.08,0,0
12780,West,Paid Search,New,Control,34,67.0,5,8,12.0,10.0,0.202,0.899,0.138,0.021,1,82.08,1.76,95.8,0.301,0.155,0.682,7.65,4.0,0,,8.0,4,3,89,2,201.12,0,0
12781,Northeast,Paid Search,New,Control,40,93.8,3,1,8.4,7.2,0.317,0.535,0.249,0.026,0,88.05,2.4,0.0,0.499,0.076,0.687,4.78,1.6,0,,8.0,7,7,129,1,102.0,1,0
12782,South,Paid Search,Loyal,Treatment,28,105.4,26,5,3.6,5.3,0.344,0.889,0.163,0.032,3,95.3,2.9,376.0,0.549,0.075,0.709,5.36,3.0,0,,10.0,5,5,13,3,274.11,0,1
12783,West,Referral,Returning,Treatment,23,56.3,24,19,6.5,8.6,0.372,0.945,0.188,0.016,3,50.38,1.57,147.73,0.415,0.077,0.565,3.4,3.8,0,,10.0,7,7,22,3,155.6,0,0
12784,South,Social,Loyal,Treatment,20,53.1,25,12,6.6,6.7,0.339,0.732,0.262,0.035,2,92.68,2.63,118.63,0.192,0.096,0.764,7.74,2.7,1,19.7,7.0,5,6,20,1,84.6,0,0
12785,South,Social,Returning,Treatment,35,209.6,22,12,6.4,6.4,0.348,0.818,0.266,0.017,3,87.37,1.61,270.24,0.367,0.053,0.628,6.12,5.1,1,14.0,9.0,6,6,25,4,317.02,0,0
12786,West,Referral,Returning,Treatment,38,42.5,7,4,7.9,7.3,0.206,0.904,0.154,0.02,0,53.14,1.66,0.0,0.462,0.015,0.649,5.66,1.8,1,18.0,7.0,5,5,155,1,52.67,1,0
12787,South,Organic Search,Loyal,Treatment,48,76.9,26,13,3.8,5.3,0.223,0.725,0.223,0.024,3,97.14,1.88,414.23,0.218,0.143,0.705,3.25,3.7,1,9.1,5.0,6,6,6,4,444.78,0,0
12788,West,Organic Search,Loyal,Treatment,32,189.8,30,7,12.0,8.8,0.119,0.67,0.189,0.033,1,76.77,1.44,84.56,0.472,0.106,0.66,6.28,1.9,1,16.0,10.0,5,4,14,6,477.85,0,0
12789,Northeast,Social,Returning,Control,60,50.0,9,1,7.3,6.5,0.395,0.754,0.051,0.005,0,92.0,2.81,0.0,0.502,0.126,0.76,9.88,2.7,0,,2.0,4,5,167,1,100.33,1,0
12790,Northeast,Organic Search,Loyal,Treatment,24,107.2,37,15,9.1,7.2,0.337,0.987,0.526,0.115,2,173.28,4.28,412.33,0.394,0.006,0.688,6.31,3.5,2,14.6,8.0,5,5,4,8,1528.23,0,1
12791,South,Organic Search,Returning,Treatment,61,63.1,16,16,5.4,5.4,0.326,0.22,0.22,0.065,1,91.24,3.05,102.43,0.152,0.032,0.494,7.33,2.5,1,26.0,9.0,5,6,65,1,102.67,1,0
12792,South,Organic Search,Returning,Control,48,50.4,20,6,3.1,4.5,0.241,0.883,0.286,0.016,1,67.16,2.22,66.51,0.39,0.054,0.743,11.08,2.7,1,52.1,7.0,5,4,20,2,144.58,0,0
12793,South,Social,Returning,Treatment,41,45.4,21,8,15.9,10.2,0.255,0.795,0.161,0.025,0,121.81,2.59,0.0,0.745,0.261,0.664,4.12,3.4,1,19.1,5.0,4,5,140,2,213.52,0,0
12794,Midwest,Email,Returning,Control,39,115.7,15,21,8.1,6.9,0.23,0.838,0.215,0.037,4,100.04,2.76,259.06,0.219,0.037,0.772,7.97,2.8,1,21.1,7.0,3,3,22,3,344.24,0,0
12795,West,Referral,Loyal,Treatment,37,111.7,76,13,4.0,7.2,0.28,0.96,0.136,0.011,1,78.11,2.08,80.93,0.267,0.036,0.673,6.77,5.9,4,48.0,9.0,5,4,89,9,735.89,0,0
12796,Northeast,Social,New,Treatment,42,117.1,3,8,8.5,6.1,0.502,0.837,0.384,0.026,2,138.92,4.0,236.8,0.172,0.075,0.74,2.84,3.3,1,12.7,9.0,4,4,24,1,121.96,0,0
12797,Midwest,Social,Returning,Control,55,132.3,6,9,7.1,6.2,0.374,0.747,0.12,0.005,0,100.94,3.12,0.0,0.235,0.097,0.798,6.52,3.7,1,9.1,8.0,6,7,124,1,111.42,1,1
12798,West,Organic Search,New,Control,40,90.4,4,13,4.0,5.4,0.431,0.315,0.592,0.069,0,51.48,2.78,0.0,0.502,0.037,0.782,7.44,5.1,1,24.2,9.0,6,7,212,1,53.41,1,0
12799,Northeast,Paid Search,Returning,Treatment,70,82.5,7,5,7.4,6.4,0.33,0.605,0.138,0.004,0,116.78,3.5,0.0,0.253,0.053,0.706,4.1,4.4,2,43.5,6.0,3,3,365,2,243.74,1,0
12800,Midwest,Paid Search,Returning,Control,41,24.8,12,4,4.3,4.6,0.428,0.775,0.05,0.011,0,41.15,1.05,0.0,0.292,0.18,0.668,6.23,4.1,2,29.7,4.0,5,6,152,5,209.15,1,0
12801,South,Social,Returning,Treatment,61,51.8,19,4,6.2,6.0,0.517,0.556,0.379,0.012,1,92.72,3.51,90.26,0.211,0.128,0.724,8.39,7.2,1,72.4,3.0,4,4,1,6,666.5,0,0
12802,Midwest,Paid Search,Returning,Treatment,33,55.7,21,7,3.8,5.2,0.316,0.681,0.298,0.021,2,62.09,2.29,126.99,0.246,0.025,0.602,6.79,3.1,0,,4.0,5,5,23,9,395.73,0,0
12803,South,Email,Loyal,Treatment,23,73.8,50,20,3.2,4.1,0.37,0.927,0.409,0.025,4,76.29,2.75,322.48,0.299,0.047,0.698,0.41,4.2,0,,6.0,6,6,37,9,710.42,0,0
12804,South,Social,Returning,Treatment,36,67.8,9,3,5.7,4.9,0.531,0.702,0.474,0.013,0,73.63,1.49,0.0,0.241,0.105,0.748,2.85,3.3,0,,,4,4,164,2,157.71,0,0
12805,Midwest,Organic Search,Returning,Treatment,48,53.6,19,22,5.6,5.6,0.173,0.708,0.092,0.015,3,103.36,3.06,266.7,0.174,0.173,0.504,5.1,3.5,1,14.6,6.0,3,3,51,5,559.73,0,0
12806,Northeast,Social,Returning,Treatment,41,68.6,11,2,5.0,4.5,0.315,0.769,0.363,0.105,0,84.33,2.72,0.0,0.23,0.026,0.739,4.6,3.3,0,,,3,4,101,1,96.11,0,1
12807,Midwest,Paid Search,New,Control,68,84.8,1,3,10.0,7.4,0.337,0.851,0.134,0.032,1,58.52,1.85,56.98,0.325,0.068,0.735,5.76,2.5,0,,9.0,6,6,19,2,112.82,0,0
12808,Northeast,Organic Search,New,Control,80,85.7,3,9,14.3,11.0,0.25,0.605,0.26,0.052,3,92.02,2.28,312.33,0.352,0.015,0.603,3.83,4.1,0,,10.0,5,5,14,1,89.42,0,0
12809,South,Paid Search,Returning,Treatment,18,127.7,24,7,7.6,6.6,0.333,0.996,0.121,0.01,1,103.95,2.76,81.97,0.419,0.172,0.639,3.79,5.0,2,15.0,7.0,5,5,51,3,351.61,0,0
12810,South,Referral,Loyal,Treatment,45,69.3,42,19,7.2,7.0,0.179,0.927,0.26,0.064,1,98.09,2.81,100.86,0.427,0.086,0.664,4.83,4.1,2,25.0,3.0,5,5,38,11,1219.5,0,0
12811,Midwest,Organic Search,Returning,Treatment,34,68.2,15,11,10.0,7.9,0.282,0.475,0.184,0.067,2,75.83,1.13,146.11,0.175,0.098,0.703,4.24,4.5,0,,8.0,5,6,18,1,87.66,0,0
12812,Midwest,Paid Search,Loyal,Control,55,79.3,66,26,6.3,7.3,0.334,0.676,0.036,0.003,5,134.82,3.62,552.09,0.24,0.149,0.756,8.44,9.1,2,8.6,6.0,3,2,7,12,1614.15,0,1
12813,West,Organic Search,Loyal,Treatment,45,59.2,27,11,4.5,4.6,0.157,0.502,0.188,0.009,3,132.92,2.22,313.12,0.31,0.1,0.531,3.48,5.0,3,87.5,6.0,4,6,44,3,467.02,1,1
12814,South,Organic Search,Loyal,Control,20,75.5,53,11,8.1,6.5,0.502,0.904,0.305,0.013,4,40.21,2.29,176.56,0.223,0.09,0.766,5.77,4.2,2,16.9,5.0,6,6,6,11,454.98,0,1
12815,Northeast,Social,Returning,Treatment,55,29.1,22,11,7.6,8.2,0.542,0.766,0.116,0.033,2,83.79,2.87,194.72,0.354,0.064,0.682,5.51,3.9,1,19.9,6.0,5,5,5,2,136.63,0,0
12816,South,Social,Returning,Treatment,60,111.2,9,6,14.5,10.4,0.258,0.58,0.574,0.115,2,140.81,2.48,220.87,0.467,0.12,0.741,7.35,3.1,0,,10.0,6,5,25,2,294.64,0,1
12817,Northeast,Referral,Loyal,Control,67,114.3,29,9,8.3,6.2,0.18,0.655,0.243,0.068,2,99.07,2.61,215.62,0.12,0.058,0.751,7.56,3.0,1,9.8,10.0,5,6,20,2,189.5,0,0
12818,South,Organic Search,New,Control,60,33.0,5,10,7.6,9.1,0.186,0.789,0.239,0.012,2,103.92,2.77,177.87,0.308,0.057,0.864,6.96,3.1,0,,7.0,6,6,15,2,205.77,0,0
12819,South,Referral,Returning,Control,47,80.0,9,7,2.0,3.6,0.429,0.822,0.1,0.032,2,118.6,2.35,242.63,0.21,0.065,0.731,6.58,3.1,1,12.4,3.0,5,6,45,3,358.94,0,1
12820,Northeast,Paid Search,New,Control,18,84.3,5,10,2.9,4.7,0.44,0.99,0.097,0.012,1,70.37,2.35,63.42,0.236,0.091,0.694,3.64,1.4,0,,9.0,5,4,89,1,59.02,1,0
12821,South,Email,Returning,Control,58,84.9,7,8,8.9,6.4,0.435,0.447,0.333,0.022,2,42.47,1.71,84.22,0.123,0.074,0.639,4.82,2.0,1,14.8,10.0,7,6,32,1,32.9,0,0
12822,Northeast,Paid Search,Returning,Treatment,50,104.7,11,13,5.0,6.0,0.455,0.569,0.253,0.047,3,84.45,2.96,291.85,0.569,0.03,0.655,2.01,3.9,0,,6.0,5,7,3,1,79.64,0,0
12823,West,Social,Loyal,Control,37,,74,16,10.7,7.6,0.253,0.61,0.416,0.151,2,69.4,2.64,187.08,0.495,0.073,0.608,5.37,3.0,2,29.6,,6,7,9,19,1313.39,0,0
12824,Midwest,Social,Returning,Control,49,74.5,16,4,9.5,10.5,0.258,0.797,0.293,0.018,2,306.48,4.45,837.48,0.518,0.078,0.726,4.63,3.5,0,,9.0,5,5,41,3,864.34,0,0
12825,Northeast,Social,Returning,Treatment,18,75.1,14,7,3.2,7.3,0.529,0.815,0.237,0.034,2,106.57,2.37,216.88,0.424,0.084,0.641,2.08,2.3,1,32.2,7.0,3,5,16,1,82.71,1,0
12826,South,Organic Search,Loyal,Control,49,100.1,37,7,15.9,11.5,0.447,0.471,0.077,0.017,1,107.62,2.53,88.74,0.19,0.263,0.709,3.91,4.1,0,,9.0,6,6,6,2,221.36,0,0
12827,Midwest,Email,Returning,Treatment,60,71.8,6,8,5.8,6.3,0.396,0.548,0.292,0.002,3,70.83,2.75,266.25,0.307,0.062,0.73,5.03,2.5,0,,5.0,4,4,15,1,73.14,0,0
12828,Midwest,Referral,Returning,Treatment,47,,13,8,3.0,5.4,0.336,0.723,0.429,0.115,0,78.57,3.07,0.0,0.28,0.053,0.648,6.54,4.1,0,,4.0,4,4,102,2,160.37,1,0
12829,South,Paid Search,Loyal,Control,48,57.6,82,15,9.3,13.8,0.3,0.693,0.036,0.002,2,148.31,3.03,299.4,0.25,0.02,0.493,7.24,4.5,4,33.0,6.0,6,6,22,16,2472.27,0,0
12830,West,Referral,Returning,Treatment,64,53.9,12,10,5.9,5.1,0.284,0.76,0.188,0.058,1,107.73,2.29,114.45,0.042,0.084,0.575,4.62,2.3,1,17.1,6.0,5,5,61,1,119.51,0,0
12831,West,Email,Returning,Treatment,23,58.8,11,12,3.4,5.3,0.089,0.863,0.314,0.013,3,87.03,3.4,301.48,0.439,0.034,0.741,3.53,3.9,3,44.4,3.0,7,7,16,3,304.56,0,0
12832,Midwest,Organic Search,New,Control,48,177.2,1,4,19.6,12.4,0.2,0.867,0.177,0.046,0,63.77,1.87,0.0,0.303,0.075,0.722,7.67,1.7,0,,7.0,4,4,305,1,73.39,1,0
12833,Northeast,Organic Search,Loyal,Control,56,90.8,26,16,9.0,6.5,0.266,0.762,0.312,0.085,8,94.34,3.64,645.29,0.093,0.1,0.769,5.72,5.0,0,,9.0,3,2,6,3,272.57,0,0
12834,Northeast,Paid Search,Returning,Treatment,42,232.2,7,7,6.0,5.9,0.291,0.785,0.158,0.049,2,94.41,2.76,189.87,0.368,0.085,0.653,4.66,4.0,0,,6.0,7,7,13,1,86.34,0,0
12835,Northeast,Paid Search,Returning,Treatment,49,101.9,22,25,11.2,9.9,0.355,0.882,0.412,0.045,5,103.43,2.04,525.65,0.195,0.017,0.679,2.17,2.2,2,13.6,6.0,4,4,7,3,283.41,1,0
12836,Midwest,Organic Search,Loyal,Treatment,46,105.1,40,17,5.3,6.1,0.29,0.689,0.332,0.035,3,94.98,3.66,188.97,0.101,0.109,0.651,5.96,3.4,1,7.8,10.0,7,7,20,2,225.32,0,0
12837,South,Organic Search,Returning,Control,59,77.9,8,3,11.8,8.5,0.517,0.306,0.073,0.006,0,52.79,2.27,0.0,0.183,0.082,0.73,2.99,2.8,2,14.6,10.0,6,6,123,3,155.4,1,1
12838,Northeast,Organic Search,Returning,Treatment,61,52.5,9,27,2.6,6.1,0.217,0.536,0.143,0.013,1,80.69,3.21,75.47,0.207,0.032,0.653,2.64,2.6,0,,9.0,4,4,2,2,127.33,0,1
12839,West,Paid Search,Returning,Control,21,55.4,6,5,3.8,5.2,0.48,0.828,0.166,0.06,0,86.96,2.93,0.0,0.324,0.161,0.75,7.77,2.2,0,,10.0,5,5,133,1,97.58,0,0
12840,Northeast,Paid Search,New,Treatment,49,62.8,5,3,6.4,6.9,0.529,0.666,0.266,0.036,1,127.26,2.36,131.43,0.346,0.065,0.655,4.05,3.4,0,,10.0,4,4,29,1,115.44,0,0
12841,Northeast,Social,Returning,Control,51,71.3,20,7,5.9,5.2,0.312,0.746,0.333,0.093,2,69.98,2.58,140.34,0.315,0.07,0.768,3.62,4.3,1,25.0,9.0,3,4,18,2,152.59,0,0
12842,Midwest,Social,Returning,Control,31,133.8,24,7,10.1,7.8,0.277,0.666,0.234,0.09,3,99.86,3.42,238.99,0.176,0.12,0.775,5.95,3.9,1,8.3,6.0,6,7,57,6,637.37,1,0
12843,West,Email,New,Control,28,58.4,2,4,6.0,6.0,0.317,0.693,0.222,0.018,0,60.39,1.74,0.0,0.268,0.101,0.724,4.79,3.2,0,,10.0,5,5,96,1,53.76,0,0
12844,Midwest,Paid Search,Loyal,Treatment,56,72.0,57,24,8.6,10.7,0.368,0.242,0.247,0.013,5,82.53,2.77,367.01,0.241,0.103,0.717,5.04,2.7,4,38.7,8.0,4,4,8,5,380.6,0,0
12845,Midwest,Email,Returning,Treatment,61,80.2,19,23,13.3,10.6,0.217,0.625,0.21,0.009,3,60.38,1.77,149.39,0.198,0.059,0.734,5.41,3.8,0,,10.0,5,6,20,4,239.07,0,0
12846,West,Social,Loyal,Control,44,129.6,44,16,4.0,4.4,0.357,0.742,0.177,0.018,3,110.16,2.37,292.21,0.231,0.061,0.804,8.45,3.3,3,9.4,8.0,5,5,43,8,843.56,0,0
12847,West,Organic Search,Returning,Control,38,66.6,24,8,11.9,8.6,0.21,0.986,0.183,0.016,1,150.73,4.71,162.32,0.24,0.075,0.875,3.9,3.9,2,11.3,7.0,4,6,49,7,1301.34,0,0
12848,South,Paid Search,Returning,Treatment,47,62.3,13,3,13.3,10.7,0.304,0.386,0.325,0.07,0,81.93,1.73,0.0,0.117,0.12,0.626,5.12,4.8,1,11.8,7.0,7,7,115,1,97.91,0,1
12849,Midwest,Paid Search,New,Treatment,46,86.1,4,6,6.0,5.0,0.234,0.7,0.346,0.055,1,139.83,2.6,128.57,0.584,0.032,0.633,5.53,3.6,1,18.5,4.0,3,4,2,1,142.55,0,0
12850,South,Referral,New,Control,44,81.6,5,7,3.9,4.6,0.479,0.347,0.192,0.031,0,83.28,3.45,0.0,0.136,0.098,0.681,2.21,3.5,0,,6.0,4,4,129,2,155.68,0,0
12851,Midwest,Organic Search,Returning,Control,45,63.9,15,9,6.9,5.9,0.305,0.632,0.244,0.035,7,80.63,1.39,678.78,0.244,0.091,0.755,10.29,5.9,4,22.2,4.0,5,4,9,1,75.07,1,0
12852,Northeast,Referral,Returning,Treatment,50,78.6,18,3,3.8,5.0,0.154,0.795,0.344,0.037,1,123.48,2.23,132.44,0.516,0.047,0.614,6.98,3.5,0,,10.0,6,6,5,1,147.78,0,0
12853,Midwest,Organic Search,Returning,Control,40,39.2,18,21,6.7,6.5,0.292,0.827,0.213,0.03,4,54.68,2.33,195.71,0.137,0.084,0.669,8.03,4.8,0,,6.0,4,5,1,1,47.1,0,1
12854,Midwest,Organic Search,Loyal,Control,43,52.9,40,7,5.8,5.7,0.253,0.459,0.353,0.036,2,125.15,3.77,236.36,0.447,0.028,0.692,9.28,3.5,1,37.3,9.0,7,7,66,6,818.68,0,0
12855,West,Paid Search,Returning,Treatment,27,78.3,19,7,4.4,6.8,0.403,0.947,0.2,0.026,1,88.02,2.99,91.14,0.401,0.05,0.554,3.71,2.5,2,19.5,7.0,7,7,31,5,400.79,0,1
12856,Northeast,Social,Returning,Control,30,81.4,7,6,15.6,9.4,0.278,0.701,0.356,0.105,1,58.48,2.49,69.45,0.505,0.124,0.646,5.18,2.1,3,8.8,6.0,5,5,26,1,61.12,0,0
12857,Midwest,Paid Search,Loyal,Control,32,50.8,42,1,6.9,7.2,0.474,0.6,0.265,0.056,0,83.75,2.27,0.0,0.192,0.072,0.649,4.48,3.1,5,23.4,,6,6,277,6,494.87,1,1
12858,South,Organic Search,Loyal,Treatment,66,99.0,28,13,3.7,4.6,0.535,0.898,0.441,0.034,1,113.54,2.42,115.12,0.415,0.04,0.65,3.33,2.9,2,37.4,,6,6,46,4,482.08,0,0
12859,South,Organic Search,Returning,Treatment,26,85.1,15,2,4.3,6.4,0.242,0.857,0.348,0.091,1,65.97,3.25,64.52,0.222,0.015,0.71,5.12,4.6,0,,6.0,5,6,16,3,206.74,0,1
12860,West,Paid Search,Returning,Treatment,18,36.0,13,15,3.9,7.4,0.273,0.96,0.42,0.051,3,52.53,1.42,122.1,0.206,0.034,0.629,3.52,2.2,1,14.8,10.0,4,4,45,3,157.67,0,0
12861,South,Organic Search,Returning,Control,41,151.7,7,6,7.7,6.8,0.226,0.912,0.273,0.02,3,150.63,3.81,407.54,0.303,0.112,0.43,5.22,3.7,0,,8.0,5,6,2,4,612.42,0,0
12862,Midwest,Referral,Returning,Control,31,40.1,9,11,3.3,5.1,0.393,0.286,0.14,0.011,4,53.51,2.26,246.23,0.398,0.095,0.639,5.75,3.4,0,,9.0,4,4,9,3,201.19,0,1
12863,West,Referral,Loyal,Control,55,21.6,30,14,15.1,10.1,0.214,0.844,0.049,0.002,8,74.41,2.41,849.61,0.468,0.034,0.713,5.6,2.1,0,,8.0,5,5,33,4,257.52,1,1
12864,South,Paid Search,Returning,Treatment,53,66.6,21,7,5.8,6.2,0.408,0.607,0.2,0.069,0,68.49,1.31,0.0,0.327,0.083,0.559,4.81,2.1,0,,10.0,4,4,96,2,134.06,0,0
12865,South,Email,Loyal,Control,39,95.7,48,10,4.3,5.8,0.269,0.516,0.468,0.109,1,123.31,2.88,134.72,0.298,0.047,0.626,5.1,3.5,1,12.6,7.0,6,5,53,8,962.06,0,1
12866,Midwest,Organic Search,Returning,Control,37,52.8,21,17,9.9,9.6,0.357,0.622,0.256,0.017,4,77.36,1.0,327.09,0.37,0.093,0.64,7.08,2.6,0,,9.0,4,4,13,4,332.19,0,0
12867,Northeast,Referral,Returning,Control,31,80.2,8,20,7.2,7.5,0.31,0.771,0.173,0.005,3,88.34,1.58,307.9,0.503,0.092,0.769,7.15,3.6,0,,10.0,5,7,10,1,70.43,0,0
12868,Midwest,Social,Returning,Treatment,68,92.1,13,24,7.6,7.5,0.486,0.567,0.189,0.055,4,94.69,2.97,413.18,0.303,0.051,0.669,6.0,2.7,2,13.7,6.0,5,5,2,5,465.92,1,0
12869,Midwest,Organic Search,Returning,Treatment,53,203.6,17,10,6.5,7.6,0.244,0.793,0.292,0.033,0,104.94,2.07,0.0,0.362,0.078,0.628,4.96,3.0,2,21.6,3.0,6,6,118,3,351.18,1,0
12870,West,Paid Search,New,Treatment,36,47.7,4,10,7.8,8.2,0.385,0.817,0.081,0.005,3,58.47,2.32,171.0,0.351,0.082,0.709,4.29,2.9,0,,4.0,5,4,39,3,149.0,0,0
12871,South,Social,Loyal,Treatment,57,111.2,25,3,3.4,5.7,0.307,0.648,0.099,0.009,1,73.08,3.16,71.58,0.528,0.216,0.717,5.62,1.9,0,,5.0,6,6,7,1,74.51,0,0
12872,Northeast,Social,Returning,Control,38,68.5,10,4,5.3,4.6,0.385,0.975,0.117,0.004,3,121.14,2.73,402.88,0.198,0.186,0.563,7.6,5.1,3,15.4,4.0,6,6,18,3,354.08,1,0
12873,South,Organic Search,Returning,Treatment,51,79.8,10,11,4.1,6.4,0.163,0.726,0.198,0.006,5,40.64,2.71,212.12,0.383,0.016,0.656,9.45,5.0,0,,7.0,6,6,24,2,83.41,1,0
12874,South,Referral,Loyal,Control,26,77.7,25,22,4.6,5.2,0.256,0.712,0.204,0.001,4,116.84,2.94,507.68,0.313,0.031,0.756,5.47,6.4,2,11.4,,6,7,9,7,957.55,0,0
12875,Midwest,Organic Search,Returning,Control,33,72.7,22,22,6.7,5.7,0.278,0.946,0.23,0.02,4,72.29,1.32,296.09,0.197,0.037,0.717,3.61,4.5,1,13.0,6.0,3,2,10,3,235.62,0,0
12876,Northeast,Paid Search,Loyal,Treatment,57,107.8,30,14,5.7,6.1,0.498,0.661,0.2,0.049,7,85.9,1.49,615.9,0.512,0.058,0.73,3.74,2.0,0,,7.0,6,7,5,1,93.34,0,0
12877,Northeast,Paid Search,Loyal,Control,30,82.6,25,14,3.3,6.3,0.539,0.949,0.453,0.058,1,96.67,1.92,97.12,0.771,0.023,0.602,5.41,3.2,1,15.0,8.0,5,6,6,8,760.72,0,0
12878,West,Paid Search,Returning,Control,39,29.9,11,2,11.3,7.7,0.384,0.796,0.373,0.11,0,106.92,2.14,0.0,0.421,0.047,0.651,3.69,3.4,0,,10.0,5,4,101,1,107.99,0,0
12879,South,Social,New,Control,26,43.3,4,6,5.9,6.3,0.402,0.804,0.26,0.006,2,97.18,2.85,257.67,0.276,0.055,0.823,7.31,2.5,0,,10.0,4,4,9,2,216.74,0,0
12880,West,Social,Loyal,Treatment,31,143.9,38,15,14.8,9.4,0.257,0.857,0.292,0.01,1,153.15,3.73,159.28,0.604,0.111,0.686,5.85,2.1,0,,8.0,7,7,23,1,147.34,0,1
12881,Northeast,Paid Search,Returning,Treatment,41,35.9,14,1,5.3,5.2,0.28,0.744,0.151,0.038,0,68.74,3.12,0.0,0.328,0.043,0.625,5.46,2.6,1,17.1,6.0,3,3,111,1,68.33,1,0
12882,West,Email,Returning,Control,18,50.4,21,18,4.1,5.5,0.418,0.917,0.133,0.016,4,63.8,2.05,331.89,0.104,0.08,0.858,6.31,1.0,3,16.9,6.0,5,5,38,5,396.6,1,0
12883,Northeast,Organic Search,Returning,Treatment,20,60.0,22,3,4.4,5.6,0.241,0.886,0.216,0.015,3,141.82,2.82,398.22,0.452,0.091,0.716,3.88,2.0,0,,9.0,5,5,15,3,417.98,0,1
12884,West,Email,Returning,Treatment,18,25.8,16,22,5.2,4.4,0.398,0.459,0.357,0.026,2,63.05,3.06,131.36,0.259,0.065,0.502,2.47,2.7,1,23.1,7.0,4,4,73,4,232.7,0,0
12885,South,Email,New,Control,37,94.3,5,18,8.3,6.9,0.236,0.956,0.367,0.041,2,139.03,3.12,274.44,0.236,0.107,0.764,4.32,7.5,0,,7.0,5,5,55,1,129.66,0,0
12886,West,Referral,Returning,Treatment,37,94.9,19,2,16.4,9.8,0.353,0.681,0.264,0.046,0,93.8,3.83,0.0,0.207,0.026,0.796,4.94,2.7,1,12.2,9.0,5,5,214,5,539.03,0,0
12887,Northeast,Paid Search,Returning,Control,26,42.9,21,10,4.5,4.0,0.402,0.877,0.274,0.082,2,107.51,2.98,212.82,0.304,0.081,0.582,7.8,5.2,0,,6.0,5,5,12,1,97.5,1,1
12888,South,Organic Search,Loyal,Control,25,53.7,44,15,20.1,13.6,0.206,0.882,0.447,0.025,2,70.9,1.46,156.51,0.139,0.041,0.717,9.11,4.8,0,,6.0,4,5,43,1,91.75,1,0
12889,West,Email,Returning,Control,39,104.8,20,9,4.2,6.7,0.228,0.387,0.407,0.061,1,81.98,2.33,71.46,0.231,0.02,0.614,8.38,3.4,2,41.9,8.0,5,5,50,6,449.41,0,1
12890,Northeast,Organic Search,Loyal,Treatment,42,50.4,29,4,7.2,7.3,0.115,0.343,0.25,0.09,0,107.88,2.88,0.0,0.156,0.061,0.629,3.0,3.2,2,26.0,6.0,4,3,113,2,241.48,0,0
12891,West,Paid Search,Returning,Control,47,69.8,22,6,5.5,7.1,0.538,0.85,0.189,0.012,0,96.88,2.46,0.0,0.417,0.127,0.748,3.7,4.9,0,,6.0,6,6,104,8,893.98,0,1
12892,South,Email,Returning,Control,37,67.1,12,15,5.7,4.9,0.314,0.761,0.507,0.096,1,60.21,2.35,57.32,0.244,0.145,0.701,6.8,3.9,2,12.0,4.0,6,6,11,2,143.2,0,0
12893,Northeast,Paid Search,Returning,Control,30,35.9,11,13,3.9,8.1,0.224,0.716,0.064,0.004,3,51.73,1.15,147.51,0.209,0.047,0.837,4.99,3.2,1,5.9,5.0,4,5,62,2,126.19,0,0
12894,South,Paid Search,New,Control,56,73.8,5,3,2.6,4.7,0.453,0.544,0.356,0.022,2,71.07,2.74,136.48,0.353,0.113,0.724,5.78,4.6,1,15.7,9.0,5,4,36,1,72.26,1,1
12895,South,Organic Search,Returning,Control,33,21.9,10,10,7.4,6.0,0.37,0.908,0.083,0.017,0,38.22,1.69,0.0,0.069,0.056,0.634,6.97,3.9,1,17.3,8.0,5,6,150,3,139.12,1,1
12896,South,Social,Loyal,Treatment,45,143.7,55,18,9.2,7.2,0.456,0.635,0.425,0.048,5,155.88,3.11,595.83,0.411,0.048,0.597,4.19,4.2,0,,,4,5,4,6,730.32,0,0
12897,West,Social,Loyal,Control,25,70.6,27,11,2.0,3.4,0.161,0.57,0.572,0.048,3,59.38,2.75,174.97,0.438,0.09,0.712,7.32,2.4,1,8.7,7.0,6,6,14,9,543.63,0,0
12898,West,Organic Search,Loyal,Control,48,89.3,43,20,12.2,9.6,0.183,0.661,0.148,0.023,4,121.03,2.72,528.0,0.116,0.04,0.795,11.17,2.2,1,27.8,8.0,6,5,12,4,550.18,0,0
12899,Northeast,Email,Loyal,Treatment,26,54.7,65,45,4.7,5.5,0.269,0.898,0.443,0.051,6,67.78,2.82,450.39,0.167,0.005,0.549,8.53,3.6,1,16.1,9.0,5,5,11,6,441.72,0,1
12900,West,Social,Returning,Control,52,53.1,8,2,3.9,5.9,0.613,0.692,0.231,0.008,0,46.29,2.57,0.0,0.198,0.128,0.8,3.95,3.5,0,,6.0,7,6,182,1,51.96,1,1
12901,Northeast,Email,Returning,Treatment,33,85.3,15,17,6.3,5.0,0.252,0.638,0.463,0.101,5,154.98,3.2,650.84,0.309,0.019,0.662,4.95,2.8,1,22.3,9.0,6,7,17,3,406.65,0,1
12902,West,Referral,Returning,Control,35,128.5,16,8,31.4,18.8,0.082,0.892,0.246,0.024,0,65.3,2.36,0.0,0.28,0.091,0.721,3.49,1.8,0,,9.0,6,6,114,3,203.35,1,0
12903,Northeast,Organic Search,Returning,Treatment,69,92.1,13,8,7.3,6.6,0.198,0.566,0.204,0.001,3,107.44,1.92,371.52,0.239,0.031,0.679,4.23,2.5,0,,7.0,7,7,7,1,101.83,0,0
12904,South,Organic Search,Returning,Control,44,95.0,20,8,3.4,4.5,0.453,0.721,0.147,0.025,1,68.39,1.3,64.18,0.338,0.036,0.789,4.55,3.5,0,,9.0,6,7,24,1,67.24,0,0
12905,West,Email,Returning,Treatment,43,90.1,17,12,5.0,5.2,0.313,0.746,0.348,0.048,3,120.35,3.36,377.64,0.297,0.041,0.671,4.13,2.3,2,31.6,6.0,6,5,22,3,322.21,0,0
12906,Northeast,Organic Search,Loyal,Treatment,31,271.6,42,23,9.9,7.6,0.148,0.773,0.283,0.004,4,148.91,2.48,781.13,0.32,0.046,0.563,3.59,3.7,4,17.4,,5,6,6,9,1577.45,0,0
12907,Northeast,Email,Returning,Treatment,37,131.8,8,15,3.1,5.3,0.378,0.627,0.566,0.117,2,91.46,2.4,171.8,0.172,0.058,0.723,4.86,3.1,1,31.4,6.0,6,6,32,6,379.5,0,0
12908,Midwest,Email,Loyal,Treatment,30,84.5,30,11,4.3,4.9,0.354,0.876,0.191,0.017,2,85.04,2.67,204.87,0.365,0.101,0.655,3.5,3.4,2,31.8,5.0,4,3,89,10,876.68,0,0
12909,West,Referral,Returning,Treatment,30,47.4,11,8,2.4,3.8,0.323,0.951,0.121,0.005,1,81.51,2.25,66.48,0.098,0.005,0.647,5.03,2.8,1,31.6,10.0,3,3,61,1,68.73,0,0
12910,Northeast,Paid Search,Returning,Control,44,112.8,21,4,11.0,7.2,0.298,0.659,0.268,0.005,1,60.54,2.97,66.02,0.327,0.051,0.746,4.32,2.7,3,9.1,6.0,5,5,11,8,523.94,0,0
12911,West,Paid Search,Returning,Control,32,48.0,12,3,3.5,5.6,0.477,0.764,0.278,0.024,1,74.3,3.24,59.7,0.143,0.065,0.758,7.11,2.1,0,,7.0,6,7,76,1,82.57,0,0
12912,South,Social,Returning,Treatment,26,58.2,14,7,3.8,4.7,0.313,0.756,0.186,0.026,0,64.46,3.22,0.0,0.604,0.119,0.873,2.77,3.6,2,31.5,6.0,5,6,117,1,73.56,1,0
12913,Midwest,Paid Search,Loyal,Treatment,29,75.6,76,14,7.1,6.8,0.408,0.727,0.154,0.01,2,63.31,2.23,126.03,0.207,0.103,0.646,3.98,3.0,6,8.9,6.0,6,6,71,8,377.18,1,0
12914,South,Social,Loyal,Treatment,46,223.3,34,7,16.4,9.5,0.328,0.708,0.191,0.001,2,133.71,3.45,312.13,0.465,0.181,0.649,3.26,5.1,1,37.6,8.0,6,6,25,6,656.94,0,0
12915,Midwest,Organic Search,New,Control,33,73.5,1,5,5.3,7.9,0.312,0.901,0.113,0.013,1,151.94,2.23,176.83,0.171,0.109,0.703,4.36,3.0,2,28.4,7.0,3,4,9,1,128.67,0,0
12916,Northeast,Organic Search,New,Treatment,38,101.0,3,3,9.1,6.3,0.245,0.778,0.223,0.065,2,129.22,3.03,244.0,0.193,0.049,0.687,7.84,4.1,1,43.1,6.0,4,5,11,2,297.81,0,1
12917,West,Paid Search,Returning,Treatment,59,34.9,7,9,6.7,8.1,0.397,0.865,0.065,0.006,2,83.16,2.36,149.28,0.418,0.167,0.542,5.71,3.1,0,,,4,4,20,2,167.08,0,0
12918,Northeast,Social,Returning,Treatment,46,63.3,17,8,6.1,5.9,0.182,0.601,0.36,0.06,2,105.56,2.87,195.61,0.386,0.105,0.582,2.52,3.3,1,12.7,5.0,6,7,15,6,733.22,0,0
12919,West,Organic Search,New,Control,18,77.4,1,7,8.9,6.5,0.35,0.926,0.253,0.024,2,66.14,2.1,144.29,0.088,0.106,0.883,6.79,1.9,0,,8.0,6,6,74,1,57.09,0,0
12920,West,Referral,Returning,Treatment,45,60.6,17,14,1.7,3.4,0.288,0.611,0.175,0.01,1,67.03,2.49,60.49,0.369,0.065,0.771,2.35,2.5,0,,10.0,4,4,29,4,232.72,0,0
12921,West,Organic Search,New,Control,29,87.4,4,8,6.9,7.3,0.341,0.6,0.301,0.012,1,82.38,2.81,74.17,0.296,0.008,0.827,5.92,3.6,1,9.8,6.0,5,5,4,1,82.79,0,0
12922,Northeast,Social,Returning,Treatment,44,62.8,7,6,6.6,5.4,0.458,0.821,0.404,0.021,0,90.98,1.79,0.0,0.166,0.2,0.681,6.4,2.9,1,65.5,4.0,5,5,133,2,190.19,0,0
12923,South,Social,Returning,Treatment,45,95.1,8,19,4.2,5.3,0.335,0.673,0.188,0.041,4,51.48,2.22,164.66,0.515,0.277,0.781,2.54,2.4,0,,7.0,4,3,19,2,119.77,0,0
12924,South,Social,Returning,Control,46,54.0,10,6,2.1,3.5,0.315,0.899,0.254,0.037,1,61.82,1.7,53.77,0.322,0.143,0.75,7.79,3.4,0,,9.0,6,6,37,1,58.51,0,0
12925,West,Organic Search,Returning,Treatment,55,151.9,6,10,8.5,6.9,0.455,0.665,0.236,0.005,2,128.54,1.0,325.28,0.091,0.091,0.673,6.98,2.4,1,67.1,10.0,6,7,7,2,234.82,0,0
12926,West,Organic Search,Loyal,Control,30,43.6,31,9,2.5,3.9,0.28,0.864,0.096,0.002,2,109.11,2.88,213.71,0.437,0.014,0.764,6.8,2.5,0,,10.0,7,6,2,5,544.67,0,0
12927,West,Paid Search,Loyal,Treatment,48,92.0,36,4,13.9,10.9,0.269,0.433,0.196,0.009,1,139.52,4.14,116.28,0.319,0.249,0.761,1.9,3.9,0,,10.0,6,6,89,9,1301.4,0,0
12928,West,Organic Search,New,Control,18,61.9,2,6,3.4,4.7,0.385,0.884,0.059,0.007,1,74.11,1.49,83.65,0.03,0.025,0.765,9.51,3.1,1,42.8,5.0,5,6,14,1,73.62,0,0
12929,Northeast,Email,Returning,Control,25,71.2,23,10,5.6,4.9,0.283,0.758,0.642,0.053,3,74.15,1.72,281.86,0.562,0.196,0.688,7.55,3.0,0,,8.0,5,6,28,4,346.39,0,0
12930,West,Organic Search,Returning,Treatment,41,59.4,8,12,14.1,8.7,0.14,0.825,0.203,0.04,3,157.79,2.98,457.57,0.394,0.067,0.697,5.94,2.7,0,,9.0,7,7,11,4,615.86,1,0
12931,South,Social,Returning,Treatment,65,61.6,11,9,10.9,8.5,0.399,0.339,0.202,0.018,0,73.09,2.22,0.0,0.263,0.183,0.775,3.65,2.0,0,,10.0,6,7,122,2,144.15,0,1
12932,Midwest,Social,Loyal,Treatment,19,36.3,28,10,2.6,4.4,0.451,0.853,0.212,0.025,1,66.51,2.46,65.12,0.205,0.12,0.562,4.26,3.0,1,28.1,,5,5,89,2,128.64,0,0
12933,Northeast,Email,Returning,Treatment,51,71.0,13,47,3.7,4.4,0.353,0.603,0.097,0.002,5,103.44,2.13,536.12,0.396,0.111,0.67,5.85,4.2,1,25.3,6.0,7,7,13,7,757.08,0,0
12934,Midwest,Referral,Returning,Control,50,94.2,24,5,5.7,7.1,0.105,0.804,0.06,0.011,2,48.21,1.96,104.9,0.119,0.089,0.678,5.75,2.3,1,12.1,8.0,5,5,89,7,298.79,0,0
12935,South,Social,New,Treatment,32,32.7,4,11,4.6,5.9,0.39,0.884,0.451,0.072,1,88.72,2.01,86.66,0.481,0.083,0.716,5.26,2.9,0,,7.0,4,4,21,1,83.8,0,0
12936,West,Email,Returning,Control,37,76.1,13,29,8.8,7.3,0.271,0.85,0.299,0.052,5,82.67,2.18,321.65,0.482,0.052,0.453,4.77,3.0,1,19.8,10.0,6,6,31,3,226.23,0,0
12937,South,Email,Returning,Treatment,24,88.8,13,18,4.7,5.9,0.455,0.852,0.161,0.023,1,67.01,1.78,82.2,0.294,0.029,0.799,3.44,4.9,1,12.2,7.0,6,7,42,2,126.23,1,0
12938,West,Organic Search,Loyal,Control,57,50.3,35,29,5.2,4.9,0.415,0.644,0.292,0.1,11,88.71,2.16,1360.41,0.323,0.165,0.657,6.55,2.6,3,11.1,4.0,5,5,15,6,622.53,0,0
12939,Midwest,Email,Returning,Treatment,36,109.2,7,10,7.6,6.3,0.153,0.589,0.203,0.023,3,63.11,3.86,164.15,0.109,0.202,0.668,4.53,5.6,1,18.8,10.0,7,7,25,1,61.93,0,0
12940,Midwest,Organic Search,Loyal,Control,30,152.6,40,11,10.3,7.7,0.382,0.943,0.299,0.063,1,108.86,2.23,135.07,0.369,0.083,0.75,7.16,2.1,3,12.0,7.0,5,5,12,9,1159.53,0,0
12941,West,Email,New,Treatment,25,102.6,5,4,5.5,6.5,0.206,0.793,0.429,0.116,2,77.56,3.17,136.46,0.211,0.158,0.63,4.17,2.5,1,73.8,10.0,5,5,9,1,66.12,0,1
12942,Northeast,Email,Loyal,Control,45,70.7,41,21,9.7,7.1,0.243,0.753,0.147,0.01,2,98.72,4.4,237.13,0.425,0.044,0.69,5.46,4.3,6,33.5,9.0,4,4,27,12,1133.86,0,0
12943,Midwest,Organic Search,Returning,Control,63,26.4,10,20,4.5,9.0,0.341,0.873,0.401,0.072,3,101.33,3.09,304.68,0.283,0.099,0.765,6.19,3.8,0,,9.0,4,4,40,4,341.49,0,0
12944,Midwest,Email,Returning,Control,45,101.1,21,17,7.9,8.9,0.207,0.689,0.56,0.017,1,75.9,3.72,96.98,0.512,0.047,0.564,5.0,2.5,0,,,7,7,80,2,139.53,0,1
12945,Midwest,Paid Search,New,Control,26,91.3,3,1,4.5,4.9,0.627,0.366,0.499,0.081,0,91.11,2.69,0.0,0.064,0.056,0.651,7.5,2.7,0,,8.0,7,6,198,1,87.92,1,0
12946,West,Paid Search,Loyal,Treatment,78,60.9,61,18,4.1,4.7,0.388,0.238,0.225,0.05,1,160.16,4.35,127.24,0.446,0.035,0.799,1.76,1.5,2,13.4,10.0,7,7,63,8,1320.76,0,0
12947,West,Paid Search,Loyal,Treatment,40,82.6,33,11,5.4,4.7,0.417,0.717,0.228,0.033,3,98.53,2.33,355.35,0.622,0.092,0.657,1.06,1.8,1,9.5,10.0,6,7,9,4,372.23,0,0
12948,South,Paid Search,New,Control,30,72.6,5,8,6.2,5.8,0.509,0.607,0.263,0.042,3,171.35,3.51,465.04,0.469,0.025,0.671,7.83,1.7,1,14.6,7.0,4,5,46,2,320.33,0,0
12949,West,Referral,Loyal,Control,32,153.5,52,5,7.7,6.6,0.391,0.743,0.112,0.018,0,151.9,2.5,0.0,0.184,0.03,0.87,3.14,2.5,2,7.2,7.0,4,5,147,1,128.99,0,0
12950,West,Referral,Returning,Control,38,47.1,17,12,6.3,7.4,0.371,0.924,0.321,0.05,2,70.41,2.17,109.81,0.072,0.032,0.712,6.37,5.8,2,8.6,9.0,3,4,9,2,146.99,0,0
12951,West,Referral,Returning,Control,64,212.4,22,4,4.3,4.7,0.361,0.483,0.241,0.037,1,220.51,4.65,249.93,0.416,0.015,0.769,5.37,3.0,1,42.6,7.0,5,5,89,4,806.62,0,0
12952,South,Organic Search,Returning,Control,18,30.8,23,4,11.2,9.3,0.229,0.741,0.114,0.036,1,106.77,1.93,110.02,0.191,0.08,0.625,7.37,4.8,0,,8.0,4,3,41,3,277.62,0,1
12953,Northeast,Referral,Returning,Control,25,102.9,14,3,6.4,5.6,0.107,0.883,0.176,0.009,1,43.87,2.1,54.04,0.324,0.245,0.843,9.61,4.6,0,,4.0,4,4,89,2,84.73,0,0
12954,Midwest,Email,Returning,Control,23,94.2,18,18,6.7,5.9,0.282,0.928,0.453,0.042,1,50.79,1.33,43.08,0.586,0.061,0.672,6.57,3.8,0,,8.0,5,6,89,3,133.26,0,0
12955,Midwest,Referral,Loyal,Treatment,41,109.0,31,26,2.5,5.1,0.28,0.613,0.211,0.009,1,106.49,3.25,86.1,0.105,0.079,0.612,4.9,4.0,3,13.8,3.0,5,5,5,12,1241.58,0,0
12956,Midwest,Email,Loyal,Control,28,54.1,36,26,16.0,10.2,0.257,0.809,0.322,0.032,5,98.74,2.93,483.93,0.263,0.029,0.627,8.89,4.5,0,,10.0,7,7,14,1,86.81,1,0
12957,South,Paid Search,Returning,Control,38,53.1,20,1,4.1,5.6,0.285,0.444,0.071,0.017,0,89.67,2.96,0.0,0.484,0.295,0.7,3.65,4.3,3,31.6,8.0,5,6,163,9,863.27,0,1
12958,South,Paid Search,Returning,Treatment,43,39.7,11,24,4.7,4.6,0.493,0.808,0.2,0.048,1,65.09,2.51,67.22,0.3,0.096,0.772,5.2,2.4,1,9.5,10.0,4,3,56,3,242.2,0,0
12959,South,Organic Search,Returning,Treatment,40,66.6,11,13,4.3,5.5,0.171,0.777,0.216,0.036,2,77.89,3.64,131.76,0.189,0.066,0.763,5.49,6.0,0,,8.0,5,5,6,4,326.24,0,0
12960,West,Organic Search,Returning,Control,29,116.5,6,14,5.6,5.8,0.087,0.898,0.17,0.011,4,152.4,3.62,575.8,0.124,0.045,0.753,6.67,1.6,0,,8.0,6,7,21,1,136.23,0,0
12961,Midwest,Organic Search,New,Treatment,41,78.9,2,10,3.0,6.9,0.22,0.411,0.1,0.027,6,121.42,3.66,968.65,0.298,0.036,0.681,7.72,4.4,0,,9.0,4,5,18,1,146.03,0,0
12962,Midwest,Paid Search,Returning,Control,44,85.9,17,8,3.5,4.1,0.509,0.881,0.478,0.018,3,42.51,2.18,112.64,0.385,0.046,0.669,8.19,4.0,0,,6.0,4,3,43,1,38.35,0,0
12963,South,Social,Loyal,Treatment,30,43.0,30,8,4.5,6.5,0.405,0.865,0.057,0.003,0,54.03,2.76,0.0,0.229,0.12,0.644,4.94,2.8,4,10.7,2.0,6,6,266,9,484.11,1,1
12964,West,Social,Loyal,Treatment,21,83.2,55,10,5.6,7.6,0.349,0.838,0.155,0.042,4,74.02,2.07,341.85,0.382,0.081,0.534,7.66,3.6,3,16.4,6.0,7,7,25,20,1470.37,0,0
12965,West,Email,Loyal,Treatment,20,151.0,28,36,11.4,9.8,0.29,0.775,0.462,0.031,8,87.58,2.04,630.93,0.315,0.044,0.464,4.68,5.1,0,,7.0,6,7,3,3,298.12,0,0
12966,Midwest,Paid Search,Returning,Treatment,42,37.9,19,7,9.0,11.4,0.25,0.775,0.234,0.012,0,59.48,2.14,0.0,0.523,0.135,0.628,2.68,4.0,0,,8.0,5,5,95,1,70.7,0,0
12967,South,Referral,Returning,Treatment,51,77.1,23,10,11.1,11.3,0.249,0.61,0.212,0.041,0,51.39,1.85,0.0,0.247,0.066,0.651,5.37,2.4,1,9.0,8.0,5,5,133,6,328.65,1,0
12968,West,Paid Search,Loyal,Treatment,47,59.7,29,11,5.3,4.7,0.491,0.862,0.135,0.023,3,39.82,1.01,110.27,0.285,0.047,0.769,4.65,3.2,2,25.1,7.0,5,5,12,5,188.75,0,0
12969,South,Paid Search,Loyal,Treatment,29,196.2,38,12,2.8,4.5,0.57,0.877,0.217,0.027,0,115.09,2.82,0.0,0.367,0.126,0.743,4.04,2.3,4,14.5,4.0,6,6,122,14,1516.99,0,0
12970,South,Email,Returning,Control,59,66.6,19,9,6.1,5.5,0.415,0.657,0.369,0.075,2,85.94,1.63,126.78,0.249,0.015,0.705,5.22,3.6,0,,10.0,6,7,29,2,165.94,0,0
12971,South,Social,Returning,Treatment,39,72.5,19,10,5.5,9.0,0.371,0.724,0.361,0.078,2,77.48,2.46,151.11,0.334,0.166,0.438,5.07,2.2,1,7.8,9.0,6,6,8,4,330.32,0,0
12972,Northeast,Paid Search,Loyal,Control,42,40.0,27,2,9.1,7.4,0.431,0.882,0.281,0.046,0,68.15,1.54,0.0,0.306,0.104,0.781,4.9,2.9,3,13.9,6.0,5,5,126,9,491.16,1,0
12973,Midwest,Social,New,Control,60,82.7,3,2,4.1,4.6,0.419,0.426,0.282,0.012,0,63.48,2.01,0.0,0.274,0.174,0.56,4.88,1.3,1,39.3,,5,4,115,2,127.24,0,0
12974,Midwest,Social,Returning,Treatment,35,33.0,10,6,6.2,5.1,0.428,0.786,0.081,0.001,3,59.37,1.23,157.64,0.623,0.147,0.567,1.56,3.6,1,20.0,7.0,6,7,13,6,364.86,0,0
12975,Midwest,Organic Search,Returning,Control,50,108.2,17,17,4.8,4.7,0.406,0.621,0.315,0.056,3,102.3,3.17,308.15,0.458,0.165,0.729,6.9,2.4,2,8.3,7.0,4,4,17,4,438.15,1,0
12976,South,Social,Returning,Control,47,44.8,8,8,5.3,5.3,0.452,0.93,0.158,0.031,1,72.2,2.51,76.4,0.393,0.138,0.832,10.21,2.2,1,17.9,9.0,4,3,5,2,169.01,0,1
12977,Midwest,Email,Returning,Control,18,64.3,17,13,6.0,7.7,0.243,0.837,0.36,0.08,1,92.68,2.7,89.83,0.594,0.036,0.793,5.05,3.3,1,18.2,8.0,5,4,38,4,359.88,0,0
12978,Midwest,Organic Search,Returning,Control,60,105.4,12,18,7.8,6.4,0.367,0.498,0.272,0.014,3,91.52,2.38,268.67,0.346,0.073,0.579,4.6,3.5,0,,9.0,5,6,20,1,95.03,1,0
12979,South,Email,Loyal,Control,43,67.7,26,4,11.4,8.8,0.222,0.727,0.319,0.057,1,99.86,2.28,127.76,0.067,0.067,0.638,7.95,3.6,1,8.2,8.0,6,7,39,6,657.46,1,0
12980,South,Paid Search,Returning,Treatment,18,63.0,13,6,10.4,8.0,0.383,0.895,0.195,0.027,3,76.37,2.34,252.1,0.372,0.205,0.464,2.09,5.8,0,,6.0,6,6,18,2,171.38,1,0
12981,Northeast,Paid Search,Returning,Control,63,129.0,17,43,3.7,4.8,0.286,0.187,0.2,0.018,9,122.86,2.62,1078.35,0.277,0.119,0.615,9.18,4.9,0,,8.0,5,5,3,1,116.29,0,0
12982,Northeast,Organic Search,Loyal,Treatment,53,89.0,39,9,7.9,6.1,0.488,0.414,0.475,0.094,0,78.47,2.98,0.0,0.243,0.15,0.67,0.9,2.7,0,,10.0,5,6,135,5,330.38,0,0
12983,Northeast,Social,Loyal,Treatment,73,96.4,39,15,18.4,13.4,0.476,0.655,0.565,0.104,2,88.55,2.17,159.64,0.566,0.103,0.653,3.28,2.9,0,,10.0,6,7,31,2,156.41,0,0
12984,South,Organic Search,Returning,Treatment,18,97.1,16,19,5.7,5.6,0.466,0.988,0.193,0.06,1,71.32,1.38,70.33,0.205,0.05,0.495,4.31,2.5,1,16.5,10.0,4,3,49,1,83.17,0,0
12985,Northeast,Paid Search,Returning,Treatment,26,115.9,11,5,16.8,10.3,0.272,0.757,0.363,0.034,0,86.37,2.43,0.0,0.461,0.041,0.672,3.4,2.6,2,19.9,10.0,6,7,114,1,82.77,0,1
12986,South,Paid Search,Returning,Treatment,44,107.2,14,6,5.1,4.8,0.476,0.758,0.218,0.051,0,100.42,2.62,0.0,0.211,0.1,0.536,2.66,4.3,0,,8.0,5,6,246,1,98.56,1,1
12987,Midwest,Paid Search,Returning,Control,40,68.0,12,6,1.8,3.4,0.366,0.512,0.095,0.007,0,75.5,2.04,0.0,0.322,0.061,0.739,6.98,4.3,1,20.5,4.0,7,7,130,2,138.51,0,0
12988,South,Email,Loyal,Treatment,38,35.5,57,26,8.1,6.4,0.335,0.629,0.391,0.023,6,71.36,2.25,384.72,0.37,0.035,0.613,5.14,4.5,2,28.2,7.0,5,5,33,10,670.88,0,0
12989,Midwest,Paid Search,Returning,Control,38,35.6,19,4,3.0,3.5,0.341,0.595,0.201,0.007,2,66.1,2.73,132.34,0.459,0.053,0.624,5.73,2.3,1,6.9,8.0,6,6,9,1,65.7,0,0
12990,West,Referral,Returning,Treatment,52,98.1,16,5,9.2,6.6,0.406,0.904,0.357,0.045,0,65.25,1.83,0.0,0.317,0.099,0.454,3.84,3.3,1,34.3,7.0,4,4,118,3,170.8,1,0
12991,West,Social,Returning,Treatment,41,41.6,12,8,8.8,8.3,0.258,0.349,0.141,0.006,2,51.15,2.9,88.18,0.434,0.103,0.63,9.12,1.6,0,,9.0,5,5,3,1,49.92,0,0
12992,Midwest,Email,Loyal,Treatment,23,110.6,40,16,8.8,7.5,0.494,0.907,0.399,0.006,5,125.82,3.2,682.23,0.67,0.111,0.646,6.59,3.1,0,,8.0,6,6,3,4,613.04,0,1
12993,Midwest,Paid Search,Returning,Treatment,23,41.2,21,9,5.4,5.8,0.43,0.62,0.218,0.008,1,55.8,2.49,69.68,0.482,0.088,0.555,3.83,2.6,1,30.5,10.0,5,6,17,6,294.58,0,0
12994,Northeast,Organic Search,Returning,Control,46,46.1,24,13,1.9,3.3,0.546,0.497,0.102,0.008,3,67.25,1.69,232.11,0.38,0.029,0.851,8.0,2.5,3,31.0,6.0,4,3,19,6,355.53,0,0
12995,West,Organic Search,Returning,Control,18,116.7,7,9,11.3,9.8,0.256,0.403,0.242,0.022,1,102.01,2.71,96.34,0.254,0.095,0.735,6.67,2.8,0,,4.0,6,5,87,1,111.68,1,0
12996,Northeast,Organic Search,Returning,Control,21,61.5,22,11,6.5,5.9,0.317,0.89,0.35,0.035,5,94.9,2.82,453.92,0.29,0.185,0.768,9.38,1.6,1,23.7,3.0,6,6,5,6,503.3,0,0
12997,South,Paid Search,Loyal,Treatment,37,71.7,43,10,7.5,7.5,0.323,0.678,0.205,0.055,4,88.0,2.77,305.7,0.321,0.054,0.744,4.35,3.9,4,31.7,7.0,5,6,35,14,1191.25,0,0
12998,West,Email,Returning,Control,48,83.5,13,21,7.4,8.2,0.103,0.868,0.449,0.037,5,82.64,2.06,517.95,0.282,0.039,0.731,6.2,2.1,0,,6.0,3,3,5,2,177.02,0,0
12999,Midwest,Email,Loyal,Control,38,61.6,44,12,11.2,7.3,0.129,0.698,0.233,0.002,2,108.75,2.14,246.0,0.068,0.063,0.673,7.81,3.2,1,14.9,,3,4,6,2,252.03,0,0
13000,Midwest,Organic Search,Loyal,Treatment,35,193.8,30,10,5.0,5.9,0.307,0.798,0.371,0.059,3,97.29,1.21,276.29,0.262,0.107,0.654,5.18,5.7,1,29.3,3.0,5,6,9,5,572.91,0,0
13001,Northeast,Organic Search,Returning,Control,54,96.2,13,3,3.0,4.3,0.406,0.862,0.142,0.045,0,96.7,2.26,0.0,0.501,0.045,0.625,7.69,3.2,1,17.2,8.0,4,2,139,4,348.45,1,0
13002,South,Social,Returning,Treatment,47,56.0,9,14,5.3,5.2,0.323,0.819,0.434,0.063,4,100.95,2.6,413.08,0.36,0.108,0.827,2.41,5.5,0,,3.0,5,5,0,2,192.84,0,0
13003,Midwest,Referral,Returning,Control,33,48.3,18,10,9.7,7.1,0.355,0.891,0.247,0.034,0,58.42,2.78,0.0,0.288,0.058,0.763,8.77,4.4,2,43.5,6.0,4,4,216,5,234.98,0,0
13004,West,Organic Search,Returning,Treatment,50,,12,18,5.0,5.6,0.389,0.831,0.166,0.021,1,85.69,3.16,78.88,0.479,0.031,0.595,4.28,3.1,0,,5.0,6,6,51,1,102.85,0,0
13005,Northeast,Paid Search,Returning,Treatment,57,109.1,20,6,14.0,10.0,0.425,0.812,0.426,0.121,0,139.21,2.64,0.0,0.475,0.013,0.613,1.6,2.5,1,17.7,8.0,4,5,123,2,277.77,0,0
13006,West,Organic Search,Returning,Control,38,71.7,10,14,9.4,6.5,0.392,0.922,0.349,0.074,4,50.31,1.53,250.72,0.421,0.042,0.79,7.38,1.5,1,34.4,6.0,4,4,12,2,85.98,0,0
13007,Midwest,Email,Loyal,Treatment,38,66.9,25,11,6.2,6.7,0.2,0.782,0.374,0.031,1,86.56,2.33,107.44,0.182,0.112,0.551,3.12,3.7,2,25.7,8.0,6,6,89,5,400.97,0,1
13008,Midwest,Organic Search,Returning,Control,49,51.2,23,9,2.5,4.8,0.36,0.487,0.18,0.018,3,35.94,2.13,101.62,0.233,0.334,0.583,6.84,2.6,0,,7.0,4,5,23,3,122.97,0,0
13009,West,Organic Search,New,Control,48,94.2,5,8,8.3,7.1,0.179,0.805,0.276,0.016,1,105.16,2.58,115.1,0.343,0.081,0.653,9.01,1.5,0,,,5,5,1,2,250.47,0,0
13010,Northeast,Email,Returning,Treatment,25,61.2,8,36,4.9,4.6,0.341,0.963,0.427,0.092,4,49.91,1.07,218.27,0.277,0.086,0.672,4.56,3.6,1,26.1,7.0,3,3,8,2,106.6,0,0
13011,Midwest,Email,Returning,Treatment,42,86.4,9,2,6.0,7.2,0.184,0.886,0.287,0.041,0,117.46,2.69,0.0,0.341,0.072,0.803,6.19,2.6,2,19.2,10.0,6,6,250,5,702.26,0,0
13012,Midwest,Organic Search,Loyal,Control,31,76.6,29,17,2.5,3.9,0.156,0.677,0.255,0.005,2,83.46,1.9,141.89,0.323,0.042,0.714,8.51,2.6,1,13.7,8.0,6,6,52,8,724.37,0,0
13013,West,Email,New,Treatment,20,68.0,2,7,6.0,5.6,0.259,0.783,0.409,0.048,1,78.24,2.65,81.13,0.405,0.076,0.53,4.68,2.4,0,,6.0,5,6,7,1,73.23,0,0
13014,Northeast,Paid Search,Returning,Treatment,53,57.3,16,16,8.4,7.5,0.546,0.572,0.27,0.027,5,75.3,2.06,484.55,0.152,0.1,0.702,5.69,2.7,1,33.0,8.0,7,7,8,3,195.8,0,1
13015,Northeast,Social,Returning,Treatment,28,81.2,16,15,9.2,7.9,0.287,0.573,0.204,0.016,2,110.23,1.29,309.41,0.275,0.044,0.829,8.87,3.1,1,18.9,9.0,4,4,17,7,733.64,0,0
13016,West,Paid Search,Loyal,Control,44,74.4,71,12,6.8,6.1,0.566,0.582,0.063,0.007,2,70.85,3.79,140.86,0.338,0.198,0.662,8.03,3.2,4,46.6,5.0,5,5,38,6,402.55,0,1
13017,West,Email,Loyal,Treatment,50,79.8,37,10,11.0,8.2,0.154,0.47,0.382,0.05,3,157.61,1.87,533.15,0.1,0.055,0.666,0.44,4.1,3,14.9,7.0,2,2,17,4,563.4,0,0
13018,Northeast,Paid Search,New,Treatment,52,,5,7,3.6,6.5,0.581,0.738,0.39,0.043,2,65.14,1.71,129.7,0.382,0.191,0.61,3.23,2.7,0,,8.0,6,6,15,1,72.56,0,0
13019,Midwest,Organic Search,Returning,Treatment,27,67.0,19,9,4.4,4.6,0.266,0.832,0.31,0.072,1,89.32,2.1,82.26,0.38,0.053,0.571,4.43,4.6,3,14.0,6.0,7,7,18,2,185.11,1,1
13020,West,Social,Loyal,Control,37,75.8,43,17,7.7,7.2,0.558,0.713,0.142,0.019,4,69.8,1.86,264.25,0.439,0.033,0.74,5.83,3.0,1,6.2,8.0,5,5,26,2,135.6,0,0
13021,South,Social,New,Treatment,38,40.9,4,7,5.5,5.4,0.412,0.556,0.31,0.075,6,75.61,2.26,476.78,0.289,0.139,0.705,5.5,4.1,0,,7.0,5,4,4,1,78.84,0,0
13022,Northeast,Social,Returning,Control,56,55.7,13,13,4.0,4.7,0.524,0.488,0.33,0.057,0,137.97,2.25,0.0,0.239,0.075,0.557,9.14,2.0,0,,5.0,7,7,149,1,176.3,1,1
13023,South,Paid Search,Returning,Control,36,46.4,8,7,4.8,4.8,0.356,0.722,0.48,0.025,3,78.99,2.39,220.28,0.469,0.067,0.77,5.74,3.3,1,45.2,9.0,2,2,65,1,86.73,1,0
13024,Midwest,Organic Search,Returning,Control,64,,12,15,1.7,4.8,0.333,0.639,0.182,0.015,2,75.69,1.29,151.7,0.563,0.055,0.702,7.54,3.5,0,,9.0,5,5,24,3,221.33,0,0
13025,South,Paid Search,Loyal,Treatment,44,58.2,28,24,7.6,6.5,0.484,0.758,0.114,0.004,1,113.93,1.71,124.72,0.421,0.045,0.716,5.51,3.2,4,33.8,7.0,6,6,62,8,988.58,0,1
13026,Midwest,Social,Loyal,Treatment,24,82.5,25,4,5.6,6.2,0.524,0.686,0.329,0.035,2,84.55,1.95,156.44,0.322,0.033,0.711,7.44,4.0,3,26.1,6.0,3,3,32,6,560.1,0,0
13027,South,Social,Returning,Control,32,19.8,23,20,4.4,5.0,0.517,0.699,0.147,0.064,4,104.03,2.95,376.7,0.31,0.125,0.667,6.22,2.3,0,,7.0,5,6,55,1,110.19,0,0
13028,South,Organic Search,Loyal,Control,21,45.3,47,31,7.2,5.5,0.393,0.829,0.212,0.034,4,54.3,1.93,258.29,0.163,0.066,0.653,6.51,4.9,2,13.0,,4,4,6,10,443.47,0,0
13029,West,Organic Search,Loyal,Treatment,52,186.9,60,26,4.2,5.0,0.505,0.515,0.143,0.02,4,83.02,2.47,257.49,0.11,0.045,0.841,5.51,3.6,0,,7.0,5,6,25,13,1021.11,0,1
13030,Northeast,Social,Loyal,Treatment,30,40.7,52,15,1.2,5.3,0.351,0.88,0.411,0.013,6,61.01,1.87,377.87,0.293,0.062,0.523,3.23,2.5,3,12.0,6.0,5,6,6,10,524.41,0,0
13031,Midwest,Organic Search,Returning,Treatment,30,162.3,14,4,5.9,5.1,0.395,0.877,0.136,0.008,2,130.96,3.17,302.5,0.259,0.091,0.755,7.19,4.1,1,26.5,8.0,6,6,27,7,671.43,0,1
13032,South,Social,Returning,Control,57,56.4,11,18,5.6,5.0,0.382,0.549,0.247,0.02,3,105.45,4.14,288.66,0.376,0.061,0.767,5.21,1.6,0,,10.0,5,5,26,1,119.79,0,0
13033,West,Organic Search,New,Treatment,48,,2,1,11.8,12.4,0.111,0.792,0.259,0.043,0,53.01,1.53,0.0,0.288,0.046,0.675,5.06,3.7,0,,8.0,4,5,338,1,61.89,1,0
13034,South,Organic Search,Returning,Treatment,61,75.3,8,11,12.5,9.6,0.219,0.391,0.249,0.04,1,53.44,1.8,70.03,0.252,0.056,0.766,2.23,3.6,1,18.7,,6,7,17,1,58.94,0,0
13035,South,Referral,Returning,Treatment,54,110.1,6,6,3.2,4.7,0.399,0.725,0.298,0.07,3,88.81,2.46,289.95,0.102,0.007,0.719,3.9,5.3,2,68.2,5.0,5,5,8,4,471.95,0,0
13036,South,Social,New,Control,43,172.7,5,11,6.4,6.1,0.568,0.608,0.313,0.071,1,170.11,3.15,230.54,0.309,0.031,0.826,6.95,4.2,2,19.8,7.0,5,5,43,3,584.48,0,0
13037,South,Paid Search,New,Control,63,79.4,5,6,3.3,3.8,0.224,0.653,0.202,0.014,1,54.71,3.05,54.26,0.372,0.047,0.684,7.71,4.8,1,36.6,8.0,4,4,58,1,58.75,1,0
13038,South,Referral,Returning,Treatment,44,73.9,21,11,5.5,6.9,0.244,0.695,0.181,0.02,2,101.61,2.19,205.98,0.23,0.034,0.631,4.98,3.2,4,35.4,5.0,6,7,62,8,811.15,0,0
13039,West,Organic Search,Returning,Treatment,46,,7,13,5.6,5.3,0.32,0.773,0.193,0.033,1,60.04,1.43,69.46,0.143,0.162,0.68,5.3,3.4,1,28.7,5.0,4,4,14,3,202.01,0,0
13040,West,Social,Loyal,Treatment,34,50.1,53,15,5.8,5.4,0.241,0.668,0.272,0.027,1,55.22,2.18,65.88,0.448,0.083,0.66,5.13,3.0,1,18.1,10.0,4,5,66,6,355.43,0,0
13041,South,Paid Search,Loyal,Treatment,37,89.9,26,17,5.0,6.0,0.42,0.62,0.339,0.007,5,96.15,2.53,494.99,0.023,0.09,0.452,7.47,2.0,0,,8.0,7,7,13,2,151.59,0,0
13042,Northeast,Organic Search,Returning,Treatment,39,65.7,7,14,2.7,4.1,0.402,0.559,0.372,0.02,5,47.54,2.95,207.94,0.205,0.065,0.798,3.32,2.2,1,19.2,7.0,7,7,3,1,47.82,0,0
13043,West,Referral,Returning,Control,50,54.9,14,12,6.7,6.2,0.221,0.633,0.131,0.043,2,98.87,1.87,231.93,0.059,0.189,0.743,9.64,3.6,2,11.2,7.0,5,5,26,1,88.41,1,0
13044,West,Email,Returning,Control,55,41.4,13,12,3.6,6.9,0.264,0.476,0.585,0.061,7,45.24,1.18,325.42,0.389,0.092,0.561,7.37,4.8,2,17.3,2.0,5,6,12,3,133.2,1,0
13045,West,Email,Loyal,Control,32,72.9,29,14,5.0,6.3,0.134,0.761,0.283,0.043,3,63.94,2.68,222.76,0.385,0.071,0.638,8.37,1.5,2,9.6,8.0,5,6,2,8,552.51,0,1
13046,Midwest,Organic Search,Returning,Control,49,81.3,6,13,3.6,4.3,0.342,0.536,0.05,0.009,1,62.82,2.63,83.44,0.159,0.09,0.725,5.94,3.2,0,,5.0,4,4,2,1,51.51,0,0
13047,Midwest,Email,Loyal,Control,52,66.0,39,7,6.4,6.1,0.159,0.538,0.362,0.047,2,140.01,2.61,340.68,0.296,0.07,0.75,5.89,4.3,0,,10.0,5,5,27,5,797.39,0,0
13048,Midwest,Email,Loyal,Control,30,32.2,55,6,8.2,6.9,0.159,0.869,0.503,0.15,1,57.06,2.2,62.62,0.101,0.019,0.805,8.08,7.4,4,9.8,4.0,5,6,47,8,494.06,0,1
13049,South,Paid Search,Loyal,Treatment,57,,28,10,5.9,5.8,0.406,0.9,0.215,0.03,2,167.38,2.3,294.16,0.1,0.05,0.616,7.52,5.3,2,20.7,7.0,5,4,4,6,817.01,0,1
13050,South,Paid Search,Returning,Control,42,48.3,16,8,7.5,6.7,0.544,0.408,0.189,0.02,0,151.12,2.08,0.0,0.291,0.029,0.751,6.09,3.0,0,,7.0,4,5,355,2,307.32,1,0
13051,Northeast,Organic Search,Loyal,Treatment,43,50.7,27,7,3.7,5.0,0.168,0.722,0.528,0.015,4,101.62,2.4,396.29,0.247,0.043,0.825,5.93,5.1,0,,9.0,6,5,13,3,318.5,0,0
13052,West,Organic Search,Returning,Treatment,36,113.8,16,8,8.7,6.2,0.313,0.841,0.153,0.016,1,89.83,2.16,92.84,0.314,0.01,0.756,3.63,3.2,1,40.4,10.0,4,4,19,5,395.0,0,0
13053,South,Organic Search,Returning,Control,34,81.4,8,5,6.0,6.5,0.334,0.714,0.256,0.106,1,93.88,2.54,87.9,0.237,0.056,0.638,7.44,5.0,1,25.4,8.0,7,6,67,4,415.05,0,0
13054,Midwest,Organic Search,Returning,Control,33,98.0,17,13,5.4,6.8,0.341,0.928,0.159,0.032,0,122.49,2.82,0.0,0.191,0.093,0.732,6.55,3.6,1,28.0,5.0,5,5,120,2,233.47,1,0
13055,West,Referral,Returning,Control,24,132.2,12,8,10.6,7.8,0.353,0.974,0.125,0.009,1,186.14,4.22,192.48,0.252,0.018,0.718,7.34,4.9,0,,6.0,6,6,24,3,641.57,0,0
13056,Northeast,Referral,Returning,Control,23,73.0,8,3,13.5,9.7,0.379,0.886,0.155,0.028,0,150.49,2.88,0.0,0.166,0.036,0.809,5.61,3.1,0,,7.0,5,4,201,1,188.48,1,0
13057,Northeast,Email,Returning,Treatment,31,78.5,15,6,7.0,6.2,0.16,0.906,0.304,0.048,1,84.23,2.25,61.07,0.348,0.028,0.671,4.21,4.2,1,40.6,,4,4,13,3,222.92,0,0
13058,Northeast,Paid Search,Returning,Control,44,113.6,12,4,11.2,8.2,0.253,0.901,0.141,0.003,1,87.09,2.81,81.66,0.126,0.182,0.654,6.76,4.5,1,14.1,5.0,6,7,25,2,136.87,0,1
13059,South,Social,Returning,Treatment,24,,17,19,10.3,7.6,0.427,0.855,0.216,0.035,3,86.22,3.07,265.28,0.29,0.16,0.682,2.64,5.1,2,79.3,5.0,7,7,10,2,168.63,0,0
13060,Northeast,Paid Search,Returning,Treatment,75,48.6,21,14,3.1,5.2,0.386,0.521,0.165,0.025,1,38.28,2.72,51.73,0.321,0.05,0.661,1.84,2.6,0,,7.0,5,5,42,5,234.19,0,0
13061,West,Social,Returning,Treatment,50,112.3,9,3,8.3,8.0,0.376,0.586,0.258,0.119,0,142.56,3.68,0.0,0.474,0.134,0.762,7.4,2.5,2,24.6,2.0,5,5,252,4,492.77,1,0
13062,Midwest,Paid Search,Returning,Treatment,55,32.3,18,21,3.8,5.2,0.518,0.35,0.193,0.035,1,99.53,1.54,131.35,0.262,0.061,0.655,3.4,3.2,1,21.0,6.0,5,5,28,6,604.62,1,0
13063,Northeast,Organic Search,Returning,Control,65,34.8,10,11,11.1,8.1,0.144,0.551,0.193,0.034,2,104.25,2.55,183.78,0.376,0.04,0.552,7.44,4.3,0,,10.0,2,2,10,1,126.22,0,0
13064,West,Email,Loyal,Control,27,62.5,27,25,7.4,9.2,0.253,0.882,0.181,0.002,6,84.16,2.33,491.88,0.347,0.038,0.93,6.81,3.2,1,16.3,,1,1,44,5,442.4,1,0
13065,Northeast,Paid Search,New,Control,46,59.7,3,4,4.3,6.8,0.262,0.438,0.282,0.018,3,102.69,3.44,303.84,0.099,0.078,0.772,4.79,2.5,0,,8.0,5,5,19,2,212.32,0,0
13066,South,Organic Search,New,Treatment,24,38.4,5,7,11.7,9.9,0.182,0.974,0.09,0.003,3,67.26,2.43,181.07,0.285,0.111,0.755,5.13,2.9,0,,5.0,6,7,41,3,220.55,0,0
13067,Northeast,Organic Search,Returning,Control,54,54.1,7,8,6.8,5.9,0.291,0.66,0.225,0.07,3,122.59,2.26,461.71,0.434,0.023,0.625,4.55,4.6,0,,8.0,5,5,7,2,209.64,0,0
13068,Midwest,Organic Search,Loyal,Control,28,72.2,32,11,4.4,4.6,0.337,0.95,0.409,0.097,1,78.78,1.79,69.12,0.157,0.128,0.627,4.93,1.6,2,34.3,10.0,4,3,58,2,182.45,0,1
13069,West,Social,New,Treatment,42,81.0,1,7,8.9,7.8,0.526,0.664,0.379,0.093,1,131.63,2.94,103.99,0.293,0.176,0.739,8.49,2.9,1,19.8,10.0,5,6,28,1,129.05,0,1
13070,South,Social,Loyal,Control,47,48.5,45,13,5.3,7.0,0.212,0.372,0.462,0.032,1,68.15,2.46,60.65,0.444,0.145,0.715,6.37,6.3,2,12.6,6.0,5,5,49,5,341.49,0,0
13071,South,Organic Search,Loyal,Control,45,49.9,48,27,8.4,5.9,0.303,0.94,0.377,0.084,1,68.27,2.85,76.19,0.199,0.213,0.695,5.42,3.3,4,21.5,4.0,4,4,21,7,576.09,0,0
13072,South,Paid Search,Returning,Control,40,111.8,16,8,5.2,5.3,0.686,0.666,0.184,0.038,1,100.5,2.41,95.95,0.334,0.113,0.776,5.63,3.5,0,,7.0,5,6,35,1,124.34,0,0
13073,Northeast,Paid Search,Loyal,Control,53,86.5,63,15,2.6,3.8,0.555,0.66,0.288,0.019,2,142.07,3.58,256.91,0.478,0.129,0.73,10.53,2.5,1,23.7,9.0,2,3,11,2,264.47,0,0
13074,Northeast,Email,Returning,Treatment,35,,10,24,8.7,9.1,0.1,0.832,0.252,0.034,2,68.52,2.53,129.46,0.385,0.039,0.603,5.0,4.9,0,,7.0,6,6,75,4,293.02,1,0
13075,South,Organic Search,Returning,Control,50,117.1,8,14,4.7,5.1,0.309,0.777,0.328,0.032,1,158.93,3.28,152.0,0.22,0.1,0.598,4.6,4.7,1,33.8,9.0,5,5,60,1,160.96,0,0
13076,West,Organic Search,Returning,Control,48,62.3,13,19,5.0,6.5,0.316,0.669,0.321,0.04,1,89.61,3.93,89.98,0.319,0.026,0.846,7.26,1.8,2,62.0,8.0,6,6,89,3,269.9,1,0
13077,West,Paid Search,New,Control,43,31.8,1,2,11.1,8.0,0.415,0.777,0.445,0.013,0,90.88,2.52,0.0,0.673,0.156,0.723,7.36,3.3,0,,9.0,6,6,300,1,80.24,1,0
13078,West,Organic Search,Returning,Control,61,95.9,24,9,3.4,5.3,0.41,0.669,0.421,0.043,0,100.79,2.32,0.0,0.285,0.018,0.621,7.54,3.8,1,13.9,9.0,6,6,209,2,184.35,1,0
13079,South,Paid Search,Loyal,Control,70,66.6,48,4,5.5,7.0,0.343,0.256,0.279,0.013,1,93.79,2.54,80.8,0.678,0.067,0.684,7.15,2.4,0,,10.0,5,5,54,3,237.19,0,0
13080,West,Email,Returning,Treatment,51,66.6,14,5,4.6,5.6,0.199,0.583,0.226,0.053,0,156.68,4.23,0.0,0.334,0.141,0.711,8.4,1.6,1,15.8,8.0,5,4,130,2,231.63,0,1
13081,West,Organic Search,Returning,Control,46,97.0,21,8,4.9,4.5,0.247,0.825,0.413,0.035,0,49.03,2.78,0.0,0.48,0.151,0.77,6.59,4.8,1,10.9,8.0,3,3,234,7,431.49,1,0
13082,South,Social,Returning,Control,21,50.7,11,6,6.8,5.4,0.5,0.878,0.395,0.064,2,98.65,3.19,172.93,0.328,0.189,0.775,4.27,3.9,0,,10.0,5,6,20,5,469.52,0,0
13083,Northeast,Social,Returning,Treatment,26,80.7,14,3,8.7,8.6,0.484,0.973,0.114,0.037,2,80.08,2.36,171.4,0.284,0.095,0.583,8.04,2.2,1,23.4,5.0,6,6,89,4,346.16,1,0
13084,Northeast,Organic Search,Loyal,Control,45,36.9,42,16,5.7,7.0,0.215,0.768,0.306,0.056,5,75.96,1.87,313.07,0.264,0.119,0.762,4.27,4.4,0,,7.0,6,7,53,2,130.66,0,1
13085,South,Social,New,Treatment,49,53.2,3,6,9.9,6.7,0.287,0.79,0.297,0.035,3,41.58,2.01,107.15,0.235,0.233,0.496,4.03,3.8,0,,8.0,5,5,16,1,43.2,0,0
13086,West,Organic Search,Loyal,Control,54,82.2,40,23,3.9,3.9,0.252,0.525,0.194,0.009,1,63.49,2.65,70.34,0.083,0.188,0.705,8.41,3.5,0,,6.0,7,7,30,6,344.49,0,1
13087,West,Paid Search,Loyal,Control,60,74.0,27,15,5.8,6.7,0.388,0.607,0.364,0.058,5,71.62,2.21,332.8,0.702,0.025,0.711,4.17,2.2,3,13.2,10.0,4,4,6,7,541.64,0,1
13088,South,Paid Search,New,Treatment,46,63.0,3,7,1.5,6.4,0.33,0.756,0.096,0.021,1,147.9,3.17,119.38,0.591,0.201,0.604,4.87,5.3,0,,6.0,6,6,43,1,188.34,0,0
13089,West,Organic Search,Loyal,Treatment,42,91.3,50,18,4.0,4.1,0.364,0.674,0.35,0.04,8,57.72,2.85,436.49,0.368,0.326,0.557,3.6,2.4,1,26.2,7.0,5,5,3,4,268.1,0,0
13090,Midwest,Paid Search,Returning,Control,48,66.8,24,15,4.7,4.9,0.375,0.679,0.121,0.014,2,49.08,2.64,99.16,0.24,0.096,0.789,6.8,2.5,0,,5.0,5,4,60,3,149.43,0,0
13091,West,Social,Loyal,Treatment,35,65.3,96,11,5.6,5.4,0.439,0.573,0.235,0.028,1,82.48,1.53,88.72,0.461,0.068,0.523,2.14,2.2,1,34.3,10.0,3,4,89,9,742.43,0,0
13092,West,Social,Returning,Control,63,114.7,8,5,5.0,5.3,0.557,0.645,0.147,0.04,2,87.67,1.13,209.67,0.082,0.032,0.738,5.27,2.2,0,,9.0,4,4,28,2,172.69,0,0
13093,Midwest,Organic Search,Returning,Treatment,18,53.7,15,4,3.4,3.9,0.448,0.797,0.371,0.037,0,83.84,1.95,0.0,0.127,0.151,0.624,3.16,6.2,1,28.1,8.0,3,4,213,2,165.79,0,0
13094,Midwest,Organic Search,New,Treatment,44,50.2,2,3,7.0,5.6,0.405,0.677,0.233,0.073,2,48.73,2.13,98.4,0.211,0.078,0.524,5.89,3.2,2,19.9,6.0,6,7,42,2,105.59,0,0
13095,West,Paid Search,New,Control,33,150.5,1,3,8.0,6.1,0.408,0.823,0.275,0.011,0,151.51,1.27,0.0,0.389,0.031,0.602,6.93,2.8,0,,4.0,5,6,179,1,125.42,1,0
13096,West,Email,Loyal,Control,44,59.3,39,5,11.0,9.0,0.083,0.451,0.16,0.05,0,50.93,2.54,0.0,0.205,0.047,0.724,5.59,2.5,2,26.5,8.0,4,4,141,8,399.62,1,0
13097,West,Organic Search,Returning,Treatment,32,118.1,11,5,3.7,3.8,0.19,0.88,0.393,0.051,2,86.45,2.51,173.27,0.077,0.063,0.627,4.08,2.9,0,,8.0,3,4,9,2,179.64,0,0
13098,Northeast,Organic Search,Loyal,Control,49,96.8,43,7,4.4,6.4,0.33,0.755,0.213,0.014,4,155.02,3.01,807.91,0.189,0.03,0.608,4.25,2.9,1,12.1,6.0,6,7,21,7,1037.22,1,0
13099,South,Paid Search,Returning,Control,47,189.9,7,12,17.8,10.2,0.511,0.814,0.561,0.046,4,106.44,4.16,428.67,0.203,0.149,0.702,5.24,6.3,2,11.5,2.0,3,4,16,2,222.31,0,0
13100,Midwest,Paid Search,Loyal,Control,25,64.4,31,4,4.5,6.9,0.547,0.891,0.277,0.022,0,100.69,2.83,0.0,0.432,0.069,0.718,5.6,4.1,2,16.2,6.0,5,6,191,7,645.32,1,0
13101,South,Organic Search,Returning,Treatment,39,65.8,6,4,8.7,6.5,0.14,0.856,0.345,0.043,1,69.91,1.82,53.65,0.095,0.007,0.731,7.92,3.1,0,,10.0,5,6,74,2,152.18,0,0
13102,West,Email,Loyal,Treatment,44,66.3,32,4,8.2,7.7,0.359,0.626,0.306,0.085,0,66.22,1.4,0.0,0.424,0.168,0.639,6.67,3.7,3,33.9,10.0,6,7,101,7,448.49,0,0
13103,South,Social,Returning,Treatment,40,93.5,14,14,7.2,6.3,0.266,0.828,0.133,0.012,5,86.23,2.89,468.22,0.375,0.059,0.662,5.74,5.5,1,9.9,7.0,5,6,34,4,338.57,0,0
13104,South,Email,Returning,Control,67,155.9,22,15,2.7,6.0,0.274,0.486,0.493,0.08,1,81.42,1.78,82.05,0.158,0.032,0.706,5.69,3.7,0,,8.0,5,5,32,1,79.82,0,0
13105,West,Referral,Returning,Control,36,118.9,11,9,9.4,6.7,0.289,0.681,0.273,0.005,2,109.03,2.53,155.75,0.228,0.188,0.708,5.62,4.5,0,,7.0,5,6,36,2,234.13,0,0
13106,South,Social,Loyal,Control,38,71.1,64,18,6.3,5.5,0.257,0.733,0.182,0.043,0,132.85,2.7,0.0,0.305,0.221,0.743,4.99,2.6,2,31.7,8.0,5,5,143,9,1015.87,1,0
13107,South,Email,New,Control,57,51.0,3,10,5.3,7.1,0.145,0.644,0.242,0.007,2,72.85,2.1,145.66,0.524,0.034,0.715,7.3,5.8,0,,6.0,6,6,41,1,71.88,0,0
13108,West,Organic Search,Loyal,Treatment,18,66.1,37,7,4.9,4.4,0.205,0.96,0.295,0.091,3,52.55,2.34,158.93,0.155,0.02,0.63,6.9,2.4,1,22.4,9.0,3,4,35,9,495.72,0,0
13109,Northeast,Paid Search,New,Control,18,94.9,1,5,13.2,8.7,0.385,0.881,0.14,0.015,1,83.77,2.56,93.03,0.303,0.053,0.659,8.86,3.8,2,23.3,7.0,5,5,40,1,93.91,0,0
13110,South,Social,Returning,Treatment,72,62.7,11,12,4.9,5.4,0.453,0.763,0.473,0.016,5,92.25,1.8,537.92,0.314,0.056,0.635,4.28,3.0,1,18.4,7.0,5,5,13,4,434.43,0,0
13111,West,Referral,Loyal,Control,62,63.6,34,2,9.3,8.9,0.375,0.803,0.239,0.035,0,87.31,2.73,0.0,0.103,0.123,0.692,6.93,2.2,2,27.0,4.0,3,3,204,6,550.88,0,1
13112,Midwest,Paid Search,Returning,Treatment,46,27.4,18,10,7.9,7.4,0.29,0.94,0.159,0.051,2,72.71,2.95,154.94,0.657,0.054,0.547,2.99,4.4,1,18.7,8.0,6,6,21,3,274.3,1,1
13113,South,Organic Search,Returning,Control,43,48.1,18,7,5.6,5.1,0.424,0.878,0.445,0.0,3,90.52,2.81,346.91,0.448,0.018,0.67,8.07,4.1,2,18.7,6.0,3,3,11,4,316.36,1,0
13114,Midwest,Email,Loyal,Control,31,93.8,37,18,5.3,5.9,0.262,0.83,0.536,0.014,3,134.3,2.22,395.23,0.231,0.082,0.689,7.91,3.4,0,,8.0,7,7,7,7,887.94,0,0
13115,Midwest,Referral,Returning,Treatment,18,29.5,12,4,11.2,9.8,0.425,0.97,0.218,0.03,2,39.89,1.61,90.37,0.264,0.077,0.767,4.34,4.2,1,15.1,6.0,6,7,13,1,38.13,0,1
13116,South,Referral,Returning,Treatment,31,54.1,10,20,1.5,5.2,0.24,0.717,0.449,0.18,4,60.62,1.0,251.26,0.341,0.029,0.695,4.44,2.0,2,14.9,8.0,5,5,21,5,265.96,1,0
13117,South,Social,Returning,Treatment,32,110.6,13,6,4.7,5.3,0.415,0.864,0.404,0.078,2,103.58,2.21,295.82,0.376,0.141,0.672,5.54,3.4,1,15.9,5.0,5,5,3,4,426.64,0,0
13118,Midwest,Paid Search,Loyal,Treatment,48,110.0,37,3,7.8,6.9,0.573,0.504,0.412,0.05,0,45.73,1.42,0.0,0.179,0.04,0.794,6.8,3.1,3,6.9,8.0,6,6,127,10,392.4,0,0
13119,South,Organic Search,Returning,Control,51,70.2,14,4,3.4,8.1,0.193,0.469,0.31,0.039,1,103.14,3.41,107.04,0.292,0.029,0.76,6.68,7.4,0,,7.0,6,6,23,1,80.1,0,1
13120,West,Organic Search,Returning,Treatment,49,61.9,9,5,6.5,6.3,0.377,0.535,0.268,0.029,2,74.2,1.63,147.17,0.354,0.065,0.563,3.09,2.7,1,17.3,8.0,4,5,31,2,122.22,0,0
13121,West,Paid Search,Returning,Treatment,27,33.5,10,7,4.0,5.9,0.317,0.696,0.187,0.042,2,96.15,3.04,214.85,0.269,0.096,0.743,6.31,2.5,0,,5.0,4,5,12,2,180.51,0,0
13122,South,Paid Search,Returning,Treatment,58,72.5,9,13,5.8,4.7,0.371,0.933,0.306,0.033,2,77.18,2.64,122.72,0.47,0.157,0.583,4.33,4.6,0,,7.0,4,5,58,2,159.02,0,0
13123,Northeast,Social,Returning,Control,44,76.6,15,13,6.0,5.7,0.466,0.824,0.232,0.055,3,118.09,2.71,326.4,0.332,0.344,0.82,3.83,4.6,1,26.1,5.0,6,5,7,2,215.37,1,1
13124,West,Social,Returning,Control,23,42.4,15,8,4.4,6.5,0.448,0.979,0.33,0.029,1,62.24,2.26,52.59,0.368,0.193,0.611,7.49,4.0,1,21.9,9.0,4,4,43,5,360.9,0,1
13125,West,Paid Search,Loyal,Control,32,82.1,51,12,10.5,10.7,0.402,0.56,0.228,0.086,4,82.91,3.13,274.07,0.181,0.1,0.401,4.51,2.4,1,42.0,9.0,4,3,16,2,164.27,0,0
13126,Midwest,Organic Search,Returning,Treatment,48,,6,18,3.9,5.2,0.315,0.742,0.131,0.056,2,69.7,2.53,152.63,0.326,0.042,0.604,3.35,5.9,0,,9.0,3,2,29,2,122.19,0,0
13127,Northeast,Organic Search,Returning,Control,24,65.5,6,10,6.0,5.3,0.29,0.996,0.103,0.007,0,61.49,2.3,0.0,0.433,0.022,0.703,3.76,3.3,0,,10.0,7,7,155,1,68.47,1,0
13128,Midwest,Paid Search,Returning,Control,46,43.4,7,8,6.0,5.3,0.521,0.746,0.269,0.025,1,53.57,2.1,43.06,0.281,0.098,0.786,4.83,4.7,0,,9.0,4,4,13,2,122.27,0,0
13129,West,Paid Search,Loyal,Control,49,36.8,36,32,10.8,8.2,0.244,0.757,0.347,0.061,3,76.97,1.56,192.97,0.433,0.085,0.642,5.35,4.8,1,39.5,4.0,5,6,25,6,460.13,0,1
13130,West,Organic Search,Returning,Treatment,35,133.4,6,17,7.2,6.9,0.381,0.697,0.273,0.006,1,83.3,2.2,82.08,0.189,0.024,0.767,7.04,6.0,0,,7.0,7,7,89,3,240.51,0,0
13131,West,Paid Search,New,Treatment,19,203.8,2,3,4.6,6.6,0.229,0.783,0.276,0.1,2,106.66,3.04,206.39,0.192,0.218,0.577,4.13,2.5,0,,10.0,5,6,12,2,273.25,0,0
13132,West,Social,Returning,Treatment,41,129.0,22,20,8.5,7.3,0.42,0.799,0.164,0.04,1,156.92,3.64,163.29,0.401,0.191,0.78,4.39,4.7,1,75.6,10.0,6,6,49,3,473.31,0,0
13133,West,Social,Loyal,Treatment,51,78.2,34,9,2.8,4.1,0.251,0.227,0.083,0.013,1,86.62,2.63,73.49,0.527,0.106,0.631,4.45,2.7,3,50.2,7.0,5,6,4,3,250.08,0,0
13134,West,Social,Returning,Control,39,60.5,17,12,4.3,5.8,0.295,0.887,0.424,0.107,3,98.21,2.55,317.15,0.295,0.141,0.811,9.44,3.6,0,,6.0,7,7,22,6,619.94,0,0
13135,South,Organic Search,Returning,Control,43,54.8,11,8,4.5,5.9,0.409,0.568,0.252,0.068,0,78.55,2.68,0.0,0.346,0.088,0.794,8.08,3.8,0,,8.0,4,3,128,2,157.85,1,0
13136,West,Paid Search,New,Control,46,125.8,5,8,3.6,5.7,0.444,0.403,0.14,0.003,1,95.75,3.69,98.12,0.301,0.085,0.651,8.01,1.8,0,,4.0,3,3,11,1,101.17,0,0
13137,West,Organic Search,Returning,Control,34,19.1,15,11,4.7,6.1,0.269,0.793,0.388,0.048,2,61.56,1.2,120.82,0.144,0.079,0.717,4.24,2.9,0,,10.0,5,7,28,5,273.26,0,0
13138,West,Paid Search,Returning,Control,33,83.7,9,9,6.5,6.9,0.325,0.647,0.205,0.039,2,90.7,2.65,170.94,0.621,0.114,0.722,4.19,2.9,2,15.8,9.0,5,5,4,1,106.89,0,0
13139,South,Paid Search,Returning,Control,18,56.6,22,12,7.5,7.0,0.314,0.807,0.201,0.029,2,66.63,1.95,128.06,0.229,0.032,0.705,7.06,4.1,7,13.4,7.0,5,5,28,9,539.78,0,0
13140,West,Referral,Loyal,Treatment,41,,34,13,4.9,4.9,0.501,0.877,0.27,0.02,2,75.53,2.23,149.47,0.164,0.034,0.651,6.42,3.1,0,,8.0,5,4,3,2,155.41,0,0
13141,South,Organic Search,Loyal,Treatment,57,108.8,26,10,8.3,7.3,0.281,0.613,0.235,0.012,1,43.44,1.1,62.22,0.304,0.114,0.566,0.3,4.4,0,,6.0,5,5,24,1,55.81,0,1
13142,South,Referral,Loyal,Control,44,95.9,36,19,6.5,5.7,0.369,0.926,0.242,0.02,5,80.28,2.01,428.55,0.238,0.044,0.673,6.83,5.5,0,,5.0,6,6,6,3,220.16,1,0
13143,South,Organic Search,Returning,Treatment,53,116.8,10,11,8.1,6.7,0.33,0.802,0.403,0.076,4,108.88,3.37,447.35,0.477,0.04,0.769,6.83,2.3,1,8.6,6.0,5,6,27,3,296.32,0,0
13144,South,Social,Loyal,Treatment,40,75.4,82,6,4.4,8.6,0.43,0.97,0.202,0.014,0,84.08,2.72,0.0,0.46,0.045,0.757,3.92,2.6,0,,,4,5,202,3,227.85,1,0
13145,West,Social,Returning,Control,38,97.9,22,17,6.6,7.7,0.358,0.548,0.428,0.054,3,96.87,1.89,276.29,0.262,0.231,0.759,3.1,2.1,2,23.4,6.0,5,5,10,6,647.8,0,0
13146,West,Organic Search,Loyal,Control,50,37.5,53,22,10.8,8.7,0.372,0.427,0.227,0.018,10,49.98,1.84,395.59,0.151,0.057,0.632,8.29,3.4,0,,9.0,5,5,10,5,248.06,0,0
13147,West,Social,Returning,Control,42,61.1,11,10,3.3,3.9,0.406,0.802,0.256,0.012,3,81.94,1.0,275.35,0.427,0.09,0.657,8.67,3.9,2,12.9,4.0,5,5,15,3,248.93,0,0
13148,Midwest,Paid Search,Loyal,Control,72,70.0,42,14,3.4,8.4,0.255,0.551,0.219,0.04,0,85.47,1.91,0.0,0.475,0.024,0.586,7.31,2.9,3,13.6,9.0,5,5,243,14,1305.32,1,0
13149,South,Organic Search,Returning,Control,62,136.7,19,1,8.4,6.7,0.299,0.66,0.199,0.011,0,58.07,1.82,0.0,0.286,0.002,0.872,7.29,3.5,0,,9.0,5,5,146,6,303.86,0,0
13150,South,Referral,Loyal,Treatment,48,123.6,61,5,3.9,5.4,0.211,0.637,0.166,0.009,1,117.54,2.76,122.69,0.265,0.023,0.818,6.14,5.9,2,20.5,8.0,4,5,89,10,1415.25,0,0
13151,Northeast,Email,Returning,Treatment,55,127.2,8,22,3.3,6.0,0.255,0.454,0.494,0.147,4,61.03,2.19,286.26,0.453,0.069,0.719,2.95,4.4,1,17.7,4.0,5,5,29,2,117.0,0,0
13152,South,Paid Search,Returning,Treatment,40,73.8,18,13,7.5,6.2,0.319,0.721,0.38,0.082,1,137.62,3.08,108.69,0.301,0.107,0.758,3.35,2.7,1,16.7,7.0,6,7,89,5,757.3,0,1
13153,West,Organic Search,Loyal,Control,54,39.5,32,7,5.8,7.0,0.213,0.515,0.29,0.004,1,74.46,2.09,80.45,0.27,0.027,0.639,5.04,4.9,2,22.1,7.0,6,6,34,5,355.33,0,0
13154,South,Organic Search,Returning,Treatment,42,52.1,15,3,7.5,6.3,0.374,0.595,0.155,0.018,1,68.21,2.41,65.0,0.121,0.045,0.812,5.8,3.2,0,,6.0,5,6,67,3,167.35,1,0
13155,Midwest,Organic Search,Returning,Treatment,35,49.7,6,7,2.8,5.3,0.081,0.431,0.239,0.023,1,110.62,2.25,102.55,0.33,0.047,0.687,6.61,2.1,0,,6.0,6,6,8,1,115.64,0,0
13156,Midwest,Organic Search,Loyal,Control,53,73.9,28,1,6.9,6.7,0.299,0.811,0.212,0.006,0,93.07,2.57,0.0,0.12,0.085,0.741,6.3,2.0,2,26.3,,4,4,103,2,190.83,1,0
13157,South,Organic Search,New,Treatment,44,96.9,5,8,7.0,7.0,0.193,0.801,0.25,0.005,3,100.4,2.98,248.35,0.218,0.104,0.723,3.7,3.5,1,28.0,8.0,7,7,22,2,210.25,1,0
13158,South,Paid Search,Returning,Control,27,74.7,18,10,2.9,5.3,0.291,0.68,0.192,0.025,2,102.1,3.6,239.84,0.533,0.033,0.635,3.06,3.3,1,7.3,5.0,6,6,12,2,165.26,0,0
13159,South,Organic Search,Loyal,Control,47,123.0,34,7,12.4,8.2,0.342,0.604,0.334,0.021,3,175.85,3.54,502.84,0.184,0.01,0.661,4.47,3.4,1,16.3,10.0,3,3,24,5,936.86,0,0
13160,Midwest,Referral,Returning,Control,39,60.3,20,5,7.7,8.4,0.225,0.78,0.444,0.097,0,66.79,2.76,0.0,0.178,0.085,0.835,5.63,2.1,1,27.2,10.0,6,6,116,4,276.34,0,0
13161,Northeast,Email,Returning,Treatment,48,92.5,9,7,5.2,5.4,0.394,0.729,0.268,0.04,3,132.98,2.96,443.48,0.196,0.064,0.561,3.74,3.5,1,19.8,6.0,5,6,18,4,541.65,1,1
13162,West,Paid Search,Loyal,Treatment,43,66.2,50,20,11.7,10.7,0.313,0.837,0.2,0.008,3,46.44,2.35,133.68,0.241,0.033,0.622,4.58,2.1,3,7.0,6.0,6,6,16,11,541.12,0,0
13163,Northeast,Email,Returning,Treatment,34,37.8,11,18,4.4,5.0,0.434,0.924,0.43,0.096,6,70.26,2.6,366.52,0.104,0.066,0.814,4.38,2.8,0,,8.0,6,7,20,2,162.34,0,0
13164,South,Paid Search,Returning,Control,43,46.5,10,5,5.0,5.6,0.293,0.94,0.208,0.021,0,86.59,3.09,0.0,0.441,0.114,0.707,7.12,4.7,1,20.8,5.0,5,6,239,3,242.16,0,0
13165,Northeast,Organic Search,Returning,Control,31,92.5,19,5,6.5,7.9,0.117,0.654,0.329,0.054,1,109.62,3.17,133.21,0.215,0.119,0.689,5.62,4.1,1,10.0,8.0,6,6,89,1,109.57,0,0
13166,South,Social,Returning,Treatment,41,88.0,15,8,6.6,7.1,0.261,0.771,0.236,0.007,1,100.46,2.31,105.72,0.185,0.085,0.56,3.17,4.4,3,12.8,2.0,6,5,29,3,261.28,0,1
13167,Northeast,Social,Returning,Treatment,29,73.3,11,7,7.5,6.7,0.275,0.787,0.155,0.004,1,164.28,3.81,141.03,0.315,0.122,0.618,7.97,5.0,0,,6.0,4,5,38,4,624.23,0,0
13168,South,Paid Search,Returning,Treatment,44,42.9,11,6,10.5,7.8,0.585,0.849,0.221,0.028,3,123.18,1.96,310.37,0.22,0.136,0.651,4.48,3.4,0,,8.0,5,6,21,1,115.68,0,0
13169,West,Organic Search,Returning,Treatment,32,41.5,21,12,2.5,3.9,0.181,0.748,0.148,0.023,2,56.73,2.27,124.56,0.55,0.013,0.714,5.19,2.5,0,,10.0,6,7,43,7,368.06,0,0
13170,Midwest,Organic Search,New,Control,65,78.3,4,6,9.2,9.3,0.163,0.61,0.202,0.008,2,104.53,2.8,187.74,0.282,0.114,0.695,3.78,1.9,0,,9.0,5,5,17,2,179.42,0,0
13171,South,Social,New,Control,40,88.5,1,4,7.4,7.5,0.473,0.491,0.107,0.009,0,93.82,2.3,0.0,0.376,0.197,0.608,3.77,5.5,1,9.6,,4,3,129,1,96.7,1,0
13172,Midwest,Social,Returning,Control,43,72.4,17,10,3.8,4.7,0.598,0.737,0.089,0.027,3,76.85,3.91,259.0,0.399,0.173,0.698,6.99,4.5,1,34.0,8.0,3,3,25,4,278.4,0,0
13173,West,Social,Returning,Control,58,64.1,14,9,3.8,6.4,0.241,0.673,0.157,0.08,1,58.96,1.72,74.59,0.332,0.118,0.574,8.72,0.9,0,,10.0,7,7,16,4,223.61,0,0
13174,South,Referral,Returning,Treatment,44,59.1,8,7,5.3,6.6,0.254,0.86,0.184,0.044,1,73.02,2.56,63.72,0.391,0.035,0.534,4.18,3.4,1,14.5,8.0,6,6,57,1,63.03,0,0
13175,West,Email,New,Control,53,50.8,1,5,6.1,6.4,0.239,0.727,0.471,0.035,0,69.74,3.28,0.0,0.132,0.021,0.678,7.05,2.8,0,,9.0,4,3,148,2,133.48,1,0
13176,Midwest,Paid Search,Loyal,Treatment,28,92.6,25,6,3.4,4.9,0.474,0.778,0.349,0.017,1,135.0,4.66,116.88,0.437,0.021,0.665,2.44,3.8,3,17.2,9.0,5,5,11,3,408.12,0,0
13177,South,Paid Search,Returning,Treatment,42,78.5,20,5,7.4,5.6,0.319,0.828,0.356,0.08,1,81.79,2.42,73.8,0.324,0.057,0.613,2.62,2.8,1,41.9,5.0,4,4,89,2,156.4,1,0
13178,Northeast,Referral,Returning,Treatment,48,57.9,11,1,12.5,9.5,0.289,0.369,0.401,0.021,0,126.05,2.67,0.0,0.164,0.045,0.743,2.05,2.0,0,,9.0,4,5,110,2,294.85,0,0
13179,South,Email,Returning,Treatment,63,43.7,8,6,8.4,6.7,0.234,0.765,0.353,0.044,1,42.93,1.5,49.58,0.364,0.048,0.763,5.6,4.8,0,,8.0,6,6,63,1,51.88,0,1
13180,West,Organic Search,Returning,Control,42,44.5,7,1,3.6,5.2,0.392,0.978,0.123,0.011,1,66.41,2.03,88.14,0.214,0.041,0.592,5.29,4.0,0,,7.0,4,5,39,1,52.55,0,0
13181,West,Email,Loyal,Treatment,45,160.8,65,48,7.2,5.8,0.19,0.867,0.431,0.056,13,156.59,2.8,2251.13,0.103,0.033,0.769,6.64,2.9,4,14.4,9.0,6,6,3,9,1295.58,0,1
13182,Northeast,Organic Search,New,Treatment,52,53.2,4,5,5.5,6.0,0.149,0.825,0.229,0.041,1,83.25,2.44,61.32,0.234,0.191,0.618,2.6,2.6,0,,10.0,7,7,44,1,74.61,0,0
13183,West,Paid Search,Returning,Control,22,72.3,12,3,3.7,4.0,0.445,0.705,0.385,0.03,2,107.44,2.95,248.81,0.463,0.031,0.697,6.99,1.7,0,,8.0,4,4,20,2,213.23,0,0
13184,South,Organic Search,Loyal,Control,46,77.0,25,15,8.8,7.3,0.374,0.657,0.173,0.003,3,64.85,2.11,159.53,0.148,0.089,0.662,11.13,4.1,1,26.4,,3,3,8,3,178.14,0,1
13185,Midwest,Paid Search,Returning,Control,32,19.3,12,7,17.9,11.7,0.112,0.794,0.121,0.031,2,56.87,1.79,112.61,0.331,0.163,0.465,4.53,3.2,1,12.2,7.0,5,5,8,4,272.1,0,0
13186,West,Email,Returning,Control,67,75.2,6,9,7.1,6.8,0.231,0.741,0.359,0.141,2,57.95,2.53,128.54,0.191,0.046,0.552,6.87,1.8,1,17.7,8.0,6,6,38,1,56.56,0,1
13187,South,Paid Search,Returning,Control,34,41.8,7,1,7.1,7.3,0.237,0.957,0.404,0.094,0,165.2,2.48,0.0,0.485,0.038,0.69,6.1,5.4,2,22.4,4.0,6,5,153,5,928.08,0,0
13188,West,Organic Search,Loyal,Control,41,71.4,43,24,3.7,5.2,0.371,0.838,0.501,0.072,4,145.84,2.4,678.8,0.305,0.028,0.697,7.28,3.5,7,19.1,2.0,5,5,11,18,2611.57,1,0
13189,South,Paid Search,New,Treatment,28,,4,7,3.1,8.1,0.365,0.691,0.314,0.05,1,70.97,1.48,78.68,0.378,0.041,0.714,3.85,4.2,0,,10.0,4,4,30,1,69.31,0,1
13190,South,Referral,New,Control,75,,5,9,5.4,4.8,0.264,0.65,0.301,0.057,1,86.87,2.09,80.13,0.083,0.062,0.768,8.5,3.8,1,10.7,7.0,5,6,34,1,71.39,1,0
13191,South,Paid Search,Returning,Control,40,120.2,21,11,3.8,5.0,0.317,0.772,0.2,0.03,0,121.46,2.14,0.0,0.119,0.046,0.803,6.34,4.2,2,21.9,5.0,5,5,168,1,117.09,0,0
13192,Northeast,Email,Loyal,Treatment,36,,31,45,4.9,6.4,0.31,0.943,0.264,0.016,6,118.98,1.86,746.69,0.285,0.142,0.539,6.64,4.8,0,,7.0,4,5,2,1,112.92,0,0
13193,South,Organic Search,New,Control,55,68.6,2,12,7.5,6.7,0.182,0.757,0.211,0.01,2,70.43,1.96,136.86,0.359,0.035,0.791,5.68,6.2,0,,6.0,4,5,20,2,149.55,1,0
13194,Midwest,Email,New,Treatment,27,54.4,2,4,8.2,10.6,0.064,0.796,0.412,0.061,2,71.99,2.19,145.78,0.135,0.13,0.552,2.77,6.1,0,,10.0,6,6,9,2,165.58,0,0
13195,Northeast,Paid Search,Loyal,Control,38,,40,23,3.6,5.3,0.465,0.651,0.305,0.018,3,83.4,1.78,250.87,0.505,0.188,0.761,8.0,2.8,4,16.9,9.0,5,6,15,5,419.97,0,0
13196,West,Email,Loyal,Control,60,67.2,39,19,6.5,7.6,0.449,0.562,0.358,0.064,1,152.17,3.5,154.35,0.424,0.04,0.816,10.01,3.6,3,26.2,6.0,7,7,89,8,1015.3,1,0
13197,West,Organic Search,Returning,Treatment,18,55.1,18,12,8.9,7.2,0.386,0.957,0.365,0.024,2,128.33,2.77,339.79,0.275,0.008,0.662,3.38,5.2,0,,7.0,4,4,40,6,914.36,0,0
13198,West,Paid Search,Loyal,Control,18,64.7,31,12,2.9,5.6,0.445,0.906,0.316,0.026,3,36.57,1.9,124.49,0.247,0.053,0.493,8.2,2.5,0,,10.0,4,5,27,5,169.56,0,0
13199,West,Email,Loyal,Control,33,27.6,30,16,10.9,9.1,0.4,0.757,0.359,0.075,2,91.73,3.34,204.99,0.288,0.057,0.522,10.56,2.1,0,,10.0,5,5,34,1,95.9,0,0
13200,West,Organic Search,Returning,Treatment,40,33.7,20,13,2.2,5.2,0.158,0.769,0.648,0.01,3,70.13,2.43,253.45,0.083,0.079,0.666,4.85,2.6,0,,9.0,5,5,7,1,60.6,0,0
13201,West,Paid Search,Returning,Control,35,52.8,13,6,16.4,9.8,0.198,0.662,0.041,0.01,4,75.99,1.71,315.17,0.661,0.03,0.613,7.69,2.6,1,16.0,,5,5,10,3,238.62,0,0
13202,Northeast,Organic Search,Returning,Treatment,57,146.5,7,1,5.3,6.1,0.319,0.46,0.157,0.022,0,87.74,3.26,0.0,0.243,0.135,0.506,3.45,6.0,0,,9.0,5,6,354,2,222.3,1,0
13203,Midwest,Paid Search,Loyal,Treatment,49,49.9,25,10,11.1,9.5,0.398,0.59,0.217,0.027,3,52.23,2.42,151.96,0.35,0.05,0.514,4.37,4.0,1,8.0,10.0,4,4,14,7,298.43,0,0
13204,West,Organic Search,New,Control,27,,3,3,4.0,4.7,0.294,0.875,0.303,0.025,1,100.49,2.45,117.64,0.172,0.027,0.786,5.53,3.0,0,,6.0,6,6,75,1,104.75,0,0
13205,West,Email,Loyal,Treatment,42,105.3,26,15,4.8,6.6,0.525,0.846,0.374,0.086,2,69.29,1.73,156.77,0.205,0.06,0.614,3.61,4.2,0,,6.0,5,5,35,5,440.01,0,0
13206,Midwest,Social,New,Treatment,34,111.8,4,6,12.2,9.3,0.161,0.73,0.262,0.004,3,62.11,3.1,240.48,0.483,0.166,0.76,7.05,5.4,0,,5.0,3,3,21,2,117.36,0,0
13207,West,Social,Returning,Control,35,103.8,9,18,4.8,6.2,0.333,0.867,0.269,0.05,1,136.18,3.07,131.93,0.237,0.123,0.796,7.28,4.9,0,,9.0,4,5,2,2,253.48,0,0
13208,West,Email,Loyal,Control,18,81.4,31,5,5.4,5.6,0.326,0.877,0.612,0.048,0,135.76,2.35,0.0,0.405,0.027,0.814,9.48,4.3,0,,10.0,3,4,147,3,419.2,1,1
13209,Northeast,Referral,New,Treatment,18,105.7,1,2,4.5,7.1,0.122,0.974,0.369,0.034,1,100.67,3.7,91.89,0.206,0.053,0.573,4.25,3.4,1,13.1,10.0,6,6,39,1,91.6,0,0
13210,Northeast,Email,Returning,Treatment,49,77.3,21,15,5.1,5.9,0.264,0.336,0.2,0.051,2,81.0,3.18,153.19,0.337,0.024,0.67,2.04,3.3,2,33.9,,4,4,6,4,351.99,0,0
13211,Midwest,Organic Search,Loyal,Treatment,43,64.5,27,13,5.3,5.8,0.173,0.632,0.416,0.139,0,42.95,1.54,0.0,0.062,0.078,0.659,5.47,4.0,1,45.0,8.0,4,5,193,6,272.37,1,1
13212,West,Organic Search,Loyal,Control,21,123.9,47,18,4.4,5.5,0.389,0.875,0.251,0.017,2,84.8,2.99,136.92,0.089,0.025,0.545,8.18,2.0,2,15.7,8.0,4,4,36,11,1001.89,0,1
13213,Midwest,Email,New,Control,26,124.7,2,9,6.5,5.4,0.37,0.691,0.14,0.044,1,128.43,1.99,138.57,0.316,0.022,0.734,6.41,2.2,0,,7.0,7,7,59,1,155.4,0,0
13214,West,Referral,Returning,Treatment,26,53.3,15,6,7.8,6.3,0.435,0.63,0.42,0.041,1,138.34,3.0,149.79,0.393,0.04,0.589,3.16,2.6,1,52.3,7.0,5,5,57,6,866.88,0,0
13215,Northeast,Social,Returning,Treatment,36,62.6,24,11,5.5,6.0,0.372,0.968,0.146,0.035,2,32.84,1.28,87.02,0.502,0.11,0.697,5.39,2.3,1,7.4,8.0,6,6,14,5,156.05,0,0
13216,West,Referral,Returning,Treatment,60,39.1,19,4,8.8,9.3,0.096,0.54,0.201,0.016,1,89.42,2.3,136.82,0.373,0.102,0.651,5.88,3.0,1,22.8,7.0,4,5,28,3,276.05,1,0
13217,South,Organic Search,New,Treatment,39,68.6,1,3,4.8,6.7,0.302,0.525,0.247,0.013,1,107.25,2.44,103.53,0.22,0.027,0.551,5.47,3.5,0,,4.0,6,7,58,1,131.99,0,0
13218,Midwest,Organic Search,Loyal,Treatment,24,47.0,35,24,7.4,7.8,0.352,0.749,0.478,0.063,3,39.49,1.93,127.74,0.49,0.131,0.813,6.23,3.0,1,7.1,,5,4,6,2,72.21,0,0
13219,West,Paid Search,Returning,Control,56,56.8,19,6,5.1,6.7,0.251,0.365,0.45,0.074,3,69.89,2.52,242.68,0.434,0.096,0.628,6.88,1.9,0,,10.0,4,4,29,4,356.03,0,0
13220,West,Social,Returning,Treatment,44,106.3,12,9,8.6,8.3,0.404,0.338,0.277,0.036,1,71.65,3.15,64.22,0.37,0.077,0.688,4.92,4.0,0,,9.0,6,6,40,1,66.7,0,0
13221,South,Social,Returning,Treatment,21,74.6,10,7,12.2,7.9,0.321,0.782,0.279,0.028,0,92.54,2.4,0.0,0.498,0.136,0.741,6.04,3.1,0,,9.0,6,7,116,2,163.29,0,0
13222,Midwest,Organic Search,Loyal,Treatment,74,69.5,55,2,3.8,4.1,0.299,0.562,0.412,0.059,1,51.17,1.0,50.01,0.248,0.023,0.793,3.31,4.8,0,,,5,6,9,6,286.49,0,0
13223,Northeast,Email,Loyal,Control,50,67.6,73,15,5.0,7.3,0.233,0.858,0.34,0.091,1,61.03,3.34,68.42,0.321,0.038,0.656,6.95,3.3,3,30.4,5.0,5,7,36,13,749.58,0,0
13224,West,Referral,Loyal,Treatment,47,56.1,32,3,10.2,10.8,0.249,0.723,0.1,0.003,1,75.14,2.75,69.24,0.567,0.06,0.687,3.62,2.5,0,,10.0,5,5,32,5,380.76,0,0
13225,South,Organic Search,Loyal,Control,36,170.6,69,6,3.4,4.1,0.389,0.642,0.201,0.034,0,153.15,3.82,0.0,0.155,0.052,0.782,6.51,6.6,1,25.2,9.0,6,5,171,2,287.49,0,0
13226,South,Paid Search,Loyal,Treatment,23,70.4,58,7,3.1,5.0,0.468,0.98,0.127,0.008,4,95.68,2.09,473.97,0.264,0.098,0.776,6.82,6.3,1,12.0,8.0,4,5,24,9,731.24,0,0
13227,West,Paid Search,Returning,Treatment,24,85.1,13,4,4.6,5.2,0.441,0.839,0.241,0.01,0,85.0,2.17,0.0,0.596,0.094,0.626,6.36,2.7,1,23.3,6.0,4,4,132,6,491.1,1,0
13228,West,Social,Returning,Control,18,70.6,23,9,6.9,6.9,0.313,0.862,0.369,0.02,1,50.36,2.04,42.58,0.171,0.09,0.752,7.51,2.4,1,25.1,6.0,5,4,24,4,178.44,0,0
13229,West,Paid Search,Returning,Treatment,45,132.0,6,7,3.5,5.0,0.419,0.822,0.282,0.029,4,114.5,3.13,509.3,0.212,0.041,0.801,8.85,3.8,2,8.7,9.0,5,5,20,1,102.18,1,0
13230,South,Referral,Loyal,Treatment,29,107.1,31,14,8.5,7.6,0.159,0.808,0.352,0.081,1,62.22,3.01,67.64,0.486,0.142,0.664,3.69,2.0,0,,9.0,6,6,89,1,70.08,0,0
13231,Northeast,Social,Returning,Treatment,50,,10,4,8.3,6.9,0.404,0.734,0.247,0.027,3,129.01,2.26,289.67,0.375,0.059,0.882,5.58,2.9,0,,7.0,7,7,32,1,141.67,0,1
13232,West,Referral,Loyal,Treatment,51,106.7,43,15,6.9,8.2,0.243,0.773,0.205,0.011,2,91.46,3.06,143.4,0.316,0.162,0.641,8.03,3.8,1,29.9,6.0,4,4,87,7,629.71,0,0
13233,South,Organic Search,Returning,Control,51,29.6,11,2,3.9,4.1,0.491,0.539,0.343,0.066,1,53.9,2.49,41.46,0.343,0.054,0.638,8.76,2.6,0,,,6,6,7,1,49.54,0,0
13234,South,Organic Search,Returning,Treatment,18,89.4,10,46,18.0,10.4,0.344,0.955,0.165,0.027,6,167.45,4.04,923.9,0.483,0.077,0.497,3.14,3.6,0,,5.0,5,5,22,2,350.51,0,0
13235,West,Email,Returning,Control,27,52.1,22,37,10.0,11.1,0.245,0.813,0.346,0.014,3,129.27,1.8,480.64,0.25,0.015,0.594,4.66,1.8,2,31.5,,4,4,31,1,126.45,0,0
13236,Midwest,Social,New,Control,23,52.2,1,4,4.1,5.1,0.574,0.8,0.277,0.042,0,61.05,1.0,0.0,0.351,0.057,0.823,4.27,4.0,1,9.9,7.0,6,6,97,1,50.41,0,0
13237,West,Social,New,Treatment,47,98.8,3,9,6.7,5.3,0.208,0.507,0.272,0.053,4,140.04,3.08,746.88,0.174,0.245,0.67,2.6,3.3,1,16.0,,4,4,5,2,265.15,0,0
13238,South,Email,Returning,Treatment,45,36.1,24,5,16.9,12.6,0.093,0.791,0.377,0.018,1,70.75,1.0,65.05,0.286,0.035,0.676,6.63,3.6,2,19.7,5.0,6,6,17,2,137.9,0,0
13239,South,Email,Returning,Control,28,117.9,9,10,7.4,6.1,0.262,0.71,0.27,0.061,1,44.9,2.87,38.22,0.343,0.041,0.798,6.96,3.8,0,,6.0,3,3,56,1,43.5,0,0
13240,West,Social,Returning,Control,47,98.3,6,10,7.6,6.0,0.235,0.641,0.255,0.026,1,70.44,1.99,87.26,0.249,0.132,0.802,5.64,2.5,0,,9.0,5,6,10,2,131.93,0,0
13241,Northeast,Social,Returning,Control,47,150.3,24,15,8.3,6.9,0.311,0.75,0.173,0.034,1,115.87,3.08,147.95,0.211,0.017,0.713,8.18,3.2,2,29.4,9.0,6,7,57,4,444.58,0,0
13242,Northeast,Organic Search,Returning,Treatment,31,68.9,15,3,9.2,9.4,0.321,0.852,0.17,0.035,0,67.24,2.15,0.0,0.188,0.021,0.674,3.39,4.3,1,27.1,7.0,5,5,131,1,71.56,0,0
13243,West,Email,Returning,Treatment,49,65.4,11,7,4.7,5.2,0.369,0.721,0.424,0.103,2,70.39,2.62,138.09,0.387,0.058,0.818,3.97,3.3,0,,5.0,6,6,53,2,122.24,0,1
13244,Northeast,Email,Returning,Control,33,87.3,24,15,11.5,8.7,0.407,0.773,0.292,0.067,3,53.26,1.47,175.72,0.596,0.016,0.639,6.73,4.7,2,22.4,7.0,5,6,30,7,415.79,0,0
13245,South,Paid Search,Loyal,Treatment,33,79.5,50,13,14.8,10.7,0.342,0.533,0.643,0.136,2,86.74,2.64,161.76,0.349,0.04,0.714,7.07,4.3,2,56.3,10.0,4,5,39,5,541.55,0,0
13246,West,Organic Search,Loyal,Control,37,64.5,57,10,0.9,3.7,0.406,0.936,0.25,0.026,5,127.99,3.46,674.69,0.135,0.04,0.58,8.34,3.6,2,10.4,6.0,2,2,20,2,214.89,0,0
13247,South,Paid Search,Returning,Control,18,66.4,10,6,5.1,4.9,0.334,0.772,0.23,0.034,2,61.36,2.04,156.35,0.304,0.045,0.777,5.26,4.4,1,53.0,7.0,6,7,21,1,73.15,0,1
13248,Midwest,Email,Loyal,Treatment,34,37.2,57,15,8.6,6.4,0.365,0.846,0.403,0.015,3,132.56,3.32,479.31,0.253,0.047,0.786,5.72,2.2,0,,10.0,6,6,21,1,151.43,0,1
13249,West,Social,Loyal,Control,30,91.4,27,9,7.2,6.3,0.257,0.805,0.231,0.073,1,138.7,2.45,151.64,0.351,0.153,0.765,6.39,3.7,0,,6.0,5,6,29,9,1069.25,0,0
13250,Midwest,Organic Search,Returning,Treatment,47,,14,12,8.2,6.4,0.418,0.81,0.289,0.072,3,58.78,1.83,181.55,0.331,0.013,0.465,5.31,1.6,2,22.5,6.0,4,4,25,4,236.05,0,0
13251,West,Social,Loyal,Control,24,85.2,28,10,10.3,9.0,0.386,0.967,0.193,0.02,1,103.22,1.5,102.35,0.334,0.107,0.683,8.04,4.2,1,18.0,8.0,5,6,21,2,207.96,0,0
13252,West,Organic Search,Returning,Treatment,29,75.6,19,16,5.5,4.8,0.235,0.873,0.193,0.023,2,78.8,2.5,153.74,0.342,0.025,0.538,2.32,1.8,1,23.7,8.0,5,4,5,4,285.37,0,0
13253,Midwest,Paid Search,Loyal,Treatment,28,65.4,46,20,5.7,5.9,0.399,0.898,0.209,0.023,0,96.78,3.42,0.0,0.33,0.094,0.565,5.17,3.1,1,8.1,7.0,4,5,351,2,166.41,1,0
13254,South,Organic Search,Returning,Treatment,54,59.3,19,5,3.5,11.5,0.214,0.642,0.572,0.064,0,93.07,2.08,0.0,0.217,0.066,0.755,2.86,2.9,3,9.8,7.0,7,6,112,7,731.24,1,1
13255,Midwest,Organic Search,Loyal,Treatment,33,68.8,45,11,10.8,8.6,0.277,0.682,0.204,0.023,3,75.93,2.52,243.9,0.038,0.025,0.54,7.18,6.3,3,26.0,6.0,5,6,20,12,1039.54,0,0
13256,Northeast,Referral,Loyal,Control,56,86.3,42,12,3.7,4.2,0.282,0.67,0.247,0.046,3,136.1,2.68,444.1,0.169,0.04,0.591,9.27,3.7,2,23.7,9.0,4,5,18,4,518.18,0,0
13257,South,Organic Search,Loyal,Control,41,34.3,31,23,5.7,5.6,0.342,0.747,0.323,0.046,3,107.81,3.32,257.25,0.185,0.12,0.64,7.41,3.1,1,8.8,8.0,7,7,14,4,426.22,0,0
13258,Midwest,Organic Search,New,Control,40,79.6,3,2,4.5,6.7,0.24,0.518,0.201,0.03,0,64.31,3.08,0.0,0.285,0.039,0.836,3.6,2.1,1,30.7,8.0,5,6,137,1,73.49,0,0
13259,Northeast,Paid Search,Loyal,Control,19,78.3,65,16,6.0,6.6,0.304,0.993,0.43,0.045,1,96.74,2.95,101.13,0.442,0.195,0.884,5.09,2.6,5,29.2,9.0,4,5,57,21,2281.14,0,0
13260,Northeast,Email,Loyal,Control,67,113.3,36,6,3.2,5.3,0.244,0.235,0.439,0.098,4,102.84,1.86,452.63,0.385,0.08,0.713,7.19,4.5,0,,7.0,6,6,54,4,461.25,0,0
13261,South,Paid Search,Loyal,Treatment,41,,26,6,7.0,5.8,0.346,0.87,0.264,0.07,1,54.02,2.6,55.6,0.287,0.136,0.729,1.95,4.4,2,16.5,,6,5,56,8,461.75,0,0
13262,West,Email,Loyal,Treatment,50,102.0,37,19,11.4,8.4,0.223,0.466,0.21,0.029,3,81.44,2.57,253.31,0.124,0.05,0.667,0.0,2.4,0,,,5,5,42,3,225.53,0,0
13263,Midwest,Organic Search,Loyal,Control,54,,39,4,9.0,7.0,0.251,0.623,0.176,0.032,1,51.88,1.93,48.97,0.244,0.123,0.847,6.11,3.9,0,,7.0,4,4,89,6,307.45,0,1
13264,South,Social,Loyal,Control,51,37.9,26,13,1.4,5.2,0.47,0.879,0.367,0.057,3,107.64,3.69,483.95,0.273,0.066,0.722,6.66,2.5,0,,10.0,3,4,32,2,249.2,0,0
13265,West,Paid Search,New,Treatment,42,43.3,4,3,3.8,4.4,0.446,0.826,0.297,0.016,0,75.22,2.15,0.0,0.079,0.176,0.718,3.53,3.8,1,11.8,3.0,4,3,122,1,91.94,1,0
13266,Midwest,Organic Search,Returning,Treatment,38,79.1,24,9,5.0,4.8,0.485,0.568,0.302,0.032,1,91.96,3.74,97.78,0.279,0.027,0.555,5.8,3.1,2,18.0,6.0,5,6,62,5,534.38,0,1
13267,West,Email,Returning,Treatment,18,36.8,6,15,25.1,14.0,0.275,0.957,0.181,0.05,1,65.34,1.96,69.07,0.272,0.113,0.627,4.71,1.6,1,47.5,5.0,4,5,49,1,59.63,0,0
13268,South,Paid Search,Returning,Control,30,63.5,9,5,5.7,7.1,0.451,0.548,0.213,0.05,0,98.89,4.03,0.0,0.302,0.15,0.621,8.43,3.0,1,25.7,3.0,4,4,109,2,217.02,0,0
13269,West,Organic Search,Loyal,Treatment,34,120.3,41,27,8.1,9.1,0.142,0.611,0.57,0.053,7,109.27,2.08,762.31,0.167,0.125,0.697,4.14,4.1,0,,7.0,5,4,13,9,1017.71,0,0
13270,West,Paid Search,Returning,Treatment,43,63.4,15,5,3.2,6.1,0.316,0.809,0.272,0.065,3,84.76,2.18,260.57,0.55,0.173,0.731,3.11,3.1,1,30.2,,4,4,6,5,387.62,0,0
13271,South,Paid Search,Loyal,Control,31,62.0,29,8,5.1,7.2,0.247,0.883,0.262,0.008,5,55.85,1.5,288.74,0.297,0.085,0.589,5.48,3.3,1,15.9,10.0,3,4,12,6,251.33,0,1
13272,Midwest,Paid Search,Loyal,Treatment,29,72.6,48,11,9.1,7.3,0.483,0.938,0.314,0.046,1,53.44,1.89,53.59,0.401,0.132,0.631,3.4,3.0,2,11.0,9.0,3,3,25,9,637.23,0,1
13273,Northeast,Email,New,Control,38,161.1,4,12,1.4,3.4,0.185,0.519,0.509,0.037,2,107.77,2.92,214.62,0.103,0.057,0.64,6.35,3.8,0,,10.0,4,4,17,1,102.28,0,0
13274,South,Organic Search,Returning,Treatment,37,63.3,23,19,2.7,5.2,0.301,0.851,0.197,0.019,4,77.03,1.18,365.62,0.113,0.055,0.754,3.53,3.6,1,82.1,6.0,4,4,9,3,209.98,0,0
13275,Northeast,Referral,Loyal,Control,59,52.4,29,7,1.7,3.2,0.351,0.815,0.232,0.044,0,98.52,2.14,0.0,0.328,0.061,0.765,7.95,2.1,2,25.2,8.0,5,6,165,6,554.49,1,0
13276,West,Organic Search,Loyal,Treatment,23,109.9,27,6,7.6,6.1,0.173,0.897,0.379,0.02,1,68.9,2.03,61.56,0.215,0.084,0.717,6.12,1.8,7,34.9,9.0,6,7,89,7,516.36,0,0
13277,West,Email,Returning,Control,47,78.9,23,20,2.7,4.1,0.35,0.711,0.082,0.019,2,77.68,2.45,131.48,0.278,0.088,0.558,7.25,2.4,0,,8.0,6,6,6,2,151.05,0,0
13278,West,Email,Returning,Control,42,,6,13,5.2,6.1,0.26,0.532,0.377,0.033,1,142.94,2.37,167.95,0.547,0.009,0.723,3.69,1.4,0,,5.0,2,2,53,1,142.31,0,0
13279,Midwest,Organic Search,New,Treatment,59,56.3,1,2,11.0,8.3,0.184,0.51,0.136,0.006,1,73.55,1.43,80.7,0.11,0.073,0.682,3.29,4.9,2,26.4,7.0,4,4,55,1,63.68,0,0
13280,Midwest,Social,Returning,Treatment,35,38.4,8,8,8.2,7.1,0.541,0.865,0.45,0.184,0,61.82,2.45,0.0,0.211,0.197,0.657,4.09,3.5,2,22.1,5.0,5,5,270,1,72.31,0,0
13281,South,Email,Returning,Treatment,48,76.5,10,3,7.9,7.4,0.348,0.607,0.306,0.09,0,73.2,1.42,0.0,0.193,0.032,0.562,4.17,3.2,1,24.4,9.0,4,4,130,4,254.34,0,1
13282,South,Paid Search,Returning,Treatment,48,106.9,23,7,7.7,6.3,0.51,0.571,0.217,0.037,1,150.96,1.75,141.45,0.196,0.105,0.602,2.69,1.9,0,,5.0,6,6,37,1,162.52,0,0
13283,Midwest,Social,Returning,Control,67,35.5,13,7,6.3,5.1,0.415,0.675,0.413,0.032,2,65.76,1.08,151.23,0.472,0.052,0.842,6.63,4.8,0,,7.0,6,6,1,1,73.06,0,0
13284,South,Organic Search,Returning,Control,23,60.6,6,14,7.0,7.0,0.398,0.976,0.133,0.013,2,127.56,3.45,275.62,0.015,0.033,0.667,6.57,2.3,1,17.0,7.0,5,5,10,1,125.2,0,0
13285,West,Social,Returning,Control,48,56.8,20,11,3.6,4.3,0.35,0.805,0.201,0.005,1,84.32,1.86,100.27,0.142,0.177,0.884,5.3,3.3,0,,6.0,5,5,4,2,178.56,0,0
13286,Midwest,Paid Search,Loyal,Treatment,40,48.0,33,8,2.6,4.5,0.44,0.767,0.322,0.009,1,49.65,2.01,67.4,0.447,0.061,0.823,3.21,2.4,1,10.7,4.0,4,4,10,2,121.69,0,1
13287,South,Organic Search,Returning,Treatment,67,67.7,17,6,2.8,4.0,0.242,0.588,0.104,0.012,0,77.79,2.91,0.0,0.25,0.067,0.463,4.86,3.3,0,,10.0,5,5,255,3,287.64,1,0
13288,Northeast,Paid Search,New,Control,49,50.8,3,1,2.5,7.3,0.366,0.678,0.346,0.065,1,123.56,2.81,120.05,0.126,0.058,0.787,8.52,2.2,0,,10.0,7,7,55,1,125.0,0,0
13289,West,Email,Returning,Treatment,52,45.9,6,12,3.9,5.6,0.503,0.639,0.407,0.024,3,107.73,2.1,323.1,0.4,0.064,0.888,5.61,6.0,0,,7.0,4,3,12,1,104.83,1,0
13290,West,Paid Search,Loyal,Treatment,37,81.4,28,19,6.9,7.3,0.261,0.502,0.35,0.009,5,69.6,2.05,502.15,0.141,0.226,0.636,3.43,3.4,3,27.0,5.0,4,5,1,17,1187.51,1,0
13291,West,Paid Search,Returning,Control,28,130.0,11,7,4.9,4.8,0.679,0.703,0.164,0.013,0,130.61,3.09,0.0,0.201,0.234,0.761,6.56,3.4,1,14.0,8.0,5,6,127,3,373.81,0,0
13292,Midwest,Referral,Loyal,Treatment,30,58.5,37,50,6.4,7.5,0.233,0.482,0.221,0.021,5,50.45,1.09,244.67,0.109,0.018,0.477,4.89,3.1,3,14.9,9.0,6,7,20,8,352.47,0,0
13293,South,Social,Returning,Treatment,49,77.9,22,23,7.2,7.0,0.352,0.805,0.38,0.027,3,133.55,2.81,403.32,0.489,0.201,0.666,7.71,3.8,1,20.1,,4,4,9,6,803.19,0,1
13294,South,Paid Search,Loyal,Control,54,95.2,25,13,7.5,7.6,0.19,0.495,0.115,0.009,5,158.09,3.61,970.33,0.308,0.084,0.551,4.78,5.4,2,57.4,7.0,3,3,11,4,556.93,1,0
13295,Midwest,Paid Search,Returning,Treatment,34,82.9,11,6,5.3,7.5,0.343,0.964,0.206,0.005,0,50.25,1.92,0.0,0.418,0.087,0.572,6.04,4.5,0,,10.0,3,4,228,1,53.93,0,0
13296,West,Social,Loyal,Treatment,21,140.4,34,4,9.3,8.7,0.247,0.873,0.09,0.012,1,168.07,2.58,218.51,0.584,0.194,0.738,7.38,2.0,1,11.7,10.0,5,5,26,5,731.33,0,0
13297,West,Social,New,Control,41,208.7,1,6,6.4,6.5,0.632,0.675,0.308,0.017,4,95.24,2.85,458.05,0.47,0.191,0.752,6.45,2.2,0,,10.0,5,5,16,1,115.26,0,0
13298,West,Organic Search,New,Control,77,46.2,3,7,10.4,6.9,0.136,0.719,0.374,0.06,1,59.68,3.13,85.77,0.048,0.046,0.757,7.3,3.8,0,,9.0,3,3,11,1,69.63,0,0
13299,Midwest,Email,Loyal,Control,52,50.1,25,10,2.0,3.3,0.298,0.636,0.342,0.04,2,68.84,2.29,130.42,0.243,0.208,0.662,5.87,1.5,0,,10.0,6,6,66,2,128.08,0,0
13300,South,Social,Returning,Control,22,25.0,24,5,8.5,6.5,0.39,0.936,0.153,0.02,2,54.19,1.11,94.44,0.525,0.083,0.565,8.29,2.6,2,18.5,4.0,4,5,55,4,240.23,0,0
13301,South,Referral,Returning,Treatment,38,65.4,20,4,5.3,5.2,0.26,0.849,0.187,0.003,1,87.94,1.85,108.53,0.296,0.126,0.723,3.81,3.3,1,13.7,7.0,2,4,29,3,288.26,0,0
13302,Northeast,Organic Search,Returning,Control,50,65.6,17,7,17.9,11.8,0.09,0.77,0.038,0.004,1,95.68,3.08,88.25,0.21,0.141,0.589,6.16,3.6,6,10.8,7.0,3,3,41,5,445.57,0,1
13303,West,Paid Search,Returning,Control,63,58.1,10,15,9.9,7.5,0.368,0.743,0.269,0.073,0,107.97,2.38,0.0,0.351,0.103,0.583,8.83,2.6,2,16.2,8.0,7,7,102,3,386.14,1,0
13304,South,Social,Loyal,Control,34,,26,2,10.5,9.1,0.333,0.677,0.221,0.034,0,77.95,3.49,0.0,0.347,0.04,0.522,2.64,3.3,1,34.6,10.0,4,3,220,2,146.94,0,0
13305,South,Email,Returning,Control,26,63.6,8,17,5.4,5.5,0.286,0.873,0.517,0.048,4,100.14,2.44,487.64,0.28,0.127,0.761,8.89,4.3,0,,7.0,6,6,10,1,93.76,0,0
13306,West,Email,Loyal,Treatment,50,36.0,28,10,4.8,6.5,0.293,0.806,0.302,0.037,3,61.72,3.3,257.08,0.484,0.017,0.548,3.56,2.5,0,,8.0,5,5,4,1,59.56,1,1
13307,West,Email,Returning,Treatment,42,42.8,13,7,4.4,5.4,0.274,0.448,0.438,0.057,1,129.91,2.94,114.9,0.394,0.045,0.697,6.98,2.7,0,,9.0,5,5,89,3,396.16,0,0
13308,West,Paid Search,Returning,Treatment,56,55.6,16,11,5.9,5.3,0.554,0.71,0.217,0.023,2,83.07,2.73,162.64,0.634,0.023,0.696,8.39,2.5,0,,7.0,6,6,89,3,289.9,0,0
13309,Midwest,Organic Search,Loyal,Treatment,35,,40,11,2.5,4.2,0.549,0.775,0.253,0.017,4,91.98,2.33,483.7,0.164,0.015,0.761,5.98,4.2,1,31.1,10.0,5,5,36,2,200.42,0,0
13310,Northeast,Social,Returning,Treatment,43,69.0,7,4,12.6,10.8,0.475,0.382,0.075,0.013,0,60.19,2.45,0.0,0.354,0.148,0.687,4.79,3.6,0,,6.0,4,3,125,1,76.03,1,0
13311,West,Organic Search,Returning,Treatment,32,,13,13,4.8,6.5,0.376,0.928,0.293,0.043,2,100.94,2.94,164.16,0.112,0.079,0.56,7.51,2.2,2,32.6,,5,5,2,4,349.28,0,0
13312,West,Social,Returning,Treatment,18,186.1,11,9,8.6,6.3,0.372,0.802,0.173,0.003,4,69.12,2.39,312.63,0.398,0.053,0.57,7.06,1.6,2,55.5,8.0,7,7,5,2,137.78,1,0
13313,West,Organic Search,New,Treatment,42,79.5,3,11,4.7,6.2,0.564,0.852,0.169,0.018,0,119.64,1.83,0.0,0.617,0.18,0.669,6.59,2.0,0,,5.0,4,3,121,1,98.45,0,0
13314,South,Paid Search,Returning,Treatment,41,73.3,16,2,3.3,5.1,0.421,0.845,0.244,0.023,1,44.41,1.83,47.25,0.317,0.051,0.561,5.45,4.8,0,,10.0,5,7,45,3,142.55,0,1
13315,West,Social,Returning,Control,39,190.4,8,12,8.1,6.0,0.324,0.802,0.119,0.014,1,104.61,1.76,101.36,0.391,0.078,0.761,6.69,4.4,1,29.3,6.0,3,3,15,3,306.09,0,1
13316,South,Email,Returning,Control,35,42.7,6,14,5.2,4.8,0.286,0.541,0.382,0.066,2,95.18,2.25,226.91,0.271,0.049,0.544,6.05,3.0,0,,10.0,7,7,14,3,368.96,0,0
13317,Northeast,Social,Returning,Treatment,33,293.7,15,13,3.8,6.8,0.262,0.789,0.304,0.067,3,61.76,2.6,269.36,0.103,0.104,0.772,5.26,2.2,0,,10.0,7,7,27,1,59.27,1,0
13318,West,Organic Search,New,Control,59,,2,5,2.6,7.3,0.223,0.647,0.331,0.066,0,87.37,3.34,0.0,0.213,0.094,0.756,5.02,2.1,2,9.3,7.0,5,4,95,1,73.43,0,0
13319,Midwest,Paid Search,Returning,Treatment,57,86.0,13,12,10.2,7.3,0.249,0.63,0.18,0.007,2,74.27,2.31,119.14,0.325,0.088,0.693,3.86,4.2,1,18.6,9.0,5,5,5,5,326.25,0,0
13320,West,Social,New,Treatment,80,112.9,5,17,9.5,9.6,0.258,0.752,0.137,0.031,2,101.62,2.33,198.08,0.502,0.066,0.666,5.26,2.4,1,21.1,6.0,3,3,4,1,108.66,0,0
13321,Midwest,Referral,Returning,Control,40,123.8,19,7,4.4,4.4,0.365,0.821,0.269,0.034,1,125.48,3.57,129.65,0.234,0.042,0.728,9.1,5.6,1,32.1,4.0,5,5,24,2,246.63,1,0
13322,Midwest,Paid Search,Returning,Control,46,125.8,24,9,2.8,4.9,0.54,0.5,0.444,0.062,1,134.79,3.19,131.91,0.237,0.024,0.609,3.94,3.0,4,29.7,5.0,5,5,66,6,771.51,0,0
13323,West,Paid Search,Returning,Treatment,43,70.1,15,12,6.6,6.5,0.596,0.638,0.227,0.006,2,67.64,1.97,164.75,0.237,0.09,0.597,4.33,3.3,0,,,4,5,44,1,65.0,1,0
13324,South,Email,New,Control,38,73.5,3,7,7.7,9.3,0.183,0.689,0.376,0.026,2,104.79,2.43,242.56,0.314,0.059,0.781,6.24,2.5,1,13.0,2.0,6,6,12,1,110.66,0,0
13325,West,Social,Returning,Treatment,31,57.7,11,2,4.2,4.9,0.456,0.809,0.288,0.039,0,155.51,2.46,0.0,0.332,0.138,0.533,5.68,1.5,1,19.9,5.0,4,5,128,3,379.75,1,1
13326,West,Paid Search,Returning,Control,25,96.4,11,5,20.1,11.3,0.206,0.67,0.355,0.058,1,112.27,3.5,113.91,0.315,0.069,0.596,8.85,3.0,2,57.7,,5,5,48,2,293.05,0,0
13327,South,Email,Returning,Treatment,52,46.0,24,9,5.8,5.5,0.343,0.733,0.263,0.005,0,69.05,1.14,0.0,0.19,0.041,0.728,6.79,4.3,0,,4.0,4,4,99,2,128.74,0,0
13328,Northeast,Organic Search,Returning,Control,20,42.7,24,13,10.6,8.6,0.115,0.775,0.115,0.036,6,160.56,2.26,989.39,0.496,0.092,0.775,6.32,4.7,1,15.1,8.0,4,4,4,3,471.95,0,0
13329,West,Email,Returning,Treatment,50,71.1,22,8,3.0,5.5,0.125,0.436,0.437,0.042,0,86.61,2.83,0.0,0.253,0.09,0.783,1.2,3.7,1,17.0,8.0,4,4,101,3,291.22,0,0
13330,Northeast,Referral,Returning,Control,47,195.8,12,6,2.9,3.8,0.243,0.689,0.424,0.12,2,142.8,3.61,398.04,0.243,0.028,0.656,4.63,3.0,0,,10.0,5,4,14,7,1156.84,0,0
13331,West,Email,Loyal,Control,50,130.6,34,14,5.4,5.3,0.289,0.947,0.336,0.052,2,135.47,3.81,238.95,0.161,0.043,0.76,4.48,3.1,1,7.0,8.0,3,4,38,4,503.19,0,0
13332,West,Organic Search,Returning,Treatment,35,57.0,6,9,15.1,10.0,0.286,0.926,0.208,0.034,0,85.54,3.2,0.0,0.266,0.068,0.578,3.46,4.0,1,29.3,6.0,5,5,151,2,144.03,0,0
13333,West,Social,Returning,Treatment,27,156.3,14,8,16.8,11.0,0.296,0.762,0.303,0.014,0,107.84,2.28,0.0,0.815,0.09,0.558,5.43,2.0,1,11.8,,4,4,170,1,117.67,0,0
13334,Midwest,Social,Returning,Control,57,140.4,6,7,11.6,7.9,0.405,0.761,0.307,0.037,2,83.86,2.94,223.93,0.204,0.028,0.801,8.09,1.6,0,,7.0,4,4,19,3,235.66,0,0
13335,South,Social,Loyal,Control,28,51.3,29,10,6.1,7.4,0.577,0.917,0.33,0.044,1,74.31,2.0,74.52,0.388,0.103,0.639,6.63,3.2,0,,10.0,6,7,71,1,79.21,0,0
13336,Midwest,Paid Search,Returning,Treatment,53,44.9,23,15,6.5,7.0,0.288,0.685,0.29,0.02,0,65.97,2.3,0.0,0.472,0.145,0.604,5.4,3.1,2,4.5,6.0,3,4,153,3,200.54,1,0
13337,South,Email,Loyal,Treatment,32,44.0,26,27,7.7,7.2,0.262,0.849,0.265,0.009,3,38.64,1.74,129.8,0.415,0.069,0.629,2.11,4.5,2,26.1,10.0,3,3,64,8,352.29,0,0
13338,Northeast,Paid Search,Returning,Control,33,144.1,8,8,8.3,7.7,0.315,0.466,0.362,0.123,0,129.4,3.3,0.0,0.225,0.059,0.68,6.03,2.2,0,,8.0,4,5,179,1,128.94,1,0
13339,South,Organic Search,Loyal,Control,52,96.2,27,6,8.8,7.2,0.311,0.471,0.211,0.022,3,125.59,3.47,338.73,0.176,0.242,0.726,6.85,2.6,2,23.4,,4,4,29,11,1340.33,0,1
13340,Midwest,Paid Search,New,Treatment,46,66.2,4,14,19.2,11.3,0.426,0.548,0.163,0.005,2,91.01,3.01,179.02,0.322,0.073,0.727,4.99,4.5,0,,6.0,4,4,46,1,110.09,0,0
13341,Midwest,Organic Search,Returning,Treatment,43,,7,11,4.1,5.6,0.259,0.554,0.19,0.047,3,92.17,2.11,340.87,0.352,0.044,0.7,5.98,2.7,2,8.9,10.0,5,4,10,2,154.19,0,1
13342,West,Social,New,Control,44,94.9,5,12,4.0,6.4,0.351,0.894,0.215,0.006,2,121.52,2.44,254.21,0.22,0.141,0.818,5.85,2.9,1,37.1,7.0,6,7,18,2,261.02,0,0
13343,Northeast,Paid Search,New,Control,37,40.5,1,5,5.2,8.3,0.42,0.694,0.094,0.006,2,64.94,2.79,99.09,0.688,0.008,0.795,9.26,2.2,0,,7.0,7,7,68,1,64.95,0,0
13344,Northeast,Organic Search,Returning,Control,41,65.2,8,7,6.9,6.2,0.257,0.811,0.499,0.058,2,61.48,1.35,135.08,0.26,0.04,0.7,9.25,1.8,0,,6.0,4,4,11,2,155.74,0,0
13345,South,Referral,Returning,Control,47,,14,19,4.4,5.0,0.285,0.67,0.27,0.06,2,110.54,3.52,265.74,0.191,0.123,0.686,5.99,4.0,1,17.1,5.0,5,5,36,3,306.57,0,0
13346,Midwest,Organic Search,New,Control,56,72.3,3,10,6.9,6.4,0.197,0.834,0.206,0.033,4,54.37,2.03,231.98,0.147,0.063,0.607,9.37,5.3,1,16.4,5.0,4,5,17,2,96.63,0,0
13347,West,Email,Loyal,Treatment,50,44.8,34,10,12.9,8.5,0.207,0.527,0.352,0.005,1,72.17,1.06,70.26,0.081,0.096,0.684,3.78,3.3,2,23.1,8.0,3,3,35,3,240.36,0,0
13348,West,Paid Search,Loyal,Control,41,61.6,50,19,5.5,7.7,0.363,0.526,0.332,0.013,5,208.44,4.46,888.3,0.283,0.115,0.802,5.81,2.6,0,,,6,7,1,5,922.7,0,0
13349,Northeast,Paid Search,Returning,Treatment,31,126.2,12,6,3.1,3.7,0.383,0.52,0.042,0.004,2,80.9,2.89,161.18,0.477,0.094,0.611,8.92,1.7,0,,7.0,4,4,1,1,69.76,0,0
13350,West,Paid Search,Returning,Control,27,68.0,7,4,9.0,6.5,0.292,0.979,0.324,0.034,2,60.34,3.1,115.27,0.435,0.036,0.6,5.69,3.7,1,26.3,9.0,5,6,21,1,61.73,0,0
13351,West,Email,Returning,Treatment,34,167.0,15,12,6.8,5.8,0.157,0.951,0.395,0.088,1,100.06,2.04,115.33,0.372,0.04,0.574,6.64,4.0,0,,,3,4,89,1,112.58,0,0
13352,South,Organic Search,Loyal,Control,35,82.3,29,11,4.9,4.3,0.35,0.93,0.223,0.009,0,103.39,2.97,0.0,0.148,0.071,0.718,7.17,3.6,2,9.9,7.0,6,6,274,6,585.91,0,0
13353,West,Social,Returning,Control,44,80.0,23,6,13.6,9.0,0.347,0.712,0.09,0.012,0,86.31,2.6,0.0,0.307,0.037,0.785,7.16,1.7,0,,6.0,3,2,123,3,239.64,0,1
13354,South,Social,Returning,Treatment,52,67.9,10,3,8.0,8.5,0.366,0.491,0.21,0.022,1,65.44,2.65,57.49,0.237,0.239,0.862,5.5,3.9,2,16.4,8.0,5,5,45,2,115.45,0,0
13355,South,Referral,Loyal,Control,43,64.1,45,27,5.1,4.6,0.296,0.741,0.207,0.012,7,79.87,2.36,519.15,0.164,0.155,0.734,6.71,4.4,2,16.6,7.0,5,5,1,7,464.52,0,0
13356,Midwest,Social,Returning,Treatment,57,36.0,19,3,5.2,7.5,0.283,0.723,0.411,0.092,0,76.73,1.25,0.0,0.67,0.115,0.594,2.14,3.3,0,,6.0,5,5,162,4,304.91,0,0
13357,West,Organic Search,Loyal,Treatment,30,60.1,30,8,6.4,5.1,0.413,0.689,0.288,0.044,1,134.16,3.87,152.54,0.404,0.028,0.757,3.04,2.8,0,,6.0,7,7,39,3,400.22,0,0
13358,South,Email,Returning,Treatment,70,210.0,7,22,7.4,6.1,0.284,0.457,0.398,0.044,5,106.73,2.26,449.63,0.221,0.027,0.76,2.78,4.7,1,13.0,8.0,6,6,15,3,316.91,0,0
13359,Midwest,Paid Search,Returning,Treatment,33,63.9,21,12,7.0,7.6,0.425,0.751,0.185,0.033,6,54.49,1.46,330.96,0.598,0.075,0.602,5.72,4.5,2,18.8,9.0,4,4,17,11,644.17,0,0
13360,South,Referral,Returning,Treatment,62,48.3,11,7,4.7,5.4,0.329,0.711,0.101,0.02,2,67.52,1.76,138.63,0.09,0.12,0.721,7.19,3.7,1,30.3,9.0,4,5,9,2,144.18,0,0
13361,South,Organic Search,Loyal,Control,46,65.1,25,10,4.8,4.9,0.132,0.671,0.39,0.011,3,63.89,1.92,175.72,0.382,0.043,0.718,8.44,3.2,1,31.2,7.0,5,5,6,9,560.6,0,0
13362,West,Paid Search,New,Control,42,,5,4,7.5,8.3,0.537,0.907,0.199,0.06,0,115.05,2.61,0.0,0.503,0.021,0.667,6.94,4.5,1,16.0,3.0,5,4,218,2,269.79,0,0
13363,Northeast,Organic Search,Returning,Control,37,34.8,7,15,4.3,6.0,0.229,0.585,0.208,0.03,3,74.27,1.0,221.45,0.372,0.056,0.734,6.37,4.5,2,48.9,,5,5,24,2,144.96,0,0
13364,Northeast,Paid Search,Loyal,Control,76,127.9,30,6,1.8,4.9,0.242,0.561,0.537,0.038,1,85.14,1.82,87.12,0.156,0.039,0.536,6.83,3.4,0,,10.0,3,4,14,3,199.56,0,0
13365,South,Organic Search,Returning,Treatment,36,80.5,7,8,14.2,14.0,0.04,0.705,0.24,0.027,1,77.11,1.4,73.93,0.148,0.046,0.863,3.23,3.3,1,12.5,5.0,5,6,13,2,130.4,0,0
13366,Midwest,Email,Returning,Control,46,74.8,14,15,6.2,5.7,0.212,0.686,0.266,0.048,0,93.77,2.56,0.0,0.086,0.028,0.658,6.88,3.9,2,11.2,6.0,6,6,307,3,260.16,1,0
13367,West,Organic Search,New,Control,18,104.1,5,5,4.7,4.7,0.187,0.953,0.347,0.025,0,94.94,2.84,0.0,0.129,0.052,0.713,6.76,4.0,2,8.9,6.0,6,6,227,1,98.74,1,0
13368,South,Social,New,Control,47,43.4,2,4,9.3,7.8,0.489,0.755,0.071,0.006,2,136.65,3.26,344.74,0.099,0.047,0.719,6.03,2.1,0,,7.0,3,4,8,1,140.5,0,0
13369,Northeast,Social,Returning,Control,36,166.0,12,4,13.2,12.5,0.305,0.38,0.154,0.022,2,65.2,2.16,92.32,0.298,0.093,0.549,5.48,2.5,1,17.2,,6,6,22,2,112.65,0,0
13370,South,Email,Returning,Control,43,72.6,6,10,3.7,3.9,0.291,0.819,0.289,0.053,2,61.23,1.83,102.93,0.225,0.023,0.804,7.05,4.3,0,,8.0,6,6,12,1,59.57,0,0
13371,South,Referral,Returning,Control,46,179.5,23,11,15.8,10.1,0.262,0.509,0.388,0.012,0,82.93,2.0,0.0,0.33,0.024,0.746,7.94,2.5,0,,5.0,5,5,331,1,89.24,1,1
13372,Northeast,Social,Loyal,Treatment,38,135.9,37,7,7.9,5.8,0.352,0.898,0.211,0.036,1,58.68,1.71,63.25,0.354,0.176,0.675,6.8,3.2,2,16.5,7.0,6,6,33,3,146.06,0,0
13373,South,Paid Search,Returning,Treatment,42,32.9,13,6,3.7,4.2,0.377,0.886,0.177,0.05,1,59.75,2.37,74.41,0.48,0.115,0.718,0.0,3.3,0,,,7,7,47,1,58.17,0,0
13374,West,Organic Search,Returning,Control,23,93.8,11,5,4.0,7.4,0.182,0.979,0.341,0.021,0,128.28,3.18,0.0,0.453,0.065,0.709,5.65,3.6,0,,7.0,3,4,200,2,281.93,0,0
13375,West,Organic Search,Returning,Control,33,60.9,15,2,1.3,3.9,0.457,0.816,0.296,0.038,0,72.24,1.39,0.0,0.408,0.02,0.559,6.38,3.3,0,,10.0,4,5,365,2,197.04,1,0
13376,Northeast,Paid Search,Returning,Control,57,180.4,8,1,10.2,7.5,0.49,0.327,0.202,0.027,0,78.05,3.56,0.0,0.555,0.033,0.797,5.6,4.4,2,8.0,7.0,5,4,365,1,62.15,1,0
13377,Midwest,Paid Search,Returning,Control,80,101.9,21,1,2.7,4.2,0.408,0.451,0.27,0.023,0,60.52,2.13,0.0,0.578,0.025,0.773,5.55,3.2,1,16.7,9.0,5,5,136,8,579.32,0,1
13378,Midwest,Organic Search,Returning,Treatment,46,102.9,15,13,3.2,4.3,0.447,0.875,0.298,0.015,6,109.98,2.24,621.26,0.126,0.01,0.641,1.3,2.4,1,17.5,10.0,5,6,11,4,384.16,0,0
13379,West,Email,Returning,Control,38,32.2,21,10,4.6,4.5,0.256,0.869,0.499,0.021,5,86.35,2.38,541.0,0.027,0.086,0.558,7.14,2.7,0,,8.0,5,5,31,3,256.88,0,0
13380,South,Social,Returning,Treatment,45,112.6,12,7,4.7,6.9,0.41,0.564,0.328,0.117,0,109.31,3.5,0.0,0.172,0.276,0.626,6.28,3.4,0,,9.0,6,6,144,1,124.45,0,0
13381,Northeast,Paid Search,Loyal,Treatment,42,140.2,28,15,4.1,6.2,0.385,0.753,0.231,0.002,1,89.24,2.83,89.31,0.333,0.037,0.617,4.64,5.8,1,19.6,7.0,3,3,71,4,445.98,1,0
13382,West,Paid Search,Loyal,Treatment,50,30.0,25,11,5.0,6.5,0.395,0.522,0.301,0.025,1,131.16,3.08,150.73,0.507,0.145,0.612,4.18,4.4,4,19.1,8.0,6,7,38,3,343.57,1,0
13383,West,Paid Search,New,Control,58,135.0,5,5,10.9,7.1,0.379,0.518,0.135,0.003,1,74.98,2.7,70.66,0.403,0.055,0.804,7.17,3.8,1,29.5,8.0,6,7,48,1,76.24,0,0
13384,West,Paid Search,Returning,Treatment,32,151.2,15,9,4.3,5.1,0.425,0.926,0.426,0.037,2,208.82,4.53,419.75,0.162,0.021,0.628,4.97,3.0,1,47.8,4.0,5,5,41,5,752.75,1,0
13385,South,Email,Returning,Control,24,98.1,22,11,6.9,5.6,0.256,0.952,0.439,0.071,2,108.58,3.78,166.7,0.339,0.135,0.617,3.51,3.8,1,11.3,7.0,6,6,10,4,448.14,0,0
13386,West,Social,Returning,Control,49,198.3,20,1,4.3,4.2,0.545,0.932,0.155,0.017,0,83.93,3.2,0.0,0.628,0.05,0.794,7.83,1.9,0,,7.0,6,7,185,1,88.4,0,0
13387,South,Organic Search,Loyal,Control,56,153.8,27,6,4.6,5.7,0.3,0.65,0.415,0.061,0,146.93,2.98,0.0,0.171,0.035,0.647,8.25,1.3,1,5.1,7.0,6,7,98,1,133.16,0,1
13388,Northeast,Organic Search,Returning,Treatment,18,68.8,20,1,9.7,7.4,0.27,0.894,0.271,0.053,0,87.81,2.42,0.0,0.435,0.09,0.647,3.27,3.1,6,31.0,5.0,6,6,121,11,942.12,0,1
13389,Midwest,Organic Search,Returning,Treatment,49,28.9,10,4,2.7,3.7,0.667,0.696,0.212,0.036,0,64.66,3.76,0.0,0.445,0.15,0.504,8.09,3.3,0,,10.0,6,6,128,1,57.26,0,0
13390,West,Organic Search,Returning,Control,40,71.0,17,4,3.4,4.2,0.246,0.704,0.361,0.076,0,60.63,1.62,0.0,0.372,0.093,0.708,9.68,1.9,0,,10.0,6,6,231,2,123.7,1,0
13391,West,Social,New,Treatment,47,37.4,2,3,6.3,8.0,0.304,0.775,0.25,0.071,0,35.7,2.24,0.0,0.406,0.099,0.739,1.51,3.0,0,,6.0,5,5,184,1,35.65,0,0
13392,Northeast,Paid Search,Returning,Control,26,,19,6,13.4,9.8,0.356,0.875,0.091,0.013,0,63.11,1.96,0.0,0.535,0.098,0.791,8.0,4.1,0,,7.0,6,6,205,3,153.05,1,0
13393,West,Paid Search,Loyal,Control,18,23.9,44,9,5.9,7.0,0.483,0.901,0.217,0.004,2,66.37,3.31,141.72,0.3,0.138,0.695,4.0,2.4,1,10.9,8.0,7,7,74,5,337.83,0,0
13394,Northeast,Organic Search,Returning,Control,43,56.2,12,6,10.8,8.2,0.314,0.67,0.226,0.022,0,73.4,1.16,0.0,0.123,0.048,0.837,6.25,2.1,4,31.9,5.0,4,5,175,5,410.16,1,0
13395,West,Paid Search,Loyal,Control,40,30.8,37,22,10.0,7.9,0.449,0.75,0.175,0.041,4,85.63,2.11,497.77,0.315,0.106,0.492,5.37,2.3,4,12.5,6.0,6,7,5,13,1264.34,0,0
13396,West,Referral,Loyal,Treatment,45,89.6,32,2,8.7,6.9,0.238,0.733,0.235,0.057,0,101.35,2.47,0.0,0.36,0.108,0.592,4.43,3.1,2,13.3,10.0,5,6,357,5,379.47,1,0
13397,West,Referral,Returning,Treatment,57,60.1,16,10,7.8,5.8,0.38,0.38,0.36,0.132,1,70.86,2.06,61.04,0.3,0.112,0.662,6.43,1.9,2,28.0,6.0,4,5,20,4,245.32,0,0
13398,Northeast,Organic Search,New,Control,30,132.2,3,5,7.0,8.3,0.169,0.63,0.451,0.073,2,78.16,1.0,165.15,0.232,0.019,0.855,7.38,2.8,1,20.5,6.0,5,5,75,2,173.41,0,0
13399,Northeast,Social,Loyal,Treatment,36,42.4,69,5,14.2,9.8,0.139,0.746,0.205,0.027,0,74.94,2.9,0.0,0.663,0.1,0.644,6.7,6.0,1,25.6,10.0,6,7,290,6,541.26,1,0
13400,West,Organic Search,Returning,Treatment,49,37.7,20,12,6.3,6.1,0.196,0.592,0.263,0.089,2,76.82,3.53,168.37,0.308,0.071,0.618,4.59,3.8,2,25.6,6.0,6,6,19,3,242.28,0,1
13401,West,Email,New,Treatment,41,104.2,5,4,3.3,4.3,0.316,0.716,0.516,0.182,1,70.91,2.77,78.06,0.417,0.058,0.62,4.85,2.3,0,,7.0,6,6,63,1,65.98,0,1
13402,West,Organic Search,Returning,Control,40,,15,10,3.2,4.6,0.163,0.596,0.424,0.048,2,48.86,1.34,93.43,0.067,0.024,0.762,5.37,2.2,0,,10.0,3,4,23,1,45.77,0,0
13403,Northeast,Paid Search,Returning,Control,48,59.8,7,4,5.9,5.2,0.427,0.67,0.281,0.01,2,115.03,2.89,209.73,0.209,0.214,0.669,8.88,3.3,1,46.3,5.0,6,7,24,1,83.24,0,0
13404,West,Organic Search,Loyal,Treatment,57,97.0,39,12,3.8,5.9,0.395,0.734,0.076,0.005,5,151.68,4.01,616.56,0.269,0.132,0.522,4.94,2.7,0,,7.0,3,2,12,2,328.69,0,0
13405,Northeast,Organic Search,Loyal,Treatment,34,,30,11,10.8,7.6,0.208,0.902,0.448,0.09,2,74.33,2.53,141.7,0.23,0.044,0.756,6.36,4.6,1,34.9,10.0,4,6,89,5,314.21,0,0
13406,South,Organic Search,Loyal,Control,49,26.1,25,3,13.7,10.6,0.049,0.543,0.254,0.062,0,24.64,1.06,0.0,0.222,0.032,0.738,8.82,3.5,0,,10.0,6,6,134,2,66.07,0,0
13407,Midwest,Paid Search,Returning,Treatment,38,46.3,11,7,6.1,7.5,0.375,0.808,0.292,0.044,1,81.81,2.98,99.3,0.216,0.202,0.599,6.35,4.0,0,,6.0,5,5,36,1,94.41,0,0
13408,South,Referral,Loyal,Treatment,18,73.9,83,7,13.7,10.7,0.37,0.86,0.187,0.016,1,86.01,1.87,81.51,0.252,0.005,0.691,5.94,2.5,1,22.1,7.0,7,6,4,5,376.1,0,0
13409,Northeast,Organic Search,Returning,Control,35,117.2,24,26,6.3,6.3,0.347,0.667,0.365,0.016,6,86.08,2.13,543.7,0.469,0.02,0.674,7.85,3.4,0,,10.0,5,5,1,2,207.88,0,1
13410,Midwest,Email,Loyal,Control,25,110.2,35,28,3.5,5.2,0.265,0.938,0.441,0.111,6,58.95,2.66,353.66,0.593,0.089,0.632,7.93,5.3,0,,10.0,5,5,10,5,256.31,0,0
13411,Northeast,Paid Search,Returning,Treatment,46,101.6,9,2,6.2,7.2,0.199,0.782,0.218,0.028,0,54.74,2.11,0.0,0.463,0.086,0.504,7.5,4.5,1,198.7,5.0,3,3,98,3,174.01,1,0
13412,West,Social,New,Control,30,,3,8,11.6,7.5,0.259,0.81,0.373,0.024,1,72.68,2.85,79.54,0.412,0.08,0.694,9.01,1.0,0,,8.0,4,3,4,1,85.29,0,0
13413,Northeast,Organic Search,Returning,Control,46,54.9,8,16,5.2,7.2,0.256,0.754,0.238,0.013,2,62.72,2.63,125.34,0.237,0.038,0.724,8.11,5.9,1,21.3,6.0,5,5,3,4,224.94,0,0
13414,South,Organic Search,Returning,Treatment,68,56.5,23,9,3.1,6.3,0.412,0.586,0.164,0.046,1,95.84,2.25,116.1,0.476,0.114,0.743,4.59,1.7,0,,9.0,4,4,44,4,338.84,0,0
13415,South,Paid Search,Returning,Treatment,34,111.2,9,4,3.6,7.5,0.431,0.416,0.289,0.027,0,91.74,2.38,0.0,0.458,0.065,0.662,3.38,4.2,0,,7.0,5,6,124,3,294.05,0,0
13416,Northeast,Social,Returning,Treatment,51,37.5,13,3,2.1,4.6,0.313,0.538,0.189,0.016,2,58.55,4.26,96.06,0.545,0.072,0.707,5.41,3.5,0,,8.0,5,4,9,2,104.06,0,1
13417,West,Paid Search,Loyal,Control,27,56.5,33,7,4.8,6.8,0.51,0.998,0.488,0.038,1,65.06,3.26,54.9,0.352,0.06,0.737,6.29,4.2,3,22.3,7.0,7,7,28,18,1269.49,0,1
13418,South,Organic Search,Loyal,Control,46,50.7,27,2,5.5,5.2,0.251,0.787,0.152,0.01,0,70.36,1.79,0.0,0.286,0.026,0.79,9.93,4.7,0,,10.0,5,5,148,2,143.15,0,0
13419,South,Paid Search,Returning,Treatment,38,73.7,22,9,4.1,4.3,0.315,0.888,0.196,0.006,3,148.35,3.38,697.73,0.552,0.072,0.601,3.45,3.8,3,16.7,3.0,6,6,19,4,500.97,0,1
13420,South,Paid Search,Loyal,Control,57,55.3,43,13,3.1,5.8,0.36,0.515,0.165,0.038,2,85.65,1.89,196.73,0.286,0.048,0.751,8.41,4.4,5,21.4,2.0,5,5,29,15,1301.52,1,0
13421,Midwest,Referral,Returning,Treatment,33,83.4,16,12,7.7,7.7,0.32,0.616,0.275,0.081,3,62.28,1.96,210.39,0.223,0.098,0.646,2.29,3.3,0,,7.0,4,4,37,4,243.97,0,1
13422,South,Organic Search,Loyal,Treatment,25,85.9,31,9,30.3,16.3,0.245,0.634,0.119,0.008,0,72.53,2.74,0.0,0.302,0.095,0.503,4.43,2.6,1,12.1,7.0,3,2,125,6,470.29,0,0
13423,Northeast,Paid Search,Returning,Control,52,41.5,17,5,8.0,6.6,0.377,0.736,0.094,0.022,1,156.0,3.4,107.73,0.482,0.095,0.672,7.0,3.1,0,,10.0,6,7,1,1,191.15,0,0
13424,South,Paid Search,Returning,Treatment,24,87.1,23,2,11.9,7.5,0.3,0.994,0.199,0.009,1,105.89,2.41,131.65,0.444,0.164,0.645,2.56,4.6,2,24.8,5.0,5,5,28,8,766.32,0,1
13425,South,Paid Search,New,Control,47,98.5,4,12,2.6,3.3,0.39,0.759,0.169,0.027,3,115.4,3.29,271.1,0.321,0.076,0.649,5.61,2.1,0,,7.0,5,6,16,1,107.34,0,0
13426,South,Email,Loyal,Treatment,43,63.9,34,10,9.1,7.4,0.4,0.502,0.384,0.078,4,98.37,2.46,349.93,0.563,0.073,0.718,6.85,2.1,0,,8.0,5,5,0,1,95.73,0,1
13427,South,Organic Search,New,Treatment,33,57.9,3,6,9.8,6.8,0.316,0.773,0.351,0.055,0,66.48,2.4,0.0,0.265,0.034,0.603,4.62,3.0,0,,7.0,4,5,101,1,65.06,0,0
13428,South,Paid Search,Returning,Treatment,44,108.6,12,7,6.1,5.9,0.298,0.91,0.323,0.046,1,138.55,2.58,150.87,0.244,0.028,0.593,4.82,2.3,1,21.6,10.0,6,6,11,1,141.73,0,1
13429,Northeast,Organic Search,Returning,Treatment,64,62.8,9,8,3.3,4.4,0.292,0.603,0.156,0.028,1,108.36,3.84,95.64,0.027,0.05,0.67,5.05,4.8,0,,10.0,5,5,12,1,101.95,0,0
13430,Midwest,Paid Search,Returning,Treatment,32,62.7,21,22,2.1,4.4,0.261,0.594,0.166,0.009,5,81.86,2.76,344.16,0.398,0.044,0.627,2.95,3.4,2,18.7,10.0,6,5,9,8,518.43,0,0
13431,West,Social,Returning,Control,42,65.3,7,16,7.6,6.9,0.503,0.561,0.059,0.004,2,105.84,3.01,304.84,0.205,0.216,0.758,4.35,2.1,0,,7.0,6,5,13,3,269.08,0,0
13432,West,Email,Loyal,Control,18,107.6,61,18,9.2,8.6,0.127,0.823,0.433,0.056,3,79.0,1.85,324.52,0.217,0.03,0.634,6.44,1.7,0,,8.0,3,4,11,4,357.1,0,0
13433,South,Paid Search,Loyal,Treatment,44,32.8,30,7,3.7,6.2,0.211,0.726,0.385,0.05,0,98.26,2.16,0.0,0.357,0.107,0.736,4.38,3.8,1,18.5,10.0,6,5,201,3,253.72,0,1
13434,Northeast,Referral,Returning,Control,37,96.8,8,8,6.2,5.6,0.114,0.959,0.216,0.02,1,91.43,2.16,98.58,0.075,0.137,0.7,7.88,3.7,1,16.8,7.0,4,4,48,2,163.33,1,0
13435,Northeast,Social,Loyal,Control,41,52.7,51,12,15.4,9.8,0.158,0.943,0.146,0.017,2,63.09,2.04,134.0,0.148,0.122,0.849,9.01,2.7,1,11.4,9.0,6,6,48,4,230.41,0,0
13436,West,Organic Search,Loyal,Treatment,45,135.3,42,9,3.3,10.1,0.274,0.745,0.329,0.016,0,132.85,3.91,0.0,0.475,0.047,0.557,6.02,2.3,2,13.4,7.0,5,5,353,9,1531.63,1,1
13437,South,Social,Returning,Control,18,119.1,8,8,5.2,5.5,0.479,0.979,0.213,0.025,0,62.07,2.7,0.0,0.125,0.19,0.841,6.15,4.4,0,,8.0,5,5,194,1,67.7,0,0
13438,Midwest,Social,Returning,Treatment,38,61.2,18,5,9.4,10.1,0.311,0.708,0.417,0.1,0,83.73,2.37,0.0,0.452,0.238,0.717,3.67,2.0,1,12.2,,6,6,129,4,339.65,1,0
13439,Midwest,Organic Search,New,Control,46,32.6,1,12,5.3,5.0,0.366,0.66,0.505,0.032,3,74.82,2.98,164.56,0.426,0.069,0.745,6.62,2.6,0,,9.0,6,6,25,1,71.11,0,1
13440,South,Referral,Returning,Control,44,53.8,23,13,5.0,4.8,0.211,0.791,0.156,0.017,1,105.71,2.02,97.26,0.073,0.132,0.701,4.59,5.4,1,9.1,,3,3,45,9,888.99,1,0
13441,South,Paid Search,Returning,Treatment,42,182.4,13,7,5.4,5.2,0.329,0.796,0.187,0.042,4,132.07,2.34,430.16,0.361,0.036,0.591,6.16,2.9,0,,7.0,4,4,11,1,149.18,0,0
13442,South,Social,New,Control,25,51.9,2,8,6.1,6.6,0.495,0.7,0.436,0.065,0,168.44,2.92,0.0,0.499,0.181,0.692,6.85,3.0,0,,8.0,4,5,165,1,184.31,1,1
13443,Midwest,Referral,New,Control,35,27.8,4,10,5.5,4.8,0.555,0.814,0.217,0.012,0,44.04,2.43,0.0,0.436,0.098,0.866,3.96,4.2,1,24.0,10.0,6,7,212,1,36.76,1,0
13444,Northeast,Paid Search,Loyal,Treatment,35,118.0,28,2,2.4,4.5,0.53,0.932,0.125,0.005,1,125.34,2.55,138.63,0.171,0.088,0.524,3.33,3.7,1,27.5,8.0,4,4,89,2,272.14,0,0
13445,Northeast,Paid Search,Loyal,Control,22,97.9,41,14,5.8,5.4,0.213,0.837,0.395,0.054,2,99.41,3.11,190.96,0.418,0.227,0.722,7.62,3.5,2,11.4,8.0,7,7,64,6,626.71,0,0
13446,Midwest,Organic Search,Returning,Treatment,36,58.2,12,15,3.9,5.6,0.197,0.535,0.251,0.004,4,149.66,3.8,531.81,0.049,0.05,0.732,4.39,2.9,2,27.5,8.0,6,6,35,2,324.22,0,0
13447,Northeast,Organic Search,Loyal,Control,40,72.5,31,14,7.4,5.7,0.486,0.834,0.199,0.006,3,65.73,2.28,213.8,0.066,0.283,0.715,6.06,3.2,0,,9.0,5,4,15,7,484.03,0,0
13448,Northeast,Organic Search,Loyal,Treatment,38,70.9,54,28,13.0,10.2,0.139,0.762,0.253,0.023,3,65.12,2.14,240.16,0.278,0.036,0.577,4.67,1.6,2,15.0,6.0,5,5,19,4,275.97,1,0
13449,West,Paid Search,New,Treatment,39,98.1,5,7,4.4,9.8,0.296,0.639,0.412,0.051,1,130.55,2.98,108.37,0.238,0.083,0.53,3.86,4.0,0,,7.0,5,5,29,1,122.08,0,0
13450,West,Organic Search,Loyal,Treatment,65,64.7,26,13,5.9,7.4,0.211,0.93,0.394,0.012,2,57.49,2.8,114.23,0.21,0.187,0.515,6.38,2.7,1,20.2,9.0,5,5,55,4,209.04,0,0
13451,South,Organic Search,Returning,Treatment,38,48.6,23,15,4.9,5.3,0.377,0.535,0.173,0.031,4,36.04,1.69,174.07,0.407,0.062,0.702,3.65,6.1,0,,8.0,5,6,23,5,184.74,0,0
13452,Northeast,Email,New,Treatment,42,168.3,3,5,11.2,8.0,0.308,0.711,0.519,0.06,1,171.01,3.57,147.57,0.175,0.061,0.566,3.13,3.0,2,12.9,8.0,3,2,31,2,313.19,1,0
13453,South,Paid Search,Returning,Treatment,44,203.1,9,5,5.6,4.9,0.514,0.615,0.144,0.012,0,161.9,2.31,0.0,0.244,0.092,0.56,6.0,3.4,2,19.6,,4,5,134,1,187.7,0,0
13454,West,Email,Loyal,Control,41,165.8,44,16,3.4,3.6,0.376,0.396,0.41,0.09,3,94.11,2.21,278.18,0.458,0.039,0.685,6.44,3.0,2,29.8,7.0,7,7,22,13,1047.98,1,0
13455,South,Organic Search,Returning,Control,49,143.9,6,4,7.2,6.8,0.186,0.731,0.157,0.039,1,101.58,2.34,87.29,0.319,0.106,0.728,8.18,4.7,0,,3.0,6,6,38,1,97.34,0,0
13456,West,Social,New,Treatment,43,29.3,2,17,11.1,7.3,0.446,0.649,0.152,0.05,1,67.29,2.52,60.88,0.383,0.077,0.671,4.48,2.9,2,19.1,8.0,4,5,37,2,133.21,0,0
13457,Northeast,Paid Search,New,Control,25,44.1,2,3,5.4,5.7,0.647,0.731,0.285,0.028,0,116.04,2.02,0.0,0.446,0.112,0.877,7.33,2.2,0,,9.0,6,5,218,2,269.5,1,0
13458,South,Paid Search,Returning,Control,18,62.0,7,7,7.0,6.8,0.447,0.975,0.154,0.039,1,86.64,3.84,77.19,0.092,0.016,0.651,3.91,5.1,0,,6.0,6,6,27,3,275.89,0,0
13459,West,Organic Search,Loyal,Treatment,44,57.5,25,18,4.2,7.0,0.299,0.604,0.254,0.036,2,63.46,2.19,138.4,0.222,0.064,0.657,5.13,2.8,0,,10.0,4,5,37,2,141.58,0,0
13460,Midwest,Email,Returning,Treatment,39,256.6,11,18,5.7,6.3,0.141,0.89,0.278,0.034,5,115.62,2.81,587.67,0.293,0.156,0.7,6.2,2.8,4,21.0,8.0,5,5,11,3,359.42,0,0
13461,South,Organic Search,Returning,Treatment,23,,12,23,4.2,4.3,0.449,0.819,0.325,0.114,4,78.9,2.44,324.62,0.486,0.058,0.73,0.0,2.8,3,23.7,7.0,3,3,8,8,621.14,0,0
13462,West,Organic Search,Returning,Control,53,37.2,11,3,7.7,6.6,0.199,0.82,0.176,0.001,0,121.77,3.38,0.0,0.114,0.013,0.75,7.64,4.0,0,,10.0,6,5,108,1,132.41,0,0
13463,South,Social,Loyal,Treatment,18,46.0,25,2,4.6,4.8,0.365,0.902,0.343,0.105,1,85.83,2.62,77.71,0.311,0.203,0.656,6.35,5.4,2,43.4,8.0,6,6,35,3,204.05,0,0
13464,South,Social,New,Control,27,44.2,5,11,7.5,8.0,0.263,0.719,0.201,0.007,0,126.86,3.27,0.0,0.358,0.135,0.768,6.24,4.3,0,,8.0,6,6,180,1,124.87,0,1
13465,Midwest,Organic Search,New,Control,40,105.1,4,2,4.1,5.0,0.156,0.728,0.541,0.035,1,74.99,3.01,69.27,0.309,0.094,0.687,6.24,4.8,0,,4.0,5,5,9,2,153.22,0,0
13466,Midwest,Email,New,Treatment,54,74.4,3,31,10.6,7.4,0.565,0.682,0.309,0.036,5,60.47,2.67,434.58,0.351,0.043,0.745,4.59,4.4,2,8.5,6.0,4,5,4,2,125.23,0,1
13467,Midwest,Organic Search,Loyal,Control,27,45.5,37,24,6.8,5.5,0.309,0.646,0.398,0.033,2,61.01,2.04,139.67,0.315,0.054,0.641,8.52,3.8,3,29.7,7.0,7,7,1,5,295.62,0,0
13468,Midwest,Paid Search,Loyal,Control,36,79.5,26,3,23.2,13.6,0.307,0.755,0.234,0.031,1,77.76,3.02,85.16,0.18,0.194,0.661,8.34,3.3,1,26.8,8.0,5,5,13,2,157.72,0,0
13469,West,Paid Search,Loyal,Control,40,90.6,52,13,13.3,8.0,0.463,0.667,0.302,0.03,4,119.41,2.85,511.34,0.301,0.154,0.795,6.28,1.7,1,24.8,7.0,7,7,3,2,282.7,0,0
13470,South,Social,Returning,Treatment,28,114.4,14,9,5.4,4.5,0.63,0.839,0.356,0.023,2,96.58,2.81,150.46,0.625,0.105,0.702,6.39,2.7,1,36.7,5.0,6,6,18,3,285.71,0,1
13471,Northeast,Organic Search,Loyal,Treatment,46,111.5,33,5,10.3,8.3,0.197,0.493,0.112,0.01,0,104.37,1.51,0.0,0.102,0.077,0.686,2.77,4.2,3,18.4,7.0,5,6,365,10,1256.09,1,0
13472,South,Social,Returning,Control,27,,22,17,2.7,6.4,0.385,0.851,0.237,0.015,2,109.92,2.72,234.25,0.392,0.045,0.759,7.01,3.8,3,32.0,10.0,7,7,5,5,492.95,0,0
13473,South,Paid Search,Loyal,Control,50,81.3,47,24,5.3,6.9,0.332,0.811,0.1,0.008,6,89.79,1.35,535.1,0.312,0.221,0.701,8.09,2.8,1,11.8,3.0,6,6,18,10,855.13,0,0
13474,West,Paid Search,Returning,Control,18,115.5,8,16,6.9,6.1,0.343,0.85,0.399,0.036,1,93.22,3.46,127.97,0.489,0.068,0.733,5.42,4.2,1,24.7,,3,3,33,2,181.49,1,0
13475,West,Social,Loyal,Treatment,58,47.9,38,12,4.3,5.7,0.517,0.729,0.497,0.025,3,71.62,2.31,217.1,0.836,0.04,0.747,7.03,4.6,3,38.3,7.0,4,4,43,6,424.87,0,1
13476,Northeast,Organic Search,Loyal,Treatment,29,140.4,31,11,8.5,7.1,0.562,0.787,0.143,0.033,3,109.52,2.89,280.14,0.381,0.049,0.65,5.25,3.8,0,,,5,4,28,4,420.0,0,0
13477,Midwest,Organic Search,Returning,Control,53,98.3,13,6,6.7,6.5,0.185,0.292,0.201,0.01,0,135.71,3.64,0.0,0.491,0.033,0.78,5.2,3.8,0,,5.0,7,7,365,2,255.36,1,0
13478,South,Social,New,Treatment,30,31.1,5,2,1.8,4.9,0.379,0.792,0.236,0.019,0,57.24,2.55,0.0,0.591,0.13,0.663,3.93,3.7,0,,6.0,4,5,314,3,182.87,1,0
13479,Northeast,Social,Returning,Control,34,67.8,11,7,4.6,6.0,0.311,0.734,0.141,0.041,0,102.79,3.3,0.0,0.272,0.095,0.731,7.94,3.4,1,47.5,10.0,5,6,94,6,608.27,0,0
13480,Northeast,Paid Search,Loyal,Treatment,40,120.1,48,16,6.1,7.9,0.368,0.76,0.258,0.012,0,91.36,2.19,0.0,0.45,0.121,0.641,3.26,2.9,3,17.9,5.0,4,4,257,8,798.25,1,0
13481,Northeast,Paid Search,Loyal,Control,31,123.4,32,12,5.0,5.5,0.375,0.968,0.092,0.017,1,105.16,3.01,124.84,0.258,0.007,0.608,6.0,3.9,1,11.0,10.0,6,6,89,4,425.22,0,0
13482,West,Organic Search,New,Control,32,160.2,3,4,3.2,4.4,0.287,0.851,0.143,0.016,1,142.69,2.5,126.74,0.251,0.095,0.864,3.53,3.0,1,16.6,5.0,5,6,6,1,158.59,0,0
13483,West,Organic Search,New,Treatment,64,100.1,5,9,14.8,11.1,0.206,0.433,0.267,0.05,2,42.41,1.88,101.21,0.435,0.115,0.747,0.71,3.4,1,42.8,8.0,4,5,26,1,40.51,0,0
13484,South,Organic Search,Returning,Treatment,56,32.1,17,2,4.8,5.3,0.291,0.719,0.333,0.047,0,70.1,2.06,0.0,0.107,0.035,0.552,4.59,5.6,0,,8.0,5,5,95,2,117.04,0,1
13485,Midwest,Email,Returning,Control,40,119.1,13,7,8.2,7.8,0.295,0.638,0.239,0.011,0,74.3,1.89,0.0,0.29,0.18,0.501,7.09,3.3,0,,8.0,4,4,365,2,147.25,1,0
13486,South,Paid Search,Returning,Control,55,66.9,23,7,3.0,4.8,0.549,0.737,0.406,0.081,1,76.27,1.95,76.18,0.174,0.15,0.747,6.99,2.8,5,9.8,4.0,4,5,43,4,296.01,0,0
13487,South,Organic Search,Returning,Treatment,24,59.0,19,20,9.2,7.9,0.205,0.902,0.181,0.027,1,71.22,2.33,70.19,0.142,0.142,0.555,4.55,5.1,0,,7.0,6,6,10,3,239.42,0,0
13488,Midwest,Email,Returning,Treatment,54,144.8,8,7,2.0,4.6,0.39,0.504,0.182,0.02,2,67.6,2.5,125.42,0.309,0.07,0.591,5.32,3.8,0,,4.0,4,4,51,1,72.63,0,0
13489,Northeast,Organic Search,Loyal,Treatment,25,120.7,29,3,4.0,5.4,0.207,0.838,0.33,0.04,2,87.31,1.67,193.96,0.4,0.064,0.8,3.33,1.8,0,,8.0,6,7,13,3,276.66,0,0
13490,Northeast,Organic Search,Returning,Treatment,44,111.1,23,8,12.3,9.1,0.11,0.915,0.108,0.007,0,81.18,2.69,0.0,0.074,0.087,0.761,3.04,3.5,1,10.0,8.0,4,5,109,3,224.27,0,0
13491,South,Organic Search,Returning,Treatment,47,44.3,8,3,3.4,4.2,0.235,0.704,0.156,0.007,1,63.48,2.05,61.8,0.103,0.024,0.668,4.07,2.7,0,,4.0,5,6,31,3,216.1,1,0
13492,West,Social,Returning,Treatment,41,48.0,12,6,4.3,4.3,0.41,0.769,0.222,0.106,0,72.09,2.39,0.0,0.155,0.109,0.812,5.9,2.8,0,,10.0,6,6,154,2,171.87,0,0
13493,Midwest,Email,Returning,Treatment,25,38.8,22,16,6.4,5.1,0.351,0.91,0.331,0.039,7,43.44,1.96,326.28,0.49,0.076,0.55,7.04,1.8,1,17.3,7.0,5,5,15,1,36.45,0,1
13494,Northeast,Referral,Returning,Control,61,72.1,15,9,8.6,7.9,0.191,0.766,0.315,0.024,0,104.74,3.03,0.0,0.194,0.062,0.761,8.58,4.6,0,,7.0,7,7,199,3,401.7,0,0
13495,Northeast,Social,Returning,Control,32,80.1,14,5,7.1,5.3,0.246,0.925,0.305,0.09,2,139.53,3.43,344.01,0.258,0.138,0.623,5.54,2.1,1,22.1,8.0,5,5,66,2,305.72,0,0
13496,South,Paid Search,Returning,Treatment,48,49.1,16,16,9.2,8.5,0.459,0.454,0.327,0.028,6,59.81,1.47,514.79,0.154,0.054,0.539,6.61,3.3,0,,8.0,4,4,17,1,63.26,0,0
13497,Midwest,Organic Search,Loyal,Control,61,46.7,25,23,10.5,7.4,0.134,0.818,0.267,0.039,4,60.13,1.82,271.16,0.38,0.137,0.796,7.64,2.3,4,10.4,5.0,4,5,10,5,400.73,0,0
13498,Northeast,Organic Search,New,Control,75,76.6,5,4,5.4,6.0,0.507,0.143,0.223,0.012,1,150.66,3.61,168.11,0.309,0.104,0.534,6.04,2.5,0,,8.0,6,6,17,1,126.05,0,0
13499,Northeast,Paid Search,Returning,Treatment,28,84.1,7,11,4.9,5.2,0.408,0.814,0.413,0.134,1,78.25,1.73,83.6,0.628,0.053,0.623,7.23,2.9,1,20.8,6.0,5,5,13,1,87.67,0,0
13500,South,Social,Loyal,Treatment,66,,62,15,20.4,12.6,0.211,0.633,0.223,0.008,3,129.7,1.14,379.46,0.503,0.233,0.812,4.08,3.2,0,,9.0,4,4,23,5,611.4,0,0
13501,Midwest,Paid Search,Loyal,Control,45,144.8,83,2,10.9,8.4,0.44,0.902,0.245,0.065,1,76.74,1.89,60.54,0.148,0.091,0.622,3.78,2.6,0,,10.0,5,6,25,3,260.73,0,0
13502,South,Organic Search,Returning,Treatment,50,123.3,14,4,3.2,4.8,0.319,0.44,0.166,0.056,1,119.34,2.4,95.08,0.144,0.056,0.716,4.89,2.5,3,20.4,5.0,6,6,46,8,1119.63,0,1
13503,South,Paid Search,Returning,Control,20,83.5,19,8,2.5,5.1,0.282,0.731,0.224,0.067,0,137.17,3.58,0.0,0.587,0.165,0.624,5.39,4.5,0,,6.0,6,6,176,2,232.07,0,0
13504,South,Email,Returning,Control,45,71.8,13,14,7.3,5.9,0.3,0.794,0.339,0.033,3,121.68,3.89,488.68,0.133,0.09,0.623,7.21,5.7,0,,10.0,4,4,14,2,272.3,0,0
13505,West,Paid Search,Returning,Treatment,56,106.0,9,4,6.0,7.3,0.354,0.649,0.47,0.068,3,83.14,2.25,295.08,0.241,0.013,0.55,3.88,5.0,0,,5.0,6,6,8,1,77.39,0,0
13506,West,Social,Loyal,Treatment,49,48.1,32,8,12.1,7.7,0.361,0.819,0.329,0.024,3,58.97,2.39,188.45,0.552,0.178,0.66,6.35,2.9,0,,9.0,3,3,6,1,59.39,0,0
13507,Midwest,Organic Search,Loyal,Control,46,84.6,51,16,8.7,6.7,0.452,0.676,0.34,0.071,2,92.39,2.82,218.32,0.246,0.033,0.706,7.3,4.8,0,,10.0,2,2,7,7,626.46,0,0
13508,Northeast,Referral,Loyal,Treatment,23,29.7,93,17,6.7,5.4,0.269,0.975,0.321,0.035,2,67.32,2.21,122.24,0.132,0.023,0.599,3.68,3.2,1,16.3,9.0,6,6,5,7,505.97,0,0
13509,Midwest,Email,Returning,Treatment,47,76.0,12,5,7.6,7.8,0.179,0.772,0.203,0.029,3,47.88,1.84,163.07,0.517,0.044,0.479,3.61,4.3,3,10.6,,6,5,21,2,115.69,0,0
13510,West,Organic Search,Returning,Treatment,48,59.3,15,7,5.3,6.4,0.301,0.892,0.246,0.131,1,124.15,2.13,122.67,0.377,0.051,0.623,6.21,4.2,0,,10.0,3,3,21,4,506.65,0,0
13511,Northeast,Referral,Returning,Control,47,49.3,7,3,8.0,8.3,0.376,0.575,0.159,0.023,1,56.69,2.68,61.68,0.615,0.034,0.428,9.88,3.0,0,,9.0,5,5,42,2,128.33,0,1
13512,South,Organic Search,Returning,Control,43,86.9,14,4,9.7,8.5,0.28,0.79,0.276,0.036,0,54.71,1.0,0.0,0.395,0.033,0.748,7.31,6.5,0,,5.0,6,6,209,3,165.95,1,0
13513,South,Social,Returning,Control,18,27.4,21,4,7.4,7.6,0.406,0.81,0.381,0.062,1,80.51,2.97,72.64,0.382,0.11,0.564,6.07,2.7,0,,5.0,6,6,84,2,168.65,0,0
13514,Northeast,Organic Search,Returning,Treatment,44,29.7,17,12,6.3,7.6,0.348,0.855,0.169,0.018,2,87.82,1.11,152.68,0.284,0.092,0.773,6.26,3.6,2,35.9,,6,7,41,3,239.13,0,0
13515,West,Organic Search,New,Control,54,131.0,3,8,5.9,4.9,0.151,0.562,0.25,0.009,5,174.87,2.81,689.3,0.257,0.045,0.635,6.34,1.9,0,,6.0,4,4,48,1,162.48,0,0
13516,South,Organic Search,New,Control,38,62.7,5,5,8.8,7.2,0.336,0.782,0.19,0.008,0,100.03,2.08,0.0,0.071,0.116,0.641,7.17,3.9,1,8.2,7.0,6,6,285,1,92.42,1,0
13517,South,Organic Search,Loyal,Control,23,,30,9,8.4,6.0,0.198,0.789,0.362,0.069,0,73.26,2.88,0.0,0.116,0.023,0.646,6.4,4.2,0,,,5,6,199,1,73.6,0,1
13518,South,Referral,Loyal,Control,54,33.6,29,17,25.9,16.0,0.09,0.831,0.282,0.017,4,66.06,2.1,302.56,0.448,0.053,0.784,4.63,4.5,1,69.8,9.0,5,6,6,4,212.9,0,0
13519,South,Organic Search,New,Treatment,42,57.7,2,7,3.7,7.1,0.165,0.461,0.505,0.223,1,101.04,2.76,119.83,0.111,0.093,0.728,2.48,4.6,0,,8.0,5,6,68,1,119.51,0,0
13520,Northeast,Referral,New,Control,56,65.3,3,2,7.2,5.9,0.214,0.699,0.194,0.005,0,86.01,2.34,0.0,0.182,0.058,0.694,10.0,2.3,0,,9.0,5,4,140,1,84.17,1,0
13521,Midwest,Paid Search,Returning,Treatment,47,79.3,15,5,8.0,8.2,0.337,0.749,0.189,0.014,1,73.12,2.8,67.02,0.452,0.116,0.618,3.73,5.7,0,,9.0,6,6,39,1,67.28,0,1
13522,Midwest,Social,Returning,Treatment,32,32.8,21,7,4.1,6.5,0.33,0.935,0.165,0.028,1,60.93,1.52,74.31,0.403,0.162,0.62,5.26,5.3,0,,7.0,4,5,66,2,119.13,0,0
13523,South,Organic Search,Returning,Treatment,53,118.7,10,3,3.0,4.3,0.424,0.924,0.403,0.031,1,144.87,2.78,178.2,0.309,0.066,0.751,2.57,2.9,0,,8.0,5,6,38,2,271.38,0,0
13524,West,Referral,New,Control,44,63.5,3,2,4.8,8.1,0.302,0.579,0.286,0.078,0,109.18,2.67,0.0,0.33,0.139,0.755,9.66,3.5,1,18.3,7.0,4,3,127,1,89.83,0,0
13525,West,Paid Search,Returning,Control,56,80.7,15,4,25.6,19.4,0.428,0.64,0.217,0.015,3,91.82,2.74,229.52,0.577,0.17,0.664,4.79,2.9,3,6.4,8.0,5,5,51,3,299.22,0,0
13526,Northeast,Organic Search,Returning,Treatment,37,37.3,20,10,9.8,7.0,0.135,0.785,0.369,0.033,4,55.38,1.7,284.15,0.526,0.088,0.688,6.31,2.7,0,,10.0,5,5,22,4,238.24,0,0
13527,South,Social,Returning,Control,50,42.8,19,9,3.9,7.4,0.32,0.768,0.223,0.019,0,122.14,2.11,0.0,0.186,0.07,0.741,7.19,5.6,0,,4.0,4,4,365,5,602.78,1,0
13528,West,Referral,Returning,Control,41,67.3,21,21,7.2,6.5,0.146,0.887,0.243,0.035,3,92.11,2.26,303.44,0.234,0.048,0.689,5.49,2.1,1,33.6,4.0,6,6,25,3,291.35,1,0
13529,Midwest,Email,Returning,Control,45,47.4,7,15,4.9,8.4,0.383,0.797,0.646,0.118,1,75.51,2.93,67.86,0.162,0.04,0.698,6.11,3.0,0,,9.0,6,7,19,2,166.76,0,0
13530,South,Organic Search,Returning,Treatment,41,51.7,18,12,7.5,6.7,0.323,0.511,0.391,0.099,1,68.67,2.65,72.18,0.349,0.061,0.776,6.04,6.9,0,,6.0,5,5,16,2,154.9,0,0
13531,South,Paid Search,Returning,Treatment,47,56.7,11,7,7.5,7.0,0.265,0.862,0.212,0.044,2,45.28,1.51,84.05,0.257,0.296,0.766,1.95,2.4,0,,7.0,4,5,48,3,150.2,1,0
13532,Northeast,Social,Returning,Control,27,80.8,14,1,3.3,4.3,0.508,0.858,0.147,0.002,1,70.19,3.23,67.29,0.449,0.08,0.617,7.81,2.3,2,21.1,3.0,7,6,33,2,134.12,1,0
13533,South,Social,Returning,Control,54,113.4,7,9,7.4,8.6,0.444,0.502,0.225,0.04,3,98.51,3.79,247.26,0.362,0.138,0.633,5.08,5.9,0,,7.0,5,5,15,1,78.45,0,1
13534,West,Organic Search,Loyal,Control,18,44.9,33,14,3.1,4.2,0.345,0.947,0.413,0.056,3,83.82,2.14,217.78,0.265,0.025,0.696,5.82,2.5,3,10.9,6.0,3,4,17,6,433.43,0,0
13535,West,Organic Search,Loyal,Control,59,71.8,41,15,7.1,5.3,0.181,0.658,0.305,0.046,1,70.58,1.51,49.81,0.077,0.036,0.674,8.46,2.5,6,28.2,3.0,5,6,30,6,377.11,0,0
13536,West,Organic Search,Returning,Treatment,58,74.4,6,6,4.5,4.3,0.265,0.804,0.489,0.103,1,69.34,2.97,86.18,0.221,0.139,0.744,5.68,1.8,2,12.7,7.0,3,3,89,2,147.66,0,1
13537,Northeast,Social,Returning,Treatment,35,123.6,16,4,3.9,4.8,0.236,0.611,0.184,0.006,0,104.49,2.56,0.0,0.572,0.166,0.725,2.81,1.9,1,29.8,8.0,6,7,107,2,196.53,0,0
13538,West,Paid Search,Returning,Treatment,41,156.7,16,7,5.1,5.6,0.329,0.91,0.133,0.024,3,71.0,2.85,204.01,0.357,0.235,0.747,3.38,2.9,0,,4.0,4,4,6,2,171.8,0,0
13539,West,Organic Search,Loyal,Treatment,28,99.2,36,6,6.5,6.1,0.25,0.858,0.328,0.095,2,99.49,3.14,240.72,0.082,0.094,0.656,3.88,4.8,2,23.3,3.0,5,5,17,5,620.28,0,0
13540,Midwest,Paid Search,Returning,Control,40,54.2,9,9,8.4,7.0,0.346,0.878,0.379,0.022,1,88.5,2.94,81.16,0.602,0.166,0.712,8.52,5.0,0,,6.0,6,5,15,4,361.47,0,1
13541,Midwest,Paid Search,Loyal,Control,44,81.4,29,10,9.9,8.5,0.376,0.936,0.121,0.021,4,113.18,3.0,466.94,0.545,0.128,0.663,5.71,3.4,0,,10.0,7,7,10,5,734.83,0,0
13542,West,Social,New,Control,58,55.7,4,8,4.8,7.9,0.164,0.731,0.683,0.124,1,125.07,2.87,151.1,0.637,0.016,0.762,9.01,1.5,0,,,7,7,47,1,136.42,0,0
13543,South,Paid Search,Returning,Treatment,57,169.0,24,12,5.4,5.0,0.47,0.377,0.114,0.003,1,116.87,2.94,101.11,0.468,0.071,0.554,7.34,2.7,1,11.8,,4,4,72,4,524.61,1,0
13544,South,Referral,New,Control,44,93.2,2,7,4.3,6.8,0.352,0.932,0.385,0.052,1,123.04,2.92,122.35,0.05,0.034,0.61,9.58,2.2,0,,10.0,6,6,25,1,129.55,0,1
13545,Northeast,Referral,Returning,Treatment,59,,9,8,2.6,6.8,0.178,0.936,0.246,0.021,3,110.22,2.24,423.21,0.41,0.063,0.676,3.66,2.1,2,17.5,9.0,5,4,3,4,484.83,0,0
13546,South,Organic Search,Returning,Control,39,109.2,17,12,5.8,7.2,0.329,0.968,0.648,0.107,6,80.47,1.57,367.75,0.423,0.134,0.71,6.11,5.2,2,14.2,8.0,6,6,25,6,486.01,0,0
13547,Midwest,Paid Search,Returning,Treatment,50,69.3,7,9,4.7,6.2,0.202,0.436,0.208,0.01,3,100.46,3.71,361.06,0.383,0.044,0.691,5.65,2.8,0,,,5,5,12,1,82.87,0,0
13548,South,Paid Search,Returning,Treatment,32,77.0,12,17,8.6,8.2,0.413,0.907,0.232,0.01,1,80.33,1.92,81.98,0.49,0.068,0.627,4.9,4.0,1,21.2,10.0,6,5,36,2,145.54,0,0
13549,West,Organic Search,Returning,Control,37,36.7,14,16,8.7,7.8,0.32,0.708,0.229,0.026,3,133.36,3.35,441.54,0.2,0.163,0.859,9.2,1.8,0,,7.0,5,5,4,1,127.13,1,0
13550,South,Social,Returning,Control,23,91.3,11,4,4.2,4.4,0.421,0.851,0.309,0.041,0,92.15,1.99,0.0,0.272,0.072,0.749,5.13,4.3,0,,8.0,5,6,131,2,191.34,0,0
13551,Northeast,Organic Search,Loyal,Treatment,40,46.8,37,4,3.0,4.2,0.408,0.58,0.132,0.009,0,82.48,3.92,0.0,0.167,0.01,0.783,7.73,4.7,1,13.3,10.0,3,2,290,12,1102.96,0,0
13552,Midwest,Paid Search,Returning,Control,35,35.8,6,4,3.6,4.7,0.465,0.778,0.153,0.017,0,77.13,2.4,0.0,0.376,0.167,0.695,6.57,2.5,0,,8.0,4,5,230,1,80.44,1,1
13553,West,Social,Returning,Control,50,93.0,11,17,7.2,7.4,0.466,0.78,0.315,0.035,1,97.03,3.54,86.52,0.433,0.108,0.703,6.9,4.9,1,109.0,6.0,3,3,38,1,102.48,0,1
13554,West,Email,Returning,Treatment,46,40.8,9,16,4.6,5.2,0.385,0.556,0.525,0.074,4,53.48,1.13,218.08,0.233,0.038,0.771,3.46,3.3,0,,6.0,5,6,14,3,158.39,0,0
13555,Midwest,Email,Returning,Control,51,189.5,9,9,3.7,6.1,0.384,0.696,0.528,0.086,0,166.82,2.43,0.0,0.329,0.063,0.744,8.49,4.7,1,16.2,7.0,5,5,226,4,637.88,1,0
13556,Northeast,Organic Search,Loyal,Control,33,88.0,29,13,6.1,7.7,0.395,0.77,0.226,0.026,2,128.65,2.65,249.67,0.241,0.069,0.83,5.52,3.0,1,11.4,8.0,7,7,8,3,330.07,0,0
13557,Northeast,Organic Search,Returning,Treatment,65,170.8,16,7,15.0,9.7,0.094,0.583,0.153,0.011,2,105.44,2.19,195.13,0.087,0.047,0.626,5.89,2.0,0,,9.0,4,4,23,2,180.72,0,1
13558,West,Paid Search,New,Treatment,26,51.4,4,8,8.1,7.1,0.276,0.837,0.251,0.004,3,76.24,2.8,252.26,0.327,0.107,0.452,3.3,5.4,0,,7.0,4,5,8,1,77.55,0,0
13559,West,Social,Returning,Treatment,51,95.2,15,3,9.0,7.1,0.431,0.39,0.344,0.02,1,88.9,1.91,83.33,0.337,0.061,0.698,3.21,3.5,0,,9.0,5,6,15,2,183.41,0,0
13560,South,Social,Loyal,Control,25,35.5,26,11,1.8,4.9,0.433,0.882,0.15,0.041,0,71.46,2.78,0.0,0.363,0.106,0.625,7.13,1.2,1,17.4,6.0,5,4,188,1,69.02,1,0
13561,West,Email,Returning,Control,30,,11,6,4.6,4.1,0.457,0.995,0.345,0.005,2,94.9,2.84,189.82,0.345,0.134,0.657,2.94,3.5,0,,9.0,4,4,38,3,289.78,0,0
13562,West,Email,Returning,Control,32,50.5,6,7,12.6,8.0,0.333,0.96,0.394,0.051,1,74.0,1.98,87.99,0.16,0.069,0.738,2.67,3.3,1,11.0,8.0,6,7,38,1,68.94,0,0
13563,South,Referral,Returning,Control,33,55.3,8,7,7.5,6.9,0.262,0.941,0.386,0.154,2,70.23,3.2,126.13,0.482,0.139,0.716,6.03,4.3,2,22.9,7.0,4,4,18,1,73.97,0,0
13564,Midwest,Email,New,Control,39,73.3,3,13,10.2,7.6,0.465,0.801,0.469,0.036,5,78.42,2.36,382.87,0.412,0.106,0.731,7.6,5.2,1,15.9,3.0,5,5,2,1,68.28,0,0
13565,Northeast,Social,New,Treatment,30,100.1,2,4,4.1,6.6,0.348,0.885,0.242,0.006,1,45.57,2.38,48.18,0.31,0.15,0.79,5.19,2.2,1,39.8,6.0,4,4,51,1,39.28,0,1
13566,West,Referral,Returning,Control,37,80.6,19,11,8.3,6.9,0.198,0.82,0.247,0.068,1,74.67,3.01,66.39,0.207,0.04,0.838,7.38,4.8,2,37.6,,3,4,0,2,149.5,0,0
13567,West,Social,Returning,Treatment,36,63.9,16,8,12.5,8.2,0.269,0.612,0.205,0.036,1,95.31,3.98,89.47,0.183,0.161,0.607,9.92,5.4,0,,7.0,7,7,37,1,104.92,0,0
13568,South,Paid Search,Loyal,Control,50,118.4,42,16,5.5,6.3,0.397,0.552,0.303,0.041,3,79.74,2.55,220.26,0.303,0.028,0.842,5.15,4.1,0,,3.0,3,3,4,6,501.3,0,0
13569,South,Organic Search,Returning,Control,60,29.1,17,12,8.7,6.5,0.346,0.675,0.413,0.102,1,97.96,3.25,98.17,0.229,0.132,0.697,4.77,7.6,3,15.3,,5,5,21,5,510.25,1,1
13570,West,Organic Search,Loyal,Control,53,94.3,49,9,5.7,6.4,0.575,0.795,0.263,0.048,5,123.93,3.73,732.66,0.336,0.075,0.822,5.81,2.1,0,,8.0,5,5,15,8,988.26,0,0
13571,West,Social,Loyal,Control,41,,25,5,5.1,5.3,0.461,0.821,0.177,0.012,1,85.5,3.23,93.38,0.561,0.164,0.79,4.87,2.0,6,18.7,7.0,6,7,23,8,642.21,0,0
13572,South,Paid Search,Loyal,Control,37,134.7,52,3,4.6,4.9,0.463,0.939,0.272,0.007,0,96.43,2.23,0.0,0.493,0.024,0.665,7.06,4.8,2,26.6,5.0,5,4,112,6,673.08,0,0
13573,Northeast,Paid Search,Loyal,Treatment,40,57.5,43,14,3.2,4.3,0.39,0.434,0.299,0.121,2,57.66,1.36,132.05,0.325,0.16,0.592,4.49,1.4,4,14.4,7.0,4,4,1,18,1118.95,0,1
13574,South,Paid Search,Loyal,Treatment,47,136.9,52,14,7.7,6.4,0.341,0.569,0.188,0.043,0,101.53,1.86,0.0,0.381,0.047,0.773,3.73,4.7,0,,9.0,6,6,222,5,602.12,0,1
13575,Midwest,Paid Search,Returning,Treatment,50,77.3,9,9,2.7,5.1,0.482,0.64,0.424,0.056,2,153.91,3.64,266.28,0.446,0.051,0.368,2.51,5.5,0,,8.0,4,4,44,1,147.42,0,1
13576,South,Paid Search,Returning,Control,54,72.2,7,7,4.6,7.7,0.282,0.664,0.258,0.048,4,131.24,3.02,582.62,0.148,0.114,0.789,6.36,4.8,0,,8.0,6,7,32,2,261.19,0,0
13577,South,Social,Returning,Treatment,48,175.3,8,5,10.4,9.4,0.211,0.703,0.326,0.071,0,118.94,2.39,0.0,0.508,0.108,0.681,3.25,2.0,2,14.5,6.0,6,6,130,2,235.13,1,0
13578,Midwest,Email,Loyal,Control,22,76.3,31,10,2.2,4.3,0.272,0.769,0.178,0.068,2,105.07,2.32,195.39,0.617,0.006,0.694,7.6,2.4,0,,10.0,4,4,17,1,85.91,0,0
13579,South,Paid Search,Returning,Treatment,65,59.4,11,8,3.9,5.0,0.433,0.285,0.313,0.053,1,39.31,2.27,32.25,0.346,0.064,0.646,4.12,4.1,0,,10.0,5,6,11,3,108.74,0,0
13580,West,Organic Search,Returning,Control,40,121.5,8,7,3.5,12.8,0.245,0.713,0.268,0.022,1,111.35,1.51,94.59,0.063,0.069,0.563,6.6,1.7,1,16.6,10.0,5,6,30,3,347.76,0,0
13581,West,Referral,Returning,Treatment,35,58.6,8,10,25.3,15.6,0.165,0.873,0.095,0.008,0,52.53,2.19,0.0,0.368,0.018,0.67,2.53,4.7,0,,8.0,4,4,143,1,44.34,0,0
13582,West,Social,Loyal,Control,33,52.4,31,8,4.6,6.2,0.29,0.584,0.303,0.06,2,74.17,2.57,162.48,0.491,0.081,0.661,6.13,3.5,0,,7.0,5,5,23,2,133.59,0,1
13583,Northeast,Email,Returning,Control,41,100.3,16,12,3.7,8.4,0.147,0.391,0.216,0.014,2,77.65,2.45,136.69,0.428,0.047,0.599,4.32,4.1,1,16.4,8.0,4,5,0,2,171.37,0,0
13584,Midwest,Social,Returning,Treatment,50,65.3,17,12,22.0,13.1,0.292,0.451,0.356,0.023,1,69.07,2.68,89.24,0.252,0.221,0.708,4.03,2.9,2,20.5,,5,5,89,4,297.45,0,0
13585,Northeast,Social,Loyal,Control,41,198.1,37,9,2.5,3.6,0.517,0.628,0.228,0.045,1,134.51,2.82,121.59,0.342,0.157,0.715,8.33,3.0,0,,4.0,4,5,40,4,618.84,0,0
13586,Midwest,Organic Search,Loyal,Treatment,18,40.6,29,18,1.2,3.3,0.202,0.797,0.342,0.004,7,81.66,2.32,500.1,0.362,0.02,0.691,3.6,2.6,1,26.2,7.0,5,6,9,9,614.5,0,0
13587,South,Email,New,Treatment,31,70.1,4,12,18.3,10.4,0.108,0.917,0.245,0.059,2,49.62,1.49,105.71,0.243,0.104,0.636,6.12,3.9,1,8.4,6.0,4,5,37,1,51.86,1,1
13588,South,Organic Search,Returning,Treatment,29,88.1,8,4,5.0,5.4,0.306,0.959,0.212,0.01,2,75.67,1.72,191.58,0.144,0.038,0.73,7.2,3.3,0,,9.0,4,4,23,1,80.19,0,1
13589,Midwest,Social,New,Control,48,78.0,5,2,5.5,6.8,0.316,0.732,0.439,0.037,2,57.12,1.95,112.02,0.286,0.047,0.711,3.27,4.3,1,24.8,8.0,5,6,13,4,217.32,0,0
13590,South,Organic Search,Returning,Treatment,58,72.0,16,8,15.7,10.3,0.184,0.717,0.145,0.046,0,74.24,2.75,0.0,0.158,0.074,0.632,1.04,3.5,0,,8.0,3,2,166,1,76.79,0,0
13591,Midwest,Paid Search,Loyal,Control,48,117.8,39,14,7.1,7.2,0.588,0.772,0.154,0.029,3,143.91,3.39,511.87,0.295,0.078,0.67,4.64,4.6,1,31.1,,5,5,8,6,943.29,0,1
13592,West,Social,Returning,Treatment,63,93.6,18,2,5.7,5.0,0.273,0.73,0.194,0.009,1,83.15,2.45,63.48,0.481,0.257,0.783,9.28,4.5,1,6.5,5.0,6,6,30,6,567.14,0,0
13593,South,Organic Search,Returning,Control,18,36.0,8,9,7.5,5.6,0.312,0.818,0.209,0.037,0,73.43,2.73,0.0,0.213,0.035,0.814,8.81,2.4,0,,8.0,5,4,144,1,80.68,0,1
13594,Midwest,Organic Search,Loyal,Treatment,41,57.6,25,2,7.2,7.9,0.074,0.445,0.23,0.069,0,129.77,2.06,0.0,0.241,0.038,0.656,2.11,4.6,2,27.8,7.0,5,5,212,4,509.29,1,1
13595,Northeast,Social,Returning,Treatment,38,,7,1,10.0,7.8,0.575,0.905,0.298,0.004,0,70.98,2.21,0.0,0.481,0.169,0.632,6.25,2.5,0,,8.0,5,5,164,2,121.36,0,1
13596,South,Organic Search,New,Treatment,57,255.5,4,3,9.1,7.0,0.085,0.346,0.263,0.083,0,78.74,3.81,0.0,0.161,0.064,0.832,4.22,3.9,1,11.4,10.0,4,4,245,2,159.73,1,1
13597,West,Email,Returning,Treatment,48,80.4,8,8,9.1,6.8,0.269,0.48,0.276,0.029,3,85.27,3.46,343.18,0.327,0.031,0.681,1.9,3.7,1,16.7,9.0,4,4,28,2,165.04,0,0
13598,South,Organic Search,Returning,Treatment,40,56.8,13,2,4.7,5.0,0.465,0.65,0.265,0.031,0,65.78,2.56,0.0,0.16,0.035,0.627,5.09,5.7,0,,7.0,4,4,129,1,62.71,0,0
13599,West,Social,Returning,Control,59,96.2,20,12,7.6,10.4,0.366,0.7,0.286,0.038,4,102.98,2.72,370.81,0.435,0.119,0.813,4.79,2.3,2,26.0,2.0,5,5,29,3,273.07,0,0
13600,South,Social,Returning,Control,30,72.9,20,1,5.2,6.7,0.352,0.8,0.241,0.041,1,50.63,2.45,48.3,0.354,0.099,0.798,4.12,8.0,1,21.0,6.0,7,7,89,4,196.53,0,1
13601,Northeast,Social,Returning,Treatment,47,34.8,15,6,6.0,6.8,0.513,0.348,0.27,0.019,1,88.51,2.32,85.47,0.134,0.103,0.825,7.25,2.7,2,30.1,3.0,6,5,21,2,172.01,0,0
13602,Midwest,Organic Search,New,Control,43,101.1,4,6,6.0,8.6,0.13,0.879,0.102,0.017,0,112.81,2.36,0.0,0.375,0.225,0.682,6.28,3.8,1,23.6,7.0,6,5,152,1,140.16,0,0
13603,South,Social,Returning,Treatment,26,,16,16,3.7,8.0,0.233,0.885,0.373,0.044,2,88.55,1.16,180.95,0.292,0.136,0.737,6.21,4.8,0,,,6,7,89,1,100.3,0,0
13604,South,Organic Search,Loyal,Control,22,45.6,36,5,9.7,8.1,0.539,0.832,0.36,0.038,2,59.3,2.22,129.5,0.027,0.083,0.668,5.87,1.9,0,,10.0,3,4,0,3,191.38,0,0
13605,West,Organic Search,Loyal,Treatment,29,63.1,32,18,4.7,7.4,0.232,0.873,0.11,0.005,5,95.23,2.56,428.33,0.054,0.165,0.779,2.64,2.2,0,,7.0,5,5,26,1,75.09,0,0
13606,Northeast,Paid Search,Returning,Control,42,90.9,10,8,15.2,9.4,0.266,0.573,0.634,0.047,3,102.28,2.81,469.28,0.416,0.062,0.777,6.77,3.7,2,23.4,5.0,4,4,6,1,93.12,0,0
13607,South,Organic Search,Returning,Control,41,,6,12,6.8,5.6,0.442,0.644,0.375,0.005,2,71.9,1.76,173.34,0.378,0.037,0.777,5.49,3.8,0,,10.0,6,6,13,3,245.19,0,0
13608,West,Social,Returning,Treatment,28,55.6,9,16,5.5,5.0,0.472,0.866,0.201,0.067,2,86.46,3.67,204.94,0.253,0.088,0.634,8.61,1.6,2,19.7,10.0,5,5,30,1,81.99,0,1
13609,Midwest,Paid Search,Returning,Control,60,86.9,6,7,7.6,6.2,0.423,0.311,0.209,0.039,0,81.83,2.09,0.0,0.34,0.125,0.586,10.02,3.8,0,,10.0,7,7,247,1,81.14,1,0
13610,Midwest,Paid Search,Returning,Treatment,60,115.4,9,9,4.8,4.8,0.362,0.739,0.228,0.07,3,89.41,2.62,324.36,0.221,0.024,0.657,5.15,3.7,0,,8.0,4,4,24,1,98.57,0,0
13611,West,Email,New,Treatment,30,45.7,1,5,8.4,6.6,0.258,0.713,0.333,0.099,0,72.69,2.96,0.0,0.36,0.023,0.485,6.51,4.2,2,49.4,,5,5,122,1,71.68,1,0
13612,South,Paid Search,Loyal,Treatment,40,48.1,51,9,8.0,7.3,0.153,0.828,0.276,0.085,3,58.03,1.81,181.29,0.423,0.071,0.762,3.71,1.8,3,8.6,7.0,5,6,14,5,251.52,0,0
13613,West,Organic Search,Loyal,Control,30,29.4,30,8,4.9,5.0,0.204,0.928,0.405,0.008,0,61.63,2.39,0.0,0.363,0.039,0.697,3.21,4.7,5,18.7,5.0,5,5,120,8,530.91,0,0
13614,South,Organic Search,Returning,Treatment,31,152.0,19,15,8.7,7.6,0.305,0.863,0.288,0.095,1,68.36,2.7,76.9,0.128,0.025,0.817,6.06,3.7,2,13.5,6.0,5,4,15,3,226.42,0,0
13615,West,Social,Loyal,Treatment,42,65.9,53,13,5.7,5.2,0.504,0.584,0.265,0.02,2,75.2,3.26,122.33,0.251,0.057,0.707,6.54,4.5,3,18.6,8.0,6,6,23,4,289.79,0,1
13616,Midwest,Paid Search,Returning,Treatment,51,205.8,11,13,7.4,6.2,0.242,0.436,0.217,0.045,3,76.03,1.21,235.27,0.335,0.022,0.755,7.06,5.5,1,53.2,5.0,5,5,2,4,359.07,0,0
13617,Midwest,Social,Loyal,Treatment,35,97.9,45,7,6.8,5.7,0.62,0.965,0.226,0.069,1,75.08,2.36,47.89,0.416,0.264,0.874,2.31,4.1,2,21.0,5.0,4,4,89,14,979.02,0,0
13618,South,Email,Loyal,Control,58,60.1,39,9,4.9,6.0,0.524,0.715,0.282,0.013,0,59.89,2.87,0.0,0.658,0.094,0.733,5.36,3.3,3,5.9,10.0,7,7,151,21,1253.1,1,0
13619,South,Social,Returning,Control,46,58.5,17,8,9.4,10.4,0.255,0.689,0.514,0.105,1,47.59,1.75,43.73,0.398,0.087,0.843,10.77,2.2,0,,10.0,5,5,33,3,138.92,0,1
13620,Midwest,Organic Search,Returning,Control,41,112.0,21,3,5.4,4.7,0.169,0.354,0.285,0.004,0,97.52,2.76,0.0,0.444,0.03,0.692,6.44,2.8,0,,10.0,5,4,276,2,237.52,0,0
13621,South,Paid Search,Returning,Treatment,23,,11,1,6.5,7.1,0.359,0.667,0.084,0.003,0,87.95,2.9,0.0,0.644,0.176,0.729,4.74,2.9,0,,8.0,6,6,198,1,72.69,0,0
13622,Northeast,Organic Search,Returning,Control,37,223.0,20,12,5.3,5.7,0.297,0.515,0.432,0.049,2,172.46,4.42,371.77,0.247,0.023,0.832,5.57,1.9,2,39.3,4.0,5,5,57,5,1175.9,0,0
13623,West,Referral,Loyal,Treatment,22,117.8,28,3,3.6,4.6,0.323,0.868,0.164,0.037,1,76.09,1.6,95.52,0.159,0.019,0.485,4.98,1.9,0,,10.0,5,5,34,15,1028.95,0,0
13624,West,Social,Loyal,Treatment,44,92.0,25,13,6.0,6.5,0.425,0.865,0.452,0.007,1,67.11,2.56,87.09,0.418,0.117,0.545,2.45,3.6,2,7.2,8.0,3,3,9,8,600.01,0,0
13625,West,Organic Search,Returning,Control,45,127.8,24,7,4.3,8.8,0.213,0.965,0.378,0.08,0,134.53,3.24,0.0,0.146,0.055,0.685,3.94,3.5,0,,8.0,7,7,201,1,166.8,0,0
13626,Midwest,Social,Returning,Treatment,56,53.6,15,5,4.8,6.6,0.384,0.295,0.376,0.027,3,56.82,2.41,153.54,0.211,0.195,0.429,6.58,4.0,0,,9.0,6,7,23,1,60.35,0,1
13627,Northeast,Organic Search,Returning,Control,39,98.5,18,23,3.4,5.7,0.281,0.68,0.35,0.005,4,195.35,4.3,789.46,0.311,0.169,0.857,5.11,3.0,0,,6.0,4,5,6,1,196.04,0,0
13628,Midwest,Organic Search,Returning,Treatment,58,90.8,8,3,2.6,6.7,0.367,0.677,0.43,0.101,0,66.28,3.75,0.0,0.415,0.037,0.72,2.97,4.3,1,21.5,6.0,4,4,162,2,125.78,1,0
13629,Northeast,Paid Search,Loyal,Control,54,92.6,25,11,3.6,8.1,0.324,0.811,0.171,0.016,1,139.12,2.16,135.43,0.451,0.058,0.669,3.95,2.7,0,,8.0,6,6,44,3,328.46,0,0
13630,West,Social,Returning,Control,49,66.6,12,9,10.3,6.9,0.474,0.747,0.206,0.033,0,97.22,3.02,0.0,0.385,0.222,0.78,7.33,2.6,1,27.6,7.0,6,6,130,1,105.78,0,0
13631,Northeast,Social,New,Treatment,43,,4,3,17.8,11.5,0.192,0.901,0.077,0.007,0,127.82,3.73,0.0,0.602,0.064,0.624,6.9,4.4,1,8.4,3.0,5,5,190,3,403.14,1,0
13632,South,Paid Search,Returning,Control,40,52.8,15,3,9.4,7.9,0.297,0.714,0.12,0.016,0,95.95,2.51,0.0,0.222,0.036,0.716,5.71,6.1,0,,5.0,2,2,150,1,91.12,0,0
13633,South,Paid Search,Returning,Control,34,45.7,17,3,9.6,7.9,0.524,0.763,0.291,0.025,0,63.32,1.67,0.0,0.212,0.09,0.608,7.56,3.8,1,42.2,9.0,4,3,247,4,204.18,1,1
13634,Northeast,Organic Search,Loyal,Control,47,169.7,52,10,11.9,8.1,0.256,0.736,0.189,0.041,1,140.41,3.39,114.73,0.307,0.027,0.636,5.89,1.7,0,,9.0,3,3,88,2,288.62,0,0
13635,Midwest,Organic Search,New,Control,52,82.6,3,8,9.7,7.0,0.381,0.555,0.226,0.018,2,48.52,2.63,93.53,0.242,0.027,0.832,9.24,4.2,0,,1.0,4,5,75,1,49.96,0,0
13636,South,Paid Search,Returning,Control,41,61.2,18,11,2.4,3.2,0.272,0.812,0.265,0.035,1,125.1,2.86,120.84,0.356,0.045,0.564,3.14,2.0,2,16.9,6.0,2,2,89,2,192.7,0,0
13637,Northeast,Email,New,Treatment,18,64.8,3,4,7.3,6.5,0.305,0.891,0.406,0.01,2,54.47,2.37,87.38,0.417,0.061,0.69,4.1,2.5,0,,9.0,3,2,42,1,50.96,0,0
13638,South,Organic Search,Returning,Treatment,22,28.1,14,15,12.5,10.7,0.311,0.866,0.073,0.007,6,71.82,2.24,433.02,0.093,0.043,0.652,4.52,4.3,3,24.2,9.0,5,5,11,6,406.48,1,0
13639,Midwest,Referral,Returning,Treatment,59,59.9,13,20,5.2,5.6,0.289,0.706,0.225,0.012,7,77.66,2.0,472.75,0.424,0.039,0.783,5.61,2.1,0,,10.0,6,6,2,1,63.42,0,0
13640,South,Organic Search,Loyal,Control,53,105.2,25,11,6.6,5.4,0.253,0.733,0.059,0.007,3,119.9,2.47,362.4,0.277,0.03,0.571,6.28,1.8,0,,10.0,7,7,16,3,320.13,0,0
13641,Northeast,Email,New,Treatment,41,94.3,1,9,5.1,6.3,0.247,0.379,0.387,0.094,2,118.77,2.93,272.74,0.199,0.084,0.603,4.03,3.2,0,,9.0,4,4,36,1,104.31,0,1
13642,West,Paid Search,Returning,Control,56,97.4,20,18,2.1,4.3,0.746,0.794,0.255,0.042,1,125.55,2.69,106.84,0.203,0.095,0.893,3.56,2.9,1,23.2,7.0,4,5,33,3,401.24,0,0
13643,West,Organic Search,Returning,Treatment,18,,9,20,9.2,6.8,0.354,0.88,0.193,0.014,4,37.54,1.6,146.57,0.194,0.04,0.695,5.1,5.2,0,,4.0,3,2,0,1,36.13,0,0
13644,Northeast,Organic Search,Loyal,Control,37,92.7,29,13,8.2,6.9,0.253,0.531,0.253,0.056,0,92.67,1.88,0.0,0.181,0.079,0.84,4.09,2.2,1,15.9,7.0,5,6,96,3,297.26,0,0
13645,West,Organic Search,New,Control,37,83.4,5,1,13.6,8.3,0.13,0.784,0.308,0.033,0,73.47,1.75,0.0,0.387,0.135,0.728,5.22,1.4,0,,10.0,3,4,155,1,59.11,0,0
13646,Northeast,Email,New,Control,37,42.8,5,10,9.4,9.5,0.157,0.947,0.302,0.041,0,154.89,2.98,0.0,0.192,0.05,0.807,6.97,3.4,0,,10.0,5,7,154,1,118.5,0,0
13647,South,Organic Search,Returning,Treatment,64,92.8,6,8,4.8,4.7,0.53,0.49,0.166,0.011,1,112.68,2.38,112.84,0.242,0.035,0.654,4.18,5.3,1,12.3,,5,6,89,2,260.16,0,1
13648,West,Social,Returning,Treatment,48,210.8,9,17,6.2,6.8,0.548,0.574,0.102,0.012,3,121.72,2.49,269.27,0.507,0.029,0.71,7.18,2.3,0,,10.0,4,5,13,1,130.81,0,0
13649,West,Referral,Returning,Treatment,51,172.8,17,4,5.0,4.7,0.176,0.742,0.237,0.041,0,75.98,3.37,0.0,0.106,0.061,0.526,4.1,1.5,0,,9.0,3,4,178,1,79.46,0,0
13650,South,Social,New,Control,51,76.0,5,2,4.8,4.3,0.418,0.788,0.29,0.014,0,83.03,2.65,0.0,0.445,0.111,0.831,5.25,2.5,0,,8.0,6,7,171,1,87.48,0,0
13651,West,Organic Search,Loyal,Control,42,73.7,35,6,7.9,8.1,0.226,0.447,0.318,0.002,2,111.32,3.07,271.41,0.214,0.102,0.597,4.02,5.2,2,28.9,8.0,5,5,30,7,896.57,0,0
13652,Northeast,Referral,Returning,Treatment,47,68.8,15,16,14.5,9.2,0.263,0.602,0.417,0.099,3,177.9,3.84,566.1,0.117,0.058,0.776,8.41,1.8,1,7.5,7.0,5,5,0,4,645.74,0,0
13653,South,Organic Search,Returning,Treatment,45,43.1,6,9,9.0,6.9,0.282,0.846,0.138,0.005,0,73.7,2.69,0.0,0.299,0.015,0.628,8.31,1.9,1,15.6,10.0,4,5,166,3,307.64,1,0
13654,South,Organic Search,Loyal,Control,61,78.2,25,17,4.2,4.6,0.143,0.426,0.351,0.031,5,64.36,1.61,348.59,0.4,0.069,0.594,6.23,4.0,0,,8.0,5,5,14,1,61.75,0,1
13655,West,Paid Search,New,Treatment,35,105.6,2,3,9.5,6.9,0.272,0.947,0.246,0.022,1,95.61,2.35,115.21,0.294,0.046,0.801,4.34,4.0,0,,7.0,3,4,79,1,98.0,0,0
13656,Midwest,Social,Returning,Control,24,62.2,11,15,5.5,5.5,0.413,0.959,0.268,0.031,2,75.09,2.75,126.26,0.196,0.051,0.692,7.75,3.6,1,19.6,6.0,5,4,89,3,191.23,0,0
13657,Midwest,Email,Returning,Treatment,29,69.5,16,2,10.5,8.4,0.302,0.826,0.423,0.046,0,64.62,2.24,0.0,0.36,0.102,0.812,5.28,3.6,0,,7.0,5,5,110,2,109.82,0,1
13658,West,Organic Search,Returning,Treatment,32,51.4,20,10,4.5,4.9,0.331,0.867,0.313,0.041,2,92.61,3.21,217.98,0.208,0.132,0.762,4.62,3.0,2,26.5,5.0,6,6,10,3,304.22,0,0
13659,Midwest,Referral,Loyal,Control,44,,83,12,4.0,3.9,0.219,0.673,0.263,0.029,1,54.77,1.05,48.58,0.695,0.217,0.732,7.91,2.5,3,27.2,6.0,5,5,44,7,393.66,0,0
13660,West,Paid Search,Returning,Control,43,51.6,9,4,3.8,4.2,0.309,0.737,0.233,0.013,0,138.09,2.86,0.0,0.478,0.078,0.666,5.34,3.6,1,17.0,8.0,4,5,141,6,852.91,1,0
13661,South,Referral,Returning,Control,23,170.9,13,7,7.1,9.0,0.232,0.617,0.144,0.008,3,112.43,3.19,326.12,0.205,0.025,0.677,8.28,4.4,1,18.9,8.0,5,6,2,2,236.12,0,0
13662,West,Email,Loyal,Control,32,118.5,26,8,3.8,8.2,0.148,0.849,0.431,0.038,2,130.6,2.48,232.43,0.475,0.075,0.539,7.56,3.8,1,8.5,9.0,4,4,16,1,143.7,0,0
13663,West,Email,Returning,Control,47,92.7,21,12,6.1,7.9,0.32,0.764,0.422,0.018,1,133.28,2.42,137.54,0.286,0.027,0.722,6.76,2.0,0,,5.0,5,5,27,3,366.26,0,0
13664,South,Referral,Loyal,Treatment,46,110.1,51,18,6.4,7.3,0.328,0.94,0.393,0.047,3,87.65,3.68,213.85,0.331,0.123,0.654,4.16,2.6,0,,7.0,6,6,8,5,487.34,0,0
13665,Midwest,Paid Search,Returning,Control,26,75.0,6,3,2.6,5.2,0.246,0.797,0.248,0.044,0,65.39,2.97,0.0,0.26,0.097,0.8,7.36,3.3,0,,9.0,4,5,130,1,48.91,0,0
13666,West,Social,Loyal,Control,47,184.2,29,10,1.7,4.2,0.327,0.768,0.124,0.003,0,104.05,2.5,0.0,0.168,0.165,0.699,8.82,1.7,0,,9.0,3,3,129,1,98.31,0,0
13667,West,Paid Search,Loyal,Control,20,44.3,25,5,5.7,6.1,0.31,0.934,0.348,0.052,1,69.32,2.23,69.37,0.279,0.053,0.873,8.21,4.3,3,13.3,7.0,6,7,25,6,393.82,0,1
13668,West,Email,Loyal,Control,41,72.1,32,4,7.0,6.1,0.445,0.818,0.37,0.031,1,86.94,1.48,77.84,0.282,0.034,0.801,8.74,4.8,1,16.9,5.0,6,7,2,4,392.84,0,0
13669,South,Organic Search,Returning,Treatment,45,45.8,14,7,8.3,7.6,0.232,0.617,0.365,0.039,2,98.26,2.39,179.55,0.206,0.154,0.495,4.63,3.6,0,,7.0,7,7,58,1,133.79,0,0
13670,West,Paid Search,New,Treatment,24,86.5,1,5,4.2,5.6,0.321,0.691,0.185,0.007,1,82.71,3.06,80.79,0.651,0.115,0.585,3.17,4.7,0,,,6,7,27,1,96.34,0,0
13671,West,Paid Search,Returning,Treatment,54,50.0,8,7,17.5,13.1,0.349,0.356,0.274,0.018,0,110.8,3.11,0.0,0.395,0.092,0.771,3.72,3.7,0,,5.0,6,6,99,1,102.81,0,0
13672,West,Organic Search,Returning,Treatment,49,66.8,19,34,6.1,5.6,0.25,0.599,0.158,0.008,3,69.68,2.82,154.4,0.524,0.032,0.653,4.26,5.0,2,30.8,5.0,5,6,18,2,115.9,0,0
13673,West,Organic Search,Loyal,Control,53,50.3,26,20,2.6,5.1,0.284,0.602,0.215,0.01,3,96.95,3.05,218.26,0.212,0.116,0.64,5.07,1.4,0,,,6,6,7,4,338.81,1,0
13674,South,Paid Search,Returning,Treatment,38,46.0,16,12,3.9,5.1,0.469,0.971,0.281,0.025,1,42.07,1.9,43.09,0.12,0.067,0.613,6.82,3.9,1,14.0,5.0,4,4,89,1,41.68,1,0
13675,Midwest,Paid Search,Loyal,Control,19,52.3,31,3,6.9,6.9,0.326,0.979,0.274,0.006,0,65.36,1.62,0.0,0.2,0.087,0.818,6.3,5.0,3,13.8,10.0,4,4,148,6,391.9,1,0
13676,West,Paid Search,Loyal,Control,41,147.5,57,13,3.7,4.8,0.375,0.566,0.306,0.098,2,89.49,1.53,186.1,0.581,0.103,0.656,7.05,3.1,0,,10.0,6,7,23,9,791.18,0,0
13677,West,Paid Search,Loyal,Treatment,35,167.6,33,7,5.9,5.6,0.317,0.808,0.38,0.117,1,55.78,1.84,58.53,0.361,0.162,0.509,2.73,2.7,1,42.4,,4,5,19,6,421.47,0,0
13678,West,Paid Search,Loyal,Control,30,48.4,55,10,7.4,6.8,0.644,0.873,0.261,0.061,1,107.07,2.48,99.86,0.453,0.022,0.643,2.97,3.6,0,,8.0,6,6,88,2,190.6,0,0
13679,Northeast,Organic Search,Returning,Control,33,52.9,9,9,4.9,4.5,0.394,0.838,0.208,0.064,3,70.27,3.09,275.56,0.229,0.058,0.783,8.39,3.3,0,,5.0,4,4,3,3,182.37,0,0
13680,South,Email,New,Treatment,40,45.9,5,6,4.3,5.2,0.221,0.793,0.384,0.05,1,63.47,1.0,61.24,0.084,0.081,0.748,5.48,6.9,1,20.9,10.0,5,6,89,1,59.23,0,1
13681,South,Paid Search,Loyal,Control,60,92.5,48,7,14.7,9.9,0.359,0.783,0.194,0.021,1,76.68,2.53,56.08,0.504,0.033,0.611,9.36,5.7,1,50.6,10.0,6,6,87,2,149.77,0,1
13682,Midwest,Social,Returning,Treatment,18,130.8,12,9,5.9,5.6,0.466,0.955,0.27,0.034,2,121.06,2.64,217.62,0.354,0.091,0.709,5.19,3.0,1,13.5,7.0,5,6,20,2,232.18,0,0
13683,Northeast,Organic Search,Loyal,Control,48,159.6,66,5,7.6,5.7,0.42,0.925,0.155,0.025,1,48.86,1.24,52.01,0.184,0.028,0.735,6.01,3.8,4,7.7,8.0,5,6,8,18,799.03,1,0
13684,Midwest,Organic Search,Loyal,Control,48,95.3,43,6,5.3,4.9,0.161,0.814,0.576,0.125,0,83.84,2.26,0.0,0.345,0.008,0.598,4.87,6.7,0,,8.0,7,6,180,6,515.85,0,0
13685,West,Organic Search,Returning,Control,33,82.5,17,18,2.8,5.6,0.184,0.867,0.177,0.014,3,44.6,1.4,135.99,0.221,0.005,0.632,5.03,3.4,0,,8.0,4,5,35,2,81.46,0,0
13686,South,Organic Search,New,Control,29,71.8,2,4,9.7,9.5,0.202,0.852,0.301,0.053,1,72.14,2.3,61.06,0.105,0.181,0.71,8.04,3.5,1,14.2,6.0,4,3,35,1,67.23,1,0
13687,Midwest,Organic Search,Returning,Treatment,28,52.3,21,3,2.7,3.9,0.273,0.925,0.229,0.048,0,55.56,2.31,0.0,0.439,0.029,0.711,4.91,3.4,1,32.1,,5,5,227,2,120.97,0,0
13688,Midwest,Referral,Returning,Treatment,61,89.0,9,7,4.0,4.6,0.252,0.684,0.236,0.05,0,59.6,1.97,0.0,0.24,0.019,0.652,1.69,3.8,0,,6.0,5,6,149,2,99.37,0,0
13689,West,Referral,Returning,Treatment,50,152.3,23,11,6.8,5.2,0.222,0.785,0.184,0.038,3,153.72,2.78,471.11,0.225,0.057,0.701,4.69,5.0,2,23.2,7.0,6,6,13,7,1395.32,0,0
13690,Midwest,Social,Loyal,Control,28,39.9,41,7,6.7,6.5,0.419,0.749,0.138,0.038,2,53.68,1.42,106.74,0.392,0.074,0.582,5.22,3.1,2,26.2,8.0,6,6,34,5,270.34,0,1
13691,Midwest,Referral,Loyal,Treatment,39,46.9,44,4,13.8,11.1,0.172,0.484,0.285,0.056,1,63.25,2.08,59.01,0.288,0.002,0.677,3.22,4.5,2,16.3,10.0,4,5,6,3,214.34,0,0
13692,Northeast,Paid Search,Returning,Control,55,39.8,9,14,3.5,4.3,0.309,0.241,0.308,0.087,6,72.65,2.61,466.89,0.483,0.046,0.779,3.99,3.8,0,,6.0,3,4,8,2,152.71,0,1
13693,South,Social,Returning,Control,57,124.4,22,27,5.9,7.6,0.488,0.629,0.427,0.067,3,142.87,3.57,511.51,0.417,0.157,0.818,3.79,5.9,0,,5.0,5,5,24,1,119.36,0,0
13694,West,Referral,Returning,Control,23,151.2,7,2,10.5,8.3,0.352,0.813,0.15,0.04,1,143.52,3.45,118.12,0.218,0.045,0.698,6.76,3.1,1,18.5,,2,1,14,1,142.34,0,0
13695,West,Organic Search,Returning,Control,34,68.8,21,17,6.9,6.1,0.401,0.993,0.258,0.069,2,108.79,2.58,160.75,0.059,0.069,0.83,5.45,1.3,0,,9.0,6,6,14,4,412.96,0,0
13696,Midwest,Organic Search,Returning,Control,41,84.3,8,8,12.4,9.5,0.345,0.857,0.169,0.051,1,83.3,2.77,70.02,0.554,0.115,0.631,7.59,2.7,0,,5.0,3,4,31,1,73.62,0,0
13697,South,Social,Loyal,Control,56,106.5,25,5,4.3,5.1,0.278,0.72,0.414,0.067,2,64.29,2.04,146.63,0.321,0.062,0.377,5.67,2.8,0,,,5,6,21,3,192.3,0,0
13698,South,Referral,Returning,Treatment,23,64.6,6,3,9.6,7.3,0.365,0.908,0.05,0.006,0,93.64,2.45,0.0,0.2,0.106,0.777,5.48,2.1,0,,7.0,6,6,192,1,114.66,0,0
13699,Northeast,Social,Returning,Treatment,45,96.2,11,17,7.4,5.5,0.42,0.665,0.172,0.028,1,65.36,2.77,64.06,0.271,0.099,0.536,3.34,3.0,1,27.6,5.0,6,7,22,2,136.45,0,0
13700,West,Paid Search,New,Treatment,60,65.5,4,3,2.8,7.9,0.384,0.487,0.304,0.047,0,150.41,3.16,0.0,0.4,0.156,0.672,3.69,5.6,0,,8.0,5,4,95,1,116.29,1,0
13701,Northeast,Social,Returning,Treatment,35,93.4,11,19,2.0,3.4,0.298,0.62,0.339,0.058,5,147.1,2.8,640.73,0.169,0.177,0.659,5.96,4.2,0,,7.0,7,7,3,4,479.32,0,0
13702,Northeast,Email,New,Control,30,90.9,4,10,7.4,6.2,0.221,0.969,0.467,0.015,0,137.24,3.9,0.0,0.34,0.147,0.582,9.05,3.5,0,,6.0,5,5,148,1,155.82,0,0
13703,South,Paid Search,Returning,Control,32,69.3,15,5,8.2,6.1,0.361,0.637,0.192,0.071,2,116.72,2.73,294.13,0.321,0.124,0.58,8.23,3.1,0,,8.0,5,6,10,3,337.75,0,0
13704,West,Paid Search,Returning,Treatment,25,58.4,9,1,16.8,10.3,0.298,0.997,0.309,0.128,0,60.44,1.74,0.0,0.529,0.037,0.726,9.42,2.1,0,,9.0,6,6,321,1,57.87,0,0
13705,South,Social,Returning,Treatment,53,31.2,7,15,4.3,4.4,0.445,0.615,0.169,0.022,1,73.65,2.85,59.0,0.644,0.108,0.715,4.3,1.6,0,,5.0,6,5,19,2,184.36,0,0
13706,West,Social,Returning,Control,52,218.7,6,9,4.5,4.3,0.37,0.629,0.223,0.01,1,179.07,4.58,181.84,0.294,0.144,0.724,10.33,3.8,0,,8.0,5,5,7,1,166.31,0,0
13707,South,Social,Returning,Control,53,72.2,15,11,6.7,7.0,0.217,0.515,0.197,0.03,4,78.48,2.79,365.22,0.554,0.095,0.768,3.95,4.7,1,14.1,7.0,6,5,4,2,156.19,0,0
13708,Northeast,Social,New,Control,56,55.1,5,4,3.1,4.1,0.443,0.41,0.157,0.028,0,73.17,2.61,0.0,0.474,0.139,0.743,4.17,4.5,0,,5.0,4,5,95,1,74.23,0,0
13709,Midwest,Paid Search,Loyal,Control,55,71.4,30,12,12.6,8.0,0.175,0.761,0.294,0.018,2,44.83,1.37,89.63,0.349,0.243,0.772,8.04,2.3,0,,8.0,5,6,26,5,238.47,0,0
13710,West,Organic Search,Loyal,Control,21,113.2,50,4,10.8,8.5,0.161,0.907,0.328,0.064,0,106.32,4.28,0.0,0.1,0.146,0.632,9.62,2.7,1,7.1,10.0,6,7,214,3,348.85,1,1
13711,West,Paid Search,Loyal,Treatment,51,38.5,30,6,8.1,6.3,0.393,0.785,0.349,0.033,0,68.61,3.21,0.0,0.21,0.053,0.573,7.24,3.7,1,17.5,10.0,4,4,154,5,305.64,0,0
13712,West,Email,Returning,Control,26,43.3,21,9,7.0,8.4,0.22,0.69,0.44,0.041,1,96.64,3.08,90.63,0.304,0.161,0.701,7.23,5.2,1,18.9,8.0,5,5,89,2,193.91,0,0
13713,West,Paid Search,Returning,Treatment,54,110.0,12,4,5.2,6.2,0.445,0.435,0.227,0.086,2,118.12,3.8,269.23,0.402,0.131,0.768,4.37,4.2,0,,7.0,4,5,75,3,449.87,0,0
13714,South,Email,Loyal,Control,53,65.9,26,8,5.0,5.3,0.319,0.527,0.318,0.021,1,82.75,2.05,76.47,0.234,0.063,0.822,5.97,2.1,1,48.6,10.0,5,5,58,5,508.47,0,1
13715,West,Organic Search,Returning,Control,30,36.2,16,10,4.8,6.6,0.314,0.964,0.199,0.011,3,85.62,2.24,251.16,0.085,0.02,0.812,6.72,2.0,0,,,6,6,24,2,156.0,0,0
13716,West,Paid Search,Loyal,Control,53,106.6,35,5,10.3,8.6,0.188,0.704,0.564,0.069,1,127.97,2.62,95.5,0.379,0.096,0.82,6.35,4.3,2,32.7,8.0,4,3,43,4,455.02,0,0
13717,West,Organic Search,New,Treatment,53,50.0,5,13,3.6,5.1,0.304,0.643,0.147,0.025,4,112.69,2.57,514.93,0.236,0.144,0.681,8.74,3.0,1,8.1,4.0,5,5,11,1,97.43,0,0
13718,South,Organic Search,Returning,Control,31,41.7,20,4,5.4,8.6,0.227,0.893,0.299,0.056,2,36.65,1.94,76.97,0.3,0.015,0.666,8.52,3.3,0,,9.0,5,5,25,3,97.0,0,0
13719,West,Social,Returning,Treatment,44,123.2,18,10,7.9,5.7,0.249,0.849,0.157,0.005,2,109.61,2.57,168.81,0.366,0.037,0.718,3.43,3.0,1,34.1,8.0,5,5,18,4,502.32,0,0
13720,Midwest,Organic Search,New,Control,34,58.4,4,14,9.2,8.7,0.305,0.781,0.058,0.015,1,105.41,2.33,102.48,0.25,0.086,0.758,5.02,6.6,1,19.2,5.0,5,5,15,2,240.38,0,1
13721,South,Organic Search,Returning,Treatment,36,50.5,20,5,2.5,4.7,0.137,0.883,0.597,0.074,0,91.31,2.19,0.0,0.088,0.037,0.668,7.46,3.7,2,20.4,6.0,7,7,206,3,261.81,0,0
13722,West,Social,Returning,Treatment,36,31.8,16,4,6.5,9.0,0.351,0.885,0.185,0.033,0,47.55,2.49,0.0,0.413,0.089,0.766,4.35,3.8,1,28.0,,4,4,149,2,96.41,1,0
13723,South,Referral,Loyal,Treatment,18,52.2,27,10,2.9,4.2,0.182,0.544,0.244,0.01,3,110.96,3.15,278.87,0.136,0.103,0.576,4.9,4.6,2,19.0,5.0,6,6,13,11,1408.4,0,1
13724,Midwest,Referral,Returning,Control,46,,7,4,9.1,6.4,0.101,0.784,0.243,0.059,0,87.86,2.63,0.0,0.272,0.035,0.732,5.53,2.7,0,,8.0,6,6,365,2,215.41,0,0
13725,Midwest,Organic Search,Returning,Control,41,117.8,24,13,1.8,4.0,0.298,0.98,0.171,0.011,3,82.9,2.23,263.16,0.394,0.126,0.834,4.44,4.3,1,32.1,5.0,5,5,28,6,478.62,1,0
13726,West,Social,Loyal,Control,57,169.7,25,6,4.2,4.5,0.255,0.786,0.244,0.043,0,143.44,3.03,0.0,0.513,0.147,0.687,7.5,4.0,0,,8.0,6,7,149,3,364.1,1,0
13727,South,Paid Search,Loyal,Control,64,129.5,28,12,9.1,6.5,0.488,0.606,0.287,0.021,6,90.3,2.74,613.14,0.608,0.116,0.604,4.99,2.3,1,17.1,10.0,4,4,1,1,89.93,0,0
13728,South,Paid Search,Loyal,Treatment,58,62.5,27,7,5.8,6.0,0.305,0.542,0.135,0.014,2,246.46,4.43,506.36,0.431,0.058,0.569,4.89,3.6,1,33.6,9.0,6,6,43,2,514.2,0,0
13729,Midwest,Social,Loyal,Treatment,40,73.7,32,6,7.3,6.1,0.36,0.601,0.342,0.014,0,109.44,2.62,0.0,0.278,0.128,0.552,6.31,2.1,1,7.7,9.0,5,6,105,1,96.41,0,0
13730,West,Email,Loyal,Treatment,38,36.2,38,12,6.9,5.6,0.451,0.822,0.396,0.012,1,78.88,2.15,73.66,0.172,0.039,0.773,6.44,2.4,1,11.2,10.0,5,6,42,11,859.29,0,0
13731,West,Organic Search,Loyal,Treatment,23,41.3,28,5,2.3,3.3,0.1,0.872,0.345,0.097,0,72.45,3.06,0.0,0.311,0.015,0.806,4.67,2.6,0,,10.0,4,5,121,4,287.34,1,0
13732,West,Social,Loyal,Treatment,40,68.1,55,29,5.2,5.7,0.556,0.831,0.147,0.011,0,43.09,1.22,0.0,0.314,0.188,0.562,3.28,4.4,0,,,5,5,173,9,461.61,0,0
13733,South,Organic Search,Returning,Control,48,,6,3,5.3,6.9,0.226,0.62,0.348,0.056,0,69.27,2.28,0.0,0.297,0.025,0.712,7.72,3.7,0,,8.0,4,5,177,1,76.62,1,0
13734,Midwest,Email,Loyal,Control,37,73.6,61,29,8.1,6.2,0.144,0.701,0.392,0.006,6,87.28,2.22,552.75,0.229,0.031,0.721,6.86,1.2,3,20.6,8.0,5,5,57,15,1641.2,1,0
13735,West,Email,Returning,Treatment,49,56.9,20,16,3.4,4.7,0.221,0.67,0.3,0.021,1,65.38,1.78,63.94,0.54,0.047,0.544,8.42,2.0,1,11.1,8.0,6,6,14,2,133.77,0,0
13736,South,Organic Search,Loyal,Control,59,110.5,36,12,7.1,7.8,0.278,0.857,0.39,0.008,5,125.66,3.43,724.54,0.324,0.05,0.84,6.15,2.5,0,,10.0,3,4,20,4,529.88,0,0
13737,South,Paid Search,Loyal,Treatment,49,48.1,38,22,4.0,6.5,0.387,0.809,0.181,0.021,5,73.86,3.2,336.28,0.497,0.193,0.601,6.78,2.9,0,,8.0,5,5,2,1,88.24,0,1
13738,West,Social,New,Control,35,79.0,4,6,4.0,5.2,0.517,0.796,0.152,0.02,2,126.41,3.64,274.1,0.248,0.244,0.505,6.78,2.5,1,51.0,9.0,6,6,22,2,209.3,0,0
13739,Northeast,Paid Search,Returning,Control,65,91.3,6,12,5.2,6.3,0.359,0.882,0.493,0.007,3,56.77,1.53,146.42,0.241,0.06,0.616,4.62,4.6,2,14.4,7.0,7,7,15,2,106.94,0,0
13740,South,Organic Search,Returning,Treatment,49,65.0,11,9,5.4,4.8,0.191,0.898,0.112,0.006,1,63.24,3.28,57.91,0.444,0.022,0.812,3.34,1.7,1,30.7,8.0,4,3,51,7,447.0,1,0
13741,Midwest,Paid Search,Returning,Treatment,30,165.5,7,14,2.9,4.0,0.549,0.882,0.501,0.021,3,92.91,2.14,258.34,0.197,0.018,0.738,6.81,2.1,2,44.3,6.0,5,6,15,1,100.34,0,0
13742,West,Organic Search,New,Control,18,76.0,1,3,7.9,7.1,0.301,0.957,0.236,0.009,0,160.28,2.75,0.0,0.171,0.045,0.75,9.38,2.1,0,,10.0,2,2,321,1,170.13,0,1
13743,Midwest,Paid Search,Returning,Control,32,59.0,9,2,4.5,5.9,0.553,0.809,0.283,0.009,1,94.96,2.88,71.75,0.215,0.118,0.768,7.43,3.6,2,29.6,10.0,4,4,8,1,114.93,0,0
13744,West,Email,New,Treatment,39,43.0,4,9,3.9,5.0,0.342,0.84,0.512,0.213,2,94.25,1.75,176.56,0.233,0.027,0.524,5.16,2.8,0,,10.0,1,1,26,2,208.73,0,1
13745,West,Email,Returning,Control,55,132.0,13,19,2.9,5.8,0.167,0.617,0.337,0.077,2,121.67,2.49,230.85,0.214,0.003,0.728,7.84,1.2,1,24.0,8.0,4,3,89,3,370.32,0,0
13746,West,Organic Search,Returning,Control,53,22.5,17,2,12.0,8.3,0.273,0.797,0.169,0.02,1,77.84,2.44,87.4,0.044,0.031,0.541,7.13,4.2,0,,6.0,3,3,24,1,68.13,0,0
13747,Midwest,Social,Loyal,Treatment,48,59.4,32,4,5.7,10.2,0.328,0.969,0.161,0.025,2,106.94,2.4,239.05,0.573,0.066,0.699,6.35,5.8,2,46.8,10.0,5,4,39,13,1271.1,1,0
13748,Northeast,Email,Returning,Control,39,90.2,8,8,16.4,12.0,0.264,0.703,0.349,0.013,2,79.24,2.71,156.08,0.254,0.037,0.826,6.76,1.7,0,,10.0,4,5,9,2,134.56,0,0
13749,South,Paid Search,Returning,Treatment,47,24.1,16,5,3.2,6.1,0.474,0.75,0.232,0.017,1,84.44,2.16,86.07,0.415,0.122,0.798,5.1,3.4,1,34.5,,7,7,89,4,316.02,0,0
13750,Northeast,Organic Search,Loyal,Control,22,,43,21,6.4,7.6,0.212,0.757,0.39,0.193,3,138.48,3.0,371.04,0.427,0.017,0.598,5.6,4.7,2,35.1,10.0,5,5,10,6,770.94,0,0
13751,West,Social,New,Control,44,60.6,4,9,3.9,4.1,0.397,0.778,0.265,0.004,2,52.49,1.95,99.33,0.285,0.07,0.663,5.27,3.2,1,28.3,8.0,5,5,5,3,145.97,0,1
13752,West,Organic Search,Returning,Control,52,131.5,16,15,13.1,8.1,0.175,0.514,0.145,0.064,6,152.15,3.68,911.59,0.47,0.076,0.551,6.94,4.2,0,,10.0,6,5,47,1,129.88,0,0
13753,Northeast,Paid Search,Returning,Treatment,54,63.1,9,7,4.8,4.3,0.68,0.413,0.126,0.005,1,98.52,2.74,108.26,0.244,0.08,0.619,4.61,3.6,0,,10.0,7,7,11,3,269.06,0,0
13754,Midwest,Paid Search,Returning,Treatment,49,213.4,10,4,4.2,4.9,0.353,0.886,0.311,0.015,0,78.59,2.22,0.0,0.526,0.069,0.767,3.37,4.5,0,,8.0,5,4,127,1,93.46,0,0
13755,West,Email,Returning,Control,18,70.2,20,14,3.2,4.2,0.402,0.792,0.329,0.034,3,70.99,2.53,212.63,0.605,0.007,0.74,4.04,2.0,0,,10.0,6,5,31,2,126.07,0,0
13756,Northeast,Social,Returning,Treatment,54,57.4,11,5,6.8,6.4,0.402,0.606,0.199,0.017,2,121.31,2.87,211.27,0.507,0.116,0.524,2.33,3.9,0,,7.0,5,5,3,1,112.34,0,0
13757,Midwest,Referral,Loyal,Treatment,40,64.1,26,20,18.6,11.0,0.204,0.911,0.069,0.007,3,97.17,1.0,321.96,0.06,0.12,0.609,3.29,1.6,1,9.1,8.0,7,7,2,8,762.28,0,0
13758,Midwest,Organic Search,Returning,Control,50,70.7,16,5,5.8,5.7,0.369,0.653,0.368,0.124,1,90.31,2.83,81.9,0.062,0.042,0.626,10.25,2.8,1,13.9,7.0,4,5,36,4,333.26,0,0
13759,South,Social,Returning,Treatment,62,41.0,10,6,8.2,8.4,0.483,0.746,0.429,0.018,2,63.36,2.31,130.5,0.24,0.064,0.827,3.57,5.0,0,,8.0,6,6,2,1,57.02,0,0
13760,West,Organic Search,Returning,Control,21,23.9,13,7,6.2,5.3,0.391,0.597,0.201,0.018,0,60.02,2.34,0.0,0.345,0.118,0.7,8.18,2.6,0,,,4,4,266,1,60.5,0,0
13761,West,Organic Search,Returning,Treatment,43,53.7,12,11,7.5,6.1,0.304,0.667,0.219,0.016,2,77.18,2.16,162.21,0.234,0.037,0.675,5.88,3.7,0,,6.0,5,5,57,3,283.18,0,1
13762,Northeast,Social,Returning,Treatment,28,55.8,17,23,13.1,8.5,0.338,0.832,0.154,0.019,6,102.24,3.32,583.94,0.218,0.216,0.718,6.74,3.2,0,,8.0,5,5,26,1,104.44,0,0
13763,South,Organic Search,Returning,Control,52,60.0,7,2,7.6,6.7,0.284,0.66,0.297,0.036,2,85.49,2.98,141.35,0.22,0.035,0.715,7.59,5.3,0,,7.0,3,3,22,2,167.99,0,0
13764,Northeast,Social,Returning,Control,60,119.0,11,12,6.0,6.1,0.344,0.818,0.292,0.111,0,59.38,3.11,0.0,0.562,0.041,0.715,4.23,2.6,0,,,3,4,240,1,64.87,0,0
13765,Northeast,Organic Search,Returning,Treatment,59,98.2,9,11,5.3,6.2,0.244,0.671,0.289,0.027,1,208.31,3.52,211.16,0.548,0.066,0.576,5.68,4.1,1,9.8,8.0,7,6,68,1,306.76,0,0
13766,Northeast,Organic Search,Loyal,Control,43,143.9,51,12,7.7,8.1,0.184,0.917,0.292,0.003,2,108.09,2.55,212.36,0.263,0.086,0.686,4.97,3.4,0,,10.0,4,3,89,3,328.62,0,0
13767,West,Referral,Returning,Control,29,135.0,24,12,13.2,16.6,0.159,0.894,0.464,0.072,1,132.9,2.51,158.84,0.133,0.091,0.826,3.68,3.9,0,,9.0,5,5,4,2,280.08,0,0
13768,Northeast,Social,Returning,Treatment,18,,11,12,7.5,7.9,0.603,0.659,0.134,0.003,3,190.33,3.73,576.72,0.282,0.04,0.79,3.38,3.7,1,14.7,9.0,5,5,2,5,844.22,0,0
13769,West,Organic Search,Returning,Treatment,63,39.4,15,5,4.1,7.2,0.298,0.363,0.137,0.003,0,96.0,1.33,0.0,0.204,0.058,0.496,7.75,4.5,0,,6.0,3,3,183,1,98.9,1,0
13770,Midwest,Social,Returning,Treatment,52,52.1,10,8,2.7,3.9,0.315,0.857,0.115,0.025,2,71.37,1.92,158.12,0.397,0.068,0.738,4.25,3.4,0,,7.0,4,4,10,2,171.78,0,0
13771,West,Paid Search,Returning,Control,18,35.0,18,17,5.9,7.8,0.327,0.933,0.293,0.048,3,54.37,3.36,165.34,0.282,0.048,0.57,8.39,3.6,0,,9.0,6,6,36,2,101.52,0,0
13772,West,Referral,Returning,Control,51,54.8,9,8,3.6,6.8,0.294,0.612,0.219,0.032,1,62.75,2.24,65.91,0.263,0.053,0.737,7.21,4.1,1,33.2,6.0,4,4,61,3,212.74,0,0
13773,Northeast,Social,Returning,Control,51,142.3,13,4,11.0,7.8,0.428,0.733,0.325,0.028,0,112.52,2.7,0.0,0.457,0.349,0.674,6.65,3.6,2,18.9,2.0,7,7,147,1,129.1,1,0
13774,South,Social,Returning,Treatment,32,76.4,11,8,7.4,6.8,0.321,0.825,0.376,0.124,4,76.73,2.28,280.26,0.259,0.067,0.674,2.37,3.0,0,,7.0,4,5,44,2,148.7,0,0
13775,South,Organic Search,New,Treatment,45,,3,4,2.2,5.1,0.12,0.914,0.175,0.011,0,182.68,3.79,0.0,0.113,0.099,0.628,4.89,3.5,1,11.0,7.0,5,4,204,1,182.84,1,0
13776,West,Social,Returning,Control,34,115.5,23,9,4.6,5.7,0.401,0.787,0.303,0.067,0,88.0,1.11,0.0,0.528,0.09,0.761,8.03,1.9,1,8.3,7.0,5,5,183,3,231.63,1,0
13777,South,Paid Search,Returning,Control,34,79.7,11,5,5.3,5.2,0.265,0.565,0.234,0.061,2,62.48,2.52,140.68,0.324,0.04,0.732,6.04,4.6,1,24.0,8.0,5,6,28,3,185.11,0,0
13778,West,Paid Search,Returning,Control,54,66.0,11,10,3.0,3.6,0.411,0.728,0.295,0.076,2,64.53,1.51,140.14,0.654,0.155,0.753,8.32,3.7,1,17.7,6.0,4,5,29,2,131.58,0,0
13779,South,Email,Returning,Control,35,90.0,22,12,2.0,5.4,0.321,0.976,0.514,0.111,1,94.7,2.06,102.79,0.323,0.042,0.736,3.2,2.2,0,,10.0,4,4,28,1,85.56,0,0
13780,Northeast,Paid Search,New,Control,29,117.7,5,5,2.8,5.6,0.402,0.636,0.269,0.005,1,105.83,2.61,108.53,0.525,0.12,0.813,4.91,5.2,2,27.6,6.0,5,5,43,4,490.29,0,0
13781,West,Social,Returning,Treatment,33,107.5,12,9,4.1,5.5,0.391,0.938,0.204,0.011,1,161.06,2.69,156.78,0.324,0.176,0.702,7.04,3.6,0,,6.0,4,3,19,2,334.12,0,0
13782,Midwest,Referral,Returning,Treatment,35,26.6,11,1,15.0,11.8,0.145,0.967,0.318,0.07,0,60.05,2.42,0.0,0.254,0.014,0.475,3.62,4.1,2,32.2,6.0,5,6,193,6,315.09,0,0
13783,West,Paid Search,Loyal,Control,47,115.3,29,21,5.7,5.5,0.398,0.708,0.254,0.034,2,54.43,1.1,105.02,0.242,0.166,0.644,8.26,3.9,0,,8.0,4,4,89,3,170.73,0,0
13784,Midwest,Organic Search,Returning,Treatment,19,48.9,18,8,6.7,9.6,0.353,0.992,0.202,0.054,1,115.98,3.36,119.38,0.491,0.019,0.57,4.19,2.7,0,,10.0,5,5,28,2,259.95,0,0
13785,South,Paid Search,New,Control,32,112.4,3,9,3.2,4.8,0.617,0.62,0.101,0.018,3,82.87,2.39,251.36,0.591,0.049,0.674,5.51,5.3,0,,6.0,5,5,17,1,75.33,0,0
13786,Northeast,Paid Search,New,Treatment,59,126.5,2,5,2.3,3.9,0.52,0.635,0.227,0.031,0,166.05,2.13,0.0,0.24,0.054,0.433,4.54,2.9,1,40.8,10.0,6,6,101,1,168.89,1,0
13787,West,Organic Search,Returning,Control,31,64.4,24,7,7.6,6.2,0.493,0.932,0.575,0.055,4,92.3,2.52,375.14,0.406,0.028,0.734,5.73,3.6,4,22.3,8.0,5,6,13,9,1041.91,0,0
13788,South,Organic Search,Loyal,Control,31,102.7,26,9,6.9,6.9,0.265,0.872,0.252,0.032,0,79.49,2.56,0.0,0.467,0.122,0.535,6.48,5.5,2,20.2,,4,5,126,5,295.88,0,0
13789,South,Referral,Loyal,Control,38,69.5,26,9,4.6,5.7,0.265,0.891,0.33,0.086,3,82.07,2.69,168.43,0.303,0.012,0.823,7.02,5.5,0,,6.0,5,6,32,3,197.6,0,0
13790,West,Social,Loyal,Treatment,34,67.5,30,11,10.4,7.9,0.504,0.882,0.266,0.023,2,124.69,2.96,267.2,0.731,0.191,0.495,3.82,2.8,0,,5.0,5,5,61,4,594.5,0,0
13791,West,Referral,Loyal,Treatment,35,75.0,26,30,21.0,12.6,0.282,0.921,0.277,0.102,3,65.99,3.03,204.76,0.237,0.059,0.462,3.89,2.9,0,,9.0,5,6,8,1,62.37,0,0
13792,West,Organic Search,New,Control,57,36.6,1,3,3.6,4.7,0.343,0.658,0.379,0.004,0,106.67,1.64,0.0,0.113,0.106,0.702,5.72,4.7,0,,7.0,7,7,230,1,103.39,0,1
13793,Northeast,Social,Loyal,Control,24,105.8,53,17,8.4,8.8,0.369,0.953,0.171,0.027,4,143.49,3.73,544.92,0.078,0.065,0.679,9.86,4.4,1,13.7,7.0,6,6,5,10,1496.82,0,1
13794,Midwest,Organic Search,Loyal,Treatment,35,62.2,37,16,3.5,5.9,0.109,0.726,0.092,0.018,0,56.21,3.01,0.0,0.153,0.159,0.596,9.84,4.0,1,20.1,8.0,6,6,103,2,129.09,0,0
13795,South,Paid Search,New,Control,28,,4,5,2.7,4.1,0.579,0.651,0.179,0.046,2,97.88,2.78,207.79,0.343,0.073,0.705,7.45,4.7,3,31.9,6.0,6,6,2,5,492.15,0,0
13796,West,Email,Returning,Control,45,122.4,15,16,7.1,7.5,0.234,0.984,0.16,0.03,4,116.69,3.46,517.08,0.514,0.026,0.629,5.95,2.5,2,39.3,,4,5,29,2,240.52,0,0
13797,South,Email,Loyal,Treatment,46,45.8,29,3,3.2,3.9,0.321,0.801,0.327,0.042,0,54.67,1.76,0.0,0.282,0.189,0.669,4.44,2.4,1,11.2,10.0,6,6,108,5,227.18,0,0
13798,Midwest,Social,Returning,Treatment,22,91.2,9,13,5.4,5.8,0.232,0.88,0.352,0.07,2,112.26,3.21,204.75,0.324,0.083,0.643,3.48,4.0,1,16.3,9.0,5,6,44,2,222.84,0,0
13799,West,Organic Search,Returning,Control,33,147.5,9,13,2.3,3.6,0.211,0.632,0.192,0.007,3,61.57,1.65,205.23,0.178,0.114,0.576,4.61,4.5,1,42.0,8.0,4,4,2,6,334.07,0,0
13800,Midwest,Social,Returning,Control,48,66.0,18,7,7.0,6.5,0.396,0.684,0.266,0.016,1,64.87,2.35,63.18,0.445,0.16,0.57,4.73,2.5,2,23.6,9.0,5,5,48,2,156.11,0,0
13801,South,Social,Loyal,Treatment,47,98.1,38,19,13.2,8.4,0.418,0.924,0.186,0.022,0,78.12,2.4,0.0,0.441,0.06,0.732,4.52,4.0,2,9.7,3.0,3,3,160,6,437.41,0,0
13802,South,Email,Returning,Control,44,86.6,8,13,6.4,7.3,0.279,0.844,0.356,0.125,1,56.45,2.81,54.36,0.107,0.111,0.665,6.71,4.2,1,14.2,6.0,5,6,89,2,106.41,0,0
13803,West,Organic Search,Loyal,Control,47,,39,19,4.2,5.4,0.108,0.604,0.153,0.009,4,94.42,2.26,297.11,0.207,0.044,0.734,7.86,3.4,1,19.7,9.0,5,4,17,5,565.68,0,0
13804,West,Email,Returning,Treatment,47,102.8,8,25,9.9,7.4,0.31,0.676,0.699,0.084,3,84.57,2.4,250.4,0.519,0.093,0.692,5.59,2.9,0,,10.0,4,5,1,1,95.61,0,1
13805,West,Organic Search,New,Control,50,104.7,2,5,3.0,5.0,0.29,0.849,0.254,0.021,0,96.57,3.15,0.0,0.424,0.08,0.66,8.06,4.3,1,13.9,6.0,6,7,325,1,116.7,1,0
13806,South,Referral,Loyal,Treatment,28,60.5,44,14,3.0,5.0,0.365,0.658,0.093,0.006,4,62.17,1.68,214.57,0.435,0.103,0.727,2.82,5.0,1,25.4,7.0,4,4,18,11,727.4,0,1
13807,West,Social,Returning,Control,43,124.7,7,10,3.8,5.6,0.423,0.586,0.334,0.091,1,178.56,3.53,145.45,0.35,0.102,0.792,10.09,3.0,3,26.6,6.0,4,5,40,2,436.16,0,0
13808,Northeast,Paid Search,New,Treatment,24,67.8,3,2,2.2,6.6,0.217,0.885,0.595,0.07,1,77.29,2.78,84.53,0.356,0.03,0.72,2.89,3.0,0,,10.0,5,5,29,1,67.66,0,0
13809,Midwest,Social,Returning,Control,28,46.4,24,10,1.6,3.9,0.419,0.713,0.413,0.032,1,63.14,1.52,59.42,0.289,0.033,0.805,4.71,5.2,0,,10.0,7,7,89,7,431.57,0,1
13810,Midwest,Paid Search,Returning,Control,18,107.9,10,15,11.4,7.3,0.301,0.916,0.186,0.006,1,76.44,2.82,72.46,0.42,0.087,0.573,4.67,4.3,0,,6.0,4,5,56,2,164.2,0,0
13811,West,Social,New,Treatment,18,93.5,4,3,4.7,5.3,0.475,0.903,0.395,0.068,1,71.81,2.72,56.4,0.144,0.121,0.675,6.5,2.0,0,,8.0,4,4,42,1,74.64,0,0
13812,West,Referral,Loyal,Treatment,52,87.0,36,1,7.6,8.5,0.299,0.82,0.366,0.004,2,125.2,3.41,290.16,0.443,0.027,0.688,6.48,3.0,1,10.9,10.0,2,2,13,2,258.88,0,0
13813,West,Paid Search,New,Control,45,59.8,2,6,3.1,4.8,0.544,0.679,0.304,0.029,2,50.71,2.09,122.09,0.362,0.139,0.675,8.77,3.3,0,,10.0,4,5,28,1,40.97,0,1
13814,South,Referral,Loyal,Control,43,46.6,43,10,5.7,8.0,0.204,0.986,0.236,0.017,5,74.91,2.55,386.49,0.318,0.013,0.63,6.65,3.1,0,,10.0,4,4,34,4,333.27,0,0
13815,West,Social,New,Control,41,97.9,4,8,6.0,5.8,0.426,0.648,0.107,0.025,1,113.32,3.47,89.93,0.717,0.149,0.679,5.02,2.0,0,,8.0,6,6,37,2,249.54,0,0
13816,West,Social,Returning,Treatment,49,77.6,17,18,9.3,8.8,0.513,0.889,0.239,0.014,3,103.93,2.68,340.07,0.436,0.065,0.723,3.83,2.4,0,,7.0,5,5,8,1,95.34,0,0
13817,South,Paid Search,New,Treatment,55,91.0,5,1,4.5,6.6,0.301,0.663,0.358,0.09,0,117.98,2.85,0.0,0.515,0.054,0.558,3.58,1.7,0,,8.0,5,5,168,1,124.31,0,0
13818,Northeast,Email,Returning,Control,37,86.9,14,16,4.6,6.3,0.245,0.82,0.22,0.033,0,111.48,1.54,0.0,0.292,0.012,0.749,5.29,4.2,1,8.2,8.0,7,7,215,2,179.74,0,0
13819,South,Social,Loyal,Control,59,44.6,26,7,11.1,8.9,0.558,0.465,0.138,0.013,1,71.37,2.66,65.55,0.543,0.115,0.638,5.05,3.9,2,13.5,8.0,7,7,17,6,498.71,0,0
13820,Northeast,Paid Search,Returning,Control,58,79.3,24,8,10.7,8.7,0.504,0.783,0.355,0.048,3,100.45,2.29,280.12,0.368,0.03,0.584,4.32,3.3,3,37.9,3.0,7,7,14,5,456.96,0,0
13821,Northeast,Organic Search,Returning,Control,43,60.3,12,10,6.7,9.0,0.243,0.324,0.169,0.008,2,62.84,1.99,94.29,0.261,0.104,0.757,1.7,2.4,0,,9.0,4,6,26,2,125.02,0,0
13822,West,Paid Search,Loyal,Control,28,82.8,25,17,4.6,4.8,0.406,0.811,0.211,0.053,3,85.14,1.91,218.49,0.399,0.162,0.622,3.7,4.0,1,18.5,7.0,5,6,29,1,74.35,1,0
13823,Midwest,Social,Returning,Control,52,79.1,17,6,9.1,8.1,0.273,0.632,0.205,0.036,1,75.31,1.81,77.24,0.344,0.095,0.508,8.2,7.7,0,,3.0,4,4,89,3,234.65,0,0
13824,South,Organic Search,Returning,Treatment,29,53.7,7,6,7.2,5.5,0.263,0.914,0.255,0.051,1,49.61,2.16,47.03,0.22,0.185,0.718,4.62,2.9,0,,7.0,6,6,40,3,110.96,0,0
13825,West,Paid Search,Loyal,Treatment,64,73.2,29,14,3.5,5.2,0.396,0.578,0.091,0.001,1,103.99,2.39,138.87,0.5,0.091,0.786,3.36,4.6,1,8.7,6.0,5,5,17,4,452.92,0,0
13826,Midwest,Email,Returning,Control,31,116.0,15,5,14.9,11.4,0.185,0.775,0.187,0.025,1,89.96,2.09,105.26,0.552,0.027,0.672,7.27,3.6,1,9.4,,6,7,76,4,409.92,0,0
13827,Midwest,Paid Search,Returning,Control,63,43.2,12,11,7.0,6.4,0.219,0.552,0.202,0.05,1,84.37,2.39,63.21,0.492,0.129,0.687,6.18,4.5,2,20.2,2.0,6,7,24,5,394.26,0,1
13828,South,Organic Search,Returning,Treatment,38,165.6,16,8,6.3,5.8,0.273,0.864,0.407,0.051,0,87.36,2.75,0.0,0.301,0.028,0.543,3.13,4.5,2,16.3,8.0,5,5,210,2,158.05,0,1
13829,West,Organic Search,New,Control,40,74.5,4,2,9.6,9.9,0.202,0.706,0.398,0.055,0,75.01,3.16,0.0,0.223,0.008,0.699,7.14,3.2,0,,8.0,5,4,155,1,81.32,0,0
13830,Northeast,Social,New,Treatment,18,119.9,5,11,5.8,7.2,0.44,0.895,0.337,0.052,0,85.91,3.13,0.0,0.153,0.127,0.644,5.46,2.3,0,,6.0,2,2,124,1,98.73,1,0
13831,Northeast,Email,New,Treatment,25,82.5,4,4,5.4,4.6,0.283,0.701,0.568,0.255,2,68.26,1.24,123.09,0.561,0.016,0.831,7.1,3.7,0,,,4,4,88,1,78.72,1,0
13832,West,Organic Search,Loyal,Control,52,97.9,31,10,3.1,4.5,0.333,0.54,0.157,0.035,3,76.28,2.34,224.05,0.036,0.005,0.667,6.96,2.8,2,8.1,10.0,6,6,72,4,317.45,0,0
13833,West,Referral,Returning,Treatment,53,74.9,18,8,7.3,6.5,0.513,0.621,0.292,0.019,0,99.0,2.66,0.0,0.358,0.188,0.796,3.91,4.5,0,,9.0,6,6,118,3,288.37,0,0
13834,Midwest,Paid Search,Returning,Control,49,45.1,11,6,5.3,6.4,0.154,0.805,0.202,0.015,1,42.07,2.19,38.3,0.5,0.063,0.705,3.11,2.3,0,,6.0,6,6,89,4,155.62,0,0
13835,West,Organic Search,Returning,Treatment,41,95.2,14,9,2.8,4.5,0.431,0.724,0.239,0.04,1,67.93,1.3,72.18,0.137,0.197,0.566,3.73,3.5,0,,2.0,4,4,42,6,405.54,0,0
13836,South,Social,Loyal,Treatment,56,53.1,26,10,5.4,6.3,0.563,0.557,0.375,0.044,4,48.61,3.26,252.8,0.583,0.172,0.669,5.2,5.0,4,42.8,5.0,5,5,17,4,189.85,1,0
13837,West,Email,New,Control,58,22.0,4,5,2.2,4.2,0.489,0.672,0.487,0.051,2,92.63,1.65,154.04,0.275,0.159,0.795,6.01,1.9,1,17.0,10.0,4,4,35,1,87.77,0,1
13838,South,Social,Returning,Treatment,37,98.1,18,14,4.1,4.5,0.355,0.867,0.249,0.034,2,90.57,2.4,207.52,0.485,0.17,0.806,3.43,6.8,0,,7.0,5,6,8,1,98.17,0,0
13839,South,Email,Loyal,Control,28,48.7,32,17,2.8,5.0,0.279,0.852,0.292,0.103,4,113.01,2.89,418.1,0.185,0.073,0.709,8.31,3.6,3,23.4,8.0,6,5,6,5,660.29,0,0
13840,Midwest,Social,New,Control,55,76.7,4,4,5.8,4.7,0.436,0.654,0.187,0.041,0,118.77,2.66,0.0,0.305,0.175,0.797,5.56,5.6,0,,3.0,3,3,212,2,225.02,0,0
13841,South,Organic Search,Loyal,Treatment,33,,29,7,8.8,8.1,0.322,0.794,0.345,0.088,3,55.97,1.64,158.74,0.322,0.032,0.673,5.75,2.0,1,11.9,9.0,5,5,13,4,204.88,0,1
13842,Northeast,Social,New,Control,18,143.6,3,16,7.5,11.9,0.404,0.956,0.249,0.02,1,146.54,2.71,176.98,0.277,0.07,0.685,7.7,1.6,0,,10.0,4,4,67,1,144.19,0,1
13843,South,Paid Search,Loyal,Treatment,42,102.3,26,5,6.4,5.4,0.321,0.703,0.608,0.028,3,176.2,2.44,535.64,0.619,0.07,0.603,3.73,5.5,2,13.4,5.0,6,7,16,3,488.04,0,0
13844,West,Paid Search,Loyal,Control,43,92.4,35,16,4.1,6.8,0.348,0.845,0.107,0.01,1,100.65,2.49,98.93,0.269,0.015,0.47,7.7,3.3,4,8.0,7.0,7,7,18,9,938.32,0,0
13845,Midwest,Social,Returning,Control,61,52.9,8,15,3.6,4.4,0.473,0.69,0.536,0.07,2,102.92,2.98,184.89,0.379,0.011,0.735,7.78,6.2,1,52.6,6.0,7,7,2,3,368.43,0,0
13846,West,Referral,Returning,Treatment,26,72.5,24,15,7.6,6.4,0.5,0.74,0.184,0.035,2,67.48,1.59,134.28,0.115,0.055,0.546,3.55,3.3,3,22.3,9.0,7,7,22,3,204.91,0,0
13847,South,Referral,Returning,Treatment,53,40.1,14,11,5.3,6.2,0.29,0.667,0.339,0.023,1,68.62,2.71,69.09,0.077,0.168,0.648,2.49,3.7,4,19.1,5.0,6,6,57,8,515.21,0,0
13848,Northeast,Paid Search,Returning,Control,20,65.9,6,3,1.8,3.6,0.489,0.649,0.381,0.08,1,114.72,1.26,104.09,0.266,0.1,0.663,7.03,2.6,1,33.7,6.0,4,5,29,2,210.97,0,0
13849,Northeast,Referral,Loyal,Treatment,69,63.9,46,9,7.1,8.6,0.509,0.626,0.207,0.012,0,108.04,2.83,0.0,0.195,0.018,0.671,4.3,2.9,4,13.8,7.0,4,4,172,11,1506.49,1,1
13850,South,Email,Returning,Control,35,73.1,17,10,3.7,4.3,0.179,0.806,0.489,0.13,1,82.75,1.26,78.38,0.062,0.022,0.719,6.41,6.6,1,15.8,5.0,3,2,24,2,162.61,0,0
13851,West,Email,Returning,Treatment,31,37.0,6,5,5.0,6.6,0.214,0.666,0.152,0.033,1,79.38,2.0,83.85,0.423,0.051,0.664,3.9,1.8,0,,8.0,5,5,57,2,118.51,0,0
13852,South,Referral,Loyal,Control,40,63.0,48,9,14.6,9.6,0.241,0.796,0.229,0.065,1,93.93,3.09,79.96,0.3,0.032,0.682,6.88,3.7,0,,10.0,4,5,44,2,162.5,0,0
13853,South,Organic Search,Returning,Control,43,70.5,23,19,2.6,4.6,0.171,0.794,0.421,0.053,2,135.59,3.1,295.95,0.15,0.127,0.634,9.66,3.1,0,,7.0,6,6,42,1,143.02,0,0
13854,South,Paid Search,Returning,Treatment,18,36.6,21,11,3.7,4.6,0.341,0.98,0.414,0.03,3,65.04,2.55,219.99,0.459,0.069,0.735,6.44,5.6,1,16.6,5.0,5,6,11,5,389.08,0,0
13855,Midwest,Social,Loyal,Control,39,71.2,68,16,2.9,3.9,0.211,0.757,0.358,0.047,5,104.0,1.81,550.43,0.408,0.086,0.771,5.33,3.9,0,,,7,6,16,11,1073.89,0,0
13856,West,Organic Search,Loyal,Treatment,45,85.2,36,12,10.0,6.7,0.324,0.459,0.145,0.036,2,75.25,2.23,142.43,0.271,0.047,0.684,3.69,2.9,1,25.1,10.0,5,5,39,2,147.04,0,1
13857,South,Email,Returning,Treatment,21,38.3,15,11,3.7,4.5,0.616,0.914,0.459,0.023,4,86.0,2.48,347.21,0.204,0.055,0.663,3.73,2.4,3,14.1,7.0,6,7,10,3,274.07,0,1
13858,South,Paid Search,Returning,Control,40,36.2,15,19,5.5,6.0,0.341,0.281,0.344,0.025,7,77.43,3.42,388.34,0.376,0.089,0.594,2.57,3.5,0,,7.0,5,6,5,1,92.37,0,0
13859,South,Social,Returning,Treatment,49,85.7,13,15,9.6,6.9,0.394,0.523,0.439,0.083,0,107.27,3.43,0.0,0.223,0.155,0.707,2.9,3.3,0,,6.0,4,4,242,4,395.18,1,0
13860,West,Organic Search,Returning,Control,37,68.2,10,9,4.1,7.9,0.202,0.848,0.348,0.101,0,96.41,2.41,0.0,0.377,0.085,0.732,10.16,3.3,1,21.6,4.0,6,7,226,1,90.1,0,0
13861,West,Referral,Returning,Control,40,113.2,17,14,5.9,8.3,0.399,0.747,0.382,0.089,2,98.07,2.13,154.82,0.089,0.026,0.724,7.26,0.7,0,,9.0,5,6,18,2,199.11,0,0
13862,West,Social,Returning,Treatment,58,89.7,6,7,3.7,6.5,0.396,0.721,0.498,0.04,1,56.96,2.01,49.29,0.262,0.15,0.619,4.56,3.0,0,,6.0,5,4,89,1,58.06,0,0
13863,Midwest,Organic Search,Loyal,Control,53,77.3,31,1,13.0,8.3,0.314,0.777,0.118,0.007,0,104.55,1.84,0.0,0.018,0.013,0.422,8.93,2.4,2,29.9,9.0,6,7,169,6,839.48,0,0
13864,South,Paid Search,Returning,Control,47,29.0,7,4,5.8,6.6,0.317,0.654,0.391,0.032,0,67.61,1.4,0.0,0.4,0.096,0.64,3.59,2.5,2,20.5,9.0,5,6,173,1,69.48,1,0
13865,Northeast,Email,Returning,Treatment,31,121.0,10,30,4.7,5.6,0.168,0.813,0.563,0.064,3,68.08,1.56,170.88,0.298,0.031,0.601,6.01,4.3,1,20.8,8.0,7,7,20,2,139.76,0,0
13866,Northeast,Paid Search,Returning,Control,20,101.0,14,18,6.4,7.9,0.154,0.918,0.45,0.089,4,89.09,2.04,393.82,0.351,0.137,0.795,10.28,2.7,0,,9.0,4,5,6,1,90.34,0,1
13867,West,Social,New,Control,22,60.9,1,9,8.4,5.8,0.56,0.782,0.199,0.007,0,90.37,1.47,0.0,0.347,0.235,0.705,6.67,4.0,2,66.3,6.0,5,6,181,1,72.93,0,0
13868,Midwest,Organic Search,Returning,Control,30,90.4,7,4,10.7,7.5,0.23,0.964,0.14,0.054,1,75.37,2.45,73.98,0.137,0.034,0.744,4.47,4.8,0,,6.0,6,5,63,1,54.27,0,0
13869,Northeast,Email,Loyal,Control,47,93.0,47,5,3.8,7.1,0.111,0.756,0.25,0.007,1,197.98,4.17,202.87,0.227,0.031,0.599,6.48,2.9,1,23.6,10.0,4,5,23,3,626.38,0,0
13870,West,Paid Search,Returning,Treatment,42,45.7,22,16,4.1,7.2,0.272,0.444,0.247,0.027,2,59.7,1.29,95.99,0.57,0.065,0.816,8.05,4.2,2,41.0,7.0,5,6,22,3,158.1,0,0
13871,South,Referral,Loyal,Control,57,54.3,95,28,7.1,8.3,0.183,0.384,0.238,0.012,5,86.47,2.35,352.53,0.516,0.083,0.64,6.02,2.4,6,11.0,4.0,6,6,26,18,1464.26,1,0
13872,South,Paid Search,Loyal,Control,57,59.0,57,2,11.4,8.1,0.432,0.858,0.435,0.043,2,75.76,1.52,135.62,0.356,0.05,0.644,4.05,3.9,0,,,5,5,7,12,770.55,0,1
13873,West,Social,Returning,Treatment,62,71.0,17,13,7.2,7.7,0.608,0.466,0.11,0.02,1,69.12,1.22,54.03,0.538,0.172,0.754,7.08,4.2,1,19.7,4.0,5,5,51,1,62.22,0,0
13874,West,Paid Search,Returning,Control,48,42.9,6,7,3.0,4.9,0.611,0.395,0.231,0.025,0,86.97,2.29,0.0,0.545,0.075,0.723,3.21,3.1,0,,9.0,5,4,170,2,144.89,1,0
13875,South,Social,Returning,Control,35,58.6,20,23,3.6,4.5,0.528,0.833,0.422,0.091,1,64.79,1.84,56.36,0.359,0.098,0.878,10.25,5.0,3,26.3,6.0,5,5,34,6,313.31,0,0
13876,Northeast,Paid Search,Returning,Control,65,275.8,22,28,16.1,10.9,0.353,0.648,0.15,0.021,9,104.17,1.65,964.78,0.381,0.006,0.667,7.46,1.9,1,27.8,10.0,5,6,3,3,311.05,0,0
13877,Northeast,Organic Search,Returning,Treatment,42,,21,10,8.0,7.8,0.153,0.665,0.506,0.044,2,47.93,2.23,76.86,0.27,0.078,0.51,3.72,3.6,2,19.2,10.0,4,5,16,2,98.86,0,0
13878,Northeast,Email,Returning,Control,47,80.4,15,16,17.7,10.5,0.087,0.878,0.231,0.097,2,104.59,2.07,211.18,0.461,0.048,0.749,8.23,3.2,1,35.9,8.0,5,5,89,1,153.28,0,0
13879,Midwest,Social,Returning,Control,47,73.9,15,14,20.9,11.9,0.478,0.915,0.18,0.017,2,59.9,1.65,142.98,0.458,0.169,0.725,4.89,3.4,1,10.0,6.0,4,6,23,3,183.55,0,0
13880,South,Organic Search,Returning,Treatment,36,117.6,15,1,7.7,8.6,0.33,0.809,0.243,0.021,2,113.9,3.83,222.82,0.048,0.116,0.538,2.93,3.3,0,,4.0,3,3,39,6,648.74,0,0
13881,West,Social,Returning,Treatment,66,24.2,11,9,5.6,8.0,0.304,0.739,0.47,0.04,1,57.96,1.95,51.61,0.338,0.136,0.721,3.39,4.5,1,22.3,7.0,5,4,8,2,124.41,0,0
13882,South,Social,Returning,Treatment,55,68.0,10,6,2.7,4.1,0.322,0.283,0.141,0.007,4,91.5,2.48,341.78,0.185,0.154,0.784,6.34,4.4,2,12.2,9.0,6,7,3,2,187.86,0,0
13883,Midwest,Organic Search,Loyal,Treatment,52,65.5,57,8,7.9,6.7,0.471,0.661,0.298,0.033,1,66.28,2.39,71.79,0.3,0.184,0.758,5.28,1.7,2,12.8,5.0,5,6,89,12,756.05,0,1
13884,Midwest,Organic Search,Loyal,Treatment,50,48.7,41,15,2.0,3.1,0.304,0.806,0.167,0.04,3,102.72,2.45,323.3,0.379,0.057,0.732,5.69,4.2,2,39.2,10.0,4,5,22,4,394.25,1,0
13885,West,Organic Search,Loyal,Treatment,32,50.8,52,9,6.6,5.6,0.182,0.68,0.279,0.043,2,149.52,3.3,245.65,0.444,0.129,0.587,5.04,3.4,3,15.3,6.0,5,5,11,8,1052.12,1,1
13886,Midwest,Organic Search,Returning,Control,35,33.5,6,4,5.6,5.3,0.304,0.786,0.188,0.011,2,92.52,2.52,199.82,0.163,0.033,0.728,5.97,1.5,0,,6.0,6,6,32,2,211.76,1,0
13887,West,Paid Search,Returning,Control,58,63.1,16,9,6.5,5.7,0.2,0.585,0.127,0.022,2,38.58,2.75,78.05,0.688,0.075,0.68,8.74,3.6,0,,5.0,4,4,23,2,76.55,0,1
13888,South,Paid Search,Loyal,Treatment,25,36.3,37,8,6.1,7.2,0.237,0.761,0.314,0.096,0,62.85,1.2,0.0,0.152,0.149,0.649,7.71,4.0,3,47.1,4.0,5,5,193,6,468.65,1,0
13889,Midwest,Paid Search,Returning,Control,45,149.0,7,10,4.3,5.0,0.327,0.796,0.313,0.114,4,130.55,2.62,500.85,0.353,0.157,0.872,5.79,3.6,1,14.1,8.0,5,5,32,1,95.9,0,0
13890,Northeast,Organic Search,Loyal,Control,44,80.5,35,4,2.7,5.5,0.199,0.825,0.315,0.028,1,106.95,3.28,85.12,0.428,0.121,0.844,10.45,3.0,0,,5.0,7,7,37,2,171.06,1,1
13891,Midwest,Referral,Loyal,Control,37,49.3,34,12,8.2,6.2,0.357,0.762,0.082,0.007,7,42.34,1.83,263.81,0.276,0.035,0.826,6.67,2.0,0,,10.0,7,7,7,3,128.19,0,0
13892,West,Paid Search,Returning,Treatment,46,45.8,9,1,11.2,7.7,0.327,0.573,0.257,0.037,0,74.33,2.59,0.0,0.369,0.083,0.657,7.35,2.8,0,,10.0,5,5,106,1,66.14,1,0
13893,West,Social,New,Treatment,31,89.5,1,3,4.3,8.4,0.397,0.727,0.328,0.031,0,89.33,3.46,0.0,0.406,0.067,0.596,3.33,3.9,0,,8.0,7,7,107,1,98.58,0,0
13894,South,Paid Search,Returning,Treatment,47,102.9,15,15,10.9,7.1,0.296,0.774,0.235,0.019,5,98.83,3.03,485.23,0.687,0.05,0.618,6.46,3.0,0,,9.0,6,7,9,5,494.34,1,0
13895,West,Social,Loyal,Control,44,47.1,26,13,3.3,5.5,0.49,0.952,0.222,0.043,5,68.15,2.37,308.14,0.731,0.097,0.732,3.56,2.9,0,,10.0,7,7,6,1,64.77,0,0
13896,Northeast,Email,Returning,Treatment,36,144.7,10,6,4.5,5.8,0.191,0.912,0.229,0.038,1,151.37,3.04,127.9,0.301,0.09,0.465,8.87,2.8,1,22.7,8.0,3,4,3,1,136.35,0,0
13897,West,Referral,Returning,Control,45,60.6,22,6,8.8,6.7,0.232,0.724,0.144,0.026,1,54.85,1.46,73.73,0.557,0.034,0.738,5.74,3.2,2,16.1,8.0,5,6,7,3,143.92,0,0
13898,Midwest,Email,New,Control,29,52.3,5,1,3.1,4.1,0.193,0.871,0.223,0.069,0,58.01,2.59,0.0,0.324,0.091,0.58,9.1,3.5,0,,7.0,6,6,201,1,57.46,1,0
13899,Northeast,Email,Loyal,Treatment,56,216.0,30,13,12.3,8.9,0.175,0.931,0.486,0.124,2,160.84,3.06,275.75,0.612,0.106,0.714,7.78,2.4,0,,9.0,4,4,72,1,229.58,0,0
13900,South,Paid Search,Returning,Treatment,50,37.6,8,8,3.5,6.4,0.199,0.622,0.172,0.027,1,35.06,1.48,30.78,0.316,0.086,0.606,3.88,4.6,0,,9.0,6,7,35,2,66.52,0,1
13901,South,Email,Returning,Treatment,29,41.2,8,8,5.4,7.0,0.267,0.684,0.463,0.07,2,56.3,2.23,117.24,0.315,0.029,0.759,1.67,6.4,0,,7.0,5,5,27,1,64.44,0,0
13902,West,Social,Returning,Treatment,32,178.9,11,13,12.2,8.2,0.297,0.773,0.228,0.02,3,109.86,2.73,347.85,0.33,0.081,0.724,4.1,3.4,1,5.3,9.0,3,3,7,1,97.06,0,0
13903,West,Email,Loyal,Control,56,104.4,25,8,7.7,8.2,0.225,0.65,0.167,0.063,5,115.65,2.62,724.77,0.115,0.071,0.74,5.53,3.1,0,,7.0,4,4,2,1,111.95,0,0
13904,West,Email,Returning,Treatment,38,127.0,8,4,8.9,6.5,0.581,0.499,0.272,0.006,2,84.78,2.25,136.71,0.225,0.015,0.801,6.39,3.1,0,,7.0,5,6,71,2,193.19,0,0
13905,Northeast,Paid Search,New,Control,32,67.6,3,7,6.1,6.0,0.292,0.797,0.171,0.024,1,86.51,2.28,107.72,0.33,0.133,0.582,7.86,3.0,0,,10.0,4,4,71,1,80.97,0,1
13906,South,Social,Loyal,Control,41,82.6,41,38,3.0,4.0,0.312,0.765,0.266,0.014,4,85.08,1.58,418.63,0.552,0.092,0.675,7.16,4.3,2,23.0,9.0,4,5,16,6,521.87,0,1
13907,West,Organic Search,Returning,Control,38,46.6,11,13,15.0,9.2,0.389,0.883,0.156,0.015,3,96.86,1.53,252.69,0.294,0.06,0.567,7.07,1.5,1,27.7,,4,5,30,1,112.92,0,0
13908,West,Paid Search,Loyal,Treatment,54,86.3,29,13,11.8,7.5,0.548,0.793,0.399,0.008,1,60.7,1.99,57.0,0.206,0.053,0.547,6.03,2.6,0,,10.0,6,6,25,7,363.28,0,0
13909,West,Paid Search,New,Treatment,32,65.6,5,4,5.1,4.7,0.393,0.986,0.096,0.019,0,59.44,1.87,0.0,0.316,0.172,0.709,6.05,3.8,0,,9.0,5,6,131,1,53.59,0,0
13910,West,Organic Search,Returning,Control,18,64.3,6,5,3.9,4.1,0.117,0.692,0.264,0.035,1,94.4,2.09,81.62,0.213,0.179,0.662,6.45,2.7,0,,4.0,3,2,12,2,154.71,0,0
13911,Midwest,Email,Returning,Treatment,28,94.6,23,15,12.2,16.2,0.154,0.873,0.613,0.083,2,107.04,2.73,172.66,0.203,0.082,0.747,4.22,2.6,1,11.4,7.0,4,4,23,5,571.86,0,0
13912,Northeast,Social,Returning,Control,42,103.2,10,12,8.5,6.9,0.445,0.691,0.15,0.027,2,127.3,4.44,228.33,0.266,0.142,0.607,4.89,3.2,3,17.6,7.0,5,6,13,2,252.5,0,0
13913,Midwest,Social,New,Control,39,68.5,4,7,7.5,5.6,0.264,0.861,0.231,0.056,0,74.04,1.55,0.0,0.283,0.12,0.566,10.35,2.7,0,,8.0,7,7,109,4,289.31,0,0
13914,Midwest,Organic Search,Returning,Control,42,59.6,21,5,17.0,10.6,0.301,0.651,0.097,0.018,0,79.7,2.41,0.0,0.451,0.043,0.688,8.36,4.1,0,,8.0,7,7,206,3,226.94,0,0
13915,West,Organic Search,New,Treatment,59,143.7,5,9,6.4,5.8,0.45,0.47,0.079,0.027,1,91.69,2.55,87.69,0.254,0.033,0.727,4.33,3.2,0,,10.0,6,6,55,1,83.98,0,0
13916,Northeast,Referral,Loyal,Control,24,175.2,56,13,9.2,7.8,0.302,0.869,0.364,0.085,4,59.58,3.06,222.18,0.093,0.076,0.68,3.72,3.1,2,16.7,8.0,5,6,17,2,105.21,0,0
13917,Midwest,Paid Search,New,Treatment,36,69.8,1,3,7.2,8.2,0.169,0.822,0.11,0.031,1,70.82,2.53,74.12,0.122,0.053,0.651,5.26,2.1,1,42.8,9.0,3,5,80,1,76.75,0,0
13918,West,Organic Search,Returning,Control,34,73.4,6,5,3.2,3.8,0.428,0.74,0.352,0.015,1,62.51,1.62,53.31,0.172,0.095,0.779,5.02,4.3,0,,7.0,4,5,72,1,66.25,1,0
13919,West,Paid Search,Returning,Control,53,86.2,11,9,10.0,7.0,0.307,0.654,0.254,0.029,4,81.71,1.71,250.31,0.369,0.046,0.701,7.72,1.6,0,,6.0,1,1,52,1,79.8,0,1
13920,South,Social,Returning,Control,53,45.0,19,6,10.0,7.4,0.477,0.518,0.151,0.015,1,111.2,1.49,99.74,0.46,0.303,0.729,7.04,2.2,1,21.9,7.0,4,4,89,1,120.47,0,0
13921,West,Paid Search,Loyal,Treatment,54,80.2,30,10,6.9,8.3,0.35,0.519,0.542,0.014,3,43.14,1.0,133.55,0.306,0.168,0.514,6.86,2.3,2,20.6,6.0,5,6,23,2,100.17,0,0
13922,Midwest,Organic Search,New,Treatment,37,83.1,1,2,2.2,3.2,0.244,0.761,0.403,0.011,0,32.03,1.0,0.0,0.221,0.198,0.565,0.67,4.4,0,,7.0,3,4,172,1,34.14,0,0
13923,West,Paid Search,Loyal,Control,18,82.2,28,3,2.7,5.1,0.326,0.935,0.247,0.033,0,107.39,2.24,0.0,0.524,0.079,0.814,7.68,5.2,1,22.2,7.0,3,3,173,4,495.15,0,0
13924,South,Organic Search,Returning,Treatment,40,85.8,22,15,12.7,8.4,0.423,0.589,0.175,0.025,6,96.85,3.44,728.0,0.337,0.027,0.536,4.79,3.8,1,4.7,6.0,5,6,10,2,175.52,0,0
13925,South,Organic Search,Returning,Control,42,120.7,13,7,10.1,6.9,0.382,0.957,0.309,0.038,1,67.1,2.42,67.42,0.269,0.162,0.863,3.42,4.5,1,17.0,7.0,4,5,63,2,122.98,0,0
13926,South,Email,Loyal,Control,26,55.4,40,12,8.9,8.6,0.294,0.708,0.239,0.008,1,93.04,2.8,82.23,0.189,0.072,0.597,8.31,1.3,0,,8.0,4,4,38,1,96.15,0,0
13927,South,Organic Search,New,Control,76,54.5,3,8,2.6,4.4,0.413,0.471,0.28,0.039,1,68.66,1.95,72.98,0.235,0.073,0.626,5.34,4.3,2,5.7,3.0,5,5,33,1,63.5,0,1
13928,West,Organic Search,Returning,Treatment,43,56.9,21,9,21.4,12.3,0.167,0.946,0.321,0.095,1,84.26,2.36,87.21,0.346,0.046,0.73,2.94,2.2,0,,10.0,4,5,19,2,174.4,1,0
13929,South,Organic Search,Loyal,Control,39,135.9,25,7,3.4,5.2,0.404,0.737,0.305,0.02,2,74.4,2.7,200.45,0.194,0.021,0.753,8.55,5.2,0,,5.0,7,7,89,5,367.13,0,0
13930,South,Paid Search,Returning,Treatment,40,46.4,23,33,6.5,8.1,0.247,0.582,0.347,0.068,5,99.49,2.71,525.31,0.276,0.125,0.493,5.31,3.6,1,38.1,4.0,4,5,10,7,647.22,0,0
13931,West,Organic Search,Returning,Treatment,47,37.3,14,10,13.7,10.7,0.131,0.753,0.158,0.031,2,126.59,3.19,205.66,0.173,0.011,0.624,4.84,5.6,0,,7.0,2,3,24,2,243.47,0,1
13932,West,Social,Returning,Control,37,102.5,18,14,7.8,12.5,0.495,0.922,0.091,0.016,1,65.17,1.99,72.9,0.436,0.1,0.766,8.07,3.9,1,12.1,7.0,7,6,69,2,148.16,0,0
13933,South,Email,Returning,Control,35,65.0,6,5,5.8,6.9,0.199,0.583,0.333,0.069,0,115.8,3.66,0.0,0.122,0.029,0.677,8.28,5.6,0,,3.0,7,7,247,1,124.94,0,1
13934,West,Organic Search,New,Control,39,98.4,4,3,9.9,8.9,0.313,0.652,0.216,0.055,0,77.01,2.05,0.0,0.174,0.075,0.647,7.57,2.2,2,24.8,8.0,5,7,108,2,132.76,0,1
13935,Northeast,Organic Search,New,Treatment,48,98.8,1,6,3.3,3.8,0.245,0.537,0.328,0.027,4,161.72,4.09,684.61,0.192,0.005,0.594,6.74,4.2,0,,6.0,5,6,51,1,136.25,1,0
13936,West,Paid Search,Returning,Treatment,54,137.5,22,12,6.5,7.5,0.397,0.537,0.287,0.001,3,55.08,2.38,108.72,0.361,0.101,0.607,5.06,4.0,0,,6.0,6,6,25,10,473.05,0,0
13937,South,Paid Search,New,Control,22,89.3,3,5,2.7,7.1,0.486,0.882,0.308,0.034,1,65.09,2.29,66.8,0.245,0.162,0.722,6.73,7.3,0,,6.0,4,4,89,1,50.18,0,0
13938,Northeast,Paid Search,New,Control,41,88.9,5,15,6.0,5.6,0.528,0.677,0.33,0.054,3,96.09,2.55,278.17,0.734,0.02,0.467,11.53,2.0,0,,8.0,5,5,31,1,90.86,0,0
13939,West,Organic Search,Loyal,Treatment,30,76.9,31,5,5.6,6.2,0.218,0.871,0.242,0.021,3,87.04,2.07,290.32,0.358,0.041,0.435,6.59,3.2,1,19.8,10.0,4,5,9,3,285.38,0,0
13940,Midwest,Organic Search,Loyal,Control,67,59.8,83,11,6.4,5.4,0.396,0.7,0.046,0.015,3,64.69,2.6,192.66,0.362,0.073,0.829,6.98,3.2,2,39.6,9.0,4,4,9,14,895.09,0,0
13941,West,Organic Search,Returning,Control,25,61.6,17,23,10.3,6.7,0.274,0.827,0.086,0.02,5,72.07,2.13,301.88,0.114,0.093,0.708,12.04,4.2,0,,8.0,6,6,35,1,86.6,0,0
13942,South,Organic Search,Returning,Control,30,67.4,19,4,5.0,7.4,0.356,0.584,0.165,0.011,2,100.84,2.58,134.82,0.159,0.059,0.675,8.63,3.1,1,8.6,5.0,5,5,32,4,411.12,0,0
13943,West,Organic Search,Returning,Treatment,40,58.2,11,3,8.6,8.7,0.185,0.83,0.309,0.013,1,92.32,2.02,77.81,0.396,0.061,0.562,4.21,2.6,0,,9.0,6,6,60,1,92.55,0,0
13944,Midwest,Email,Returning,Treatment,26,93.2,8,11,4.7,6.3,0.22,0.681,0.211,0.021,3,136.86,1.82,502.24,0.22,0.061,0.602,7.21,2.5,0,,9.0,4,4,14,1,137.9,0,0
13945,South,Paid Search,Loyal,Treatment,40,36.8,26,7,5.8,5.9,0.243,0.596,0.48,0.146,3,60.95,2.46,173.76,0.058,0.135,0.534,7.04,4.4,2,45.7,9.0,5,5,29,4,247.57,0,0
13946,West,Referral,Loyal,Control,34,87.5,28,11,8.1,7.1,0.158,0.759,0.221,0.046,3,130.24,3.42,306.02,0.073,0.031,0.632,6.55,1.4,2,24.2,7.0,6,7,21,10,1223.19,1,0
13947,Midwest,Organic Search,Returning,Control,43,99.1,18,7,4.8,4.6,0.193,0.736,0.067,0.0,1,68.55,2.85,83.09,0.215,0.079,0.631,8.64,1.4,1,60.3,7.0,5,5,29,5,397.37,0,0
13948,South,Email,Loyal,Control,37,61.0,26,10,8.3,6.7,0.34,0.78,0.278,0.022,0,127.94,2.35,0.0,0.277,0.03,0.677,6.41,3.5,1,12.5,6.0,4,4,204,4,441.29,0,1
13949,Midwest,Paid Search,Loyal,Control,39,48.6,35,7,2.3,3.5,0.578,0.579,0.236,0.046,0,44.34,2.0,0.0,0.439,0.171,0.654,9.17,5.1,1,15.7,10.0,6,5,148,3,122.76,0,0
13950,South,Paid Search,Returning,Control,18,65.6,21,18,5.8,9.8,0.416,0.988,0.366,0.088,1,103.25,2.38,101.78,0.384,0.112,0.739,6.45,3.7,1,45.6,6.0,6,5,88,3,238.5,0,0
13951,South,Paid Search,Returning,Control,38,105.2,23,9,2.6,3.5,0.455,0.884,0.23,0.031,2,71.46,1.94,133.43,0.507,0.039,0.752,8.03,3.3,0,,10.0,5,5,24,1,72.93,0,0
13952,South,Referral,Returning,Control,42,72.9,10,5,8.1,7.4,0.183,0.711,0.33,0.005,2,101.35,1.7,176.25,0.323,0.028,0.823,8.36,2.8,1,10.9,9.0,7,6,50,1,96.8,0,0
13953,West,Paid Search,Loyal,Control,49,53.7,48,18,9.0,10.6,0.218,0.551,0.332,0.013,2,63.53,2.14,125.58,0.28,0.08,0.756,8.02,3.4,1,13.9,6.0,5,5,2,8,545.18,0,1
13954,West,Referral,New,Treatment,30,64.3,3,3,2.7,4.4,0.536,0.568,0.479,0.097,0,88.27,1.7,0.0,0.168,0.075,0.613,1.19,4.0,0,,8.0,6,7,98,1,105.81,1,0
13955,Northeast,Paid Search,Returning,Treatment,44,62.2,14,5,6.6,6.8,0.281,0.869,0.2,0.022,0,84.18,2.8,0.0,0.271,0.114,0.446,2.92,4.8,1,15.4,7.0,5,5,115,4,347.44,1,0
13956,South,Organic Search,Loyal,Treatment,31,57.7,32,2,11.1,7.9,0.169,0.739,0.271,0.002,3,80.98,2.85,232.07,0.3,0.027,0.632,2.52,4.5,4,26.3,8.0,3,3,9,5,425.93,0,1
13957,West,Referral,Returning,Treatment,57,47.3,9,11,4.1,5.9,0.286,0.834,0.25,0.055,1,48.53,2.22,41.82,0.116,0.152,0.633,3.64,3.8,0,,6.0,5,5,12,4,207.27,1,1
13958,South,Social,New,Treatment,44,130.0,5,9,3.3,6.8,0.257,0.897,0.37,0.054,1,57.03,2.28,66.55,0.332,0.128,0.636,3.12,5.7,0,,5.0,7,7,28,2,104.37,0,0
13959,Northeast,Social,Returning,Control,25,104.8,14,18,12.5,10.4,0.243,0.739,0.477,0.109,4,233.05,4.53,1234.01,0.24,0.164,0.734,7.12,4.7,1,35.4,3.0,4,5,14,3,724.09,0,0
13960,West,Organic Search,Loyal,Treatment,47,121.3,26,4,5.9,5.1,0.368,0.881,0.129,0.012,2,73.69,1.07,156.67,0.294,0.161,0.644,5.72,1.6,3,17.5,8.0,6,6,52,13,895.31,0,0
13961,Northeast,Email,Returning,Control,25,65.8,6,2,7.3,6.9,0.453,0.943,0.484,0.12,2,110.86,2.77,209.03,0.491,0.034,0.743,5.08,3.2,0,,7.0,6,6,11,3,321.89,0,1
13962,Midwest,Organic Search,Loyal,Control,29,,32,11,3.1,3.9,0.479,0.466,0.16,0.047,6,57.44,2.95,314.91,0.143,0.039,0.751,4.24,4.5,0,,7.0,6,6,43,3,199.17,0,0
13963,South,Email,Returning,Treatment,59,65.9,17,16,7.5,6.8,0.144,0.633,0.413,0.054,3,124.6,3.16,262.14,0.386,0.061,0.632,6.75,2.9,3,20.9,7.0,5,5,26,5,672.12,0,0
13964,Midwest,Referral,Returning,Control,19,69.8,18,8,7.3,6.2,0.338,0.954,0.097,0.002,1,104.99,3.27,98.17,0.393,0.096,0.825,8.68,5.4,1,27.2,10.0,3,3,13,1,97.47,0,0
13965,South,Email,Returning,Control,28,149.7,23,28,2.1,4.7,0.304,0.812,0.336,0.017,3,116.68,3.14,314.28,0.4,0.158,0.702,10.06,5.0,3,13.1,6.0,5,5,7,4,527.2,0,0
13966,West,Social,New,Treatment,44,61.7,5,2,7.3,6.3,0.412,0.94,0.272,0.015,0,60.5,1.69,0.0,0.231,0.064,0.625,6.33,3.9,1,15.4,5.0,4,4,137,3,187.77,0,0
13967,Midwest,Social,Loyal,Treatment,40,34.8,33,6,6.3,5.6,0.416,0.866,0.11,0.018,0,91.45,3.84,0.0,0.501,0.093,0.456,3.39,4.1,0,,7.0,5,6,279,3,256.38,0,0
13968,Midwest,Organic Search,New,Treatment,18,218.2,3,1,6.5,6.7,0.285,0.889,0.295,0.048,0,70.6,3.01,0.0,0.11,0.107,0.597,6.23,3.3,0,,9.0,3,2,182,2,154.94,1,0
13969,West,Organic Search,Returning,Control,54,62.4,13,7,8.4,8.8,0.213,0.855,0.269,0.021,1,57.46,1.7,46.98,0.221,0.111,0.663,8.44,2.6,0,,8.0,6,6,43,1,74.17,0,0
13970,Northeast,Email,Returning,Control,38,176.8,16,23,11.8,7.6,0.232,0.646,0.314,0.021,3,100.57,2.99,385.14,0.675,0.118,0.528,6.8,2.3,1,29.4,5.0,5,5,19,4,384.48,0,0
13971,South,Paid Search,Returning,Treatment,50,60.2,19,19,6.6,5.2,0.403,0.777,0.332,0.022,5,72.79,2.77,325.67,0.466,0.164,0.584,2.77,3.8,2,15.4,8.0,5,6,21,5,308.85,0,0
13972,South,Paid Search,Loyal,Control,30,,39,20,6.3,6.5,0.345,0.99,0.196,0.018,2,75.73,2.92,193.59,0.427,0.081,0.595,4.27,4.1,0,,7.0,5,5,44,1,78.45,0,0
13973,West,Paid Search,Returning,Treatment,27,136.6,15,7,5.9,6.1,0.225,0.895,0.118,0.04,1,90.33,2.06,129.71,0.225,0.136,0.722,3.7,4.6,1,21.3,,5,7,5,3,315.17,0,1
13974,West,Referral,Returning,Control,36,43.3,13,15,8.3,7.8,0.235,0.495,0.092,0.013,2,70.13,1.0,124.62,0.118,0.039,0.765,6.28,2.6,1,24.2,8.0,2,2,18,3,217.61,0,0
13975,South,Email,Returning,Treatment,47,41.9,11,9,4.5,4.6,0.222,0.899,0.336,0.022,1,65.05,1.75,43.31,0.192,0.004,0.712,3.39,2.4,1,20.7,8.0,5,5,19,1,67.15,0,1
13976,Northeast,Social,Returning,Control,34,69.6,20,33,6.7,5.5,0.591,0.8,0.416,0.09,5,124.39,2.71,670.84,0.141,0.113,0.698,7.44,3.4,1,11.1,6.0,4,4,21,1,97.72,0,0
13977,Midwest,Email,Returning,Treatment,50,120.0,18,17,5.0,6.0,0.27,0.697,0.52,0.094,5,85.69,1.39,363.38,0.134,0.042,0.643,1.57,2.5,2,33.7,8.0,5,5,23,4,328.35,0,0
13978,West,Social,Returning,Treatment,42,91.2,19,4,7.6,6.7,0.278,0.677,0.226,0.036,1,72.66,2.61,82.74,0.434,0.089,0.717,2.76,3.0,1,15.0,7.0,7,7,22,2,167.26,0,1
13979,West,Paid Search,Returning,Control,42,66.4,10,8,10.6,8.0,0.321,0.84,0.253,0.024,0,66.68,1.43,0.0,0.297,0.025,0.739,6.68,4.6,2,36.2,5.0,6,6,365,5,361.66,1,0
13980,Northeast,Organic Search,Returning,Control,53,53.2,13,2,9.6,8.7,0.358,0.426,0.421,0.066,0,89.97,2.66,0.0,0.444,0.117,0.466,6.35,3.8,0,,5.0,7,7,192,3,257.16,0,0
13981,West,Social,Loyal,Treatment,34,,42,14,6.5,5.7,0.263,0.774,0.402,0.059,3,126.04,2.11,434.0,0.413,0.215,0.695,6.81,4.1,1,7.8,5.0,4,5,5,4,459.13,0,0
13982,South,Referral,Returning,Control,32,37.2,24,9,4.0,6.5,0.341,0.651,0.294,0.072,2,47.66,1.88,79.02,0.205,0.041,0.705,7.05,3.7,3,31.9,,4,4,29,9,415.0,0,1
13983,Midwest,Organic Search,Returning,Treatment,42,23.2,7,6,2.8,4.1,0.226,0.603,0.204,0.014,1,59.58,2.35,57.44,0.514,0.061,0.354,6.69,2.6,0,,10.0,4,3,4,1,59.62,0,1
13984,South,Paid Search,Loyal,Treatment,44,93.1,28,15,9.7,10.0,0.353,0.684,0.184,0.037,2,82.86,2.04,212.81,0.817,0.082,0.604,5.91,2.3,1,30.5,,5,5,11,3,263.55,0,0
13985,West,Organic Search,Returning,Treatment,26,28.7,16,11,4.8,5.4,0.385,0.996,0.259,0.019,3,104.09,2.07,368.76,0.053,0.081,0.618,5.91,3.2,1,15.0,7.0,5,4,1,3,332.59,0,0
13986,Midwest,Social,Returning,Control,42,127.3,19,11,4.9,8.1,0.317,0.545,0.152,0.024,2,59.37,2.35,142.72,0.25,0.114,0.609,5.5,3.4,1,16.7,5.0,3,4,66,3,203.29,0,1
13987,Midwest,Referral,New,Treatment,50,,5,6,9.2,8.2,0.202,0.539,0.385,0.088,1,74.88,2.58,84.89,0.332,0.091,0.584,3.83,5.5,2,20.3,6.0,7,7,11,1,64.43,0,0
13988,West,Social,Returning,Control,32,51.5,13,10,2.6,3.6,0.633,0.879,0.327,0.131,2,71.58,2.18,163.53,0.143,0.083,0.694,8.38,4.6,2,47.1,4.0,6,7,11,2,160.22,0,0
13989,Northeast,Paid Search,Returning,Treatment,36,72.1,15,9,3.1,5.5,0.449,0.878,0.116,0.034,1,65.77,1.98,58.31,0.386,0.161,0.847,5.64,4.9,0,,8.0,5,5,5,2,124.94,0,0
13990,South,Email,Returning,Treatment,47,42.1,14,21,2.8,4.8,0.294,0.89,0.33,0.058,7,47.25,1.67,306.45,0.071,0.055,0.634,5.19,3.8,1,21.4,4.0,3,4,14,4,219.91,0,0
13991,Northeast,Organic Search,Returning,Control,48,45.6,24,10,8.3,8.4,0.141,0.909,0.226,0.064,2,70.43,2.5,143.78,0.217,0.106,0.773,6.54,1.8,0,,6.0,3,3,18,3,188.03,0,0
13992,South,Referral,Loyal,Control,45,53.3,25,3,3.9,8.6,0.218,0.789,0.197,0.021,3,116.99,2.05,359.24,0.242,0.055,0.812,8.32,7.0,0,,7.0,6,6,2,4,520.08,0,0
13993,Midwest,Paid Search,New,Control,34,59.0,5,2,6.2,8.4,0.39,0.817,0.19,0.024,0,75.39,2.33,0.0,0.409,0.068,0.629,6.92,3.6,0,,8.0,5,6,117,2,172.58,0,0
13994,West,Organic Search,Returning,Control,31,184.2,9,9,2.7,3.5,0.121,0.786,0.376,0.011,1,147.8,2.67,116.82,0.401,0.101,0.6,7.65,2.4,0,,6.0,5,4,89,2,310.04,0,0
13995,Midwest,Organic Search,Returning,Treatment,35,41.6,13,2,10.5,7.4,0.142,0.47,0.183,0.018,0,42.49,1.71,0.0,0.251,0.024,0.613,2.68,3.4,1,21.4,9.0,5,4,194,5,186.82,1,1
13996,Northeast,Social,New,Control,46,141.8,5,3,8.8,6.5,0.381,0.79,0.373,0.054,1,118.85,2.93,113.06,0.487,0.198,0.791,4.34,3.2,0,,9.0,5,5,22,2,212.39,0,1
13997,Northeast,Organic Search,Returning,Control,37,52.5,9,6,5.3,6.0,0.53,0.739,0.336,0.037,0,72.52,2.64,0.0,0.239,0.083,0.722,7.88,1.9,0,,8.0,4,4,109,5,398.41,1,0
13998,West,Paid Search,New,Treatment,39,116.7,4,2,15.4,9.3,0.367,0.681,0.388,0.049,1,142.92,3.27,97.84,0.358,0.055,0.734,4.67,2.6,0,,7.0,7,7,28,3,440.9,0,0
13999,Midwest,Social,Returning,Control,25,36.6,24,16,2.3,3.6,0.386,0.82,0.186,0.01,5,53.59,2.05,303.58,0.459,0.248,0.641,5.69,3.4,0,,6.0,6,5,12,4,200.25,0,0
14000,South,Social,Loyal,Control,18,113.5,42,15,20.0,12.7,0.13,0.935,0.277,0.036,7,82.14,2.3,647.49,0.16,0.073,0.671,3.74,5.4,2,11.9,6.0,3,4,15,23,1824.03,1,0
14001,West,Paid Search,Returning,Control,60,77.1,12,3,6.6,6.0,0.434,0.538,0.272,0.067,2,93.77,1.78,165.56,0.287,0.008,0.672,8.38,2.4,0,,10.0,6,7,11,3,303.61,0,0
14002,South,Organic Search,New,Control,51,98.1,3,5,11.1,11.3,0.062,0.553,0.252,0.017,0,68.73,1.93,0.0,0.285,0.057,0.759,9.08,3.3,1,18.8,7.0,5,5,126,1,66.35,0,0
14003,Midwest,Organic Search,Returning,Treatment,59,81.3,21,8,6.8,7.4,0.208,0.725,0.32,0.018,0,55.44,2.43,0.0,0.164,0.055,0.727,4.11,3.0,0,,9.0,5,5,103,4,228.22,1,0
14004,South,Paid Search,Returning,Treatment,25,107.7,18,10,8.0,6.1,0.393,0.84,0.128,0.025,2,70.81,2.42,142.87,0.325,0.073,0.782,3.56,4.4,2,15.3,6.0,5,5,71,3,179.26,1,0
14005,Northeast,Organic Search,Loyal,Treatment,37,129.1,26,8,6.8,9.2,0.129,0.894,0.148,0.032,1,89.38,1.98,75.07,0.147,0.142,0.687,4.39,2.1,4,11.4,4.0,3,3,8,3,274.35,1,0
14006,South,Organic Search,New,Treatment,30,68.7,2,2,6.5,5.8,0.114,0.859,0.152,0.017,0,70.24,1.67,0.0,0.257,0.17,0.673,2.86,3.0,0,,10.0,6,6,150,1,51.21,1,0
14007,Northeast,Referral,Returning,Treatment,29,37.3,11,15,4.8,4.8,0.42,0.838,0.471,0.017,2,63.57,2.91,127.47,0.172,0.135,0.739,5.79,1.6,0,,7.0,4,4,48,1,69.82,0,0
14008,West,Referral,Returning,Control,42,71.8,24,14,5.2,5.7,0.456,0.788,0.314,0.035,2,89.5,3.15,169.23,0.38,0.094,0.805,10.73,3.6,0,,10.0,5,5,53,2,170.33,0,1
14009,South,Email,New,Treatment,25,37.4,3,17,2.4,5.6,0.268,0.973,0.298,0.054,5,73.17,2.51,419.51,0.211,0.024,0.674,2.06,4.7,2,26.4,5.0,5,7,17,1,73.98,0,1
14010,West,Organic Search,Loyal,Treatment,18,99.3,38,20,4.0,5.3,0.25,0.879,0.556,0.098,5,63.84,2.12,302.98,0.12,0.059,0.634,3.19,4.2,0,,9.0,6,6,6,8,445.13,0,0
14011,West,Organic Search,Loyal,Control,51,89.7,34,11,4.4,4.7,0.129,0.434,0.055,0.002,2,73.57,2.51,128.67,0.102,0.07,0.528,1.93,2.0,2,18.5,,6,7,45,3,215.11,0,0
14012,South,Organic Search,Returning,Treatment,46,63.2,9,9,4.5,6.3,0.389,0.891,0.27,0.054,3,33.72,2.31,92.66,0.318,0.025,0.55,5.14,3.1,1,16.4,8.0,4,5,48,2,66.64,0,0
14013,South,Paid Search,New,Treatment,40,42.9,4,12,5.7,4.9,0.398,0.524,0.185,0.024,2,81.07,2.25,220.91,0.373,0.042,0.452,5.01,5.5,1,28.4,6.0,4,5,7,2,141.08,0,0
14014,West,Social,New,Control,55,78.0,4,7,4.9,4.9,0.506,0.442,0.294,0.045,1,161.46,2.55,161.55,0.322,0.131,0.672,5.89,5.0,1,8.7,4.0,5,6,14,1,155.6,1,0
14015,South,Email,Returning,Treatment,40,33.3,23,25,10.5,7.4,0.313,0.713,0.279,0.018,5,52.11,1.43,216.82,0.271,0.018,0.876,2.1,3.3,0,,4.0,5,6,22,8,430.4,0,0
14016,South,Email,Returning,Treatment,63,42.2,15,11,17.9,13.0,0.187,0.215,0.238,0.058,3,54.08,3.53,149.49,0.262,0.067,0.76,1.64,5.3,0,,8.0,5,4,15,2,111.34,0,0
14017,West,Organic Search,Loyal,Control,63,78.2,61,28,12.9,8.6,0.312,0.798,0.198,0.021,5,95.09,2.26,436.51,0.136,0.015,0.748,4.68,2.8,2,13.0,10.0,5,5,24,4,418.92,0,1
14018,Midwest,Organic Search,Loyal,Treatment,51,85.9,49,10,9.9,8.0,0.169,0.344,0.272,0.038,2,51.52,2.02,112.76,0.12,0.154,0.75,4.51,2.8,1,22.2,10.0,6,6,9,10,488.26,0,0
14019,West,Paid Search,Returning,Treatment,41,107.7,7,15,2.6,3.5,0.385,0.687,0.252,0.075,1,123.07,3.11,92.4,0.116,0.055,0.586,3.94,2.2,1,27.8,6.0,4,3,22,2,325.78,0,1
14020,South,Paid Search,Returning,Treatment,18,39.6,19,3,14.1,8.6,0.479,0.763,0.181,0.009,0,73.27,2.43,0.0,0.369,0.123,0.562,4.49,3.7,0,,8.0,5,6,196,3,264.2,0,0
14021,Midwest,Email,Returning,Treatment,58,,7,17,10.7,7.9,0.35,0.289,0.143,0.009,3,127.82,2.55,411.67,0.307,0.077,0.651,5.45,3.8,0,,6.0,6,6,24,1,123.78,0,0
14022,West,Organic Search,Returning,Control,51,80.0,11,6,3.2,4.8,0.164,0.409,0.386,0.045,2,88.82,1.31,177.4,0.158,0.012,0.742,9.68,1.5,2,11.7,9.0,5,5,25,3,296.69,0,0
14023,South,Organic Search,Returning,Treatment,27,68.3,7,16,2.7,6.4,0.287,0.967,0.304,0.021,1,78.71,2.31,81.17,0.123,0.094,0.657,5.93,2.3,0,,9.0,6,6,23,2,160.7,0,0
14024,Midwest,Paid Search,Loyal,Treatment,49,125.1,34,1,5.4,5.2,0.484,0.851,0.245,0.04,1,78.97,2.92,78.7,0.219,0.215,0.715,4.02,2.7,0,,7.0,7,7,32,9,652.22,0,1
14025,South,Organic Search,Loyal,Control,35,,34,8,4.1,6.0,0.391,0.784,0.229,0.043,2,89.76,2.4,131.14,0.173,0.06,0.72,7.31,3.1,1,19.3,6.0,5,6,26,3,230.19,0,0
14026,South,Organic Search,Returning,Treatment,66,56.2,24,5,9.7,8.5,0.365,0.596,0.53,0.082,0,96.96,3.1,0.0,0.161,0.031,0.564,3.54,3.9,1,8.1,6.0,6,6,137,3,339.18,0,0
14027,West,Organic Search,Loyal,Treatment,45,106.3,39,12,8.2,6.8,0.337,0.865,0.148,0.001,4,75.2,2.66,364.87,0.431,0.109,0.633,7.6,5.0,1,10.2,9.0,5,5,5,3,227.12,0,0
14028,Northeast,Referral,Returning,Control,18,127.7,13,7,9.5,7.0,0.179,0.852,0.057,0.005,2,80.25,2.34,188.66,0.195,0.014,0.531,6.35,3.6,1,28.9,10.0,5,6,9,3,302.43,0,0
14029,South,Organic Search,Returning,Control,28,58.1,6,21,8.7,6.0,0.243,0.988,0.095,0.027,3,73.17,2.29,224.8,0.147,0.037,0.692,8.43,3.9,2,7.3,7.0,4,5,10,2,135.23,0,0
14030,Midwest,Referral,Returning,Treatment,38,35.9,14,5,4.5,4.6,0.141,0.41,0.317,0.04,1,86.13,2.73,69.55,0.339,0.092,0.647,3.71,4.6,0,,6.0,7,7,27,2,137.99,0,0
14031,Midwest,Paid Search,Loyal,Treatment,29,104.6,34,12,5.4,5.0,0.294,0.854,0.237,0.08,2,105.88,2.91,235.14,0.781,0.212,0.702,3.05,4.1,1,16.4,10.0,3,4,40,7,877.81,0,1
14032,South,Paid Search,Loyal,Treatment,31,,32,11,4.1,4.2,0.334,0.847,0.171,0.037,1,91.06,1.73,91.92,0.163,0.136,0.617,3.89,5.2,0,,6.0,6,6,25,3,294.03,0,0
14033,Northeast,Email,Returning,Control,27,,13,9,7.3,5.6,0.175,0.95,0.266,0.051,1,130.46,2.61,130.77,0.365,0.037,0.703,4.6,3.7,2,11.8,6.0,6,6,67,3,448.27,1,0
14034,South,Organic Search,New,Treatment,18,56.3,3,7,10.3,9.1,0.184,0.98,0.309,0.079,2,54.8,2.71,110.52,0.17,0.056,0.677,1.02,3.7,0,,9.0,5,6,15,2,137.11,0,0
14035,West,Organic Search,Returning,Treatment,48,95.9,14,9,5.1,8.5,0.287,0.569,0.207,0.03,2,104.51,2.77,193.84,0.192,0.05,0.677,4.52,2.5,1,25.2,7.0,3,3,19,2,193.22,0,0
14036,Midwest,Paid Search,Returning,Control,18,69.9,6,3,5.8,5.9,0.242,0.987,0.11,0.021,0,132.93,2.89,0.0,0.273,0.098,0.69,3.9,3.1,0,,10.0,6,6,145,1,140.06,0,1
14037,Northeast,Social,Returning,Control,45,207.3,17,4,7.3,5.4,0.513,0.803,0.298,0.018,0,162.47,3.14,0.0,0.217,0.189,0.507,5.65,2.1,2,50.5,5.0,4,5,156,3,527.96,1,0
14038,Northeast,Referral,Loyal,Control,40,59.4,32,3,9.3,7.1,0.219,0.971,0.264,0.043,2,118.65,2.99,222.8,0.199,0.044,0.639,3.13,2.7,4,33.3,8.0,6,7,30,5,642.73,1,0
14039,South,Organic Search,Returning,Treatment,34,204.9,13,1,1.4,5.9,0.322,0.879,0.32,0.149,0,129.09,3.17,0.0,0.042,0.056,0.69,1.96,8.4,1,32.6,,4,5,278,1,114.97,0,0
14040,West,Organic Search,Returning,Treatment,58,,7,14,3.3,5.7,0.482,0.79,0.169,0.022,3,31.38,3.0,113.07,0.581,0.079,0.699,3.56,2.0,1,7.4,5.0,4,5,1,2,69.4,0,0
14041,South,Social,Loyal,Control,54,158.7,30,13,12.4,10.3,0.161,0.502,0.406,0.056,0,118.05,3.03,0.0,0.456,0.099,0.799,2.8,5.7,1,61.1,8.0,6,6,186,6,645.78,0,0
14042,Northeast,Organic Search,Returning,Treatment,48,,8,2,5.6,7.0,0.22,0.492,0.494,0.068,1,115.17,2.66,101.41,0.205,0.036,0.735,6.35,3.6,0,,9.0,4,5,2,1,116.4,0,0
14043,Northeast,Organic Search,Loyal,Treatment,26,66.7,73,22,3.7,4.4,0.148,0.728,0.306,0.03,3,116.51,2.68,378.47,0.298,0.076,0.74,3.27,3.1,3,25.9,8.0,6,6,23,4,490.03,0,0
14044,West,Email,Returning,Treatment,37,71.2,11,3,6.7,6.2,0.11,0.737,0.328,0.054,1,96.7,2.84,122.95,0.428,0.123,0.666,6.72,3.0,1,15.0,4.0,4,4,19,7,715.05,0,0
14045,West,Organic Search,Returning,Treatment,46,31.1,15,9,4.5,5.3,0.144,0.921,0.291,0.069,1,40.31,2.43,44.97,0.104,0.065,0.624,5.49,3.6,1,17.0,10.0,5,5,26,3,111.3,0,0
14046,West,Organic Search,Returning,Control,48,45.0,13,6,11.8,8.5,0.333,0.817,0.418,0.024,0,82.96,2.07,0.0,0.373,0.039,0.654,8.58,1.5,1,21.7,10.0,5,6,171,1,72.07,1,0
14047,Midwest,Social,Loyal,Control,26,50.4,45,11,5.7,7.0,0.466,0.894,0.219,0.049,1,114.39,3.13,124.23,0.211,0.065,0.689,7.99,4.5,0,,10.0,7,7,18,5,589.25,0,0
14048,Midwest,Paid Search,Loyal,Control,61,57.4,25,8,8.8,6.8,0.413,0.757,0.267,0.024,3,134.36,3.59,510.07,0.327,0.075,0.644,7.74,5.9,0,,9.0,5,5,12,5,681.75,0,0
14049,West,Email,Returning,Treatment,48,113.8,15,27,13.1,8.2,0.254,0.59,0.275,0.003,3,94.76,2.61,273.32,0.176,0.087,0.596,2.13,2.1,3,18.6,8.0,5,6,30,9,1159.98,1,1
14050,Midwest,Paid Search,Returning,Control,53,81.4,18,2,4.9,8.4,0.538,0.755,0.209,0.049,0,93.21,2.69,0.0,0.27,0.106,0.851,5.45,2.1,3,10.1,8.0,6,7,166,5,277.35,1,0
14051,Northeast,Paid Search,Returning,Control,45,106.7,10,8,1.9,6.7,0.354,0.88,0.31,0.007,2,115.52,2.97,233.26,0.489,0.095,0.701,9.8,2.0,1,13.6,3.0,5,5,18,2,258.54,1,0
14052,South,Organic Search,Loyal,Control,21,56.6,27,13,13.0,8.1,0.292,0.936,0.213,0.091,1,127.16,1.75,100.41,0.087,0.171,0.642,6.44,5.7,1,20.6,8.0,4,6,11,2,278.49,0,1
14053,Midwest,Email,Loyal,Treatment,48,60.3,89,34,4.9,4.7,0.392,0.876,0.452,0.036,3,119.52,1.35,393.59,0.155,0.066,0.662,6.37,3.3,2,17.2,7.0,5,6,28,11,1235.69,0,0
14054,Northeast,Social,Returning,Control,46,84.5,7,9,5.6,7.0,0.33,0.706,0.293,0.108,2,106.4,3.65,224.08,0.347,0.151,0.821,9.79,1.4,0,,6.0,4,4,40,1,108.25,0,1
14055,South,Paid Search,Returning,Treatment,29,68.0,15,6,6.0,7.2,0.47,0.812,0.255,0.004,2,120.84,3.09,246.02,0.489,0.103,0.666,4.56,3.7,0,,,6,6,4,6,717.91,0,0
14056,Midwest,Organic Search,Returning,Treatment,67,52.3,15,6,4.5,7.1,0.155,0.818,0.161,0.034,0,73.04,2.88,0.0,0.174,0.015,0.803,5.63,4.0,0,,6.0,6,6,95,4,290.58,1,0
14057,Northeast,Organic Search,Returning,Treatment,21,147.4,15,9,12.4,9.8,0.342,0.837,0.194,0.011,2,75.84,2.83,138.88,0.182,0.101,0.697,6.97,2.4,0,,8.0,5,4,25,2,155.77,0,0
14058,South,Social,Loyal,Treatment,28,41.4,83,8,6.8,5.8,0.238,0.857,0.513,0.043,3,87.11,1.94,180.34,0.47,0.065,0.686,4.87,3.5,1,15.3,8.0,5,5,18,10,858.45,0,1
14059,Northeast,Email,Returning,Control,22,88.4,21,7,5.6,6.7,0.304,0.861,0.305,0.018,1,58.42,1.95,54.17,0.223,0.06,0.68,9.35,3.9,2,93.1,6.0,4,5,89,3,179.11,0,0
14060,West,Organic Search,Returning,Treatment,26,65.9,14,11,7.5,7.8,0.127,0.782,0.352,0.026,3,69.26,1.7,185.41,0.429,0.038,0.505,5.41,3.2,1,15.5,3.0,3,4,15,2,141.2,1,0
14061,West,Organic Search,Returning,Control,24,64.2,14,9,14.8,9.8,0.337,0.998,0.136,0.003,3,75.63,1.57,305.73,0.291,0.092,0.687,3.87,1.5,0,,10.0,6,6,10,3,178.52,0,0
14062,Northeast,Organic Search,Returning,Control,49,83.4,23,11,8.2,7.6,0.269,0.738,0.421,0.155,3,150.8,4.42,405.1,0.245,0.004,0.776,7.98,4.3,1,11.8,7.0,4,5,4,4,575.65,0,0
14063,South,Paid Search,Loyal,Control,44,71.3,26,14,8.4,7.5,0.61,0.895,0.372,0.094,4,138.07,3.0,489.1,0.328,0.061,0.696,8.07,3.6,1,19.5,8.0,6,5,22,4,476.27,0,0
14064,Midwest,Organic Search,Returning,Control,54,81.4,13,3,6.2,4.8,0.17,0.341,0.139,0.004,0,147.44,3.24,0.0,0.084,0.074,0.749,7.97,3.8,0,,10.0,5,5,253,1,154.28,0,0
14065,Midwest,Organic Search,Returning,Treatment,49,46.4,14,16,14.8,11.4,0.348,0.536,0.51,0.144,2,83.66,1.92,171.27,0.192,0.089,0.521,2.19,2.3,0,,7.0,7,7,16,1,90.6,0,1
14066,Northeast,Organic Search,Loyal,Treatment,54,90.6,25,9,14.8,10.0,0.192,0.494,0.406,0.034,8,83.49,1.86,682.87,0.151,0.161,0.611,5.5,2.8,0,,10.0,4,4,2,2,148.18,0,0
14067,Northeast,Social,Loyal,Control,39,66.0,28,3,4.2,4.0,0.459,0.876,0.163,0.014,4,126.66,1.98,391.05,0.32,0.248,0.756,5.81,3.3,1,26.0,10.0,6,6,11,6,663.8,0,0
14068,West,Paid Search,Loyal,Control,42,147.9,50,19,7.9,5.9,0.508,0.802,0.264,0.023,2,108.65,3.05,234.65,0.342,0.193,0.756,7.0,2.0,0,,9.0,5,5,25,1,118.15,0,0
14069,Northeast,Referral,New,Treatment,66,194.9,2,6,5.3,5.7,0.345,0.47,0.282,0.032,2,104.28,3.77,243.2,0.118,0.181,0.846,2.73,2.7,1,20.9,8.0,5,5,15,1,108.83,0,0
14070,South,Paid Search,New,Treatment,33,89.5,1,7,6.3,6.5,0.363,0.673,0.223,0.07,1,90.52,1.78,76.29,0.556,0.004,0.737,3.78,2.2,2,13.1,8.0,6,6,89,2,242.98,1,0
14071,Midwest,Email,New,Treatment,28,47.3,1,4,10.2,7.1,0.239,0.884,0.265,0.039,1,86.0,2.94,80.2,0.123,0.093,0.731,4.4,1.6,0,,6.0,6,6,42,1,87.21,0,0
14072,West,Paid Search,Returning,Treatment,28,28.9,23,5,4.2,4.5,0.31,0.928,0.255,0.039,2,92.47,1.68,177.37,0.462,0.172,0.74,6.55,2.2,1,11.1,6.0,5,6,37,4,383.6,0,0
14073,Northeast,Referral,Loyal,Treatment,34,174.6,68,7,11.9,8.3,0.305,0.816,0.252,0.048,0,123.41,2.78,0.0,0.253,0.007,0.583,4.06,3.3,5,14.6,7.0,6,7,196,17,1799.46,1,0
14074,South,Social,Loyal,Treatment,36,54.7,31,10,7.5,6.4,0.313,0.691,0.199,0.037,3,121.92,1.84,311.47,0.5,0.169,0.657,7.13,4.5,0,,6.0,5,4,25,1,98.09,0,0
14075,South,Organic Search,Returning,Treatment,50,44.7,6,4,7.5,7.1,0.25,0.364,0.17,0.052,0,49.88,2.71,0.0,0.388,0.015,0.533,1.82,4.7,1,27.6,4.0,6,6,268,1,47.36,0,0
14076,Northeast,Referral,Returning,Treatment,30,123.6,6,2,4.8,4.9,0.302,0.778,0.306,0.002,1,66.19,2.77,55.51,0.192,0.043,0.762,4.12,3.2,0,,7.0,5,5,73,1,54.68,1,0
14077,South,Social,Loyal,Control,54,47.1,25,14,4.6,4.8,0.341,0.862,0.229,0.021,3,91.73,1.72,280.41,0.254,0.051,0.759,2.98,2.8,0,,,5,4,49,3,304.48,0,0
14078,South,Paid Search,Loyal,Control,20,78.0,34,21,3.2,7.1,0.222,0.724,0.378,0.042,4,72.67,1.75,321.46,0.11,0.062,0.624,4.31,2.0,1,14.0,8.0,5,5,27,3,217.21,0,0
14079,Northeast,Social,Loyal,Treatment,23,191.4,42,15,6.0,4.9,0.444,0.888,0.13,0.009,5,134.79,1.59,804.5,0.316,0.046,0.673,3.85,1.5,2,16.8,10.0,5,4,11,5,585.78,0,1
14080,South,Social,Returning,Control,41,77.7,17,7,2.8,3.5,0.239,0.846,0.266,0.069,2,66.51,1.97,137.8,0.374,0.077,0.694,7.52,6.2,1,7.5,,4,4,22,3,198.02,1,1
14081,West,Organic Search,Returning,Control,57,81.8,18,11,9.0,8.5,0.323,0.629,0.138,0.015,1,59.42,3.24,62.21,0.565,0.047,0.834,4.6,4.3,3,23.8,5.0,6,6,47,5,331.47,0,0
14082,Midwest,Social,Returning,Treatment,23,114.9,12,24,3.1,4.1,0.618,0.902,0.12,0.014,6,93.68,3.02,624.25,0.245,0.166,0.675,3.8,4.2,0,,9.0,7,7,7,1,101.74,0,0
14083,Northeast,Social,Returning,Control,47,69.4,11,2,4.9,6.5,0.42,0.88,0.182,0.005,0,83.44,1.52,0.0,0.396,0.242,0.587,7.82,2.7,4,12.2,5.0,6,6,208,4,338.48,0,0
14084,West,Organic Search,Loyal,Control,25,83.7,76,28,2.8,4.1,0.359,0.948,0.175,0.005,6,92.29,2.12,682.76,0.084,0.074,0.663,9.03,3.4,0,,6.0,5,5,8,11,1077.96,0,1
14085,West,Email,New,Treatment,39,50.9,4,19,6.7,6.8,0.186,0.596,0.417,0.031,1,68.64,2.28,54.39,0.363,0.032,0.617,3.93,2.2,1,29.0,8.0,6,5,89,1,65.92,1,0
14086,Midwest,Paid Search,Returning,Treatment,21,51.5,14,6,6.6,6.9,0.28,0.946,0.16,0.014,1,88.52,2.32,81.51,0.502,0.038,0.686,6.86,3.2,0,,6.0,4,4,17,3,256.85,0,0
14087,South,Referral,Returning,Control,38,56.2,15,7,4.2,7.0,0.243,0.794,0.213,0.016,3,81.2,2.14,308.98,0.366,0.157,0.624,8.17,3.5,0,,7.0,5,6,29,2,151.98,0,1
14088,Midwest,Email,Returning,Control,30,217.2,22,21,5.1,10.0,0.293,0.705,0.409,0.03,1,81.23,1.7,67.48,0.431,0.092,0.842,10.48,3.5,1,13.1,8.0,5,5,8,10,761.16,0,0
14089,South,Paid Search,Loyal,Treatment,46,60.3,28,7,2.8,6.6,0.407,0.637,0.279,0.057,1,41.39,1.55,46.11,0.329,0.021,0.71,3.88,5.0,0,,9.0,5,5,4,2,73.67,0,0
14090,West,Paid Search,Loyal,Control,24,56.9,63,5,9.3,6.8,0.33,0.923,0.541,0.11,0,63.12,2.77,0.0,0.272,0.092,0.654,4.6,4.7,2,19.9,,4,4,107,6,404.95,1,0
14091,Northeast,Email,Returning,Control,41,110.1,7,6,3.1,6.7,0.336,0.711,0.476,0.028,3,85.08,1.42,288.2,0.22,0.072,0.758,7.71,1.4,2,29.6,10.0,4,5,40,2,205.97,1,0
14092,Midwest,Organic Search,Loyal,Treatment,44,131.6,28,7,4.8,4.8,0.332,0.324,0.24,0.004,1,138.59,3.45,160.09,0.208,0.032,0.715,4.36,5.8,1,17.1,10.0,6,6,36,3,397.45,0,0
14093,Midwest,Social,Loyal,Control,32,56.4,85,6,7.6,5.5,0.459,0.688,0.4,0.032,1,136.38,2.83,131.65,0.359,0.031,0.739,5.4,1.2,3,25.1,10.0,3,2,51,6,927.47,0,1
14094,West,Referral,Loyal,Control,37,68.5,65,9,10.2,8.8,0.249,0.755,0.187,0.034,6,83.36,2.83,596.37,0.154,0.024,0.589,2.76,2.0,2,20.9,9.0,5,6,10,9,754.33,0,0
14095,Northeast,Referral,Returning,Treatment,64,36.4,15,3,9.1,8.9,0.311,0.654,0.281,0.067,1,165.86,2.5,143.31,0.237,0.059,0.684,4.12,3.2,0,,9.0,5,5,7,3,517.54,0,0
14096,Northeast,Paid Search,Returning,Treatment,44,88.0,17,20,4.3,9.7,0.384,0.548,0.103,0.013,1,123.84,3.41,114.94,0.394,0.16,0.538,6.29,3.1,1,54.6,5.0,4,4,23,3,338.42,1,0
14097,Midwest,Organic Search,Loyal,Control,47,64.2,48,3,6.0,6.4,0.22,0.622,0.101,0.009,0,108.24,2.66,0.0,0.113,0.019,0.735,5.73,3.9,3,29.6,7.0,3,3,245,4,388.48,1,0
14098,Midwest,Social,Returning,Control,38,114.9,7,9,6.0,8.6,0.263,0.632,0.333,0.026,1,138.56,2.71,129.96,0.498,0.115,0.777,8.57,3.5,0,,5.0,7,7,82,2,302.19,0,1
14099,West,Organic Search,Returning,Treatment,56,61.9,17,11,5.7,7.4,0.419,0.554,0.341,0.077,3,61.68,1.93,185.04,0.279,0.097,0.661,4.72,2.6,1,17.5,6.0,6,6,40,4,268.11,0,0
14100,Northeast,Email,Loyal,Control,67,19.0,48,29,2.8,11.3,0.303,0.244,0.319,0.029,3,78.71,2.66,216.89,0.534,0.027,0.72,6.65,3.9,0,,5.0,5,5,20,4,283.54,1,0
14101,West,Paid Search,Returning,Treatment,45,55.1,24,5,6.1,5.2,0.502,0.594,0.249,0.008,2,76.72,2.59,178.92,0.398,0.123,0.666,4.49,2.5,1,22.4,6.0,4,5,21,5,385.33,0,0
14102,Northeast,Paid Search,Loyal,Control,64,,36,6,8.3,7.0,0.515,0.672,0.259,0.034,0,138.76,3.5,0.0,0.502,0.088,0.795,9.15,3.6,2,26.9,7.0,6,7,161,8,1255.43,1,0
14103,Northeast,Social,Returning,Treatment,53,35.7,10,10,10.1,6.8,0.409,0.646,0.406,0.051,4,85.49,2.04,435.35,0.387,0.021,0.523,3.95,3.1,0,,10.0,4,5,18,3,259.81,0,0
14104,West,Paid Search,New,Control,57,115.0,5,4,6.9,5.8,0.295,0.285,0.287,0.015,2,90.31,2.66,187.5,0.251,0.134,0.746,5.26,2.9,0,,9.0,7,7,11,1,86.67,0,1
14105,Midwest,Email,Returning,Treatment,45,86.5,15,12,9.2,7.4,0.284,0.715,0.674,0.092,2,93.62,2.98,201.45,0.218,0.028,0.616,4.94,4.4,1,12.9,8.0,6,5,43,4,374.13,0,0
14106,Midwest,Paid Search,Returning,Control,40,73.5,12,13,4.5,5.3,0.396,0.585,0.114,0.055,6,54.01,2.27,328.62,0.358,0.188,0.682,9.44,2.4,1,11.0,7.0,5,6,8,4,234.61,0,0
14107,South,Social,New,Control,18,27.2,3,11,3.3,3.6,0.435,0.855,0.367,0.044,2,55.84,2.64,97.77,0.408,0.015,0.724,6.89,4.0,0,,8.0,5,5,39,1,48.73,0,1
14108,South,Paid Search,Loyal,Control,23,49.7,30,13,5.6,5.1,0.287,0.94,0.169,0.041,1,88.81,1.92,84.55,0.318,0.084,0.732,7.23,6.0,2,24.5,10.0,5,6,28,3,218.93,0,0
14109,West,Organic Search,Loyal,Treatment,46,85.4,44,18,9.3,6.4,0.367,0.764,0.368,0.051,2,95.58,3.18,214.82,0.378,0.018,0.434,3.17,3.8,0,,5.0,6,6,18,1,86.52,0,0
14110,Northeast,Paid Search,Returning,Treatment,49,88.6,12,5,4.9,7.4,0.394,0.926,0.375,0.161,0,55.27,2.91,0.0,0.434,0.123,0.631,3.22,4.3,1,12.5,7.0,5,6,126,2,116.59,1,1
14111,Midwest,Organic Search,Loyal,Control,46,49.1,48,5,7.5,7.5,0.39,0.565,0.314,0.055,2,61.62,2.36,108.35,0.142,0.05,0.695,7.14,3.8,0,,6.0,4,4,54,4,236.94,0,0
14112,Midwest,Paid Search,Returning,Treatment,71,117.9,20,8,4.0,7.4,0.409,0.568,0.113,0.043,2,74.54,1.81,174.16,0.212,0.032,0.711,3.22,2.6,0,,8.0,6,6,15,7,467.61,0,0
14113,Midwest,Paid Search,New,Control,28,101.8,5,7,7.6,6.8,0.544,0.674,0.225,0.038,0,77.46,1.46,0.0,0.347,0.219,0.704,7.71,2.6,1,25.1,6.0,7,7,153,2,160.1,0,0
14114,West,Organic Search,New,Control,44,76.7,4,5,5.1,5.3,0.3,0.866,0.257,0.017,0,94.69,3.2,0.0,0.234,0.11,0.687,4.78,2.7,1,19.9,,3,4,138,1,94.97,1,0
14115,Midwest,Social,Returning,Control,54,74.3,11,10,2.6,5.5,0.486,0.663,0.262,0.033,2,54.9,1.14,115.28,0.219,0.156,0.767,5.25,4.1,0,,7.0,6,5,37,5,257.2,0,0
14116,South,Paid Search,Loyal,Treatment,49,59.0,48,6,3.1,4.8,0.455,0.542,0.279,0.021,3,110.49,2.27,305.7,0.302,0.029,0.547,5.11,4.4,3,16.8,3.0,6,7,44,10,929.35,0,0
14117,Northeast,Email,New,Control,18,36.0,5,7,6.7,5.9,0.288,0.641,0.306,0.052,1,114.05,2.85,115.46,0.395,0.021,0.558,8.79,2.4,1,23.1,7.0,4,3,89,2,200.53,0,0
14118,West,Organic Search,Returning,Treatment,39,52.4,14,4,2.7,4.1,0.272,0.777,0.184,0.015,0,93.39,1.71,0.0,0.358,0.03,0.704,3.43,1.6,1,11.6,10.0,5,5,163,2,202.11,0,0
14119,Northeast,Referral,Loyal,Treatment,69,80.0,50,25,9.4,9.0,0.166,0.624,0.298,0.099,5,83.04,2.47,402.86,0.337,0.214,0.773,3.11,3.9,1,50.1,5.0,6,7,17,1,106.59,0,0
14120,West,Social,Returning,Treatment,52,58.1,13,8,4.5,4.6,0.17,0.576,0.47,0.018,3,61.64,2.32,172.49,0.235,0.075,0.635,8.09,3.8,0,,9.0,5,6,21,1,70.18,0,0
14121,Midwest,Email,Returning,Treatment,65,26.2,7,11,4.6,4.6,0.299,0.467,0.26,0.057,2,65.02,2.2,119.64,0.185,0.076,0.497,2.09,3.1,0,,9.0,5,5,8,2,130.13,0,1
14122,South,Referral,Returning,Control,25,37.6,10,7,4.8,7.8,0.153,0.891,0.156,0.017,2,87.76,1.94,151.46,0.15,0.05,0.647,7.3,2.3,3,25.5,6.0,5,5,33,5,451.38,0,0
14123,Midwest,Social,Returning,Treatment,49,77.1,8,24,9.9,7.4,0.284,0.856,0.128,0.007,3,87.93,2.72,275.16,0.429,0.251,0.605,6.39,3.0,1,8.9,7.0,4,5,11,2,164.3,0,0
14124,Midwest,Organic Search,New,Control,55,47.6,5,7,18.6,12.9,0.209,0.715,0.132,0.045,2,68.85,2.69,161.55,0.304,0.026,0.679,6.91,3.9,0,,10.0,4,4,29,1,64.08,0,0
14125,West,Social,Returning,Control,18,115.9,9,5,10.1,7.5,0.449,0.989,0.462,0.049,1,62.05,1.76,61.68,0.318,0.072,0.68,6.69,1.7,0,,8.0,5,7,26,1,52.0,0,0
14126,South,Paid Search,New,Treatment,51,117.1,5,11,1.4,2.9,0.612,0.538,0.241,0.011,3,127.02,3.24,338.17,0.505,0.194,0.549,4.99,2.6,2,20.3,5.0,7,7,7,2,272.43,0,1
14127,West,Organic Search,Returning,Control,52,130.7,10,18,2.7,3.5,0.18,0.778,0.18,0.024,1,108.36,2.96,93.0,0.159,0.133,0.734,8.42,3.6,2,18.6,8.0,5,4,20,3,272.08,0,0
14128,West,Referral,Returning,Control,37,50.4,21,11,4.9,5.4,0.303,0.945,0.105,0.023,0,48.42,1.96,0.0,0.307,0.062,0.803,7.69,3.9,1,23.2,10.0,5,4,240,1,52.39,1,0
14129,Northeast,Organic Search,Loyal,Control,50,67.6,37,3,15.7,10.1,0.25,0.882,0.419,0.062,1,42.09,1.17,40.65,0.156,0.017,0.698,5.29,4.4,1,19.6,10.0,5,6,16,6,211.75,0,0
14130,Midwest,Social,Loyal,Treatment,55,104.0,88,20,10.1,10.0,0.366,0.393,0.178,0.024,4,100.64,2.26,354.75,0.372,0.217,0.68,2.71,2.3,0,,8.0,5,6,8,3,368.41,0,0
14131,West,Paid Search,Returning,Treatment,45,86.1,13,13,10.7,8.1,0.305,0.71,0.391,0.174,3,67.79,2.35,140.61,0.364,0.052,0.88,5.57,2.9,3,20.0,9.0,4,4,66,2,118.63,0,0
14132,West,Social,Loyal,Treatment,46,27.2,35,4,8.8,9.3,0.606,0.584,0.145,0.013,1,78.35,2.38,78.96,0.597,0.104,0.812,3.22,1.8,1,16.8,8.0,5,5,27,2,189.79,1,1
14133,Northeast,Social,Loyal,Treatment,36,49.9,59,10,6.9,7.2,0.35,0.835,0.222,0.027,2,98.98,3.47,235.51,0.429,0.197,0.761,4.33,3.4,0,,9.0,6,6,15,3,272.18,0,1
14134,South,Paid Search,Loyal,Control,38,45.1,31,15,7.2,8.8,0.374,0.776,0.417,0.018,1,60.17,2.46,76.21,0.39,0.147,0.602,7.27,2.3,2,14.9,5.0,6,6,89,6,302.82,0,0
14135,Midwest,Social,Loyal,Treatment,49,49.3,34,27,5.3,4.7,0.354,0.71,0.223,0.025,4,76.78,2.51,263.68,0.456,0.07,0.71,4.92,2.4,1,9.3,7.0,4,4,9,10,783.64,0,0
14136,Midwest,Referral,Loyal,Control,48,75.8,29,14,8.2,7.2,0.344,0.892,0.222,0.018,3,50.18,2.05,121.77,0.624,0.13,0.793,6.54,5.1,1,15.3,5.0,5,4,63,7,367.89,0,0
14137,Midwest,Email,Returning,Treatment,37,63.2,16,14,8.8,6.5,0.341,0.873,0.466,0.099,5,64.0,2.63,262.17,0.242,0.067,0.608,6.84,2.2,1,11.6,9.0,6,7,6,2,107.37,0,0
14138,Midwest,Paid Search,Returning,Treatment,50,47.2,20,10,7.5,5.7,0.365,0.373,0.327,0.004,3,56.65,2.63,170.49,0.55,0.126,0.822,2.88,2.8,3,36.5,4.0,4,4,15,4,268.51,0,0
14139,West,Social,New,Control,46,49.2,4,13,2.6,5.2,0.375,0.727,0.136,0.028,2,78.99,2.85,146.55,0.547,0.084,0.67,6.38,2.3,2,35.8,9.0,7,7,89,1,81.62,0,0
14140,South,Email,Loyal,Control,34,50.8,29,7,4.0,7.9,0.46,0.877,0.323,0.039,4,51.69,1.41,200.11,0.209,0.067,0.79,6.42,4.4,2,27.0,9.0,4,4,46,9,443.96,1,0
14141,South,Organic Search,New,Control,35,74.7,3,5,4.3,5.6,0.237,0.962,0.131,0.016,1,78.29,1.59,67.88,0.059,0.117,0.653,9.64,3.8,0,,8.0,7,7,25,1,82.13,0,0
14142,West,Organic Search,New,Control,25,93.4,5,9,8.7,9.5,0.156,0.76,0.215,0.052,0,81.3,1.92,0.0,0.47,0.042,0.773,6.51,3.4,0,,8.0,3,2,134,1,87.26,0,0
14143,South,Paid Search,Returning,Treatment,18,115.2,6,14,2.9,4.0,0.409,0.8,0.173,0.013,3,74.0,1.9,207.67,0.322,0.081,0.618,4.31,2.9,1,13.8,6.0,5,5,28,2,159.42,0,0
14144,Northeast,Paid Search,Returning,Control,47,45.3,10,6,6.5,7.6,0.361,0.708,0.303,0.037,3,99.69,2.53,362.65,0.34,0.087,0.788,6.51,4.4,0,,4.0,7,7,21,1,88.53,0,0
14145,Northeast,Social,New,Control,48,80.0,2,1,4.2,6.0,0.254,0.743,0.143,0.024,0,59.24,2.49,0.0,0.519,0.043,0.758,5.92,3.4,1,30.2,7.0,4,4,95,1,57.66,1,0
14146,West,Social,Returning,Control,55,160.9,21,17,4.2,5.3,0.329,0.768,0.411,0.031,2,88.73,2.34,148.6,0.564,0.042,0.621,7.77,2.6,0,,9.0,6,6,21,4,318.95,0,0
14147,Midwest,Referral,New,Treatment,18,87.8,4,8,11.4,8.8,0.265,0.957,0.28,0.038,0,38.6,1.44,0.0,0.1,0.009,0.689,5.43,2.4,0,,10.0,3,3,297,1,44.19,0,0
14148,West,Referral,Returning,Treatment,39,56.5,8,9,5.4,5.6,0.356,0.76,0.159,0.031,3,62.1,2.34,220.4,0.213,0.048,0.661,5.68,3.9,0,,9.0,5,5,25,1,64.21,0,0
14149,Midwest,Paid Search,Returning,Treatment,36,140.6,16,26,9.3,7.0,0.401,0.703,0.277,0.041,4,48.79,2.52,154.99,0.424,0.048,0.623,2.24,4.8,1,23.5,,5,5,2,4,181.54,0,1
14150,Midwest,Email,Returning,Control,42,83.7,16,7,6.0,6.9,0.13,0.764,0.196,0.028,1,98.26,2.28,84.92,0.33,0.032,0.776,5.03,5.9,0,,7.0,5,5,8,1,105.45,0,0
14151,West,Social,New,Treatment,18,62.5,3,7,4.2,4.7,0.318,0.783,0.327,0.011,1,80.84,1.58,73.34,0.454,0.097,0.655,6.35,1.5,0,,8.0,4,4,10,1,102.65,0,0
14152,Northeast,Organic Search,Returning,Treatment,42,96.5,21,4,6.1,6.1,0.295,0.536,0.079,0.005,0,166.09,3.08,0.0,0.419,0.124,0.585,6.32,3.0,0,,,4,4,257,1,150.34,1,0
14153,Midwest,Referral,Returning,Treatment,33,66.4,8,6,9.4,6.4,0.206,0.96,0.144,0.01,1,96.44,3.06,95.21,0.293,0.027,0.772,5.11,1.8,1,27.2,4.0,5,5,64,3,304.09,1,0
14154,Midwest,Paid Search,Loyal,Control,53,88.9,31,11,11.5,12.7,0.468,0.819,0.266,0.078,1,51.06,1.61,44.98,0.625,0.137,0.573,4.33,4.6,2,25.9,5.0,6,6,32,3,121.19,1,0
14155,West,Organic Search,Loyal,Treatment,56,104.2,29,26,8.3,9.9,0.242,0.775,0.442,0.101,3,71.17,2.33,175.18,0.373,0.107,0.734,3.68,3.5,0,,10.0,2,3,2,3,265.75,0,0
14156,West,Paid Search,Returning,Treatment,35,30.6,16,7,7.2,6.2,0.252,0.88,0.213,0.008,1,85.36,2.09,97.8,0.462,0.034,0.767,7.45,3.2,1,16.8,6.0,5,5,52,2,164.09,0,0
14157,Northeast,Referral,Returning,Treatment,58,59.5,7,8,3.3,4.1,0.295,0.828,0.223,0.019,2,83.41,2.16,148.81,0.521,0.101,0.622,7.12,3.4,1,32.2,5.0,6,6,28,2,151.84,1,1
14158,Northeast,Email,Returning,Control,32,66.4,18,18,12.2,11.9,0.166,0.906,0.352,0.009,1,95.71,2.87,102.57,0.179,0.02,0.786,3.61,4.1,0,,10.0,6,7,13,2,241.28,0,0
14159,Midwest,Email,New,Control,44,64.3,4,15,3.8,4.2,0.271,0.715,0.68,0.054,2,43.63,2.05,80.21,0.303,0.006,0.817,4.6,3.2,0,,10.0,5,6,13,2,105.07,0,0
14160,South,Email,Returning,Control,30,94.9,8,2,14.0,10.3,0.135,0.864,0.163,0.043,1,88.4,2.2,102.12,0.214,0.067,0.813,5.48,2.0,0,,4.0,6,6,34,2,178.61,1,0
14161,Midwest,Email,Loyal,Control,46,152.1,27,5,3.4,4.5,0.239,0.708,0.418,0.045,1,104.77,2.09,141.42,0.355,0.039,0.718,5.83,2.6,1,23.1,6.0,5,6,19,4,429.7,0,0
14162,South,Paid Search,Returning,Control,34,109.0,16,8,8.5,7.2,0.304,0.649,0.256,0.049,1,90.55,2.89,88.94,0.133,0.174,0.743,4.2,1.7,2,13.2,6.0,4,5,81,1,119.93,0,1
14163,West,Organic Search,New,Treatment,42,77.1,4,3,4.4,5.6,0.229,0.723,0.34,0.011,2,86.89,3.06,216.42,0.314,0.024,0.632,3.56,4.6,0,,9.0,3,3,19,1,89.56,0,0
14164,South,Social,Returning,Control,65,157.1,7,1,6.0,5.9,0.477,0.62,0.392,0.034,0,126.86,1.26,0.0,0.175,0.113,0.577,8.03,3.9,0,,,4,4,134,1,117.17,1,0
14165,West,Organic Search,New,Treatment,39,118.7,2,1,5.7,5.8,0.227,0.771,0.21,0.041,1,68.64,1.94,79.13,0.133,0.074,0.685,2.7,2.4,0,,10.0,4,4,5,1,61.75,0,0
14166,South,Referral,Loyal,Control,23,71.5,33,3,8.0,6.9,0.214,0.956,0.19,0.035,2,83.96,2.42,182.93,0.421,0.084,0.669,10.48,3.8,2,19.2,6.0,5,5,27,5,397.95,0,1
14167,West,Organic Search,New,Treatment,39,64.6,3,5,6.1,5.4,0.253,0.705,0.347,0.021,0,101.17,2.93,0.0,0.06,0.067,0.771,6.27,4.2,0,,10.0,6,6,365,1,111.07,1,0
14168,Midwest,Paid Search,Returning,Treatment,32,72.8,6,16,8.6,6.0,0.509,0.943,0.356,0.021,2,89.68,1.89,154.79,0.261,0.037,0.75,3.84,3.2,2,7.1,8.0,4,5,36,3,302.13,0,0
14169,West,Social,Loyal,Control,53,,31,23,7.4,8.2,0.413,0.788,0.043,0.003,1,104.58,2.57,100.31,0.492,0.117,0.483,6.2,3.8,3,11.6,3.0,3,4,89,5,626.32,0,0
14170,Northeast,Organic Search,Returning,Treatment,30,185.8,16,11,5.8,5.6,0.297,0.547,0.309,0.04,1,116.78,3.27,134.84,0.325,0.002,0.678,5.74,4.7,0,,6.0,4,4,89,3,365.0,1,0
14171,South,Paid Search,Returning,Treatment,47,100.5,16,3,6.6,6.2,0.523,0.491,0.352,0.039,1,85.71,2.4,75.59,0.3,0.017,0.736,5.96,3.5,3,10.5,6.0,7,7,36,4,321.86,0,0
14172,West,Social,New,Control,47,56.7,3,13,8.9,7.3,0.381,0.825,0.247,0.046,0,96.31,1.66,0.0,0.469,0.182,0.791,8.97,5.8,1,13.8,4.0,6,5,365,2,182.62,1,1
14173,West,Paid Search,Returning,Treatment,35,,12,2,3.9,7.5,0.235,0.792,0.428,0.042,1,92.83,2.24,123.36,0.458,0.057,0.832,6.09,1.8,0,,7.0,5,5,53,4,441.95,0,0
14174,South,Social,Returning,Treatment,18,61.3,19,11,17.8,11.2,0.147,0.999,0.253,0.018,2,62.49,1.0,104.65,0.687,0.093,0.622,4.8,2.1,2,19.8,10.0,5,4,41,2,109.27,1,1
14175,Midwest,Email,Returning,Control,36,38.6,17,17,5.1,6.2,0.362,0.707,0.39,0.024,3,86.13,2.86,293.14,0.445,0.093,0.45,6.7,4.9,2,17.3,10.0,5,5,10,3,246.16,0,0
14176,South,Organic Search,Returning,Treatment,35,145.8,7,6,8.6,7.2,0.55,0.974,0.148,0.022,0,101.44,2.11,0.0,0.217,0.083,0.671,4.74,3.3,1,20.6,7.0,6,7,126,1,82.28,1,0
14177,South,Paid Search,Loyal,Treatment,42,30.1,45,18,4.2,5.6,0.162,0.933,0.353,0.047,1,57.21,1.0,75.15,0.237,0.2,0.546,5.39,4.8,0,,7.0,5,6,49,9,609.52,0,0
14178,South,Email,Returning,Treatment,38,70.3,9,15,7.8,7.6,0.366,0.638,0.357,0.131,1,75.24,3.0,73.06,0.173,0.099,0.832,1.84,2.8,1,7.9,7.0,4,4,11,2,162.0,0,0
14179,West,Paid Search,Loyal,Control,38,82.3,75,8,6.0,5.3,0.461,0.783,0.288,0.025,2,86.78,2.4,172.35,0.303,0.07,0.819,7.87,1.7,2,28.5,5.0,7,7,22,15,1381.34,0,0
14180,Northeast,Paid Search,Loyal,Control,54,105.4,40,7,4.1,6.5,0.218,0.727,0.315,0.016,0,65.74,2.92,0.0,0.341,0.039,0.823,7.72,5.8,1,39.5,9.0,6,5,168,6,387.83,1,0
14181,Midwest,Paid Search,Returning,Control,53,73.8,14,3,10.4,7.2,0.405,0.632,0.305,0.06,1,73.92,1.11,91.53,0.305,0.037,0.826,9.06,2.7,0,,6.0,6,7,41,1,68.94,1,1
14182,Midwest,Email,New,Control,48,86.6,2,2,10.2,8.4,0.116,0.712,0.399,0.034,1,91.88,1.91,100.25,0.248,0.083,0.58,3.69,1.9,1,37.0,10.0,7,6,29,2,204.62,0,0
14183,Northeast,Email,Returning,Control,27,62.8,12,8,12.4,9.1,0.22,0.392,0.177,0.018,2,76.44,2.76,143.57,0.3,0.247,0.617,10.12,3.0,1,13.8,8.0,7,7,24,4,354.13,0,0
14184,South,Paid Search,Returning,Control,20,52.6,12,13,16.5,12.5,0.254,0.974,0.192,0.028,0,68.45,1.85,0.0,0.205,0.109,0.762,6.69,3.5,3,9.0,1.0,2,3,112,2,126.8,1,0
14185,West,Email,New,Treatment,50,53.9,3,5,5.5,4.8,0.221,0.561,0.354,0.006,0,101.32,2.42,0.0,0.282,0.045,0.564,2.31,3.3,0,,7.0,5,5,224,1,96.46,1,0
14186,West,Organic Search,Loyal,Treatment,26,66.2,46,19,17.3,11.7,0.165,0.893,0.16,0.017,2,52.5,2.78,110.4,0.241,0.042,0.698,4.4,3.8,2,13.6,5.0,6,6,9,7,362.96,1,1
14187,West,Paid Search,Returning,Control,42,55.0,11,9,2.0,4.8,0.259,0.904,0.193,0.042,1,71.52,2.19,62.9,0.523,0.053,0.657,9.94,3.6,1,11.3,9.0,5,6,3,8,568.51,0,0
14188,West,Social,New,Treatment,54,45.7,4,5,5.5,7.2,0.345,0.726,0.234,0.04,4,88.89,2.28,354.91,0.297,0.123,0.579,6.57,4.4,0,,6.0,6,5,41,1,85.87,0,0
14189,South,Referral,Returning,Control,60,55.7,22,16,12.5,8.9,0.182,0.66,0.273,0.092,3,68.35,1.79,190.89,0.52,0.035,0.652,3.32,2.8,1,14.3,5.0,5,5,38,7,383.11,1,0
14190,West,Paid Search,Returning,Treatment,44,29.0,13,3,12.2,8.3,0.358,0.519,0.221,0.067,3,50.78,2.56,154.73,0.404,0.097,0.73,5.99,4.4,0,,10.0,3,3,31,1,50.25,0,0
14191,Midwest,Organic Search,Loyal,Control,54,,36,16,8.6,7.1,0.328,0.608,0.24,0.058,1,115.33,1.43,126.68,0.15,0.151,0.615,8.92,2.3,1,14.6,6.0,4,5,32,4,414.87,0,0
14192,West,Organic Search,New,Control,46,29.3,5,4,10.7,7.7,0.332,0.44,0.298,0.007,2,76.73,1.93,163.71,0.454,0.054,0.822,5.16,3.8,0,,3.0,5,6,10,2,148.77,0,0
14193,Northeast,Organic Search,Returning,Control,24,111.0,6,8,9.5,7.0,0.489,0.859,0.26,0.069,2,110.64,3.38,212.57,0.118,0.029,0.609,4.42,2.8,0,,8.0,4,5,51,4,407.92,1,1
14194,Midwest,Email,New,Treatment,41,70.7,5,11,5.3,6.0,0.246,0.805,0.299,0.021,4,141.84,2.73,549.92,0.183,0.101,0.643,3.35,4.7,0,,5.0,3,4,23,1,142.73,0,0
14195,South,Email,Returning,Treatment,39,81.0,17,15,15.5,11.9,0.204,0.773,0.226,0.013,2,146.01,3.4,287.17,0.49,0.047,0.518,5.0,3.7,2,38.8,7.0,4,3,20,3,347.08,0,0
14196,South,Referral,Loyal,Control,34,90.7,55,16,16.2,9.9,0.326,0.657,0.351,0.007,3,195.25,4.09,657.85,0.432,0.103,0.665,7.55,3.2,0,,,6,5,37,2,426.79,0,1
14197,West,Social,Loyal,Control,21,,63,15,5.2,5.7,0.481,0.606,0.372,0.044,1,81.9,2.25,91.86,0.345,0.198,0.568,6.11,3.8,2,23.5,8.0,6,6,71,12,1108.08,0,0
14198,South,Paid Search,Returning,Control,61,59.1,7,1,6.1,6.1,0.428,0.697,0.437,0.017,0,82.56,2.63,0.0,0.154,0.057,0.703,5.77,3.1,0,,8.0,5,5,159,1,88.75,0,0
14199,West,Email,Returning,Control,70,74.5,24,25,6.7,6.6,0.33,0.254,0.365,0.033,7,117.01,2.39,679.11,0.249,0.057,0.82,6.43,3.6,2,10.3,3.0,5,5,34,4,451.67,0,1
14200,West,Social,New,Control,50,83.4,3,2,4.2,5.3,0.276,0.715,0.252,0.097,1,84.03,2.48,77.22,0.235,0.035,0.672,8.72,3.0,1,22.0,9.0,4,4,21,1,76.47,0,0
14201,South,Organic Search,Returning,Treatment,59,47.8,13,10,5.0,8.8,0.118,0.476,0.245,0.027,1,84.62,2.61,68.02,0.199,0.017,0.625,7.37,4.6,2,31.2,4.0,4,5,47,3,258.98,0,0
14202,Northeast,Social,Returning,Control,58,49.8,11,8,3.9,4.8,0.61,0.868,0.165,0.003,2,46.85,1.29,91.16,0.199,0.156,0.609,9.78,2.7,1,17.6,9.0,4,6,21,2,84.03,1,0
14203,West,Referral,Loyal,Treatment,51,53.3,58,12,8.6,6.5,0.532,0.573,0.33,0.064,2,51.77,1.08,87.87,0.072,0.056,0.783,5.31,2.6,5,35.0,9.0,5,5,3,25,1551.64,0,0
14204,Northeast,Email,Returning,Treatment,60,55.8,6,29,2.8,3.5,0.329,0.882,0.202,0.007,7,99.09,3.11,750.71,0.517,0.012,0.794,6.72,4.3,1,25.9,6.0,5,6,64,2,204.08,0,0
14205,West,Organic Search,Returning,Treatment,29,,13,13,5.0,4.6,0.333,0.948,0.12,0.016,4,88.02,2.77,370.76,0.376,0.004,0.707,5.21,4.3,0,,5.0,5,6,62,3,269.6,1,0
14206,South,Paid Search,Loyal,Control,36,102.0,46,3,9.2,6.9,0.302,0.656,0.248,0.018,0,64.46,1.83,0.0,0.364,0.044,0.756,4.2,3.7,3,11.2,7.0,5,5,210,3,157.41,1,0
14207,South,Social,Returning,Control,59,27.0,13,7,4.8,5.0,0.206,0.32,0.272,0.032,2,54.1,2.6,97.65,0.26,0.045,0.787,4.06,2.6,0,,8.0,6,6,13,1,50.92,0,0
14208,West,Organic Search,Returning,Control,37,75.3,11,13,4.9,7.1,0.376,0.464,0.219,0.02,1,77.56,2.34,75.97,0.164,0.129,0.54,5.49,2.6,2,13.4,6.0,6,6,76,1,87.16,1,0
14209,Northeast,Paid Search,Returning,Control,18,77.2,12,8,13.2,10.9,0.244,0.998,0.337,0.055,5,162.59,3.61,1040.29,0.348,0.039,0.826,5.68,5.2,0,,4.0,6,6,25,1,170.08,0,0
14210,West,Organic Search,Returning,Treatment,28,65.8,12,11,5.7,4.6,0.403,0.535,0.389,0.045,2,68.95,2.07,141.46,0.316,0.023,0.554,6.28,3.1,1,15.8,5.0,6,5,6,3,198.67,1,1
14211,West,Organic Search,Loyal,Treatment,28,148.4,27,13,5.8,6.6,0.377,0.859,0.246,0.065,0,75.5,2.33,0.0,0.344,0.013,0.816,1.81,2.5,2,39.4,9.0,6,6,195,12,848.77,1,0
14212,West,Referral,New,Treatment,49,93.3,4,9,8.2,7.1,0.161,0.86,0.087,0.008,1,95.04,2.59,136.3,0.158,0.08,0.628,4.39,3.9,1,21.4,,4,4,18,1,96.89,0,0
14213,Northeast,Paid Search,Returning,Treatment,57,96.9,12,4,7.8,9.2,0.337,0.923,0.148,0.011,2,90.82,1.72,150.54,0.558,0.276,0.709,5.24,2.7,1,19.4,3.0,6,7,59,6,515.64,1,0
14214,West,Referral,Returning,Treatment,52,77.6,20,11,6.1,5.3,0.228,0.743,0.088,0.012,1,60.47,2.03,61.79,0.217,0.071,0.751,6.14,3.4,2,32.5,7.0,5,5,89,10,588.71,0,0
14215,Midwest,Organic Search,Returning,Treatment,55,189.5,6,2,3.5,5.1,0.416,0.819,0.133,0.021,2,130.11,3.09,224.2,0.178,0.095,0.792,5.17,5.8,1,19.5,8.0,4,4,12,1,128.23,0,0
14216,South,Organic Search,Loyal,Treatment,48,100.4,37,11,5.4,4.8,0.329,0.629,0.087,0.013,6,93.22,2.29,592.6,0.424,0.032,0.719,10.14,3.1,0,,6.0,5,5,10,3,301.48,0,0
14217,Midwest,Paid Search,Returning,Treatment,37,122.9,22,1,6.2,6.8,0.508,0.766,0.236,0.018,1,107.3,3.57,94.15,0.45,0.075,0.651,5.88,5.3,0,,4.0,5,4,9,2,180.06,0,1
14218,West,Social,Returning,Treatment,56,,11,11,6.7,8.1,0.185,0.476,0.208,0.033,2,80.83,2.31,182.19,0.201,0.09,0.599,4.59,3.8,0,,8.0,5,4,30,1,73.93,0,0
14219,South,Organic Search,Returning,Treatment,52,82.8,7,9,8.0,8.3,0.276,0.707,0.158,0.071,3,111.78,2.44,328.53,0.231,0.042,0.486,4.66,5.3,0,,8.0,6,7,51,1,110.8,0,0
14220,Midwest,Organic Search,Returning,Control,44,,18,23,3.5,4.7,0.227,0.781,0.384,0.015,3,43.63,2.39,109.46,0.199,0.099,0.752,7.34,2.5,0,,5.0,7,6,30,1,45.72,0,0
14221,South,Organic Search,Loyal,Control,30,62.0,49,17,5.3,5.6,0.207,0.774,0.386,0.117,4,64.8,1.93,276.51,0.373,0.036,0.564,5.4,7.3,3,24.0,7.0,3,3,9,9,506.5,0,0
14222,Midwest,Organic Search,New,Control,42,86.9,5,17,14.6,10.7,0.167,0.579,0.298,0.061,3,93.17,2.23,217.36,0.402,0.104,0.753,8.98,1.8,0,,6.0,5,6,54,1,99.7,0,0
14223,South,Paid Search,New,Treatment,37,52.7,4,12,13.1,8.2,0.325,0.667,0.228,0.028,0,73.07,3.32,0.0,0.263,0.187,0.75,4.49,3.6,1,16.1,7.0,4,4,222,1,89.76,0,0
14224,West,Organic Search,New,Control,26,,5,1,5.5,7.4,0.085,0.93,0.463,0.044,0,78.33,3.62,0.0,0.411,0.09,0.695,5.96,4.7,3,49.5,9.0,4,5,153,3,255.79,1,0
14225,South,Social,Returning,Control,37,172.0,16,7,4.9,5.7,0.382,0.85,0.361,0.063,0,63.31,2.7,0.0,0.344,0.112,0.602,9.81,5.7,0,,6.0,4,4,150,2,110.16,1,0
14226,West,Email,Returning,Treatment,58,112.8,7,9,2.9,3.6,0.338,0.464,0.115,0.027,2,104.42,2.31,183.99,0.236,0.193,0.8,1.0,2.3,1,18.0,6.0,4,5,29,4,417.3,0,1
14227,West,Email,Loyal,Treatment,25,68.3,41,9,6.4,6.0,0.319,0.954,0.188,0.037,1,63.11,2.17,55.83,0.182,0.05,0.632,3.88,5.1,1,30.3,10.0,2,3,8,2,114.91,0,0
14228,West,Email,Returning,Treatment,41,73.3,15,8,11.9,8.7,0.383,0.48,0.298,0.046,2,81.44,1.97,196.8,0.296,0.086,0.731,4.62,2.3,1,42.2,9.0,4,5,51,7,520.37,0,0
14229,South,Referral,Loyal,Treatment,19,59.4,33,10,11.8,7.5,0.262,0.954,0.223,0.029,2,91.68,3.69,211.53,0.311,0.03,0.697,3.44,5.1,1,27.4,9.0,6,6,1,4,349.27,0,0
14230,South,Organic Search,Returning,Control,42,54.0,18,15,4.3,7.0,0.297,0.498,0.429,0.1,3,64.35,1.68,161.64,0.184,0.112,0.708,8.5,4.7,1,16.6,9.0,4,4,19,4,253.64,0,0
14231,South,Organic Search,Loyal,Treatment,57,134.4,48,7,8.5,8.9,0.212,0.787,0.485,0.092,1,119.9,2.19,118.68,0.531,0.127,0.619,4.2,4.0,1,8.6,10.0,4,3,13,7,785.04,0,0
14232,Midwest,Email,New,Control,55,98.0,3,6,12.2,10.0,0.625,0.53,0.201,0.017,1,82.25,1.47,98.03,0.209,0.104,0.552,7.46,4.7,0,,5.0,7,7,89,1,87.28,0,0
14233,Midwest,Paid Search,Loyal,Treatment,38,64.0,66,10,4.6,6.0,0.385,0.554,0.28,0.046,2,73.86,2.01,153.97,0.36,0.08,0.719,4.7,4.2,0,,6.0,5,6,13,3,235.57,0,0
14234,Northeast,Social,Returning,Treatment,38,71.9,11,9,14.1,10.6,0.222,0.582,0.296,0.071,3,117.15,3.7,349.44,0.472,0.06,0.702,2.92,4.2,0,,8.0,2,2,4,2,239.56,1,0
14235,Northeast,Email,Loyal,Treatment,44,63.2,35,1,7.2,7.6,0.097,0.759,0.308,0.035,0,113.16,2.26,0.0,0.141,0.141,0.489,4.18,2.3,1,6.4,10.0,5,6,257,10,1339.39,0,1
14236,South,Email,Loyal,Treatment,61,49.4,28,2,8.8,6.7,0.262,0.494,0.436,0.029,0,92.25,2.49,0.0,0.195,0.038,0.77,5.82,2.3,1,36.5,6.0,3,3,237,4,310.68,0,0
14237,West,Referral,Returning,Control,24,88.6,22,15,6.5,7.1,0.241,0.817,0.186,0.009,1,75.1,1.74,72.72,0.227,0.096,0.6,6.95,2.5,2,15.4,7.0,6,6,89,3,197.55,0,0
14238,Midwest,Organic Search,Loyal,Treatment,65,203.0,25,6,9.4,9.1,0.086,0.646,0.16,0.013,3,85.66,2.78,228.19,0.282,0.035,0.71,4.4,5.9,1,31.7,9.0,4,4,4,6,688.55,0,1
14239,South,Paid Search,Returning,Treatment,21,68.0,17,13,8.7,8.7,0.336,0.819,0.424,0.089,3,93.24,2.9,238.37,0.573,0.078,0.619,6.59,2.0,1,13.1,6.0,4,4,18,2,191.81,0,0
14240,West,Organic Search,Loyal,Control,42,84.7,53,16,3.4,5.7,0.171,0.588,0.449,0.003,2,48.92,1.4,110.33,0.52,0.129,0.758,5.96,4.7,0,,8.0,7,7,13,1,44.4,0,0
14241,Midwest,Organic Search,Returning,Control,44,55.6,7,9,5.4,8.9,0.458,0.661,0.427,0.035,0,72.08,1.98,0.0,0.243,0.025,0.877,2.57,2.2,0,,9.0,4,5,178,3,239.92,0,0
14242,Midwest,Paid Search,Returning,Control,43,33.4,13,4,5.5,6.7,0.214,0.841,0.26,0.045,1,57.17,2.75,76.24,0.273,0.131,0.523,7.12,3.6,0,,6.0,7,6,19,3,165.44,0,0
14243,Midwest,Paid Search,Returning,Treatment,22,42.1,19,5,4.3,6.8,0.336,0.939,0.335,0.058,2,40.23,3.17,74.66,0.587,0.03,0.451,3.27,2.0,5,16.9,6.0,5,5,30,4,161.51,0,0
14244,Northeast,Paid Search,Returning,Treatment,35,153.2,9,12,4.9,7.4,0.35,0.76,0.222,0.07,5,145.11,2.32,670.87,0.26,0.209,0.642,8.61,4.1,0,,10.0,7,7,28,1,138.65,1,0
14245,Midwest,Email,Returning,Treatment,41,30.4,7,2,7.0,6.2,0.272,0.741,0.346,0.03,1,100.43,3.47,87.35,0.273,0.086,0.757,0.23,2.9,2,10.5,5.0,3,4,37,1,109.25,0,0
14246,South,Social,Returning,Control,18,123.9,23,6,5.4,6.1,0.328,0.996,0.343,0.006,2,77.98,1.6,190.5,0.279,0.046,0.77,4.64,4.0,1,17.5,8.0,5,6,11,7,533.68,0,0
14247,South,Referral,Returning,Control,52,38.4,7,3,14.8,8.8,0.314,0.685,0.364,0.041,1,103.24,2.3,125.59,0.372,0.022,0.659,5.32,3.4,0,,9.0,4,4,14,2,204.52,0,0
14248,Midwest,Email,Returning,Treatment,28,97.9,17,8,8.3,7.5,0.306,0.859,0.521,0.139,3,97.27,3.31,235.87,0.247,0.117,0.636,1.8,2.6,0,,10.0,5,4,15,2,206.2,0,0
14249,West,Paid Search,Returning,Treatment,29,84.9,10,11,10.6,10.3,0.332,0.911,0.151,0.002,3,82.94,3.18,276.58,0.325,0.121,0.662,2.26,2.9,0,,8.0,7,7,49,4,366.3,0,0
14250,South,Referral,Returning,Treatment,45,38.3,23,10,2.2,4.1,0.314,0.583,0.352,0.02,3,63.2,3.15,241.91,0.418,0.04,0.63,5.68,3.2,3,40.5,6.0,5,5,11,2,133.6,0,1
14251,South,Organic Search,Returning,Treatment,24,104.4,15,11,4.7,5.9,0.241,0.698,0.35,0.021,3,113.88,1.89,333.82,0.221,0.106,0.602,1.42,2.9,1,7.6,,5,6,5,4,432.75,0,0
14252,South,Paid Search,Loyal,Control,56,,26,15,10.3,8.0,0.314,0.905,0.237,0.013,3,68.74,2.03,158.62,0.457,0.016,0.743,5.26,3.9,1,8.2,8.0,2,3,23,5,257.59,0,0
14253,West,Email,Returning,Treatment,42,67.1,8,8,6.5,5.5,0.315,0.284,0.508,0.021,2,70.63,2.72,127.84,0.35,0.083,0.563,3.56,1.5,0,,9.0,6,6,12,4,344.38,0,0
14254,Midwest,Paid Search,Returning,Treatment,28,104.6,10,6,9.0,6.7,0.482,0.756,0.129,0.009,2,48.92,2.03,79.62,0.574,0.1,0.69,3.62,3.1,0,,6.0,6,6,11,1,56.86,0,1
14255,Northeast,Paid Search,Loyal,Control,44,61.4,27,11,4.9,6.6,0.259,0.609,0.205,0.086,1,138.04,3.09,128.49,0.308,0.068,0.803,8.44,3.9,1,10.9,10.0,6,6,30,6,957.61,0,0
14256,South,Paid Search,Returning,Control,54,188.2,7,4,6.0,5.7,0.631,0.755,0.29,0.117,3,74.88,3.39,210.41,0.383,0.043,0.644,7.15,1.3,1,23.3,10.0,6,6,13,3,211.06,0,0
14257,South,Email,New,Control,38,80.0,5,7,5.5,8.2,0.178,0.819,0.548,0.023,1,49.24,1.59,42.06,0.236,0.097,0.63,8.29,3.1,0,,6.0,7,7,89,1,45.21,0,0
14258,South,Organic Search,Returning,Control,47,48.3,17,7,9.1,6.8,0.253,0.763,0.155,0.012,1,75.64,2.2,75.55,0.072,0.041,0.723,6.85,5.1,0,,8.0,6,4,34,2,161.67,0,1
14259,West,Organic Search,Returning,Treatment,18,75.0,15,4,2.8,4.9,0.251,0.902,0.136,0.007,1,117.64,3.05,122.03,0.065,0.087,0.708,6.68,1.8,1,11.5,9.0,5,6,25,4,489.06,0,0
14260,South,Organic Search,Loyal,Control,47,46.0,27,9,4.3,4.2,0.346,0.43,0.5,0.057,1,84.3,2.58,70.81,0.275,0.033,0.571,7.39,2.8,1,25.1,5.0,5,5,23,2,209.52,0,0
14261,South,Organic Search,Returning,Treatment,44,55.4,8,8,6.7,6.8,0.276,0.625,0.264,0.037,1,111.14,2.41,130.16,0.55,0.124,0.616,2.38,3.9,1,21.4,5.0,4,5,89,1,112.42,0,0
14262,West,Organic Search,Returning,Control,32,117.4,19,9,8.3,6.5,0.219,0.803,0.294,0.042,1,118.09,2.21,111.69,0.095,0.023,0.72,5.03,2.6,0,,10.0,5,6,17,4,572.73,0,0
14263,South,Organic Search,Returning,Treatment,34,48.2,11,11,6.6,6.0,0.307,0.994,0.235,0.029,2,56.12,1.0,166.02,0.329,0.026,0.523,4.72,3.5,0,,10.0,3,3,87,5,288.52,1,0
14264,South,Paid Search,Loyal,Treatment,31,40.8,32,5,6.2,5.8,0.413,0.862,0.243,0.059,1,58.97,2.53,52.13,0.425,0.084,0.641,5.97,5.3,1,16.9,5.0,4,4,46,1,58.63,0,1
14265,Northeast,Organic Search,New,Treatment,52,34.2,5,8,8.8,7.9,0.166,0.695,0.259,0.053,2,90.5,2.97,187.61,0.42,0.064,0.705,9.05,1.2,0,,6.0,4,4,25,1,95.17,0,1
14266,West,Email,Returning,Control,43,46.6,7,5,2.6,3.8,0.43,0.709,0.436,0.022,3,70.94,1.51,199.92,0.209,0.057,0.486,6.57,4.3,0,,7.0,6,6,1,3,247.75,0,0
14267,Midwest,Email,Loyal,Control,28,85.8,41,5,5.7,6.7,0.404,0.645,0.307,0.015,5,107.61,2.3,629.2,0.398,0.04,0.746,5.58,4.9,1,28.2,10.0,5,5,30,4,444.66,0,0
14268,West,Organic Search,New,Treatment,37,87.0,2,3,9.1,7.8,0.352,0.957,0.25,0.033,1,142.09,1.65,127.06,0.386,0.211,0.698,4.66,4.5,0,,5.0,7,7,14,1,132.46,0,0
14269,Midwest,Organic Search,Returning,Treatment,32,172.5,22,8,7.5,12.2,0.426,0.978,0.313,0.132,1,153.12,3.15,172.49,0.285,0.119,0.737,3.86,2.0,2,38.4,,4,4,64,3,519.41,0,0
14270,South,Social,Returning,Treatment,56,49.1,20,11,3.7,4.5,0.231,0.661,0.546,0.129,1,58.34,1.91,63.98,0.407,0.231,0.499,1.11,6.2,0,,5.0,6,6,71,2,133.27,0,0
14271,South,Paid Search,Returning,Treatment,37,81.3,10,3,21.1,12.3,0.407,0.895,0.174,0.015,0,83.33,2.78,0.0,0.549,0.089,0.649,2.69,4.6,1,58.4,10.0,6,7,117,3,267.59,0,1
14272,South,Paid Search,Loyal,Treatment,32,192.1,31,10,3.4,4.0,0.471,0.506,0.188,0.011,1,109.21,2.57,134.13,0.504,0.124,0.598,3.08,4.0,1,16.0,6.0,4,4,89,2,239.33,0,0
14273,West,Organic Search,Loyal,Treatment,18,78.5,27,11,11.4,8.1,0.161,0.995,0.332,0.048,0,119.63,2.74,0.0,0.263,0.108,0.804,1.94,2.2,3,48.4,9.0,5,5,267,8,989.26,1,0
14274,West,Email,Loyal,Control,34,69.3,32,11,9.3,7.0,0.389,0.48,0.347,0.022,2,64.86,2.77,111.39,0.152,0.014,0.792,9.59,3.0,2,12.3,6.0,5,5,27,5,385.5,1,0
14275,South,Paid Search,Returning,Treatment,26,44.9,7,12,3.0,4.5,0.457,0.922,0.683,0.092,0,61.33,1.6,0.0,0.554,0.157,0.697,4.64,3.9,1,12.2,8.0,4,3,352,1,68.86,0,0
14276,South,Organic Search,Returning,Control,26,70.1,14,3,5.6,6.8,0.161,0.744,0.242,0.002,0,114.08,3.03,0.0,0.09,0.096,0.818,7.2,5.3,0,,3.0,7,7,94,4,410.59,0,0
14277,West,Referral,Loyal,Treatment,22,109.6,26,18,4.6,4.8,0.253,0.998,0.44,0.023,4,43.44,2.14,147.12,0.264,0.126,0.768,0.96,2.5,1,51.4,10.0,5,5,28,1,37.42,0,0
14278,West,Paid Search,Returning,Treatment,44,81.2,15,1,11.4,8.7,0.437,0.605,0.336,0.03,2,75.11,2.22,156.6,0.221,0.147,0.621,6.96,3.8,2,12.0,6.0,6,6,88,1,63.04,0,0
14279,South,Social,Returning,Control,62,137.8,7,7,5.3,5.5,0.205,0.583,0.421,0.02,3,122.67,2.7,359.3,0.528,0.031,0.835,6.15,2.8,0,,9.0,4,3,23,2,254.58,0,0
14280,West,Organic Search,Loyal,Control,26,80.7,43,8,12.1,9.9,0.344,0.926,0.268,0.025,3,71.91,2.34,222.65,0.201,0.068,0.71,5.46,4.7,0,,10.0,5,5,0,4,320.97,0,0
14281,Midwest,Organic Search,Returning,Treatment,49,44.9,8,9,5.1,5.3,0.289,0.659,0.435,0.084,2,90.72,1.18,172.05,0.128,0.126,0.846,3.51,3.8,0,,7.0,5,3,39,1,91.49,0,0
14282,Midwest,Social,Loyal,Treatment,44,102.8,36,24,3.9,4.4,0.495,0.553,0.262,0.034,6,87.6,2.97,349.61,0.465,0.115,0.721,6.79,4.6,1,17.0,5.0,6,7,15,2,155.94,1,0
14283,West,Paid Search,Returning,Treatment,45,75.1,8,1,12.1,8.1,0.349,0.707,0.118,0.008,0,242.24,3.89,0.0,0.129,0.096,0.543,5.34,3.2,0,,8.0,5,5,112,2,411.24,0,0
14284,West,Paid Search,Returning,Control,26,90.4,12,5,9.0,8.0,0.26,0.947,0.126,0.004,1,72.53,2.43,75.18,0.479,0.045,0.672,8.42,2.6,0,,9.0,4,3,33,2,164.83,0,0
14285,West,Referral,Returning,Control,44,93.5,7,2,7.1,6.3,0.276,0.287,0.147,0.018,0,72.95,2.6,0.0,0.11,0.033,0.689,8.52,3.7,0,,9.0,4,4,139,2,152.59,0,0
14286,Midwest,Social,Loyal,Control,41,74.0,28,19,3.0,4.1,0.395,0.843,0.194,0.064,2,111.43,2.75,227.3,0.295,0.03,0.868,8.98,5.2,0,,9.0,7,6,29,7,788.66,0,0
14287,Northeast,Organic Search,Returning,Control,40,80.8,15,19,3.4,4.4,0.345,0.951,0.196,0.026,2,125.38,3.32,253.94,0.378,0.03,0.807,7.45,3.0,1,7.8,6.0,5,4,7,3,301.44,0,0
14288,West,Social,Loyal,Treatment,50,54.9,69,7,11.8,8.4,0.485,0.406,0.272,0.035,2,82.11,2.51,155.92,0.705,0.213,0.787,7.51,2.7,1,16.8,10.0,5,5,18,5,410.87,0,0
14289,South,Social,Loyal,Control,33,109.5,26,10,7.4,5.5,0.261,0.78,0.147,0.008,4,110.31,3.25,460.76,0.306,0.098,0.639,4.71,6.1,1,19.2,10.0,5,5,4,6,632.28,0,1
14290,Northeast,Paid Search,Returning,Treatment,34,124.5,16,5,8.1,7.1,0.364,0.774,0.208,0.024,0,80.15,2.26,0.0,0.209,0.023,0.71,9.17,2.6,0,,10.0,5,6,131,2,213.71,1,0
14291,West,Paid Search,Returning,Control,42,92.4,16,10,7.8,8.9,0.43,0.511,0.086,0.044,1,109.02,2.94,112.68,0.244,0.149,0.754,4.67,1.8,1,50.2,10.0,6,6,5,4,410.77,0,0
14292,Northeast,Social,Returning,Treatment,47,61.5,11,7,6.6,6.8,0.326,0.623,0.265,0.028,0,114.58,2.37,0.0,0.503,0.127,0.695,1.29,2.4,0,,9.0,5,5,225,3,441.66,0,0
14293,Midwest,Social,Returning,Treatment,49,84.9,20,7,5.6,7.1,0.309,0.584,0.172,0.014,3,104.76,3.5,449.56,0.27,0.288,0.54,3.8,1.7,2,64.3,9.0,6,6,17,8,774.2,0,1
14294,Midwest,Organic Search,Loyal,Treatment,40,141.1,36,25,7.7,7.6,0.172,0.859,0.144,0.013,2,69.9,1.53,146.11,0.142,0.048,0.561,4.62,1.9,0,,6.0,4,5,15,2,126.75,0,0
14295,Midwest,Email,New,Control,18,49.9,4,10,5.9,5.8,0.189,0.892,0.372,0.064,1,73.14,2.9,102.0,0.299,0.015,0.693,6.42,5.6,0,,10.0,5,6,64,1,70.71,0,0
14296,Midwest,Referral,Returning,Treatment,33,57.8,23,3,9.7,8.1,0.286,0.891,0.182,0.017,1,96.02,3.3,137.64,0.284,0.07,0.726,4.72,4.2,0,,4.0,7,7,17,4,387.26,0,0
14297,South,Organic Search,Returning,Control,33,69.0,18,13,6.2,5.4,0.326,0.747,0.389,0.021,4,102.47,2.59,362.4,0.265,0.071,0.622,5.1,4.1,1,16.1,8.0,4,5,28,2,216.88,0,0
14298,West,Email,Returning,Treatment,53,108.8,22,13,8.1,6.3,0.346,0.453,0.488,0.069,3,95.47,2.16,352.96,0.152,0.032,0.752,2.29,3.8,0,,9.0,6,6,15,4,370.78,0,0
14299,South,Referral,Returning,Treatment,58,104.8,12,9,2.4,3.5,0.281,0.757,0.199,0.025,5,76.32,1.71,318.97,0.149,0.085,0.613,5.93,2.5,0,,10.0,3,4,24,3,211.7,0,0
14300,Midwest,Social,Returning,Treatment,45,72.8,14,5,2.8,4.3,0.44,0.816,0.272,0.055,1,106.08,1.95,111.99,0.366,0.023,0.821,6.91,3.0,2,33.6,8.0,6,6,30,1,108.16,1,0
14301,West,Paid Search,New,Control,55,60.7,1,5,7.5,7.9,0.421,0.617,0.403,0.025,1,73.19,1.48,70.04,0.473,0.087,0.675,6.64,2.2,0,,10.0,3,3,42,1,67.44,0,0
14302,South,Organic Search,Loyal,Treatment,39,138.5,60,17,8.2,6.0,0.386,0.91,0.262,0.05,1,53.21,1.5,55.35,0.193,0.173,0.564,1.8,3.7,0,,4.0,6,5,14,6,288.58,0,0
14303,Midwest,Paid Search,Loyal,Treatment,53,36.9,35,10,15.7,9.6,0.239,0.8,0.151,0.019,1,39.75,2.63,40.14,0.502,0.111,0.772,2.87,3.8,2,18.6,5.0,6,6,56,3,99.14,0,0
14304,West,Social,Loyal,Control,42,97.7,41,15,2.8,4.6,0.468,0.697,0.459,0.111,2,97.87,2.66,229.33,0.33,0.114,0.744,7.65,3.4,0,,8.0,4,5,22,3,262.16,0,0
14305,Midwest,Referral,Returning,Control,54,177.1,14,10,6.5,5.3,0.189,0.957,0.134,0.008,1,104.88,3.13,93.41,0.262,0.044,0.634,10.32,2.3,1,5.3,8.0,6,6,35,2,212.21,0,0
14306,South,Organic Search,New,Treatment,61,61.6,4,4,7.7,6.1,0.365,0.583,0.215,0.056,1,79.02,3.07,84.64,0.248,0.158,0.715,6.64,2.4,1,6.3,9.0,4,5,34,3,212.3,0,0
14307,West,Organic Search,Loyal,Treatment,63,67.4,45,12,5.4,7.8,0.245,0.702,0.64,0.173,2,75.05,2.0,127.99,0.088,0.186,0.677,0.94,1.9,2,11.0,8.0,6,6,62,7,534.8,0,0
14308,South,Paid Search,Returning,Treatment,27,120.2,16,6,4.3,5.9,0.325,0.634,0.302,0.011,4,114.73,3.02,474.42,0.4,0.104,0.607,8.24,3.1,4,29.0,5.0,4,5,3,3,434.43,1,1
14309,South,Paid Search,Returning,Control,26,128.2,13,16,2.4,6.9,0.493,0.673,0.29,0.046,3,118.14,2.7,300.97,0.248,0.156,0.647,7.9,2.5,2,49.7,10.0,7,7,3,4,480.72,0,1
14310,West,Social,New,Treatment,40,88.3,5,4,3.9,6.0,0.457,0.71,0.282,0.048,2,84.23,2.47,131.43,0.462,0.073,0.671,4.41,3.3,0,,5.0,6,6,10,1,104.65,0,0
14311,West,Organic Search,New,Control,33,62.1,4,4,7.8,7.0,0.274,0.757,0.156,0.058,2,68.96,2.71,136.64,0.118,0.036,0.558,7.41,3.3,0,,9.0,4,4,89,2,126.04,0,0
14312,South,Social,New,Treatment,35,92.9,5,3,4.5,4.1,0.348,0.729,0.118,0.036,2,55.79,2.54,86.7,0.428,0.09,0.521,2.63,9.3,0,,,7,7,32,2,91.9,0,0
14313,South,Paid Search,Returning,Treatment,38,109.0,11,10,13.2,9.0,0.27,0.793,0.648,0.101,2,81.78,2.95,153.4,0.467,0.046,0.566,2.57,3.3,0,,5.0,4,5,31,2,175.66,0,0
14314,Midwest,Email,Loyal,Treatment,44,25.2,26,14,7.0,6.6,0.261,0.753,0.579,0.07,2,77.93,2.41,124.54,0.322,0.073,0.618,4.35,3.7,0,,10.0,5,5,4,1,79.69,0,1
14315,West,Organic Search,Loyal,Treatment,32,55.0,62,19,10.3,8.3,0.179,0.731,0.44,0.103,5,61.85,1.49,340.99,0.182,0.011,0.737,4.77,3.5,0,,10.0,6,6,19,2,107.11,0,1
14316,Midwest,Email,Returning,Control,38,185.2,8,12,4.3,6.4,0.376,0.676,0.409,0.004,1,129.04,2.84,142.86,0.155,0.053,0.704,5.72,3.0,0,,4.0,6,6,89,3,358.14,0,0
14317,South,Paid Search,Returning,Treatment,30,66.7,6,7,2.6,3.5,0.585,0.832,0.315,0.021,1,150.91,2.87,119.1,0.108,0.109,0.71,5.64,3.1,0,,,5,5,24,1,150.76,0,0
14318,Northeast,Paid Search,New,Control,29,67.8,4,2,7.4,6.0,0.443,0.971,0.163,0.001,1,53.23,2.7,57.42,0.514,0.177,0.829,5.84,4.1,2,29.7,7.0,7,6,49,2,120.81,0,0
14319,South,Social,New,Treatment,27,130.5,5,6,4.7,4.6,0.316,0.996,0.28,0.026,0,72.53,1.91,0.0,0.662,0.12,0.628,3.9,3.9,1,15.6,4.0,6,5,105,1,83.66,1,0
14320,South,Social,Returning,Control,18,82.4,14,4,11.5,11.2,0.213,0.798,0.34,0.036,1,114.99,2.45,94.25,0.455,0.139,0.698,5.65,4.0,0,,7.0,5,4,36,2,231.62,0,0
14321,Northeast,Referral,Loyal,Control,50,68.5,28,31,5.3,4.5,0.339,0.651,0.297,0.062,7,97.49,2.55,657.21,0.365,0.019,0.812,9.21,2.4,2,7.1,9.0,5,5,11,5,576.66,0,0
14322,Midwest,Organic Search,Loyal,Control,35,103.3,38,13,11.3,8.7,0.24,0.564,0.377,0.104,2,75.59,2.33,129.23,0.494,0.02,0.75,6.22,5.6,0,,6.0,6,5,19,6,443.66,0,0
14323,South,Organic Search,New,Control,44,71.3,3,7,2.4,4.1,0.338,0.776,0.193,0.073,0,76.03,2.84,0.0,0.078,0.099,0.503,5.53,3.6,1,18.5,4.0,6,6,179,4,334.17,0,0
14324,Northeast,Email,Loyal,Control,49,78.6,29,11,4.1,5.6,0.321,0.754,0.409,0.111,2,128.36,3.8,299.19,0.328,0.029,0.739,3.55,2.8,0,,10.0,4,4,9,2,232.03,0,1
14325,Northeast,Social,Returning,Treatment,51,80.3,11,8,5.9,6.3,0.301,0.866,0.323,0.1,2,53.17,2.42,125.92,0.192,0.06,0.541,6.02,3.7,0,,7.0,6,6,22,2,113.82,0,0
14326,Northeast,Paid Search,Returning,Treatment,33,,12,11,5.1,5.1,0.369,0.74,0.067,0.009,2,83.5,2.25,194.08,0.351,0.134,0.647,7.39,2.3,0,,8.0,3,3,39,3,288.31,0,1
14327,South,Email,Loyal,Control,35,67.4,52,6,8.7,6.9,0.197,0.751,0.271,0.032,1,79.99,2.3,78.01,0.341,0.053,0.649,8.52,3.6,1,9.5,5.0,4,4,85,6,575.98,1,0
14328,South,Organic Search,Returning,Control,30,88.7,10,2,4.4,8.7,0.279,0.8,0.411,0.118,0,72.8,1.85,0.0,0.259,0.02,0.759,9.54,3.8,0,,9.0,5,6,203,2,121.38,1,0
14329,West,Paid Search,New,Treatment,61,74.9,5,3,3.3,4.6,0.376,0.532,0.411,0.11,1,89.25,2.56,72.37,0.58,0.136,0.631,2.83,4.0,0,,7.0,5,6,44,3,234.11,1,1
14330,West,Email,New,Treatment,56,,5,13,9.5,7.7,0.134,0.791,0.304,0.04,2,77.51,2.6,192.77,0.436,0.022,0.748,4.41,5.6,0,,9.0,4,5,22,2,139.86,0,0
14331,South,Social,Returning,Treatment,26,61.7,21,17,8.0,6.2,0.357,0.738,0.455,0.041,2,74.47,2.65,164.09,0.37,0.16,0.642,4.32,4.4,0,,3.0,4,4,12,1,75.41,1,0
14332,Midwest,Paid Search,Loyal,Treatment,56,88.2,46,6,5.9,4.9,0.354,0.808,0.1,0.005,0,65.48,1.0,0.0,0.312,0.049,0.599,3.79,1.5,0,,10.0,4,4,131,2,139.27,0,0
14333,Midwest,Social,Returning,Control,59,73.9,14,5,7.8,7.8,0.252,0.928,0.187,0.037,0,64.53,1.44,0.0,0.454,0.088,0.611,5.79,3.0,1,40.0,8.0,7,7,215,1,85.53,0,0
14334,Northeast,Organic Search,Returning,Treatment,51,146.9,17,4,2.9,3.8,0.277,0.731,0.307,0.029,1,144.31,2.86,163.56,0.022,0.035,0.74,5.37,3.6,0,,10.0,5,4,29,3,332.48,0,0
14335,Midwest,Email,Returning,Treatment,38,51.0,20,8,7.6,6.5,0.181,0.724,0.189,0.035,0,96.31,2.76,0.0,0.302,0.019,0.738,5.69,2.9,1,15.6,9.0,5,5,235,2,232.98,1,0
14336,Northeast,Social,Loyal,Treatment,40,66.7,35,16,2.8,5.2,0.435,0.869,0.224,0.076,3,107.52,3.4,314.82,0.252,0.172,0.529,5.33,3.6,0,,10.0,5,5,4,5,453.29,0,0
14337,West,Paid Search,Loyal,Treatment,61,65.8,38,12,4.5,4.4,0.339,0.477,0.355,0.009,1,121.69,3.23,141.29,0.723,0.028,0.752,6.16,2.2,2,45.3,10.0,7,7,63,3,391.35,0,1
14338,South,Social,Returning,Control,24,43.7,18,29,6.8,7.1,0.399,0.81,0.133,0.012,5,99.85,3.11,503.8,0.221,0.056,0.679,4.49,3.2,1,16.8,9.0,3,5,6,8,779.2,0,0
14339,West,Social,Loyal,Treatment,38,64.1,34,2,5.4,7.5,0.465,0.834,0.209,0.022,1,138.71,2.69,135.92,0.347,0.088,0.648,4.53,3.6,1,10.2,7.0,6,6,74,6,729.2,0,1
14340,Northeast,Referral,Returning,Control,50,89.3,21,9,6.7,6.5,0.136,0.528,0.212,0.03,1,93.81,1.38,103.69,0.269,0.156,0.844,6.64,4.6,2,27.0,9.0,4,4,73,4,437.52,0,0
14341,Midwest,Paid Search,Returning,Treatment,46,71.1,13,7,8.8,9.7,0.401,0.801,0.252,0.007,0,95.71,3.11,0.0,0.247,0.093,0.679,2.72,4.4,2,8.8,6.0,5,5,145,4,421.25,1,0
14342,West,Organic Search,New,Treatment,49,82.9,4,10,5.3,4.8,0.326,0.457,0.4,0.106,0,102.35,2.41,0.0,0.184,0.057,0.656,6.48,3.1,3,23.6,6.0,5,5,133,2,156.68,1,0
14343,South,Paid Search,New,Control,53,58.1,5,13,11.0,12.1,0.183,0.799,0.271,0.03,2,86.27,2.63,169.56,0.207,0.085,0.505,7.92,2.0,0,,5.0,5,5,32,1,94.56,0,0
14344,West,Paid Search,New,Treatment,39,72.5,3,5,5.0,4.3,0.359,0.986,0.275,0.049,0,48.07,1.83,0.0,0.209,0.156,0.693,4.02,7.7,1,15.6,9.0,4,4,252,1,56.81,1,0
14345,South,Referral,Returning,Control,23,57.2,22,8,7.8,6.1,0.368,0.79,0.1,0.031,1,94.23,2.99,119.01,0.247,0.088,0.522,8.78,4.1,0,,10.0,5,6,85,10,1061.03,0,0
14346,South,Paid Search,Loyal,Control,57,83.3,35,9,2.7,3.8,0.43,0.568,0.176,0.006,1,63.9,2.46,64.25,0.208,0.112,0.803,5.27,2.3,0,,8.0,5,5,89,1,85.24,0,0
14347,South,Organic Search,Returning,Treatment,50,81.6,20,6,8.9,9.6,0.179,0.499,0.346,0.067,0,85.05,1.65,0.0,0.112,0.039,0.865,5.46,4.9,0,,8.0,6,5,121,1,69.91,0,1
14348,Midwest,Social,Returning,Control,63,42.3,7,4,13.5,8.8,0.269,0.829,0.294,0.056,0,64.01,1.67,0.0,0.274,0.076,0.656,5.64,4.3,0,,5.0,7,7,217,3,148.75,1,0
14349,Northeast,Email,Returning,Treatment,42,239.3,24,10,6.8,7.1,0.222,0.873,0.437,0.07,1,98.74,1.76,74.41,0.29,0.198,0.635,4.28,4.1,1,19.5,5.0,7,7,43,4,388.21,0,0
14350,West,Paid Search,Returning,Treatment,54,54.8,7,2,6.4,7.0,0.528,0.596,0.101,0.025,0,109.81,3.74,0.0,0.156,0.03,0.784,7.0,1.8,2,21.9,7.0,6,6,122,2,183.78,1,0
14351,South,Paid Search,Returning,Control,24,38.9,20,8,4.8,5.4,0.466,0.832,0.195,0.046,2,57.17,2.92,119.92,0.421,0.02,0.747,5.86,7.0,0,,,6,6,6,2,135.26,0,0
14352,South,Email,New,Treatment,75,36.3,5,7,9.9,8.5,0.29,0.473,0.34,0.045,0,33.89,1.73,0.0,0.284,0.028,0.611,4.47,3.6,2,21.3,,2,2,196,1,41.01,1,1
14353,South,Organic Search,Loyal,Control,51,52.4,36,17,3.9,6.4,0.253,0.381,0.427,0.086,3,64.54,2.37,181.8,0.411,0.067,0.78,7.54,2.4,0,,,5,4,49,6,421.34,0,0
14354,South,Social,Returning,Control,40,115.8,19,11,3.2,4.2,0.343,0.971,0.295,0.026,1,49.13,2.09,53.82,0.462,0.166,0.657,3.48,3.0,1,18.0,7.0,5,6,12,2,85.54,1,1
14355,South,Organic Search,Loyal,Control,22,140.6,32,21,7.2,5.9,0.254,0.89,0.332,0.044,5,83.0,1.17,335.36,0.373,0.159,0.772,7.87,5.7,0,,8.0,5,4,33,4,357.29,0,0
14356,Northeast,Referral,Returning,Treatment,49,62.2,10,8,8.0,6.2,0.169,0.566,0.45,0.044,3,72.46,1.42,198.53,0.303,0.074,0.732,3.89,3.1,0,,8.0,4,4,30,5,363.0,0,0
14357,Midwest,Email,Returning,Control,42,55.9,19,16,5.6,4.9,0.098,0.649,0.196,0.039,3,112.92,2.36,294.97,0.271,0.018,0.599,6.4,2.7,0,,9.0,7,6,17,6,826.96,0,0
14358,Midwest,Email,Loyal,Treatment,48,82.7,35,13,29.3,16.0,0.206,0.822,0.52,0.036,2,42.43,1.19,67.63,0.169,0.016,0.542,4.7,3.4,1,25.8,9.0,5,6,24,15,665.85,0,1
14359,Midwest,Social,Returning,Treatment,29,92.6,6,2,5.8,7.0,0.493,0.781,0.237,0.057,1,126.3,2.33,141.28,0.273,0.216,0.673,2.24,3.9,1,5.9,5.0,3,3,32,1,123.81,0,0
14360,Midwest,Social,Returning,Treatment,34,48.1,8,8,6.3,6.9,0.302,0.812,0.53,0.017,2,70.17,2.25,151.11,0.413,0.135,0.675,7.36,3.0,0,,8.0,7,6,89,2,141.56,0,1
14361,South,Email,Loyal,Treatment,41,18.4,36,1,6.1,7.8,0.237,0.84,0.335,0.003,0,70.56,2.05,0.0,0.304,0.031,0.635,4.75,4.4,1,15.0,6.0,7,7,239,2,157.02,0,1
14362,Midwest,Paid Search,Returning,Control,39,93.4,24,8,8.4,6.4,0.395,0.882,0.247,0.004,0,102.71,3.89,0.0,0.663,0.029,0.775,9.41,3.7,2,53.8,5.0,7,7,95,3,338.02,1,0
14363,West,Social,Returning,Control,32,61.6,16,12,3.1,4.0,0.423,0.778,0.069,0.016,1,97.62,2.2,98.48,0.192,0.086,0.65,5.11,1.8,2,34.7,5.0,5,4,43,5,376.1,0,0
14364,Midwest,Organic Search,Returning,Control,20,64.3,10,10,5.1,8.2,0.232,0.958,0.323,0.044,1,51.58,2.32,55.46,0.711,0.028,0.731,6.98,3.6,0,,8.0,6,6,74,1,50.33,0,0
14365,West,Referral,Returning,Treatment,18,49.6,11,3,16.2,10.3,0.254,0.848,0.239,0.095,0,53.22,2.03,0.0,0.62,0.046,0.662,6.48,6.9,0,,8.0,5,4,166,1,54.97,0,0
14366,Northeast,Organic Search,Returning,Treatment,54,49.9,13,8,7.3,6.4,0.214,0.822,0.172,0.019,1,57.13,1.81,67.21,0.325,0.073,0.704,4.52,4.3,0,,8.0,6,5,35,1,58.05,0,0
14367,South,Organic Search,Returning,Treatment,54,17.6,9,5,4.5,5.0,0.227,0.611,0.255,0.018,1,64.24,1.11,58.55,0.185,0.094,0.651,2.37,4.0,1,12.9,6.0,6,6,50,2,134.23,0,0
14368,Midwest,Social,Returning,Control,44,82.7,8,8,9.6,6.7,0.197,0.877,0.193,0.019,6,50.56,1.31,300.53,0.469,0.066,0.611,8.48,2.7,0,,8.0,6,6,8,2,110.75,0,0
14369,South,Social,Returning,Treatment,31,43.0,9,8,2.7,3.8,0.327,0.892,0.134,0.022,2,66.48,2.1,157.77,0.197,0.116,0.656,6.68,4.9,0,,6.0,6,5,1,1,63.3,0,0
14370,West,Social,Returning,Treatment,32,77.6,22,22,8.4,6.3,0.364,0.742,0.212,0.016,9,166.24,3.6,1422.19,0.274,0.111,0.35,6.94,1.4,1,38.8,7.0,4,5,2,2,308.13,0,1
14371,Midwest,Organic Search,Returning,Control,29,60.7,9,12,4.8,4.7,0.295,0.847,0.2,0.036,1,76.22,1.16,63.44,0.054,0.032,0.762,9.78,4.4,2,31.1,4.0,5,5,45,4,258.06,0,1
14372,South,Organic Search,Returning,Control,39,76.0,9,9,11.2,8.4,0.174,0.631,0.22,0.01,4,69.35,1.93,296.2,0.475,0.12,0.738,7.13,2.6,1,10.5,10.0,5,5,5,4,257.23,0,0
14373,Midwest,Referral,Loyal,Control,30,22.6,59,14,4.7,6.7,0.138,0.845,0.226,0.027,6,62.88,1.17,426.1,0.323,0.007,0.687,3.58,7.9,0,,8.0,6,7,17,6,393.5,0,0
14374,South,Referral,Returning,Control,19,95.8,10,12,5.4,6.3,0.198,0.722,0.403,0.006,4,120.06,3.14,425.94,0.293,0.046,0.781,5.97,4.6,2,23.4,6.0,7,6,14,4,536.25,0,0
14375,Midwest,Organic Search,Loyal,Treatment,63,129.2,37,10,12.8,8.0,0.106,0.639,0.226,0.072,3,69.42,1.98,234.38,0.645,0.011,0.493,4.44,5.4,0,,2.0,4,4,22,1,52.31,0,0
14376,Midwest,Social,Returning,Control,28,48.4,13,3,5.7,5.3,0.313,0.904,0.321,0.034,0,59.22,2.38,0.0,0.194,0.264,0.803,5.72,2.4,0,,9.0,5,5,186,3,211.73,0,0
14377,Midwest,Organic Search,Loyal,Control,18,105.9,25,10,8.5,6.9,0.241,0.678,0.137,0.034,1,97.69,2.02,80.38,0.059,0.003,0.722,6.05,1.7,1,21.6,9.0,6,6,52,5,488.49,0,0
14378,South,Paid Search,Returning,Treatment,35,54.5,23,9,4.9,6.8,0.237,0.536,0.112,0.021,3,69.89,1.98,214.13,0.306,0.029,0.744,2.57,6.3,1,26.6,2.0,3,3,38,4,316.21,0,1
14379,Midwest,Social,New,Treatment,55,67.1,3,10,7.0,6.9,0.428,0.76,0.172,0.029,2,76.54,1.41,148.34,0.238,0.027,0.478,7.16,4.6,1,16.6,6.0,7,7,15,2,125.31,0,0
14380,West,Organic Search,Loyal,Control,35,78.8,49,14,4.9,5.8,0.285,0.75,0.127,0.013,2,91.0,2.71,169.22,0.105,0.033,0.678,2.93,4.6,1,11.7,6.0,7,7,18,11,969.12,1,0
14381,Northeast,Email,Loyal,Control,36,57.7,29,1,8.9,6.9,0.2,0.67,0.297,0.019,0,57.72,1.71,0.0,0.355,0.076,0.689,4.89,1.5,2,37.6,7.0,4,5,365,4,244.21,1,0
14382,South,Email,Returning,Treatment,24,61.1,20,14,4.8,5.7,0.371,0.952,0.341,0.064,2,89.11,1.73,193.49,0.308,0.094,0.621,4.06,3.4,2,22.2,10.0,5,6,12,5,512.92,0,0
14383,West,Referral,Loyal,Treatment,46,75.5,43,16,4.7,5.6,0.3,0.734,0.348,0.007,4,120.51,2.53,627.66,0.077,0.087,0.656,0.53,3.0,0,,7.0,4,5,1,2,293.78,0,1
14384,South,Referral,Loyal,Treatment,41,80.8,96,12,3.3,9.9,0.156,0.341,0.184,0.076,0,109.94,3.3,0.0,0.113,0.035,0.735,2.41,4.4,4,12.0,5.0,7,7,138,26,3112.37,0,0
14385,West,Paid Search,New,Treatment,52,53.4,5,7,7.2,6.6,0.226,0.765,0.365,0.042,1,36.25,2.35,42.21,0.716,0.055,0.568,4.91,5.9,1,10.1,8.0,7,7,89,2,71.73,0,0
14386,South,Paid Search,New,Treatment,46,16.4,2,8,11.2,9.6,0.244,0.623,0.223,0.008,1,52.77,3.05,61.43,0.358,0.179,0.659,7.36,3.8,0,,7.0,6,6,39,1,45.0,0,0
14387,Midwest,Referral,Returning,Treatment,67,48.8,19,26,4.0,6.2,0.259,0.714,0.16,0.008,9,83.27,1.33,679.85,0.171,0.019,0.683,5.03,2.1,1,25.6,8.0,5,5,2,1,68.93,0,1
14388,South,Organic Search,Returning,Control,32,49.3,8,7,5.4,5.1,0.3,0.611,0.118,0.056,0,37.77,1.0,0.0,0.4,0.055,0.464,6.53,4.0,0,,7.0,6,6,156,1,44.79,0,0
14389,Northeast,Organic Search,Returning,Treatment,22,73.4,9,12,13.4,8.9,0.214,0.926,0.293,0.028,2,68.92,2.43,132.9,0.066,0.19,0.852,6.16,2.6,0,,5.0,7,7,36,5,327.15,0,0
14390,Northeast,Referral,New,Control,30,,5,6,5.5,6.0,0.302,0.891,0.352,0.079,2,80.72,3.06,141.51,0.315,0.015,0.511,8.25,2.8,1,45.2,,4,4,15,1,81.91,0,0
14391,West,Email,Returning,Control,25,53.7,12,22,7.9,7.2,0.241,0.852,0.352,0.016,3,76.89,1.64,236.37,0.351,0.059,0.678,8.17,2.6,3,9.6,9.0,4,5,80,1,99.06,0,0
14392,West,Paid Search,New,Treatment,35,98.9,5,3,4.9,6.2,0.274,0.662,0.468,0.016,2,90.9,2.81,183.37,0.16,0.06,0.716,5.08,3.6,0,,8.0,4,4,46,1,91.08,0,0
14393,West,Organic Search,Returning,Control,40,101.4,16,9,7.0,7.4,0.196,0.506,0.166,0.03,3,91.42,2.58,294.25,0.098,0.093,0.728,9.72,3.6,0,,8.0,3,4,14,2,191.44,0,0
14394,Midwest,Paid Search,Loyal,Control,24,124.0,40,6,5.3,6.6,0.317,0.98,0.334,0.008,1,137.16,1.28,134.02,0.402,0.042,0.709,6.97,1.6,1,21.4,8.0,5,4,10,5,820.9,0,0
14395,West,Organic Search,Returning,Treatment,35,79.5,20,16,6.9,7.5,0.25,0.868,0.265,0.034,4,64.49,1.73,338.09,0.51,0.034,0.68,7.35,2.6,2,18.3,7.0,5,6,12,4,243.98,0,0
14396,South,Organic Search,New,Control,42,49.1,3,9,4.1,6.0,0.196,0.737,0.335,0.083,2,74.07,2.18,141.64,0.097,0.123,0.778,5.36,6.0,0,,10.0,7,7,24,1,77.67,0,0
14397,South,Paid Search,New,Treatment,37,136.1,5,1,4.8,12.7,0.309,0.781,0.284,0.028,0,122.35,3.54,0.0,0.132,0.053,0.631,3.76,3.8,0,,10.0,5,5,365,2,199.56,1,0
14398,South,Referral,Loyal,Control,47,83.3,36,14,6.2,5.9,0.364,0.461,0.23,0.031,3,88.26,3.06,224.7,0.369,0.134,0.778,7.07,3.9,2,12.3,6.0,6,6,19,5,405.35,0,0
14399,West,Organic Search,Loyal,Treatment,37,31.6,62,3,5.6,8.5,0.15,0.889,0.242,0.039,1,56.8,2.26,52.88,0.268,0.118,0.638,6.53,2.7,4,55.8,6.0,4,5,24,9,603.81,0,0
14400,West,Organic Search,Returning,Treatment,33,69.9,21,10,3.2,4.2,0.163,0.538,0.308,0.046,4,150.68,2.62,468.59,0.107,0.018,0.736,5.91,1.3,0,,10.0,4,3,4,3,415.87,0,0
14401,West,Paid Search,Loyal,Control,41,121.5,32,1,4.5,6.2,0.369,0.657,0.335,0.025,1,176.99,3.94,191.39,0.546,0.032,0.596,7.49,4.6,0,,6.0,4,4,6,2,328.29,0,0
14402,South,Social,Loyal,Control,30,128.5,46,21,6.2,8.3,0.449,0.914,0.212,0.084,4,61.35,3.12,248.36,0.433,0.043,0.685,7.08,3.1,1,50.7,7.0,5,5,4,2,119.18,0,0
14403,Northeast,Paid Search,Returning,Control,20,133.5,21,13,2.5,4.7,0.292,0.991,0.188,0.018,2,81.34,2.27,178.88,0.214,0.107,0.652,9.45,5.4,1,21.0,6.0,7,7,25,4,311.47,0,0
14404,South,Referral,Returning,Control,30,92.5,12,8,4.9,6.2,0.156,0.63,0.251,0.035,2,106.06,4.05,219.09,0.099,0.025,0.689,2.75,4.2,1,38.9,9.0,5,5,28,3,335.99,0,0
14405,Midwest,Referral,Returning,Treatment,39,125.3,16,8,9.0,6.6,0.41,0.954,0.337,0.048,2,98.88,2.65,214.05,0.165,0.013,0.675,7.76,4.0,0,,4.0,6,7,15,5,537.21,0,0
14406,West,Referral,Returning,Treatment,43,202.8,13,6,7.4,6.0,0.116,0.921,0.226,0.016,1,108.98,3.01,107.8,0.406,0.038,0.612,5.39,2.3,2,16.1,9.0,6,6,54,3,306.2,0,0
14407,South,Organic Search,New,Control,43,51.0,4,4,10.8,8.9,0.17,0.895,0.101,0.022,1,97.1,1.51,86.06,0.017,0.014,0.772,8.56,6.2,1,30.9,8.0,5,5,19,1,105.88,0,0
14408,Midwest,Referral,Returning,Control,36,,7,6,3.5,3.6,0.333,0.799,0.236,0.03,4,110.34,3.21,404.22,0.102,0.112,0.591,5.79,3.1,1,77.3,10.0,6,6,2,1,118.61,0,0
14409,South,Email,New,Control,24,68.1,2,5,5.8,5.2,0.358,0.936,0.187,0.02,2,94.19,3.27,168.42,0.079,0.026,0.651,6.35,1.8,1,30.9,5.0,5,6,9,1,89.32,0,0
14410,Northeast,Organic Search,New,Treatment,23,186.2,3,3,7.9,6.8,0.283,0.914,0.32,0.08,2,85.21,1.99,166.63,0.142,0.19,0.468,5.45,2.1,1,26.3,7.0,4,4,39,1,92.96,0,0
14411,Midwest,Organic Search,Returning,Control,64,57.5,18,10,8.6,7.1,0.457,0.682,0.553,0.112,0,81.08,1.0,0.0,0.256,0.016,0.861,6.03,2.3,1,46.4,,6,6,122,1,80.22,0,0
14412,Midwest,Organic Search,Returning,Control,24,69.1,20,5,6.7,6.5,0.198,0.809,0.251,0.021,3,98.58,2.09,311.71,0.414,0.019,0.735,6.1,2.2,2,65.2,6.0,6,6,17,3,302.41,0,0
14413,West,Paid Search,New,Treatment,18,42.3,1,3,8.2,8.2,0.17,0.868,0.195,0.01,1,69.5,2.7,71.75,0.463,0.057,0.696,8.39,2.4,0,,7.0,4,5,39,1,84.63,0,0
14414,South,Paid Search,New,Treatment,25,,3,5,7.6,6.3,0.417,0.921,0.252,0.089,3,93.38,2.39,247.42,0.416,0.073,0.587,1.58,3.1,0,,5.0,4,5,6,1,85.1,0,0
14415,South,Organic Search,Returning,Control,33,109.9,21,6,3.9,5.1,0.251,0.916,0.477,0.028,1,136.95,2.94,153.61,0.352,0.077,0.672,5.68,2.6,1,40.1,6.0,6,5,62,3,430.32,1,0
14416,South,Social,Returning,Control,49,119.3,16,2,8.5,6.6,0.307,0.884,0.383,0.046,1,106.85,3.35,94.45,0.544,0.066,0.674,9.3,3.6,0,,4.0,5,7,43,1,116.82,1,0
14417,South,Organic Search,Returning,Control,40,63.6,11,9,6.4,6.9,0.247,0.544,0.324,0.047,2,80.46,3.1,185.6,0.633,0.149,0.546,7.29,3.3,0,,9.0,4,5,60,2,147.65,0,0
14418,Northeast,Organic Search,New,Control,46,224.3,4,5,4.2,5.2,0.222,0.881,0.132,0.048,0,136.34,3.58,0.0,0.098,0.089,0.717,5.04,2.6,1,15.6,6.0,3,4,154,1,138.62,1,0
14419,Midwest,Paid Search,Returning,Control,33,72.4,6,8,6.8,5.5,0.383,0.5,0.157,0.009,2,61.43,1.6,140.98,0.307,0.144,0.677,9.03,3.9,2,6.9,8.0,5,4,8,4,239.63,0,0
14420,Midwest,Paid Search,Returning,Control,43,185.1,8,14,5.4,5.7,0.461,0.633,0.308,0.119,5,96.55,2.95,547.84,0.284,0.054,0.79,8.22,2.0,2,38.3,9.0,7,7,53,3,320.08,1,0
14421,Northeast,Organic Search,Loyal,Treatment,23,30.4,25,6,3.1,4.5,0.157,0.73,0.229,0.022,1,66.51,1.77,61.18,0.67,0.03,0.752,3.85,2.8,3,12.9,,5,4,41,5,276.3,0,0
14422,Northeast,Paid Search,Returning,Treatment,45,135.6,10,8,8.2,5.9,0.494,0.466,0.152,0.039,1,142.16,3.19,156.67,0.244,0.219,0.822,6.07,3.9,1,12.6,6.0,6,6,89,2,282.03,1,1
14423,Midwest,Organic Search,Returning,Treatment,37,78.3,9,15,6.9,6.7,0.266,0.433,0.155,0.023,3,49.34,1.56,147.72,0.238,0.149,0.558,2.69,3.0,0,,7.0,5,6,17,1,48.1,0,0
14424,Midwest,Referral,Returning,Treatment,23,27.0,9,12,10.6,7.4,0.178,0.968,0.112,0.009,4,70.76,2.4,366.5,0.232,0.05,0.763,7.01,5.2,1,25.5,10.0,5,5,7,7,414.18,0,0
14425,South,Organic Search,Returning,Treatment,63,50.9,20,1,2.5,4.3,0.329,0.535,0.089,0.006,0,39.45,1.73,0.0,0.232,0.034,0.742,2.78,2.1,0,,9.0,6,6,307,4,170.23,1,0
14426,West,Paid Search,New,Treatment,44,69.7,2,1,10.4,7.5,0.54,0.851,0.327,0.115,0,51.15,1.89,0.0,0.338,0.091,0.724,6.23,4.1,1,32.1,7.0,5,6,159,3,126.43,0,0
14427,Northeast,Paid Search,Returning,Control,34,221.1,13,16,6.8,6.0,0.536,0.762,0.16,0.002,6,109.48,2.3,774.32,0.471,0.024,0.546,5.24,2.6,1,13.7,7.0,6,6,11,8,804.11,1,0
14428,South,Paid Search,Loyal,Treatment,54,26.1,37,12,10.2,8.5,0.253,0.721,0.323,0.023,2,46.46,2.41,100.16,0.314,0.174,0.675,3.38,5.1,0,,10.0,7,7,27,2,88.75,0,0
14429,Northeast,Email,Returning,Treatment,49,40.2,12,5,4.3,7.7,0.443,0.621,0.31,0.085,0,47.58,1.77,0.0,0.29,0.071,0.714,2.6,3.1,0,,8.0,6,7,190,1,45.85,0,0
14430,West,Organic Search,Loyal,Treatment,18,56.4,31,27,4.0,4.3,0.404,0.813,0.35,0.023,5,94.96,1.85,374.44,0.212,0.146,0.677,6.23,4.6,0,,8.0,5,5,14,3,304.75,0,1
14431,South,Email,Returning,Treatment,18,107.8,15,7,4.0,4.9,0.2,0.916,0.567,0.14,1,67.09,2.27,56.29,0.451,0.072,0.864,2.82,3.0,2,14.1,7.0,5,5,89,3,173.06,0,0
14432,West,Organic Search,Loyal,Control,31,,32,19,3.0,6.0,0.327,0.85,0.158,0.008,2,65.25,1.0,112.96,0.401,0.061,0.73,2.74,2.7,1,15.0,3.0,5,5,21,3,176.35,0,0
14433,South,Referral,Returning,Treatment,46,50.0,7,1,9.5,7.1,0.465,0.618,0.332,0.042,0,87.06,2.09,0.0,0.218,0.017,0.687,3.11,4.5,1,14.4,7.0,5,5,178,3,260.45,0,0
14434,South,Organic Search,Loyal,Treatment,41,179.3,44,6,5.8,5.2,0.276,0.782,0.247,0.039,1,97.26,3.43,143.92,0.213,0.026,0.54,4.86,2.8,1,10.3,10.0,4,4,45,3,277.63,0,0
14435,Northeast,Organic Search,Returning,Control,42,75.3,14,4,11.0,9.0,0.162,0.82,0.434,0.09,2,120.35,3.67,272.59,0.24,0.033,0.696,7.23,3.0,0,,4.0,3,3,75,2,212.51,1,0
14436,Midwest,Email,New,Control,43,43.9,5,5,15.9,10.7,0.099,0.834,0.344,0.064,1,89.63,2.14,73.38,0.456,0.058,0.655,4.23,5.1,1,12.5,8.0,4,5,79,3,217.54,0,0
14437,South,Organic Search,Returning,Control,67,103.9,16,4,3.7,4.4,0.293,0.48,0.237,0.02,0,108.95,3.11,0.0,0.443,0.206,0.818,10.02,3.8,1,20.2,6.0,6,6,197,7,807.86,0,0
14438,Northeast,Social,Returning,Treatment,41,103.9,8,6,7.5,6.2,0.653,0.671,0.096,0.017,3,69.17,2.53,160.74,0.47,0.285,0.74,2.81,4.5,1,18.1,10.0,6,6,12,4,277.38,0,0
14439,Midwest,Email,Returning,Control,57,105.1,12,2,4.0,7.7,0.141,0.78,0.319,0.038,0,72.66,2.05,0.0,0.423,0.111,0.681,6.6,4.0,0,,4.0,6,7,322,1,65.59,0,0
14440,Midwest,Referral,Loyal,Treatment,42,65.2,63,19,4.5,5.4,0.244,0.617,0.173,0.004,3,121.54,2.56,494.77,0.091,0.23,0.666,2.31,4.8,3,13.8,7.0,5,4,3,18,1850.93,0,0
14441,South,Email,Returning,Treatment,36,92.4,14,24,3.5,4.5,0.144,0.987,0.231,0.047,1,116.75,3.01,128.73,0.161,0.079,0.735,3.62,5.8,1,12.9,6.0,6,7,32,2,280.62,1,1
14442,Northeast,Social,Returning,Treatment,54,175.0,17,2,6.7,5.8,0.225,0.66,0.169,0.022,1,164.34,2.52,176.61,0.212,0.046,0.624,2.48,2.7,0,,10.0,6,6,15,2,294.73,0,0
14443,Midwest,Email,Loyal,Control,44,77.1,50,16,5.4,5.5,0.262,0.484,0.278,0.044,6,69.62,1.57,406.62,0.402,0.116,0.846,7.26,3.6,3,15.2,5.0,5,6,14,8,588.78,0,0
14444,West,Social,Loyal,Treatment,18,56.0,39,6,5.0,8.1,0.223,0.998,0.182,0.028,0,109.82,2.95,0.0,0.409,0.12,0.777,6.06,2.8,2,14.2,10.0,5,4,226,8,990.38,0,1
14445,West,Organic Search,Returning,Control,22,86.7,14,4,6.9,8.2,0.103,0.876,0.322,0.016,1,85.96,1.75,76.83,0.187,0.054,0.745,9.84,4.8,0,,5.0,4,5,36,1,93.44,0,0
14446,West,Social,Returning,Treatment,60,113.4,11,1,5.6,5.5,0.515,0.751,0.26,0.063,1,77.56,1.0,83.96,0.624,0.206,0.668,6.72,4.3,0,,7.0,4,4,14,3,209.93,0,0
14447,West,Organic Search,Loyal,Control,31,,33,12,14.0,9.3,0.333,0.976,0.29,0.075,0,140.79,2.8,0.0,0.246,0.078,0.842,8.18,2.7,3,45.8,5.0,4,3,190,14,1804.3,0,1
14448,South,Paid Search,Returning,Treatment,39,99.1,17,10,4.8,4.5,0.514,0.534,0.147,0.016,2,122.52,3.48,276.8,0.326,0.16,0.676,1.3,4.4,0,,6.0,7,7,43,2,269.7,0,1
14449,South,Paid Search,New,Control,60,38.4,5,2,5.2,7.1,0.379,0.534,0.124,0.003,1,67.82,1.63,58.01,0.364,0.037,0.753,8.02,6.1,1,10.9,4.0,5,5,46,2,120.07,1,0
14450,Northeast,Paid Search,Returning,Control,77,79.6,20,6,10.6,8.7,0.244,0.847,0.21,0.005,0,134.0,1.76,0.0,0.481,0.082,0.795,5.97,2.7,3,20.7,4.0,7,7,130,5,797.95,1,0
14451,West,Organic Search,Loyal,Treatment,51,74.0,25,16,8.0,7.0,0.266,0.583,0.282,0.049,2,143.55,3.53,304.71,0.196,0.029,0.715,3.22,1.2,0,,10.0,7,7,22,2,284.8,0,1
14452,Midwest,Referral,Returning,Treatment,51,61.4,21,9,6.0,8.2,0.149,0.561,0.265,0.012,1,46.14,2.38,50.42,0.27,0.012,0.586,4.13,5.5,2,14.5,8.0,5,5,54,2,78.04,0,1
14453,West,Paid Search,Loyal,Treatment,47,57.7,25,15,3.6,6.4,0.348,0.388,0.136,0.012,3,88.14,2.47,293.63,0.472,0.147,0.747,3.4,2.6,0,,9.0,5,6,17,1,88.04,0,1
14454,Northeast,Organic Search,Loyal,Treatment,31,55.7,44,12,7.8,7.5,0.318,0.792,0.123,0.047,2,107.21,2.75,255.44,0.078,0.026,0.745,5.06,4.7,0,,8.0,7,7,53,2,230.83,0,0
14455,Northeast,Social,Returning,Control,28,123.4,21,17,5.2,6.4,0.513,0.726,0.391,0.081,2,182.02,3.05,368.42,0.348,0.08,0.826,7.19,2.6,0,,8.0,4,4,15,1,190.16,0,0
14456,Northeast,Email,Loyal,Control,57,60.9,42,38,4.8,5.1,0.258,0.639,0.439,0.072,3,85.76,2.71,283.95,0.213,0.182,0.809,5.57,2.7,0,,9.0,7,7,57,4,333.93,0,0
14457,West,Paid Search,Returning,Treatment,45,66.5,9,7,4.4,8.2,0.332,0.872,0.302,0.073,0,106.41,2.23,0.0,0.169,0.057,0.486,6.04,5.7,1,64.6,5.0,4,5,173,3,307.43,1,1
14458,Northeast,Social,Returning,Control,45,63.1,16,16,5.6,7.6,0.381,0.814,0.367,0.029,2,93.02,2.5,156.62,0.311,0.085,0.795,4.64,4.5,1,31.6,8.0,6,6,11,4,350.08,0,1
14459,West,Email,Returning,Treatment,29,101.3,6,10,8.7,9.2,0.36,0.757,0.18,0.012,2,70.85,2.52,165.19,0.156,0.202,0.513,3.31,3.1,0,,10.0,7,7,40,1,65.84,0,0
14460,South,Organic Search,Returning,Control,57,43.4,14,14,4.9,5.7,0.392,0.592,0.249,0.051,3,52.07,1.86,163.83,0.134,0.036,0.531,5.63,2.7,0,,9.0,6,6,30,3,166.92,0,0
14461,Northeast,Organic Search,Returning,Control,39,84.7,22,4,8.0,8.8,0.206,0.484,0.202,0.054,1,80.81,2.05,65.55,0.553,0.027,0.606,6.18,2.1,0,,9.0,5,5,51,3,273.94,0,0
14462,Midwest,Paid Search,Returning,Control,34,69.5,14,2,16.1,9.8,0.451,0.672,0.191,0.04,1,74.95,2.08,60.69,0.699,0.018,0.707,6.24,2.3,2,13.2,8.0,4,4,42,5,352.08,0,0
14463,South,Paid Search,New,Control,32,85.9,4,9,8.9,7.3,0.438,0.753,0.217,0.025,1,86.39,1.33,86.54,0.459,0.136,0.563,5.54,4.6,0,,9.0,7,7,89,1,80.46,0,0
14464,Midwest,Organic Search,Returning,Control,40,49.3,23,2,8.9,7.1,0.181,0.778,0.253,0.095,0,92.31,2.25,0.0,0.054,0.08,0.445,6.75,3.9,2,38.3,5.0,6,6,184,4,462.06,1,0
14465,Midwest,Email,Returning,Treatment,34,52.3,9,12,11.4,7.9,0.344,0.615,0.405,0.007,6,88.52,3.73,551.3,0.13,0.015,0.524,7.48,3.7,0,,2.0,4,4,36,2,165.29,0,0
14466,West,Paid Search,Returning,Treatment,24,93.5,9,6,5.1,5.6,0.35,0.81,0.311,0.011,0,113.35,2.29,0.0,0.486,0.057,0.731,3.08,3.5,1,17.5,10.0,6,6,103,5,525.3,0,0
14467,Midwest,Referral,Loyal,Treatment,33,73.8,41,6,10.5,8.1,0.261,0.574,0.145,0.02,1,81.05,1.98,86.64,0.314,0.166,0.644,3.91,3.8,2,13.5,4.0,4,6,27,10,783.75,0,0
14468,Northeast,Email,Returning,Treatment,67,61.9,12,24,4.2,6.0,0.21,0.697,0.284,0.06,4,143.02,3.79,577.23,0.285,0.209,0.689,6.95,1.6,0,,9.0,7,7,1,2,306.51,0,0
14469,West,Paid Search,Loyal,Control,42,60.3,30,13,10.0,7.8,0.232,0.515,0.271,0.055,2,101.0,2.64,170.07,0.394,0.167,0.818,7.86,2.1,2,8.4,10.0,5,6,52,5,588.63,0,0
14470,West,Social,Returning,Control,53,58.9,16,13,4.1,5.8,0.291,0.548,0.149,0.03,2,114.72,2.94,238.18,0.368,0.071,0.811,7.03,1.8,1,15.6,8.0,4,4,21,2,230.47,0,0
14471,West,Paid Search,Returning,Treatment,47,72.5,19,10,7.5,6.2,0.439,0.728,0.465,0.03,3,56.97,2.25,172.13,0.146,0.049,0.818,3.07,4.5,3,29.0,6.0,5,6,2,7,396.93,0,0
14472,South,Paid Search,New,Control,42,53.3,3,3,6.5,5.5,0.476,0.645,0.503,0.095,0,49.42,4.14,0.0,0.219,0.144,0.608,3.35,2.0,0,,8.0,5,6,104,1,57.23,0,0
14473,Midwest,Organic Search,Returning,Treatment,39,128.9,6,7,10.6,9.2,0.26,0.696,0.264,0.086,1,127.98,3.26,127.86,0.166,0.031,0.799,0.6,4.7,0,,8.0,7,7,45,1,125.99,0,0
14474,Midwest,Paid Search,Returning,Control,30,65.7,14,6,5.0,5.6,0.316,0.666,0.203,0.015,0,98.35,2.08,0.0,0.281,0.036,0.864,8.76,3.0,0,,10.0,5,5,180,2,206.48,0,0
14475,Northeast,Social,Returning,Control,47,33.5,17,14,5.7,5.3,0.483,0.63,0.177,0.006,0,91.44,2.1,0.0,0.526,0.121,0.589,5.88,2.7,0,,4.0,4,5,254,1,87.99,1,1
14476,South,Organic Search,Returning,Treatment,41,104.9,9,10,7.7,6.5,0.43,0.742,0.293,0.034,2,67.11,2.47,130.13,0.285,0.051,0.597,0.36,2.5,2,38.8,6.0,4,5,18,1,83.26,0,0
14477,Midwest,Paid Search,Returning,Control,62,156.6,11,9,3.3,8.3,0.23,0.86,0.068,0.008,2,86.49,1.46,220.36,0.272,0.058,0.631,6.68,2.3,1,12.8,,4,4,78,3,239.05,0,0
14478,Northeast,Paid Search,Returning,Control,44,88.0,14,8,8.4,7.3,0.302,0.876,0.065,0.005,1,92.27,2.56,111.47,0.135,0.079,0.61,6.64,2.7,0,,8.0,6,6,25,2,201.61,1,0
14479,Midwest,Paid Search,New,Treatment,52,62.5,3,2,16.1,10.5,0.519,0.723,0.224,0.031,1,86.77,2.4,121.2,0.444,0.08,0.579,2.95,5.9,0,,6.0,5,6,33,1,89.27,0,0
14480,South,Organic Search,Returning,Treatment,51,36.6,20,4,11.4,9.5,0.204,0.845,0.186,0.003,1,90.83,2.91,101.49,0.099,0.023,0.849,4.54,5.2,0,,6.0,4,4,89,1,87.94,0,0
14481,South,Email,New,Treatment,74,29.7,4,4,8.9,8.1,0.286,0.482,0.223,0.051,0,55.64,1.09,0.0,0.267,0.009,0.537,2.74,4.2,0,,8.0,5,6,226,1,71.83,0,0
14482,Midwest,Organic Search,Returning,Control,28,70.7,23,7,4.5,4.9,0.328,0.935,0.191,0.036,1,147.76,2.62,180.69,0.149,0.028,0.639,7.35,3.7,0,,10.0,6,6,89,1,139.19,0,0
14483,West,Organic Search,New,Control,55,90.8,5,10,5.1,5.3,0.335,0.481,0.217,0.057,2,135.6,2.84,279.17,0.464,0.01,0.662,9.57,1.8,0,,8.0,4,4,7,1,153.39,0,0
14484,Midwest,Paid Search,Returning,Treatment,51,43.8,7,8,10.4,7.1,0.317,0.412,0.264,0.006,1,100.78,1.87,135.03,0.342,0.08,0.676,8.11,6.5,0,,,6,7,29,2,195.08,0,1
14485,South,Social,Returning,Treatment,42,55.3,23,17,5.3,6.1,0.312,0.415,0.339,0.054,3,54.64,1.45,177.67,0.156,0.045,0.592,3.85,4.3,2,17.7,7.0,5,5,23,5,308.33,0,0
14486,West,Email,Loyal,Treatment,33,50.9,29,9,6.3,5.8,0.169,0.86,0.269,0.021,0,108.01,1.51,0.0,0.394,0.069,0.516,8.05,3.5,1,29.9,7.0,5,5,132,2,205.05,1,0
14487,Northeast,Social,Returning,Control,35,85.6,9,9,8.2,8.1,0.249,0.515,0.243,0.053,3,98.85,2.71,322.4,0.074,0.092,0.757,2.71,3.1,1,21.5,,7,7,7,1,118.67,0,0
14488,West,Paid Search,New,Treatment,38,72.0,2,3,4.9,5.4,0.3,0.768,0.231,0.041,0,71.29,2.48,0.0,0.358,0.01,0.753,2.25,4.2,1,32.6,9.0,5,6,203,1,66.98,1,0
14489,West,Organic Search,Loyal,Treatment,57,67.3,46,19,5.6,5.5,0.312,0.635,0.405,0.021,4,118.86,2.66,443.86,0.215,0.028,0.738,1.02,2.9,2,11.6,9.0,5,6,14,10,1028.27,0,1
14490,Northeast,Organic Search,New,Treatment,18,87.8,3,4,5.8,5.1,0.323,0.84,0.212,0.024,3,105.47,3.86,355.28,0.352,0.017,0.418,3.8,4.7,0,,7.0,5,5,8,1,101.67,1,0
14491,West,Organic Search,Returning,Treatment,47,,8,2,3.9,5.7,0.169,0.861,0.208,0.011,1,57.69,2.4,51.04,0.183,0.121,0.537,2.95,2.0,1,19.7,5.0,5,5,48,2,117.51,0,0
14492,Midwest,Email,Returning,Control,44,70.8,13,15,6.4,7.0,0.289,0.707,0.253,0.076,4,84.02,2.63,300.18,0.2,0.067,0.718,7.84,3.9,1,12.5,8.0,4,4,15,4,390.96,0,0
14493,West,Referral,New,Treatment,46,49.6,5,3,5.7,4.8,0.278,0.523,0.219,0.024,1,132.8,2.7,129.7,0.196,0.006,0.49,4.72,4.2,0,,8.0,6,6,84,1,126.76,1,0
14494,South,Email,Returning,Control,54,99.5,15,17,2.5,4.6,0.409,0.782,0.252,0.041,1,86.46,1.86,119.36,0.367,0.025,0.904,5.87,3.2,3,14.2,10.0,4,3,62,9,750.56,0,0
14495,Midwest,Email,Loyal,Treatment,50,74.7,41,8,4.0,5.2,0.388,0.74,0.598,0.103,3,61.36,2.32,157.6,0.417,0.021,0.678,4.48,4.3,0,,10.0,6,7,12,1,72.24,0,0
14496,Midwest,Referral,Loyal,Treatment,36,76.2,29,13,7.2,7.2,0.34,0.774,0.268,0.038,2,95.91,2.67,172.97,0.3,0.059,0.633,0.0,1.9,2,14.2,,5,5,17,3,290.95,0,0
14497,West,Organic Search,Loyal,Treatment,43,34.3,36,8,1.9,4.8,0.32,0.604,0.273,0.043,0,37.47,1.7,0.0,0.136,0.152,0.686,5.77,4.2,4,18.7,5.0,4,3,104,12,401.2,1,0
14498,Northeast,Paid Search,Returning,Control,18,74.9,24,8,5.7,6.9,0.346,0.659,0.139,0.009,2,151.55,4.18,385.02,0.479,0.145,0.73,6.39,3.1,1,9.7,8.0,6,6,19,6,1134.48,0,0
14499,Midwest,Paid Search,Returning,Treatment,32,58.7,6,5,5.3,5.1,0.279,0.962,0.154,0.038,0,78.49,1.15,0.0,0.188,0.053,0.747,6.97,2.7,2,25.7,10.0,6,6,120,1,81.1,0,0
14500,West,Social,Returning,Control,62,89.9,8,13,2.4,4.9,0.365,0.263,0.183,0.026,3,79.13,2.36,214.43,0.514,0.117,0.816,5.8,1.5,1,25.3,10.0,4,4,47,2,181.17,0,0
14501,West,Paid Search,New,Treatment,31,94.8,4,11,6.1,5.1,0.392,0.874,0.537,0.118,0,199.58,3.29,0.0,0.284,0.067,0.48,7.37,2.5,0,,8.0,6,6,216,1,202.51,1,1
14502,West,Paid Search,Returning,Treatment,52,56.7,14,12,8.3,6.8,0.605,0.717,0.437,0.034,6,45.64,2.23,269.28,0.33,0.079,0.651,6.81,2.1,0,,10.0,5,4,14,4,213.27,0,0
14503,South,Social,Returning,Treatment,39,71.9,24,6,6.5,6.7,0.432,0.892,0.1,0.002,1,53.86,1.94,53.01,0.304,0.081,0.763,6.4,6.6,0,,5.0,4,4,37,1,55.86,0,1
14504,West,Referral,Loyal,Treatment,44,111.1,28,9,6.3,5.6,0.111,0.873,0.41,0.031,2,121.21,3.04,241.76,0.069,0.022,0.631,0.09,4.1,1,40.5,10.0,5,4,16,6,933.05,0,0
14505,Northeast,Referral,New,Control,51,76.9,3,4,4.7,4.3,0.148,0.649,0.36,0.013,3,81.16,2.36,263.03,0.078,0.302,0.665,7.79,4.8,1,18.8,8.0,6,6,24,1,82.85,0,0
14506,West,Email,Loyal,Treatment,43,142.1,26,25,4.4,4.2,0.142,0.9,0.459,0.16,3,86.83,2.08,215.85,0.538,0.066,0.667,4.77,2.2,3,17.7,5.0,6,5,4,7,681.65,0,0
14507,South,Social,Returning,Treatment,42,42.3,14,10,12.7,8.8,0.214,0.607,0.164,0.055,2,78.64,2.39,137.89,0.418,0.277,0.708,6.86,3.2,0,,9.0,2,1,8,1,97.25,0,0
14508,West,Organic Search,New,Treatment,59,38.6,1,11,7.9,8.0,0.16,0.728,0.194,0.005,1,54.02,1.66,54.65,0.368,0.045,0.557,2.93,2.2,1,52.5,3.0,6,7,73,2,114.44,0,0
14509,West,Social,New,Control,25,78.4,1,3,3.7,4.3,0.358,0.914,0.363,0.038,1,109.33,2.24,115.3,0.564,0.131,0.561,6.12,3.7,0,,6.0,4,5,62,1,93.06,0,0
14510,South,Referral,Loyal,Control,28,92.2,42,9,4.7,6.5,0.279,0.693,0.221,0.029,1,93.91,1.98,92.84,0.218,0.085,0.701,5.47,4.8,2,26.8,,3,3,33,6,651.54,0,0
14511,Northeast,Email,Returning,Treatment,44,85.3,21,16,8.3,11.0,0.159,0.833,0.48,0.064,0,104.22,1.46,0.0,0.528,0.061,0.642,5.16,4.6,0,,,6,7,204,1,89.98,1,0
14512,Midwest,Referral,Loyal,Control,38,,32,11,3.2,4.5,0.322,0.692,0.14,0.022,3,53.7,1.32,124.4,0.065,0.03,0.714,5.98,2.1,0,,10.0,4,4,3,1,53.11,0,0
14513,Midwest,Email,Returning,Control,59,96.9,14,19,3.1,4.4,0.246,0.654,0.247,0.022,3,75.67,1.74,217.34,0.284,0.075,0.682,9.02,3.3,1,25.7,6.0,7,7,24,2,146.56,0,0
14514,Northeast,Organic Search,Returning,Control,39,63.4,7,6,5.8,5.6,0.232,0.616,0.402,0.055,1,62.78,1.42,63.36,0.293,0.095,0.735,6.23,4.7,0,,4.0,6,6,53,1,56.43,0,0
14515,West,Social,Loyal,Treatment,33,100.7,25,10,5.9,5.2,0.605,0.677,0.372,0.033,3,78.5,2.93,285.57,0.138,0.163,0.695,2.34,2.2,1,11.7,7.0,5,6,11,1,88.53,0,0
14516,Midwest,Email,Loyal,Control,57,92.2,41,13,2.7,3.6,0.167,0.708,0.498,0.057,2,57.54,1.46,99.05,0.292,0.035,0.582,8.24,3.1,2,13.0,9.0,5,6,15,12,555.16,0,0
14517,West,Email,Returning,Control,31,66.0,24,4,3.9,4.1,0.179,0.796,0.287,0.064,0,89.89,1.92,0.0,0.545,0.081,0.679,5.68,5.2,0,,10.0,6,6,225,1,105.58,0,0
14518,West,Paid Search,New,Treatment,41,174.7,1,3,5.0,6.1,0.397,0.774,0.1,0.008,0,119.96,3.45,0.0,0.54,0.071,0.719,5.14,3.3,0,,,3,3,210,1,117.33,1,0
14519,West,Organic Search,Loyal,Treatment,45,99.6,33,6,4.4,5.6,0.238,0.518,0.197,0.055,2,127.95,2.6,256.55,0.293,0.051,0.625,4.11,3.5,2,18.8,6.0,6,7,28,2,247.82,0,1
14520,West,Social,Loyal,Treatment,38,49.0,35,17,2.7,4.1,0.501,0.483,0.304,0.097,4,52.14,1.0,194.88,0.265,0.246,0.552,3.77,2.4,1,27.3,5.0,3,3,4,7,326.05,0,0
14521,West,Organic Search,Returning,Control,52,41.2,14,6,3.3,5.4,0.524,0.441,0.217,0.097,1,56.88,1.91,52.28,0.23,0.048,0.62,3.81,3.1,0,,3.0,4,4,89,1,52.97,0,0
14522,South,Referral,Returning,Control,59,82.6,23,8,7.2,8.1,0.151,0.417,0.206,0.057,4,48.28,2.87,147.92,0.159,0.113,0.526,7.3,6.3,0,,6.0,6,6,5,5,226.71,0,0
14523,South,Organic Search,Loyal,Control,45,45.7,26,10,6.2,7.0,0.455,0.589,0.307,0.017,3,130.49,2.88,347.43,0.302,0.004,0.684,6.75,4.2,2,15.6,7.0,5,5,21,5,608.75,0,0
14524,West,Email,Returning,Treatment,39,56.2,22,12,10.7,7.5,0.351,0.871,0.455,0.013,2,65.62,2.09,121.67,0.19,0.019,0.783,1.58,1.7,2,13.8,,2,2,59,2,149.63,0,0
14525,West,Referral,Returning,Control,59,122.7,7,1,2.3,3.5,0.218,0.767,0.223,0.022,0,86.42,2.38,0.0,0.284,0.018,0.721,9.11,3.0,0,,8.0,3,5,243,1,97.54,1,0
14526,West,Organic Search,Returning,Treatment,18,31.8,22,14,2.2,5.6,0.184,0.78,0.384,0.031,3,113.57,4.12,432.58,0.291,0.226,0.624,4.59,1.0,2,15.9,2.0,4,4,4,1,108.11,0,0
14527,Northeast,Paid Search,Returning,Control,67,160.4,16,8,8.6,8.6,0.364,0.59,0.068,0.005,0,99.34,2.81,0.0,0.375,0.06,0.849,6.9,4.7,0,,6.0,6,6,219,2,185.24,0,1
14528,Midwest,Paid Search,Returning,Treatment,44,71.0,14,6,5.7,6.4,0.285,0.913,0.319,0.078,0,55.64,1.88,0.0,0.246,0.28,0.589,7.5,2.7,0,,10.0,5,5,142,2,129.42,1,0
14529,Midwest,Organic Search,Returning,Control,42,91.8,18,6,5.1,5.1,0.304,0.709,0.486,0.027,1,82.55,3.17,76.58,0.024,0.13,0.757,6.52,3.3,1,38.9,7.0,7,7,54,9,632.5,0,0
14530,South,Social,Returning,Treatment,27,56.4,17,15,3.1,5.9,0.301,0.91,0.261,0.001,2,107.39,3.36,198.49,0.211,0.054,0.614,6.13,3.7,1,24.2,9.0,5,5,17,3,350.87,0,0
14531,West,Referral,New,Treatment,30,76.5,4,9,8.7,6.2,0.271,0.461,0.216,0.039,0,130.9,2.0,0.0,0.242,0.122,0.654,6.5,2.0,1,18.9,9.0,6,6,212,2,216.14,0,0
14532,Midwest,Organic Search,Returning,Control,30,149.1,10,6,8.6,7.5,0.172,0.617,0.164,0.018,0,78.64,1.93,0.0,0.085,0.049,0.723,7.08,2.1,1,9.3,,6,5,126,3,251.86,0,0
14533,West,Organic Search,Loyal,Treatment,46,158.4,58,14,6.9,5.8,0.238,0.436,0.323,0.057,1,108.33,1.0,125.22,0.328,0.049,0.512,7.99,4.4,1,28.8,,6,6,51,9,1020.99,0,0
14534,South,Social,Loyal,Control,25,41.8,52,7,6.4,5.5,0.425,0.697,0.1,0.01,0,119.26,2.76,0.0,0.507,0.256,0.662,8.77,4.7,1,50.0,8.0,4,5,365,1,110.93,1,0
14535,South,Email,Returning,Control,62,123.3,22,8,3.3,4.9,0.207,0.615,0.227,0.005,0,137.34,3.33,0.0,0.103,0.045,0.798,8.9,3.9,0,,,6,6,143,2,232.54,0,0
14536,Northeast,Paid Search,Returning,Control,48,106.2,10,4,2.7,3.5,0.391,0.499,0.269,0.083,0,125.24,3.03,0.0,0.517,0.043,0.625,6.4,3.0,0,,6.0,6,7,144,1,117.45,1,0
14537,South,Paid Search,Returning,Control,26,79.7,7,10,4.1,4.5,0.445,0.975,0.334,0.062,0,141.02,2.74,0.0,0.221,0.027,0.808,5.51,2.9,1,8.3,4.0,5,6,191,3,517.77,1,0
14538,Northeast,Email,Returning,Treatment,20,121.7,13,16,6.3,5.2,0.429,0.944,0.551,0.133,5,176.11,3.11,906.32,0.294,0.067,0.6,7.33,3.5,1,19.0,9.0,5,5,15,2,389.92,0,0
14539,South,Paid Search,Returning,Treatment,61,57.0,6,9,13.6,8.9,0.476,0.643,0.247,0.005,3,76.68,3.24,277.09,0.28,0.019,0.642,3.37,6.7,1,12.6,4.0,5,5,11,1,77.83,0,0
14540,Northeast,Paid Search,Loyal,Treatment,67,132.7,25,3,6.2,6.5,0.411,0.599,0.189,0.021,1,49.79,1.0,47.94,0.141,0.052,0.62,6.04,2.4,3,12.0,3.0,6,6,89,9,400.8,0,0
14541,West,Email,Returning,Treatment,42,38.5,12,9,6.7,6.8,0.444,0.853,0.404,0.068,1,72.33,1.41,62.91,0.403,0.129,0.832,3.96,2.1,0,,7.0,6,7,89,1,85.87,0,0
14542,West,Paid Search,Returning,Control,26,,11,12,2.9,4.6,0.531,0.931,0.178,0.011,0,82.82,1.74,0.0,0.384,0.084,0.644,7.36,1.5,1,9.8,10.0,7,7,139,2,183.92,0,0
14543,Midwest,Paid Search,Loyal,Control,36,110.2,31,14,5.9,8.0,0.431,0.974,0.224,0.018,2,105.53,2.52,248.5,0.385,0.021,0.68,4.83,3.4,2,28.3,5.0,5,5,20,4,427.91,0,0
14544,Northeast,Email,Returning,Treatment,55,105.2,23,16,6.9,7.0,0.252,0.778,0.261,0.031,3,112.72,2.89,383.45,0.47,0.073,0.827,4.04,4.1,0,,7.0,5,6,13,1,94.49,0,1
14545,South,Referral,New,Control,40,113.5,3,2,4.6,6.2,0.386,0.272,0.261,0.023,1,61.85,2.47,67.73,0.056,0.045,0.614,7.27,3.2,0,,9.0,3,3,81,1,49.43,0,0
14546,West,Email,New,Treatment,41,52.0,5,2,4.0,4.3,0.324,0.327,0.503,0.07,0,94.32,2.59,0.0,0.199,0.081,0.633,3.51,3.2,0,,,5,5,108,2,170.9,0,1
14547,West,Social,Returning,Control,48,62.2,11,9,4.5,5.6,0.271,0.623,0.269,0.065,1,50.12,1.81,48.08,0.231,0.101,0.65,5.76,4.0,2,25.1,9.0,6,6,31,1,46.83,0,0
14548,Midwest,Email,Returning,Control,42,62.1,9,15,3.1,3.7,0.226,0.825,0.17,0.039,5,48.33,2.41,244.26,0.235,0.022,0.766,5.66,5.6,1,61.4,6.0,6,6,1,1,61.19,0,0
14549,South,Referral,Loyal,Control,36,72.4,32,18,7.8,6.5,0.321,0.826,0.153,0.015,2,42.23,1.97,88.0,0.229,0.102,0.665,6.75,2.6,1,13.3,10.0,5,4,28,2,79.87,0,0
14550,South,Email,Loyal,Treatment,58,42.4,41,16,3.6,4.1,0.557,0.598,0.214,0.03,4,73.91,2.45,261.34,0.344,0.014,0.654,2.09,6.4,1,30.7,7.0,3,3,0,12,823.54,0,0
14551,West,Referral,Loyal,Treatment,40,103.0,30,8,7.6,7.1,0.413,0.882,0.502,0.131,2,63.66,2.22,142.48,0.205,0.014,0.629,3.86,3.5,2,20.3,8.0,5,6,16,5,326.54,0,0
14552,West,Organic Search,Loyal,Treatment,34,90.3,34,11,7.5,5.8,0.085,0.895,0.278,0.068,2,131.2,2.61,245.47,0.191,0.007,0.606,6.11,3.4,1,22.9,6.0,5,6,89,4,509.2,1,1
14553,West,Paid Search,Returning,Treatment,28,140.3,17,7,8.1,6.9,0.186,0.795,0.133,0.027,2,60.44,1.49,125.39,0.497,0.055,0.501,5.12,5.2,0,,4.0,6,7,56,2,139.18,0,0
14554,Northeast,Paid Search,Loyal,Treatment,58,138.3,36,3,7.3,6.7,0.456,0.608,0.169,0.017,0,127.08,4.37,0.0,0.383,0.111,0.591,6.37,3.1,1,76.4,9.0,4,4,249,3,412.92,0,1
14555,West,Social,Returning,Control,64,58.7,20,14,4.6,7.0,0.672,0.708,0.396,0.108,2,81.4,2.56,170.19,0.457,0.098,0.574,6.45,4.6,1,20.7,9.0,3,4,28,1,81.06,0,1
14556,Midwest,Email,Loyal,Treatment,49,131.0,39,41,5.3,6.2,0.534,0.465,0.27,0.015,8,45.17,2.1,293.44,0.452,0.195,0.751,2.88,4.8,1,20.0,6.0,6,7,2,1,41.75,0,1
14557,South,Paid Search,Returning,Treatment,39,40.1,11,24,21.1,12.3,0.531,0.86,0.231,0.076,4,136.06,3.55,539.06,0.211,0.138,0.691,2.01,5.3,0,,9.0,5,5,27,3,413.0,0,0
14558,West,Paid Search,Loyal,Control,44,76.1,33,8,5.9,5.8,0.453,0.676,0.139,0.005,2,66.31,1.65,106.67,0.638,0.136,0.75,5.68,3.0,1,11.5,8.0,5,5,11,2,137.34,0,0
14559,West,Paid Search,Returning,Control,54,51.7,16,8,6.4,5.8,0.409,0.522,0.175,0.012,1,115.83,2.68,146.95,0.421,0.05,0.727,6.06,3.1,0,,10.0,4,4,84,1,117.59,0,0
14560,Northeast,Social,Returning,Control,51,84.4,6,7,12.1,7.9,0.48,0.871,0.151,0.014,3,92.79,2.85,232.15,0.443,0.024,0.643,5.01,2.0,0,,10.0,3,2,2,5,589.26,0,0
14561,West,Organic Search,Returning,Treatment,41,50.1,21,1,2.9,5.1,0.249,0.833,0.227,0.014,0,48.95,1.99,0.0,0.255,0.052,0.492,6.11,3.4,2,17.7,8.0,6,7,106,2,109.26,0,0
14562,West,Paid Search,Loyal,Treatment,60,82.0,34,5,2.5,5.1,0.328,0.609,0.197,0.071,0,105.97,2.71,0.0,0.047,0.036,0.722,5.64,5.3,0,,6.0,6,7,365,5,549.4,1,0
14563,West,Organic Search,Returning,Treatment,48,101.4,9,16,7.9,5.6,0.24,0.755,0.312,0.025,2,107.55,2.36,284.55,0.257,0.136,0.775,3.06,1.7,1,21.9,10.0,6,7,5,4,569.05,0,1
14564,West,Email,Returning,Treatment,39,74.7,15,24,5.6,5.7,0.232,0.772,0.553,0.167,5,135.22,3.44,900.82,0.276,0.085,0.755,5.44,3.2,3,41.3,4.0,5,6,23,4,556.31,1,0
14565,West,Paid Search,Returning,Treatment,42,55.0,6,4,2.6,5.3,0.416,0.705,0.367,0.03,0,70.43,2.74,0.0,0.416,0.116,0.666,4.53,2.1,0,,9.0,5,5,140,2,196.62,1,0
14566,West,Referral,Returning,Control,64,49.7,14,4,6.6,5.1,0.232,0.798,0.381,0.001,0,81.44,2.6,0.0,0.441,0.044,0.787,9.29,1.8,1,80.6,10.0,6,6,210,1,85.28,0,0
14567,South,Organic Search,Returning,Treatment,23,57.5,12,8,4.4,6.3,0.313,0.899,0.215,0.005,2,78.42,3.66,144.38,0.44,0.112,0.631,6.5,3.5,2,11.7,,5,6,24,2,153.32,0,0
14568,West,Organic Search,Loyal,Control,30,220.9,40,13,6.9,8.1,0.228,0.661,0.214,0.014,3,81.71,2.17,308.7,0.193,0.059,0.801,9.74,2.5,1,27.6,6.0,6,5,40,4,327.05,0,0
14569,South,Paid Search,Returning,Treatment,23,90.3,24,19,4.6,5.6,0.32,0.711,0.238,0.007,5,72.93,2.21,372.98,0.193,0.069,0.646,4.15,3.7,0,,8.0,3,3,6,3,215.7,0,0
14570,Midwest,Email,New,Treatment,72,73.6,3,20,2.4,3.4,0.251,0.52,0.408,0.01,3,78.13,2.5,239.24,0.303,0.129,0.701,6.08,3.3,1,33.7,9.0,4,4,11,2,172.41,0,0
14571,South,Referral,Loyal,Control,38,229.5,48,7,4.9,5.6,0.203,0.973,0.322,0.012,2,71.98,3.44,133.78,0.146,0.088,0.646,7.98,4.6,1,14.0,5.0,5,5,19,7,513.07,0,0
14572,West,Organic Search,Returning,Treatment,48,62.9,15,9,7.2,6.5,0.103,0.655,0.203,0.008,2,92.22,3.17,131.45,0.158,0.151,0.655,4.85,1.5,1,39.4,7.0,3,3,33,2,249.3,0,0
14573,West,Email,New,Control,46,,5,26,15.3,10.4,0.212,0.842,0.275,0.016,3,44.19,3.02,130.82,0.589,0.04,0.725,6.34,2.8,0,,9.0,5,6,15,1,43.94,0,0
14574,South,Social,New,Treatment,68,79.0,2,4,3.5,4.9,0.402,0.455,0.215,0.029,1,142.52,2.22,165.02,0.353,0.086,0.556,3.46,2.4,0,,7.0,7,6,89,1,150.38,1,0
14575,Northeast,Paid Search,Loyal,Control,37,53.5,27,8,3.4,4.8,0.347,0.923,0.406,0.063,1,109.5,2.7,103.61,0.31,0.045,0.625,4.05,2.9,2,15.7,7.0,7,7,38,4,403.4,0,0
14576,South,Organic Search,Loyal,Control,37,137.2,75,2,7.2,6.4,0.29,0.709,0.37,0.058,0,89.07,3.37,0.0,0.164,0.11,0.733,7.79,2.8,0,,9.0,6,6,123,4,423.84,0,0
14577,West,Referral,Returning,Treatment,54,58.7,21,13,5.7,6.8,0.106,0.756,0.425,0.043,3,62.31,2.32,190.15,0.356,0.013,0.67,7.44,4.2,0,,6.0,3,4,24,6,360.61,0,1
14578,Midwest,Organic Search,Loyal,Treatment,57,85.4,31,12,2.6,3.7,0.308,0.761,0.168,0.025,1,132.91,3.15,174.69,0.127,0.079,0.676,4.67,3.2,1,19.3,10.0,4,5,89,2,307.64,0,0
14579,West,Email,Returning,Control,33,132.6,14,31,2.2,5.3,0.327,0.537,0.393,0.061,3,87.28,2.55,224.85,0.122,0.083,0.668,6.51,2.9,1,20.4,6.0,4,4,18,1,87.13,0,0
14580,South,Paid Search,Loyal,Treatment,27,155.5,31,10,8.0,6.7,0.265,0.69,0.089,0.014,3,162.19,2.34,498.72,0.596,0.104,0.695,7.03,5.3,2,20.8,6.0,4,4,35,7,1121.68,0,0
14581,South,Paid Search,New,Control,40,90.7,4,5,8.7,7.2,0.292,0.933,0.084,0.027,1,76.98,2.31,107.32,0.533,0.029,0.845,4.9,3.9,1,27.4,5.0,5,6,8,1,98.92,0,0
14582,Midwest,Organic Search,Loyal,Treatment,51,,34,15,3.3,4.8,0.223,0.922,0.141,0.013,3,111.24,3.31,394.52,0.162,0.08,0.693,5.23,4.2,4,14.3,5.0,4,5,10,5,458.49,0,0
14583,Midwest,Paid Search,New,Control,60,112.1,5,5,9.6,9.2,0.373,0.575,0.441,0.066,1,41.66,2.12,42.85,0.417,0.109,0.701,7.2,3.4,1,19.6,8.0,4,4,60,1,38.69,0,0
14584,South,Social,New,Control,53,39.0,1,7,1.3,3.9,0.454,0.618,0.28,0.045,0,97.56,2.17,0.0,0.275,0.109,0.7,6.29,2.5,0,,6.0,5,5,226,1,84.25,1,0
14585,Midwest,Paid Search,Returning,Treatment,36,193.2,21,12,3.8,4.0,0.523,0.809,0.292,0.08,3,107.55,2.8,257.56,0.182,0.034,0.718,4.55,5.4,0,,6.0,4,6,11,2,204.81,0,1
14586,West,Organic Search,Returning,Treatment,58,70.3,10,8,12.9,8.9,0.292,0.841,0.144,0.014,2,112.75,3.17,190.06,0.349,0.021,0.53,2.32,3.7,2,23.4,8.0,7,6,34,5,537.18,0,0
14587,Midwest,Referral,Returning,Treatment,23,47.4,16,8,6.2,6.4,0.306,0.813,0.235,0.011,3,54.55,1.94,181.04,0.145,0.066,0.749,3.8,3.0,2,39.3,5.0,3,3,22,3,168.33,1,0
14588,Midwest,Organic Search,Returning,Control,36,50.6,10,3,8.9,8.5,0.34,0.847,0.357,0.138,0,51.67,1.69,0.0,0.146,0.057,0.681,6.29,4.5,0,,6.0,4,4,293,2,114.96,0,0
14589,South,Organic Search,Loyal,Treatment,52,53.9,49,9,2.7,5.0,0.076,0.23,0.243,0.1,3,66.31,3.31,218.31,0.393,0.042,0.69,4.22,6.1,2,36.9,7.0,4,4,1,9,598.84,0,1
14590,South,Social,Returning,Control,25,65.3,18,14,2.4,3.6,0.622,0.731,0.178,0.012,3,75.82,2.88,170.42,0.217,0.082,0.817,6.04,4.3,0,,9.0,4,3,8,1,70.63,0,0
14591,West,Organic Search,Loyal,Control,36,33.0,31,5,3.8,5.5,0.152,0.484,0.232,0.002,0,43.86,1.85,0.0,0.199,0.083,0.841,9.14,1.9,1,22.1,7.0,5,5,157,6,317.31,0,0
14592,West,Paid Search,Returning,Treatment,50,86.6,16,7,11.8,8.0,0.524,0.799,0.386,0.028,0,146.82,3.68,0.0,0.626,0.055,0.659,7.43,1.1,0,,10.0,5,5,244,2,243.17,0,1
14593,Midwest,Email,New,Treatment,33,72.4,1,5,2.4,3.4,0.321,0.648,0.459,0.089,0,62.46,2.21,0.0,0.276,0.118,0.662,4.44,3.7,0,,9.0,5,5,199,1,64.2,0,0
14594,West,Social,Returning,Control,56,84.1,20,14,3.4,7.1,0.445,0.53,0.136,0.006,2,85.17,2.5,194.34,0.563,0.075,0.611,7.17,1.3,1,23.0,10.0,5,6,5,3,235.38,0,0
14595,Midwest,Paid Search,Loyal,Treatment,35,144.9,28,1,3.4,4.1,0.366,0.864,0.351,0.018,0,159.79,4.24,0.0,0.45,0.098,0.667,4.7,2.9,1,24.1,,4,5,135,4,587.29,0,1
14596,South,Paid Search,Returning,Control,63,83.7,9,3,3.0,6.8,0.246,0.613,0.256,0.025,0,189.62,3.17,0.0,0.571,0.062,0.591,7.19,2.6,1,19.7,9.0,7,7,365,1,177.77,1,0
14597,Midwest,Organic Search,Loyal,Treatment,41,116.7,27,15,10.7,8.6,0.363,0.708,0.362,0.088,4,79.12,3.19,307.89,0.368,0.035,0.739,5.77,2.8,0,,6.0,5,6,11,5,382.15,0,0
14598,Midwest,Organic Search,Loyal,Control,41,109.3,27,9,8.8,6.6,0.106,0.84,0.253,0.094,1,108.17,2.03,101.98,0.241,0.101,0.659,6.53,5.4,3,37.6,4.0,5,5,45,7,705.13,1,0
14599,West,Referral,Returning,Control,23,43.5,7,13,5.8,6.8,0.225,0.828,0.184,0.022,4,89.69,3.26,417.78,0.114,0.061,0.767,5.94,4.5,1,22.8,7.0,5,5,12,2,168.56,0,0
14600,Midwest,Social,Returning,Control,45,76.8,9,14,10.4,9.3,0.397,0.751,0.387,0.03,2,51.65,1.55,125.74,0.119,0.059,0.719,8.36,2.3,0,,10.0,6,6,89,1,37.47,1,1
14601,Midwest,Paid Search,Returning,Control,18,77.7,7,10,8.4,6.5,0.27,0.936,0.307,0.057,2,171.75,3.94,317.27,0.34,0.079,0.622,5.86,4.1,3,33.2,2.0,6,7,38,3,562.7,0,0
14602,Northeast,Organic Search,Returning,Treatment,54,144.3,7,7,15.5,9.3,0.163,0.375,0.45,0.051,0,111.01,2.62,0.0,0.6,0.114,0.819,3.66,2.5,0,,8.0,7,6,214,2,207.04,1,0
14603,West,Email,Returning,Treatment,61,39.6,6,25,3.9,4.6,0.314,0.851,0.735,0.007,2,116.22,1.96,214.2,0.159,0.145,0.48,4.64,3.1,2,19.3,5.0,5,4,17,2,232.26,0,0
14604,Northeast,Organic Search,Returning,Control,46,71.2,11,3,6.6,6.4,0.397,0.7,0.128,0.012,3,100.59,2.63,246.24,0.127,0.081,0.784,4.2,1.1,0,,6.0,5,5,7,3,363.81,0,0
14605,South,Referral,Returning,Treatment,43,40.0,11,7,4.5,5.8,0.276,0.866,0.478,0.071,3,63.23,2.8,128.24,0.142,0.071,0.468,5.87,5.6,0,,6.0,4,4,57,3,175.92,0,1
14606,Northeast,Referral,Loyal,Treatment,59,,34,14,9.0,8.8,0.203,0.938,0.156,0.014,1,143.48,3.9,145.54,0.124,0.108,0.697,3.56,4.3,3,34.8,5.0,6,7,70,2,302.56,0,0
14607,Northeast,Paid Search,Returning,Treatment,43,75.7,11,2,8.7,7.8,0.43,0.907,0.264,0.051,1,84.79,2.6,88.9,0.174,0.163,0.76,4.85,3.7,0,,5.0,6,7,44,2,179.71,0,1
14608,South,Email,Returning,Treatment,28,106.3,21,10,4.6,6.3,0.285,0.823,0.38,0.034,1,66.77,1.98,70.42,0.453,0.054,0.619,2.11,4.2,4,5.2,,3,3,35,5,451.01,1,0
14609,Northeast,Paid Search,Returning,Treatment,19,29.9,10,5,3.5,6.0,0.367,0.979,0.081,0.01,2,89.95,2.56,199.61,0.561,0.058,0.549,2.83,5.4,2,38.6,5.0,5,5,21,1,87.76,1,0
14610,West,Organic Search,Returning,Control,32,75.2,6,16,4.0,4.7,0.236,0.617,0.114,0.016,0,154.05,3.48,0.0,0.319,0.018,0.83,3.92,2.9,1,13.0,7.0,4,5,170,1,174.41,0,1
14611,Northeast,Organic Search,Returning,Treatment,50,49.4,8,6,8.3,6.6,0.343,0.833,0.246,0.016,0,73.79,1.54,0.0,0.227,0.01,0.821,7.2,3.1,1,24.0,6.0,3,3,108,1,57.15,0,0
14612,West,Referral,Returning,Control,36,52.5,11,18,6.9,9.4,0.381,0.628,0.195,0.013,7,72.27,1.86,415.43,0.298,0.029,0.793,9.53,1.7,0,,6.0,3,3,16,4,270.95,0,0
14613,South,Paid Search,Returning,Treatment,18,56.9,24,8,3.6,4.2,0.526,0.981,0.258,0.012,0,56.1,1.93,0.0,0.215,0.101,0.552,5.86,3.0,0,,10.0,6,6,102,2,122.87,0,0
14614,Northeast,Social,Returning,Treatment,23,116.0,12,2,27.8,17.9,0.285,0.968,0.477,0.123,0,87.76,1.54,0.0,0.499,0.045,0.576,4.64,4.3,1,24.2,3.0,5,5,218,3,288.31,0,1
14615,South,Paid Search,Loyal,Treatment,36,42.5,31,24,9.0,6.6,0.346,0.801,0.266,0.046,0,89.7,3.06,0.0,0.428,0.111,0.677,4.19,3.3,0,,9.0,3,4,217,5,435.56,0,0
14616,South,Email,New,Control,37,34.7,3,4,8.1,7.1,0.447,0.878,0.335,0.053,1,72.12,2.18,75.01,0.361,0.058,0.664,7.79,3.7,0,,8.0,5,7,72,1,72.08,0,0
14617,West,Social,Returning,Treatment,44,62.4,9,8,3.5,4.5,0.276,0.652,0.361,0.025,0,96.3,2.43,0.0,0.3,0.122,0.719,2.38,2.1,0,,7.0,4,5,147,1,119.86,0,0
14618,South,Organic Search,Loyal,Control,43,81.9,42,7,4.2,4.5,0.406,0.527,0.33,0.119,1,68.29,2.23,66.36,0.213,0.047,0.62,6.32,2.6,3,19.1,5.0,6,6,18,12,726.91,0,0
14619,South,Organic Search,Loyal,Control,52,78.7,32,24,9.6,7.7,0.205,0.588,0.22,0.011,2,51.88,1.9,131.03,0.236,0.018,0.696,4.94,5.3,1,10.8,6.0,6,7,9,5,278.05,0,1
14620,Northeast,Paid Search,Returning,Treatment,34,61.5,9,13,4.3,4.8,0.575,0.962,0.251,0.005,0,86.42,2.51,0.0,0.428,0.126,0.558,5.4,3.0,5,8.7,,7,7,132,3,229.54,0,0
14621,Midwest,Social,Loyal,Control,46,25.9,28,5,4.4,5.9,0.277,0.898,0.199,0.048,0,61.99,3.31,0.0,0.376,0.07,0.792,5.52,1.7,0,,9.0,5,5,117,1,59.43,1,0
14622,West,Paid Search,New,Treatment,29,35.2,1,3,5.5,5.2,0.3,0.707,0.37,0.066,1,70.76,1.21,75.16,0.297,0.052,0.593,6.85,3.1,0,,7.0,6,6,57,2,125.28,1,0
14623,Midwest,Organic Search,Returning,Control,23,61.8,18,3,6.9,5.7,0.33,0.798,0.554,0.019,1,101.62,2.53,96.72,0.096,0.032,0.671,9.14,4.5,1,16.8,5.0,5,6,62,1,97.05,0,1
14624,Midwest,Paid Search,Returning,Control,47,60.7,21,2,8.7,7.0,0.526,0.464,0.535,0.037,1,107.8,3.81,93.92,0.149,0.085,0.715,10.71,7.1,2,28.9,7.0,6,6,52,9,913.21,0,0
14625,Midwest,Paid Search,Returning,Control,47,73.4,14,2,11.2,9.0,0.493,0.627,0.197,0.006,0,48.61,1.19,0.0,0.206,0.139,0.602,5.0,4.7,1,10.7,,4,4,145,2,91.29,1,0
14626,Midwest,Social,Loyal,Control,40,78.3,31,16,5.1,4.9,0.187,0.49,0.468,0.074,1,62.49,2.89,63.74,0.433,0.109,0.625,7.2,1.7,2,22.6,,5,5,89,8,537.77,0,1
14627,West,Paid Search,Loyal,Treatment,55,73.2,29,10,5.9,8.7,0.346,0.755,0.193,0.016,2,135.92,2.53,229.71,0.271,0.05,0.612,6.66,5.5,0,,8.0,7,7,48,3,343.3,0,0
14628,West,Email,Returning,Control,34,63.0,24,18,3.4,3.6,0.347,0.741,0.522,0.09,3,124.81,4.14,370.15,0.44,0.104,0.676,8.54,2.8,0,,10.0,4,5,37,4,574.19,0,0
14629,Midwest,Email,Loyal,Treatment,30,48.2,30,26,4.9,7.0,0.164,0.773,0.356,0.04,6,89.57,2.1,541.99,0.088,0.043,0.623,3.65,4.4,1,37.1,9.0,7,6,33,5,467.78,0,0
14630,Northeast,Paid Search,Returning,Control,45,71.1,13,8,12.6,10.5,0.388,0.773,0.273,0.014,5,71.63,2.61,379.73,0.427,0.097,0.844,3.88,4.0,1,22.6,,5,6,12,3,205.51,0,0
14631,Midwest,Referral,Returning,Treatment,74,38.5,8,24,7.9,7.2,0.154,0.586,0.26,0.024,5,44.34,2.73,184.78,0.437,0.08,0.596,4.23,4.0,1,14.2,7.0,5,5,11,5,202.62,0,0
14632,South,Social,Returning,Control,54,43.8,21,13,4.8,5.0,0.396,0.725,0.339,0.027,7,84.22,3.85,533.24,0.371,0.07,0.71,6.85,4.5,1,6.7,5.0,6,6,3,4,375.31,0,0
14633,West,Paid Search,Returning,Control,53,,8,2,12.2,9.4,0.48,0.543,0.223,0.017,0,78.04,2.72,0.0,0.274,0.046,0.843,7.34,2.5,0,,7.0,5,5,247,1,84.92,0,0
14634,Midwest,Social,Loyal,Treatment,52,48.3,44,10,5.4,5.4,0.424,0.449,0.056,0.011,1,61.88,2.23,69.35,0.552,0.184,0.717,0.19,3.0,0,,,4,4,89,6,365.94,0,0
14635,West,Organic Search,Loyal,Treatment,51,39.4,45,22,5.2,7.4,0.381,0.604,0.142,0.007,2,88.3,2.29,187.08,0.261,0.063,0.588,3.64,2.4,0,,8.0,6,7,77,2,160.87,0,0
14636,Northeast,Referral,Loyal,Treatment,34,,47,20,5.2,7.0,0.268,0.79,0.202,0.027,1,113.68,2.34,116.67,0.124,0.1,0.599,3.37,4.6,5,25.1,6.0,4,5,60,10,1100.28,0,0
14637,South,Social,Loyal,Treatment,35,74.6,30,21,7.3,6.2,0.425,0.828,0.187,0.02,4,81.44,1.66,329.27,0.394,0.14,0.795,2.76,2.5,0,,9.0,4,4,14,5,306.37,0,0
14638,Midwest,Email,Returning,Treatment,31,40.6,20,5,2.2,3.5,0.249,0.714,0.546,0.212,1,30.53,1.6,29.51,0.366,0.037,0.525,8.13,1.6,0,,7.0,3,4,89,1,32.52,0,0
14639,Midwest,Organic Search,Returning,Treatment,54,60.8,15,15,10.4,7.2,0.205,0.732,0.461,0.028,2,102.78,2.64,290.6,0.32,0.08,0.697,6.65,2.5,0,,,4,4,5,1,99.0,0,0
14640,West,Organic Search,Returning,Control,29,54.8,22,6,12.9,8.6,0.189,0.77,0.232,0.044,1,35.33,2.03,24.79,0.317,0.059,0.767,4.83,3.8,0,,8.0,7,7,14,2,71.71,0,0
14641,Midwest,Email,Loyal,Control,61,131.7,37,4,9.1,9.0,0.132,0.51,0.072,0.011,1,42.17,2.32,39.51,0.334,0.102,0.828,3.66,5.7,0,,10.0,5,4,43,4,195.32,0,1
14642,Northeast,Paid Search,Returning,Control,46,181.1,20,4,16.2,13.1,0.507,0.779,0.254,0.031,2,176.84,3.65,377.68,0.237,0.101,0.699,8.42,4.6,2,20.8,6.0,5,5,25,3,463.43,0,0
14643,Northeast,Paid Search,Loyal,Control,40,61.1,30,3,4.3,4.3,0.247,0.769,0.169,0.008,1,130.62,2.5,130.34,0.597,0.055,0.653,6.32,2.7,2,32.9,6.0,4,4,75,3,441.0,1,0
14644,Northeast,Referral,Returning,Control,76,86.3,8,10,9.0,8.2,0.091,0.601,0.312,0.031,3,122.88,3.96,312.71,0.264,0.069,0.678,6.98,3.5,1,11.5,10.0,7,7,52,1,139.09,0,0
14645,Midwest,Paid Search,Returning,Treatment,23,49.0,9,4,3.1,4.6,0.521,0.969,0.392,0.026,1,62.03,2.17,67.96,0.428,0.157,0.684,3.54,2.7,0,,8.0,4,4,30,3,189.09,0,1
14646,South,Organic Search,Returning,Treatment,47,65.7,11,3,19.9,11.3,0.496,0.911,0.367,0.085,1,85.32,1.73,79.5,0.481,0.051,0.638,4.47,4.6,0,,5.0,7,7,27,1,99.29,0,0
14647,Northeast,Organic Search,Returning,Control,50,55.1,21,13,7.4,6.9,0.189,0.732,0.259,0.044,3,89.43,3.14,227.14,0.297,0.031,0.574,7.6,4.9,0,,7.0,4,4,28,2,234.53,0,0
14648,South,Email,Loyal,Control,31,36.2,28,8,8.6,6.5,0.228,0.892,0.438,0.037,2,71.11,2.24,150.74,0.301,0.058,0.669,3.98,2.6,2,26.5,7.0,4,4,32,5,309.35,0,1
14649,Midwest,Organic Search,New,Control,42,64.8,2,6,2.2,3.6,0.189,0.77,0.135,0.032,0,137.7,2.91,0.0,0.276,0.024,0.768,6.98,3.6,0,,10.0,3,4,276,1,105.39,1,0
14650,West,Organic Search,Returning,Control,20,126.2,14,10,4.7,7.1,0.31,0.939,0.098,0.001,2,99.88,2.33,200.4,0.221,0.024,0.718,7.12,2.8,2,33.2,9.0,5,6,9,3,291.87,0,0
14651,West,Referral,Returning,Control,43,69.9,19,13,8.7,8.5,0.244,0.74,0.131,0.011,1,118.39,3.24,98.41,0.312,0.038,0.769,8.12,3.4,1,27.1,8.0,5,4,77,4,454.4,0,0
14652,Northeast,Paid Search,Returning,Treatment,42,89.9,11,1,8.8,8.3,0.525,0.534,0.283,0.02,1,55.28,1.43,60.08,0.481,0.153,0.855,4.08,3.2,2,17.0,,4,4,66,5,281.31,1,0
14653,West,Social,Loyal,Control,33,,30,5,6.5,7.2,0.311,0.966,0.395,0.055,0,66.74,3.15,0.0,0.284,0.021,0.704,9.39,3.2,2,41.7,8.0,4,4,149,8,522.91,0,0
14654,West,Paid Search,Returning,Control,46,,8,4,4.4,6.5,0.352,0.714,0.471,0.035,1,44.26,1.28,38.53,0.438,0.14,0.823,5.23,2.9,3,19.9,6.0,6,7,89,3,135.76,0,1
14655,West,Social,New,Control,66,148.4,4,6,4.1,8.2,0.36,0.313,0.195,0.021,0,106.55,2.56,0.0,0.411,0.242,0.503,7.85,6.1,1,15.1,,5,5,227,1,104.55,1,0
14656,South,Email,Returning,Treatment,32,32.5,10,10,4.4,4.2,0.304,0.797,0.304,0.064,1,115.43,2.29,139.44,0.391,0.069,0.454,5.49,3.3,0,,9.0,5,4,89,2,213.35,0,0
14657,Midwest,Email,Returning,Control,55,90.0,23,7,8.3,6.8,0.409,0.488,0.337,0.054,2,65.8,2.01,106.85,0.356,0.067,0.516,9.19,3.5,1,29.8,7.0,5,6,28,1,70.35,0,0
14658,South,Paid Search,Loyal,Control,29,54.7,25,3,9.0,7.0,0.524,0.767,0.128,0.032,0,89.69,2.3,0.0,0.618,0.144,0.662,6.4,2.3,0,,7.0,6,6,212,5,399.45,1,1
14659,Midwest,Referral,Returning,Control,34,33.7,10,8,6.8,5.5,0.301,0.781,0.386,0.003,2,61.43,1.97,117.3,0.132,0.023,0.609,9.1,4.6,3,15.1,,4,4,7,4,287.9,0,0
14660,Midwest,Paid Search,Returning,Control,44,109.6,6,6,5.0,4.5,0.45,0.564,0.327,0.037,0,54.03,1.51,0.0,0.684,0.093,0.737,10.74,3.8,0,,,5,5,133,1,51.34,0,0
14661,Northeast,Organic Search,Returning,Control,49,98.1,9,9,3.2,4.4,0.258,0.562,0.146,0.009,2,124.29,3.4,248.05,0.41,0.011,0.692,8.58,3.9,0,,10.0,5,4,21,2,253.88,1,0
14662,South,Social,Returning,Treatment,45,101.2,20,14,7.2,10.6,0.482,0.684,0.281,0.037,1,120.19,3.46,112.75,0.021,0.163,0.668,1.88,4.4,1,14.7,7.0,5,5,89,5,761.13,0,0
14663,South,Social,Loyal,Treatment,29,50.3,32,12,3.2,6.3,0.434,0.766,0.347,0.061,3,72.54,3.0,221.28,0.33,0.123,0.501,6.42,3.4,3,36.0,7.0,5,5,49,5,292.94,1,0
14664,South,Social,Loyal,Treatment,48,49.6,37,15,10.6,7.9,0.619,0.561,0.184,0.003,1,30.57,1.0,29.91,0.16,0.138,0.555,2.83,3.2,0,,10.0,4,5,37,4,139.65,0,0
14665,West,Referral,Loyal,Control,35,41.2,35,8,4.0,6.4,0.227,0.776,0.218,0.04,0,62.92,2.15,0.0,0.162,0.127,0.59,4.66,1.8,0,,9.0,5,6,123,2,127.38,0,0
14666,South,Email,Returning,Control,47,81.7,8,10,6.4,6.7,0.41,0.852,0.411,0.012,1,89.02,2.47,98.6,0.337,0.048,0.593,5.01,2.3,1,13.7,8.0,5,5,53,2,152.33,1,0
14667,West,Organic Search,Returning,Treatment,55,154.4,15,12,6.7,7.2,0.233,0.821,0.345,0.031,0,131.1,2.77,0.0,0.339,0.026,0.638,2.5,2.4,0,,6.0,7,6,249,6,737.17,1,0
14668,Northeast,Referral,Returning,Control,55,219.1,14,5,9.0,9.5,0.367,0.232,0.264,0.031,0,82.59,2.15,0.0,0.165,0.016,0.625,6.64,3.9,1,31.6,9.0,6,6,116,2,190.38,0,0
14669,South,Social,Returning,Control,56,85.2,6,22,3.7,3.8,0.41,0.531,0.053,0.002,2,110.49,3.35,178.72,0.115,0.069,0.6,4.29,4.4,0,,9.0,4,5,61,4,437.21,0,0
14670,West,Paid Search,Loyal,Control,32,50.8,36,16,13.1,9.1,0.255,0.743,0.139,0.009,3,158.05,2.87,424.23,0.214,0.009,0.748,4.67,4.3,0,,7.0,6,7,13,2,306.4,0,0
14671,West,Paid Search,Returning,Control,46,100.5,21,26,9.5,8.5,0.174,0.877,0.283,0.021,5,84.51,2.39,440.33,0.675,0.072,0.878,9.44,3.2,1,46.7,7.0,4,6,22,3,218.1,0,1
14672,Midwest,Organic Search,Loyal,Treatment,38,96.6,31,2,4.1,4.2,0.374,0.883,0.183,0.011,2,66.29,1.71,128.13,0.285,0.029,0.658,5.99,3.1,1,14.0,10.0,5,4,46,3,174.8,0,0
14673,Northeast,Paid Search,Loyal,Control,73,,32,7,6.3,5.7,0.311,0.315,0.465,0.061,0,66.47,1.93,0.0,0.383,0.123,0.688,6.07,2.6,1,9.3,6.0,6,6,211,9,579.56,1,0
14674,West,Paid Search,Returning,Treatment,43,,17,4,2.8,4.8,0.34,0.889,0.306,0.01,0,126.99,3.87,0.0,0.562,0.115,0.766,4.78,4.2,0,,6.0,6,6,241,2,292.04,0,0
14675,South,Social,Returning,Treatment,35,27.1,10,3,5.5,6.3,0.428,0.71,0.252,0.033,1,78.84,2.27,93.31,0.538,0.068,0.714,1.96,3.9,1,28.8,7.0,5,5,21,2,164.17,0,1
14676,West,Paid Search,Returning,Treatment,45,74.0,22,6,2.8,5.3,0.383,0.589,0.265,0.051,2,217.21,4.66,533.98,0.183,0.159,0.62,3.88,3.7,1,33.8,6.0,6,6,88,7,1394.97,1,0
14677,Northeast,Paid Search,Loyal,Control,37,94.0,25,11,3.6,4.8,0.598,0.895,0.439,0.016,2,108.89,2.34,169.28,0.405,0.079,0.736,4.05,3.1,2,20.2,7.0,4,4,38,4,501.14,0,0
14678,Northeast,Social,Returning,Control,56,58.9,13,9,5.9,7.3,0.363,0.841,0.386,0.126,3,43.68,2.18,116.18,0.269,0.177,0.694,6.64,2.9,1,25.4,5.0,5,6,12,2,92.69,0,0
14679,Midwest,Organic Search,New,Control,18,50.8,3,6,4.3,4.7,0.311,0.847,0.233,0.053,1,137.46,2.09,171.9,0.38,0.036,0.734,7.05,3.3,1,35.7,10.0,6,7,13,1,136.05,0,0
14680,Midwest,Organic Search,Returning,Control,58,114.8,9,7,3.5,6.0,0.203,0.591,0.226,0.022,2,102.91,3.1,207.62,0.342,0.053,0.748,6.65,3.8,0,,7.0,4,4,19,3,340.91,0,0
14681,South,Paid Search,Returning,Treatment,46,70.6,16,9,8.2,7.0,0.254,0.832,0.163,0.05,0,138.92,2.71,0.0,0.302,0.183,0.684,5.86,3.1,1,12.0,9.0,5,4,160,9,1252.84,0,0
14682,South,Paid Search,Loyal,Treatment,53,54.0,25,14,2.5,3.7,0.291,0.664,0.256,0.053,2,71.08,2.65,115.85,0.568,0.025,0.668,5.73,2.4,2,14.3,9.0,4,5,19,4,278.02,0,0
14683,Midwest,Organic Search,Returning,Control,29,66.0,15,8,3.0,4.3,0.273,0.98,0.186,0.029,3,96.21,2.81,280.0,0.319,0.105,0.652,8.58,8.4,1,6.7,7.0,5,5,11,2,194.35,0,0
14684,South,Referral,Returning,Control,46,112.5,12,1,4.8,6.1,0.239,0.664,0.312,0.047,0,95.53,2.67,0.0,0.142,0.088,0.751,7.41,6.5,0,,10.0,4,4,98,2,223.66,0,0
14685,Northeast,Referral,New,Treatment,34,109.8,5,14,3.1,5.9,0.237,0.662,0.242,0.035,3,122.15,3.44,388.18,0.041,0.062,0.754,6.14,4.3,3,17.6,6.0,4,3,66,5,497.19,0,0
14686,West,Paid Search,Loyal,Treatment,34,25.2,27,9,16.5,16.3,0.388,0.886,0.148,0.004,2,42.68,2.83,89.63,0.31,0.019,0.602,5.75,3.3,0,,8.0,4,6,11,4,194.56,0,0
14687,West,Organic Search,Returning,Control,45,63.9,20,19,11.6,7.7,0.257,0.744,0.037,0.001,2,40.29,1.63,73.49,0.293,0.046,0.659,5.8,2.8,2,50.5,,7,7,17,8,340.76,0,0
14688,South,Paid Search,New,Control,23,56.5,2,6,4.0,4.5,0.178,0.706,0.291,0.037,0,102.09,2.44,0.0,0.466,0.032,0.765,2.7,4.6,0,,7.0,6,6,143,1,114.8,0,0
14689,Midwest,Paid Search,Loyal,Treatment,25,70.0,32,16,2.8,5.4,0.187,0.964,0.251,0.004,5,96.81,2.42,479.71,0.316,0.023,0.515,3.27,3.8,0,,7.0,3,3,6,4,351.92,0,1
14690,South,Paid Search,Returning,Treatment,24,56.7,14,17,4.7,4.3,0.392,0.864,0.409,0.078,3,36.28,2.59,117.79,0.604,0.144,0.605,6.98,5.5,0,,5.0,4,4,5,3,96.32,0,0
14691,Midwest,Organic Search,Loyal,Treatment,55,,25,10,4.7,4.8,0.324,0.673,0.124,0.007,1,62.39,2.47,51.0,0.323,0.091,0.677,2.13,4.2,1,24.8,6.0,3,3,3,8,524.2,0,0
14692,South,Organic Search,New,Treatment,41,58.5,4,7,6.3,7.6,0.236,0.899,0.343,0.078,2,46.61,1.8,87.34,0.305,0.064,0.746,5.04,4.7,0,,7.0,6,7,15,2,102.66,0,0
14693,South,Paid Search,Returning,Control,51,31.4,8,12,4.8,7.1,0.544,0.688,0.445,0.048,4,97.45,1.81,378.45,0.438,0.126,0.683,7.45,4.2,0,,6.0,4,5,17,3,307.1,0,0
14694,Northeast,Email,New,Treatment,43,102.9,4,13,3.7,4.9,0.342,0.805,0.185,0.016,1,86.59,2.38,68.42,0.596,0.055,0.504,4.41,3.5,0,,10.0,4,5,54,1,78.74,0,1
14695,Midwest,Organic Search,Loyal,Control,32,32.2,49,32,4.5,6.2,0.317,0.573,0.312,0.019,4,67.11,1.79,210.33,0.345,0.06,0.561,6.46,4.9,3,12.1,6.0,5,5,39,9,699.68,0,0
14696,West,Organic Search,Returning,Control,60,190.0,12,16,4.1,5.0,0.229,0.617,0.32,0.027,5,96.37,2.6,588.17,0.471,0.097,0.628,8.28,2.1,2,24.1,9.0,4,4,13,2,183.35,0,0
14697,South,Paid Search,Loyal,Control,36,80.9,38,7,6.7,10.0,0.309,0.989,0.256,0.013,1,103.81,2.94,83.46,0.438,0.143,0.643,6.48,3.9,3,11.3,7.0,3,3,89,8,887.12,0,0
14698,Midwest,Paid Search,Loyal,Control,40,131.8,25,13,3.3,6.8,0.278,0.635,0.143,0.043,1,90.67,2.26,99.13,0.362,0.157,0.729,7.39,3.0,2,22.2,10.0,5,5,52,2,168.12,0,1
14699,South,Paid Search,Returning,Control,55,75.2,17,9,2.8,3.9,0.388,0.822,0.415,0.086,2,114.93,4.35,228.73,0.598,0.156,0.642,6.62,4.9,2,13.9,5.0,5,5,17,5,605.38,0,0
14700,Midwest,Social,Returning,Control,36,66.4,19,2,9.2,8.9,0.374,0.986,0.376,0.007,3,75.01,2.14,249.12,0.203,0.054,0.631,4.65,3.4,1,27.1,4.0,5,5,51,4,290.61,0,1
14701,Northeast,Email,New,Treatment,45,68.3,4,6,11.6,8.6,0.293,0.755,0.376,0.042,1,105.24,2.61,91.93,0.345,0.061,0.669,6.75,3.2,1,14.0,5.0,6,6,89,1,111.41,0,0
14702,West,Paid Search,Returning,Treatment,53,55.7,10,8,5.0,5.1,0.521,0.901,0.089,0.029,2,96.01,2.65,170.65,0.454,0.111,0.713,5.41,4.2,1,16.7,3.0,4,5,83,1,90.64,1,1
14703,South,Social,Returning,Control,36,70.1,13,7,7.5,8.9,0.175,0.96,0.283,0.005,1,72.98,2.25,63.45,0.12,0.011,0.735,5.34,2.9,0,,5.0,4,5,48,2,157.08,0,0
14704,West,Organic Search,Returning,Control,49,40.7,19,7,11.3,8.4,0.16,0.418,0.173,0.007,3,45.16,1.0,138.14,0.419,0.137,0.479,5.35,3.9,1,11.8,6.0,6,6,3,3,111.28,0,0
14705,West,Social,Returning,Treatment,52,,9,23,2.5,4.2,0.417,0.84,0.252,0.032,3,65.71,2.43,175.38,0.384,0.073,0.714,5.2,4.0,1,15.0,9.0,5,5,44,1,52.52,0,0
14706,South,Organic Search,Loyal,Treatment,54,47.3,59,15,2.8,4.0,0.242,0.684,0.227,0.011,3,66.23,2.35,176.16,0.186,0.225,0.682,4.57,4.5,0,,9.0,3,3,87,1,65.59,0,0
14707,South,Organic Search,Returning,Control,61,31.9,18,12,8.9,7.3,0.179,0.73,0.216,0.02,2,63.95,1.32,126.4,0.406,0.046,0.759,5.31,2.4,2,16.6,,6,5,13,12,723.54,0,0
14708,Midwest,Email,Returning,Control,41,98.7,21,7,7.8,6.2,0.4,0.874,0.336,0.122,1,93.64,3.21,85.27,0.191,0.084,0.627,3.92,1.7,2,23.6,8.0,7,7,3,6,513.06,0,0
14709,South,Referral,New,Control,18,65.3,2,5,10.2,6.9,0.219,0.826,0.361,0.013,1,73.17,3.9,77.72,0.099,0.099,0.661,7.08,4.4,1,22.5,6.0,4,4,89,1,75.71,0,0
14710,South,Organic Search,Returning,Control,54,146.3,17,10,3.9,6.5,0.551,0.762,0.364,0.024,1,80.18,2.75,96.53,0.025,0.015,0.667,6.4,4.0,0,,10.0,5,6,23,3,239.13,0,0
14711,West,Social,Returning,Control,24,,13,7,6.8,6.5,0.528,0.905,0.299,0.037,1,92.9,3.45,88.58,0.368,0.079,0.723,5.56,1.3,0,,7.0,7,6,89,3,239.64,1,0
14712,West,Social,Returning,Control,30,90.9,16,17,5.9,5.9,0.347,0.795,0.216,0.031,3,67.84,2.19,212.12,0.265,0.151,0.578,6.61,2.1,2,15.6,3.0,2,2,10,3,202.63,0,0
14713,South,Email,Returning,Control,26,115.4,17,6,7.1,6.1,0.272,0.656,0.28,0.013,1,122.7,3.56,113.14,0.129,0.077,0.68,6.53,3.0,3,14.4,9.0,6,6,22,4,497.88,0,0
14714,Midwest,Organic Search,Returning,Treatment,24,63.6,10,11,5.4,5.1,0.143,0.856,0.238,0.025,2,49.65,1.54,101.07,0.193,0.03,0.738,5.08,3.1,0,,8.0,5,6,37,1,53.32,0,0
14715,Midwest,Email,Returning,Control,33,57.5,14,11,7.8,10.6,0.145,0.804,0.247,0.017,3,87.79,1.8,260.55,0.356,0.027,0.682,6.15,5.7,1,15.8,7.0,3,4,7,2,188.79,0,0
14716,South,Paid Search,Returning,Treatment,38,71.8,10,3,4.8,5.3,0.225,0.586,0.214,0.028,1,52.82,1.7,50.47,0.148,0.045,0.72,7.32,3.8,1,12.4,,3,3,2,1,52.74,0,0
14717,South,Referral,Loyal,Control,47,51.1,33,7,5.1,4.9,0.378,0.455,0.166,0.02,0,184.07,3.98,0.0,0.365,0.076,0.717,7.72,3.2,2,21.6,6.0,6,7,170,5,1008.0,0,0
14718,Midwest,Organic Search,Returning,Treatment,18,132.6,16,12,4.9,4.5,0.297,0.977,0.224,0.068,3,64.52,3.01,183.5,0.079,0.076,0.697,6.31,4.0,0,,8.0,6,7,25,6,389.77,0,0
14719,Northeast,Paid Search,Loyal,Treatment,38,37.9,29,3,11.2,8.4,0.444,0.504,0.34,0.062,1,63.17,1.74,40.52,0.24,0.165,0.623,5.7,3.1,1,21.0,10.0,5,6,15,4,269.82,0,0
14720,South,Paid Search,Returning,Control,47,97.3,21,21,7.3,5.9,0.173,0.493,0.246,0.077,4,54.74,1.66,202.39,0.295,0.066,0.888,6.04,4.4,0,,6.0,5,5,13,4,221.05,0,0
14721,Northeast,Email,Returning,Control,21,153.4,20,14,9.3,8.3,0.198,0.852,0.277,0.025,0,95.19,1.85,0.0,0.368,0.097,0.822,5.97,2.7,1,14.5,6.0,3,3,112,3,253.07,0,0
14722,Midwest,Organic Search,New,Treatment,36,54.3,1,6,3.6,4.4,0.221,0.708,0.169,0.03,3,67.74,1.49,197.99,0.105,0.078,0.555,4.98,1.8,1,11.9,5.0,7,7,18,1,64.09,0,0
14723,Northeast,Organic Search,Returning,Control,41,73.6,16,13,7.3,5.6,0.228,0.45,0.206,0.004,2,72.38,3.09,112.19,0.105,0.095,0.451,10.07,3.3,3,18.7,2.0,4,5,10,7,508.81,0,0
14724,Midwest,Social,New,Treatment,30,35.5,4,12,6.0,6.0,0.593,0.798,0.353,0.069,3,44.45,1.82,134.5,0.55,0.04,0.74,4.13,2.9,1,17.7,9.0,4,5,19,2,103.53,0,0
14725,Northeast,Organic Search,Returning,Control,47,43.5,8,10,5.5,5.6,0.18,0.847,0.235,0.092,0,81.03,2.66,0.0,0.123,0.032,0.81,6.99,2.6,1,12.6,5.0,5,5,139,1,86.39,1,0
14726,South,Social,Loyal,Treatment,37,35.8,27,10,7.5,6.7,0.477,0.606,0.362,0.011,0,58.76,1.03,0.0,0.368,0.127,0.668,5.4,5.7,3,16.2,6.0,5,6,264,5,349.11,1,0
14727,West,Email,Loyal,Treatment,43,67.5,31,12,8.1,6.0,0.225,0.722,0.341,0.048,3,85.68,3.03,236.98,0.367,0.115,0.606,6.23,3.6,3,46.8,4.0,4,3,11,8,629.0,0,0
14728,South,Organic Search,Returning,Treatment,24,90.3,21,9,10.5,10.2,0.07,0.709,0.273,0.036,0,30.37,2.02,0.0,0.1,0.085,0.6,5.89,3.0,0,,8.0,5,6,109,2,56.96,0,1
14729,South,Social,Loyal,Treatment,61,73.5,39,9,6.3,5.1,0.649,0.706,0.113,0.018,1,76.81,2.36,83.25,0.2,0.104,0.668,4.81,4.8,1,10.6,8.0,6,5,6,3,250.01,0,1
14730,Northeast,Social,Returning,Treatment,20,70.9,13,7,17.7,12.2,0.463,0.908,0.253,0.021,1,123.48,3.63,111.19,0.151,0.14,0.565,2.17,3.3,1,15.5,7.0,5,4,14,2,273.83,0,0
14731,Northeast,Email,Loyal,Control,32,87.2,40,12,6.2,5.6,0.425,0.446,0.576,0.045,1,153.07,3.19,100.43,0.554,0.154,0.558,6.04,3.3,1,49.9,,6,7,47,9,1321.24,0,1
14732,Northeast,Email,Returning,Control,48,52.7,8,3,10.1,7.8,0.282,0.319,0.373,0.125,2,122.61,2.61,334.42,0.362,0.094,0.609,9.92,2.4,0,,,4,4,43,1,127.06,0,0
14733,South,Email,Loyal,Treatment,48,92.6,42,14,8.9,7.1,0.37,0.867,0.102,0.005,3,86.98,3.1,291.84,0.07,0.055,0.582,3.09,4.9,2,25.2,6.0,5,5,16,5,392.56,0,0
14734,Northeast,Organic Search,Returning,Control,38,99.7,19,19,6.8,6.4,0.403,0.47,0.251,0.011,2,61.26,1.95,119.31,0.264,0.024,0.748,5.47,2.3,0,,,7,7,24,4,254.35,0,0
14735,West,Organic Search,Returning,Treatment,25,55.8,19,11,6.1,5.6,0.2,0.812,0.38,0.039,2,53.85,2.28,104.62,0.106,0.108,0.533,4.41,2.7,1,21.3,5.0,5,6,61,4,215.33,0,0
14736,West,Paid Search,Returning,Control,41,60.5,8,2,6.7,7.1,0.499,0.95,0.19,0.024,0,79.14,3.67,0.0,0.139,0.152,0.667,7.5,3.8,4,13.7,5.0,4,5,156,4,318.12,1,0
14737,West,Social,Returning,Control,31,113.0,6,8,4.7,4.6,0.355,0.855,0.317,0.026,4,86.32,1.79,309.67,0.257,0.122,0.795,4.83,3.0,0,,9.0,5,5,6,1,80.07,0,0
14738,Midwest,Paid Search,Loyal,Treatment,18,62.1,34,12,4.7,6.9,0.302,0.974,0.362,0.031,2,74.75,2.32,176.83,0.304,0.159,0.747,4.58,2.6,1,22.0,,5,6,1,9,584.98,0,0
14739,Midwest,Referral,Loyal,Treatment,45,58.1,32,9,7.3,6.1,0.383,0.742,0.291,0.037,1,92.78,2.92,84.98,0.198,0.045,0.672,4.43,3.8,0,,6.0,5,5,68,3,252.23,1,0
14740,Midwest,Paid Search,New,Treatment,48,44.0,1,11,6.1,6.7,0.404,0.697,0.193,0.013,1,80.83,3.07,80.63,0.361,0.058,0.637,3.34,5.7,0,,7.0,5,5,2,1,80.38,0,1
14741,West,Referral,Loyal,Treatment,43,46.0,25,8,6.6,6.3,0.247,0.86,0.243,0.033,0,60.19,2.74,0.0,0.365,0.125,0.614,3.45,3.1,0,,8.0,5,4,92,2,99.0,0,0
14742,South,Referral,Loyal,Treatment,43,23.7,35,22,7.5,5.7,0.283,0.743,0.178,0.009,4,93.01,3.01,378.29,0.062,0.077,0.748,7.1,2.2,1,5.7,7.0,5,6,14,6,647.44,1,1
14743,Midwest,Email,Returning,Treatment,36,56.1,13,27,10.0,7.3,0.455,0.688,0.585,0.091,2,84.93,2.68,166.39,0.307,0.083,0.759,2.87,4.0,2,13.8,7.0,5,5,21,3,250.67,0,1
14744,Midwest,Paid Search,Loyal,Treatment,49,76.8,29,7,5.6,5.3,0.539,0.515,0.085,0.021,3,113.57,3.53,304.55,0.355,0.003,0.769,4.99,2.4,0,,9.0,6,6,28,1,107.25,0,0
14745,Northeast,Email,Loyal,Treatment,45,42.2,35,13,3.7,4.4,0.434,0.629,0.275,0.012,5,62.32,2.63,320.2,0.29,0.075,0.884,2.61,4.2,0,,8.0,4,5,11,3,199.72,0,1
14746,South,Email,Returning,Treatment,34,57.4,8,6,4.9,4.6,0.287,0.798,0.399,0.011,0,32.41,1.0,0.0,0.287,0.099,0.646,5.71,3.9,3,17.3,3.0,5,6,93,2,58.11,0,1
14747,West,Social,Returning,Control,20,89.7,14,1,8.4,8.0,0.266,0.972,0.491,0.11,0,60.89,2.36,0.0,0.361,0.172,0.753,8.0,2.7,3,8.4,7.0,5,6,164,6,404.02,0,0
14748,South,Email,Returning,Control,28,46.2,8,11,6.4,7.0,0.247,0.763,0.264,0.03,3,55.94,1.94,118.87,0.222,0.059,0.718,7.15,3.5,0,,9.0,5,6,3,2,110.54,0,1
14749,Midwest,Social,Returning,Control,60,104.8,18,12,11.3,7.5,0.39,0.607,0.441,0.075,2,85.5,3.2,146.85,0.361,0.172,0.779,5.26,3.5,0,,4.0,5,4,32,1,94.92,1,0
14750,Midwest,Paid Search,Returning,Control,36,81.6,14,7,7.2,6.5,0.421,0.769,0.365,0.026,3,80.84,1.74,288.41,0.244,0.189,0.634,5.86,4.2,0,,6.0,4,4,7,1,81.08,0,1
14751,South,Paid Search,Loyal,Treatment,45,26.8,25,4,8.7,7.1,0.342,0.623,0.443,0.096,1,69.41,2.07,80.96,0.343,0.014,0.595,4.81,3.7,1,10.3,8.0,6,6,89,3,226.15,0,0
14752,West,Organic Search,New,Treatment,41,43.1,4,4,4.1,4.2,0.457,0.691,0.156,0.027,1,89.05,2.69,81.7,0.035,0.103,0.804,5.37,1.9,1,8.4,3.0,4,4,58,2,152.54,0,0
14753,West,Social,Returning,Control,51,227.0,10,5,5.5,6.7,0.354,0.608,0.225,0.015,0,176.24,3.36,0.0,0.337,0.187,0.76,7.98,3.6,0,,6.0,6,7,362,1,166.2,1,1
14754,South,Social,Returning,Control,74,44.1,11,5,6.8,5.7,0.54,0.246,0.176,0.006,0,139.42,2.92,0.0,0.478,0.226,0.509,6.85,2.9,0,,8.0,6,6,224,1,129.38,1,0
14755,West,Organic Search,New,Control,36,73.9,5,1,6.2,5.6,0.194,0.871,0.392,0.025,0,53.2,2.13,0.0,0.122,0.023,0.804,9.07,2.4,0,,7.0,4,4,139,1,68.78,0,1
14756,Midwest,Referral,Loyal,Treatment,41,132.9,42,12,8.6,7.2,0.28,0.796,0.235,0.014,3,111.85,1.4,231.87,0.164,0.013,0.623,4.94,5.9,2,14.3,8.0,4,4,1,7,803.04,0,1
14757,Northeast,Organic Search,New,Control,24,57.1,1,7,5.0,5.3,0.24,0.713,0.22,0.004,3,120.66,2.77,414.41,0.16,0.02,0.814,8.17,3.0,1,19.6,8.0,2,3,23,1,151.41,0,0
14758,South,Social,Returning,Control,48,31.0,20,6,3.5,4.6,0.208,0.607,0.427,0.011,1,59.97,1.42,68.97,0.57,0.151,0.542,9.65,4.3,0,,8.0,5,5,47,4,265.04,0,1
14759,South,Email,Returning,Treatment,30,64.1,8,12,6.7,5.6,0.269,0.856,0.332,0.049,4,127.17,1.9,580.04,0.094,0.05,0.755,4.23,1.5,0,,7.0,5,6,4,1,133.5,0,0
14760,West,Paid Search,Returning,Control,53,45.1,20,7,5.5,5.2,0.418,0.604,0.174,0.046,1,82.57,2.72,64.25,0.289,0.051,0.661,3.8,3.0,0,,5.0,5,5,17,5,319.77,0,0
14761,Midwest,Social,Returning,Treatment,41,60.9,18,9,3.2,4.5,0.355,0.634,0.438,0.143,2,143.97,2.49,209.63,0.388,0.1,0.569,3.88,3.9,0,,7.0,4,3,4,2,244.44,0,0
14762,Midwest,Paid Search,Returning,Control,41,59.6,16,6,5.5,5.2,0.213,0.925,0.185,0.011,1,113.67,2.41,130.69,0.298,0.073,0.739,6.08,4.2,2,21.5,2.0,4,4,20,4,506.03,0,0
14763,South,Paid Search,New,Control,25,77.0,5,6,2.7,3.9,0.246,0.891,0.435,0.06,0,64.6,2.51,0.0,0.24,0.018,0.636,6.03,4.1,0,,7.0,3,4,146,2,140.42,0,0
14764,Midwest,Organic Search,New,Control,39,42.9,5,4,6.8,5.7,0.353,0.773,0.184,0.015,0,55.24,2.51,0.0,0.367,0.146,0.723,6.04,3.5,1,27.5,6.0,7,6,136,1,52.17,1,0
14765,Northeast,Email,Returning,Control,59,143.2,12,1,9.8,7.9,0.299,0.634,0.476,0.012,0,80.89,3.19,0.0,0.369,0.052,0.727,5.23,1.7,0,,10.0,3,4,99,2,174.9,0,0
14766,Midwest,Paid Search,Returning,Control,42,27.2,13,7,1.9,5.0,0.35,0.858,0.14,0.019,1,39.9,1.51,33.5,0.308,0.091,0.805,4.87,2.2,0,,7.0,5,6,17,1,40.25,0,0
14767,West,Email,Loyal,Control,43,45.3,37,67,4.9,5.5,0.314,0.659,0.317,0.074,25,207.93,2.04,5198.25,0.075,0.02,0.488,7.69,2.4,32,25.0,,7,7,0,235,46874.19,1,0
14768,West,Organic Search,Loyal,Treatment,28,79.6,31,32,5.7,5.9,0.307,0.724,0.426,0.05,3,78.36,3.19,339.09,0.439,0.062,0.576,4.53,2.7,1,39.0,10.0,5,5,15,5,354.94,0,0
14769,West,Paid Search,Returning,Treatment,41,85.4,10,14,4.3,8.9,0.341,0.754,0.136,0.004,1,133.0,2.8,147.11,0.481,0.034,0.762,1.78,1.9,2,7.8,2.0,6,6,42,4,553.16,0,0
14770,Midwest,Organic Search,Loyal,Treatment,30,57.5,31,27,10.5,11.3,0.205,0.958,0.233,0.008,7,64.71,1.43,512.69,0.163,0.07,0.782,6.41,5.6,3,20.8,6.0,4,5,1,4,228.58,0,0
14771,West,Referral,Loyal,Control,40,22.5,31,10,5.1,5.7,0.476,0.891,0.154,0.003,3,64.0,1.97,187.29,0.41,0.109,0.681,7.58,4.3,0,,10.0,6,7,30,4,278.24,0,0
14772,South,Social,Loyal,Treatment,30,74.1,28,8,5.3,7.9,0.411,0.423,0.313,0.012,3,106.76,1.12,202.2,0.204,0.025,0.794,4.2,4.3,0,,,6,7,7,3,324.18,0,0
14773,Midwest,Email,Returning,Treatment,52,54.1,22,20,4.8,4.9,0.23,0.797,0.305,0.02,3,76.44,4.04,297.61,0.265,0.021,0.494,5.62,3.5,0,,8.0,5,5,25,3,275.39,0,0
14774,Northeast,Organic Search,New,Control,29,84.3,1,9,5.4,7.4,0.238,0.826,0.096,0.024,2,114.32,3.05,249.57,0.2,0.005,0.621,6.0,3.4,0,,9.0,6,6,2,2,227.58,0,1
14775,Northeast,Organic Search,Loyal,Treatment,28,87.2,38,16,3.6,3.7,0.354,0.927,0.183,0.034,3,71.13,1.57,260.01,0.249,0.09,0.715,3.83,4.9,0,,6.0,5,5,40,3,212.18,0,1
14776,South,Paid Search,New,Treatment,35,144.3,4,5,5.4,5.3,0.312,0.531,0.198,0.039,1,60.03,2.51,54.42,0.335,0.218,0.628,5.95,3.1,1,10.7,10.0,4,5,63,2,127.84,0,0
14777,West,Paid Search,Loyal,Control,72,45.2,26,6,3.8,5.6,0.32,0.526,0.219,0.01,0,82.63,3.02,0.0,0.359,0.055,0.8,7.15,3.3,1,13.3,10.0,6,7,365,4,303.03,1,0
14778,South,Email,Returning,Treatment,48,70.1,17,12,7.6,6.3,0.107,0.473,0.443,0.039,5,70.95,3.06,361.01,0.216,0.01,0.649,2.08,3.0,0,,,5,4,38,4,273.56,0,0
14779,Midwest,Email,Returning,Control,48,79.7,14,26,12.1,12.2,0.18,0.942,0.193,0.008,5,75.31,2.39,388.46,0.654,0.025,0.511,7.13,3.3,0,,,5,5,41,1,72.88,1,0
14780,South,Paid Search,Returning,Treatment,38,141.3,11,3,3.6,3.8,0.341,0.592,0.168,0.008,1,76.93,3.0,81.39,0.422,0.066,0.672,6.23,7.8,0,,6.0,6,6,12,2,118.45,0,0
14781,West,Paid Search,Returning,Treatment,37,94.1,19,7,4.4,4.5,0.53,0.561,0.401,0.04,1,66.53,2.03,68.9,0.604,0.116,0.782,6.97,1.7,1,35.9,6.0,6,6,29,4,243.78,0,1
14782,Midwest,Email,Returning,Control,41,52.4,12,17,13.4,9.7,0.265,0.43,0.443,0.04,2,82.23,1.88,154.14,0.162,0.031,0.627,6.96,4.6,0,,7.0,6,5,16,2,194.23,1,0
14783,Midwest,Email,Loyal,Control,42,46.7,56,44,3.6,4.2,0.367,0.685,0.724,0.25,1,85.08,2.7,99.53,0.055,0.13,0.764,4.37,3.0,4,41.5,4.0,5,5,83,7,633.92,0,1
14784,Northeast,Organic Search,Returning,Treatment,36,88.1,20,4,5.5,6.6,0.311,0.905,0.122,0.014,2,92.2,2.47,165.74,0.203,0.03,0.619,2.97,3.8,1,10.3,10.0,6,6,6,3,300.32,0,0
14785,West,Social,Loyal,Treatment,50,86.1,33,17,2.9,4.4,0.546,0.811,0.177,0.06,10,136.22,3.07,1213.2,0.226,0.055,0.799,4.21,4.0,4,9.4,6.0,4,4,2,18,2649.72,0,0
14786,South,Paid Search,Returning,Control,37,149.3,20,1,4.7,6.3,0.483,0.664,0.187,0.028,0,73.68,2.44,0.0,0.458,0.13,0.739,6.92,5.6,1,28.1,6.0,6,7,142,7,432.07,0,0
14787,Midwest,Organic Search,Returning,Control,39,67.1,18,6,3.9,4.9,0.25,0.776,0.334,0.072,0,40.0,2.18,0.0,0.434,0.022,0.75,10.51,4.0,3,36.3,6.0,6,6,155,3,110.17,0,0
14788,Northeast,Organic Search,Loyal,Treatment,26,83.3,43,8,5.0,7.6,0.422,0.708,0.31,0.065,1,92.62,2.66,106.6,0.27,0.071,0.644,4.19,4.9,0,,10.0,5,6,18,5,503.39,0,0
14789,Midwest,Organic Search,Loyal,Treatment,24,63.8,29,15,12.5,10.5,0.286,0.888,0.154,0.023,4,91.12,2.63,408.04,0.427,0.134,0.604,2.22,4.1,0,,8.0,4,4,22,6,552.39,0,0
14790,West,Organic Search,Loyal,Treatment,52,115.4,31,5,10.2,8.3,0.381,0.393,0.3,0.046,1,74.77,2.62,73.19,0.069,0.236,0.7,5.87,3.9,0,,,7,6,52,6,387.24,0,0
14791,West,Social,Returning,Control,43,69.4,18,11,6.9,5.4,0.27,0.607,0.326,0.063,2,109.76,2.7,230.76,0.497,0.3,0.711,7.08,3.7,1,15.0,6.0,6,6,17,5,537.0,0,0
14792,West,Referral,New,Treatment,22,150.7,4,6,5.9,6.6,0.116,0.906,0.071,0.007,0,108.26,2.99,0.0,0.227,0.009,0.618,3.81,3.5,0,,7.0,5,6,165,1,112.37,1,0
14793,Northeast,Email,New,Treatment,74,115.4,5,12,5.8,7.1,0.327,0.504,0.417,0.003,2,54.43,1.34,83.13,0.617,0.166,0.793,4.88,3.4,0,,7.0,4,4,14,1,56.29,0,0
14794,South,Paid Search,Returning,Control,57,84.3,12,10,3.3,5.5,0.447,0.681,0.332,0.064,2,116.53,2.89,245.7,0.388,0.061,0.685,7.04,3.0,0,,7.0,5,5,23,1,131.46,1,0
14795,West,Paid Search,Returning,Treatment,27,24.4,19,7,9.9,7.2,0.294,0.946,0.096,0.008,2,112.22,2.72,197.84,0.548,0.123,0.595,6.58,4.3,3,7.5,7.0,5,5,72,5,498.46,1,0
14796,South,Social,Loyal,Treatment,35,103.6,31,14,2.3,3.3,0.399,0.927,0.331,0.017,3,113.8,2.79,406.78,0.226,0.055,0.522,8.54,5.4,0,,8.0,3,4,4,8,879.05,0,1
14797,West,Social,Returning,Control,45,72.2,10,10,2.4,3.5,0.367,0.862,0.335,0.03,1,80.12,3.08,70.63,0.307,0.091,0.646,7.17,3.5,1,37.1,10.0,4,5,59,2,149.12,0,0
14798,South,Organic Search,Returning,Treatment,61,92.4,10,8,7.9,5.6,0.306,0.585,0.372,0.072,3,99.72,2.8,330.17,0.086,0.06,0.753,5.17,2.6,2,50.3,9.0,5,5,17,4,339.99,0,0
14799,Midwest,Email,Loyal,Control,39,140.1,35,4,5.0,5.5,0.386,0.444,0.19,0.004,0,53.94,1.65,0.0,0.139,0.111,0.769,3.28,4.3,4,21.1,1.0,4,3,284,18,983.31,0,0
14800,West,Social,Returning,Treatment,42,100.8,10,11,10.2,9.4,0.325,0.949,0.261,0.042,1,63.13,2.35,61.16,0.348,0.201,0.667,6.85,2.5,0,,10.0,4,4,13,1,66.32,0,0
14801,South,Paid Search,Loyal,Treatment,32,94.3,29,19,7.2,8.9,0.555,0.84,0.247,0.004,6,66.73,2.6,453.43,0.461,0.049,0.656,3.81,3.9,3,44.2,6.0,5,5,11,3,190.59,0,0
14802,Midwest,Organic Search,Returning,Control,38,115.6,23,21,7.6,7.1,0.186,0.709,0.192,0.016,4,125.61,3.11,614.15,0.144,0.165,0.868,6.43,5.0,1,20.4,6.0,6,7,23,4,509.31,0,0
14803,West,Paid Search,Loyal,Treatment,45,47.7,51,4,7.2,5.8,0.314,0.707,0.083,0.007,2,89.88,2.85,166.11,0.357,0.295,0.643,6.73,1.7,2,12.0,6.0,4,4,38,12,979.59,0,0
14804,Northeast,Organic Search,Loyal,Treatment,28,144.9,57,5,10.3,9.5,0.136,0.951,0.227,0.075,2,54.51,1.64,108.46,0.179,0.056,0.829,0.44,3.6,3,30.6,7.0,6,5,12,6,324.77,0,0
14805,Northeast,Paid Search,New,Treatment,31,106.9,5,4,6.0,7.4,0.257,0.9,0.303,0.004,4,49.73,1.76,225.88,0.328,0.052,0.479,4.69,4.2,1,15.1,8.0,4,4,14,1,47.45,0,0
14806,South,Social,New,Treatment,43,85.4,3,2,4.9,5.6,0.388,0.616,0.109,0.015,0,119.11,3.05,0.0,0.132,0.143,0.728,6.38,6.7,0,,7.0,4,4,214,1,115.29,1,0
14807,Midwest,Referral,Returning,Control,27,159.9,11,17,4.6,4.6,0.461,0.916,0.291,0.013,4,139.48,2.44,507.88,0.398,0.06,0.748,7.59,2.4,2,16.3,6.0,6,6,4,3,362.15,0,0
14808,South,Paid Search,Returning,Control,18,72.0,18,8,4.3,4.8,0.21,0.989,0.294,0.022,1,93.85,1.86,96.82,0.273,0.133,0.712,6.65,4.5,3,15.3,9.0,4,4,77,3,276.19,0,0
14809,Northeast,Social,Returning,Control,48,55.5,10,13,3.1,3.8,0.418,0.649,0.169,0.005,4,70.2,2.04,270.47,0.465,0.145,0.794,8.5,5.1,0,,4.0,6,7,3,2,141.22,0,0
14810,West,Paid Search,New,Treatment,26,107.5,3,8,7.9,6.7,0.675,0.81,0.388,0.045,1,87.75,3.29,67.38,0.443,0.072,0.684,4.53,3.3,0,,6.0,7,7,89,4,385.68,1,1
14811,South,Organic Search,Returning,Control,50,,14,4,6.0,6.4,0.313,0.601,0.201,0.007,1,101.9,2.59,95.17,0.318,0.066,0.844,6.89,2.8,2,11.3,8.0,5,5,21,4,458.61,0,0
14812,West,Organic Search,Returning,Control,30,84.9,14,8,5.6,4.8,0.393,0.619,0.356,0.103,2,58.84,2.2,120.79,0.527,0.076,0.665,8.1,7.2,0,,7.0,5,5,10,3,152.62,0,0
14813,South,Paid Search,Loyal,Treatment,30,50.9,43,10,4.5,5.6,0.33,0.987,0.425,0.132,2,109.33,3.14,276.59,0.56,0.157,0.465,3.89,2.8,1,10.6,8.0,5,6,4,5,554.13,0,1
14814,West,Referral,New,Treatment,33,172.2,4,2,9.8,7.3,0.222,0.902,0.491,0.028,0,124.38,3.74,0.0,0.087,0.138,0.598,3.52,3.8,0,,6.0,5,5,261,3,357.48,1,0
14815,Northeast,Paid Search,Returning,Control,38,,23,9,15.4,10.2,0.371,0.556,0.059,0.002,0,107.02,3.14,0.0,0.476,0.291,0.647,5.82,2.6,0,,8.0,5,5,222,3,314.79,1,0
14816,Northeast,Paid Search,Returning,Control,66,67.2,9,5,10.1,8.3,0.232,0.475,0.292,0.034,0,122.95,3.2,0.0,0.251,0.068,0.691,5.11,2.5,0,,5.0,6,6,214,1,133.75,1,0
14817,West,Organic Search,Returning,Treatment,31,31.4,19,3,6.2,5.6,0.201,0.93,0.473,0.156,1,76.49,2.59,70.35,0.267,0.082,0.62,8.65,4.2,0,,9.0,6,7,23,4,361.57,0,0
14818,Midwest,Paid Search,Returning,Treatment,39,64.0,22,8,3.5,7.3,0.521,0.559,0.421,0.075,2,82.59,2.28,142.91,0.328,0.106,0.8,4.83,3.2,2,13.7,9.0,5,5,53,4,354.82,0,0
14819,Northeast,Social,Returning,Control,43,119.3,19,11,8.5,7.4,0.618,0.9,0.247,0.017,2,130.6,2.53,281.65,0.419,0.132,0.784,6.51,5.1,2,30.1,5.0,6,5,20,2,280.27,0,0
14820,West,Paid Search,New,Treatment,37,68.7,2,6,6.0,5.9,0.393,0.783,0.258,0.005,1,68.75,1.79,63.77,0.458,0.082,0.677,5.59,2.8,1,25.6,10.0,3,4,4,1,56.08,0,0
14821,Northeast,Referral,Loyal,Control,18,54.9,40,17,7.7,7.2,0.401,0.878,0.25,0.002,2,64.04,2.43,122.89,0.124,0.066,0.779,5.47,1.2,2,20.3,6.0,5,5,5,1,59.42,0,1
14822,Midwest,Paid Search,Returning,Control,25,54.4,24,6,11.6,9.5,0.343,0.943,0.293,0.064,1,54.32,2.52,44.9,0.533,0.006,0.733,6.5,6.1,1,17.9,10.0,4,4,62,3,173.55,0,0
14823,West,Paid Search,Returning,Control,18,84.3,14,4,10.8,8.0,0.26,0.889,0.166,0.028,2,59.66,1.24,124.42,0.12,0.033,0.778,7.49,3.0,0,,8.0,4,4,12,2,125.36,0,0
14824,West,Paid Search,Returning,Treatment,58,59.5,7,5,3.9,4.0,0.615,0.491,0.104,0.011,2,63.79,2.16,142.42,0.497,0.186,0.802,2.75,3.4,1,17.8,8.0,5,5,17,3,196.36,0,0
14825,South,Social,Loyal,Control,55,48.2,27,1,8.2,7.0,0.313,0.779,0.12,0.011,1,92.06,2.73,112.02,0.137,0.201,0.824,4.9,3.7,2,19.7,5.0,5,7,55,8,843.86,0,0
14826,Northeast,Paid Search,Returning,Control,34,47.1,18,21,13.2,8.8,0.312,0.992,0.124,0.028,2,62.21,2.57,120.65,0.642,0.054,0.565,7.83,6.8,0,,7.0,5,5,19,3,195.81,0,1
14827,Northeast,Social,Loyal,Control,32,212.1,50,13,5.2,4.8,0.36,0.736,0.061,0.005,0,135.17,2.29,0.0,0.459,0.262,0.804,7.04,3.2,2,12.4,3.0,4,5,191,7,884.82,1,0
14828,South,Social,Returning,Treatment,42,66.5,13,9,14.9,10.9,0.374,0.651,0.365,0.013,2,62.71,2.23,109.84,0.462,0.097,0.623,4.68,4.4,0,,8.0,4,4,57,3,165.87,0,0
14829,West,Referral,Returning,Treatment,31,81.0,19,5,5.1,6.1,0.285,0.704,0.201,0.055,0,48.36,1.86,0.0,0.196,0.048,0.761,6.56,6.0,1,5.2,10.0,5,4,201,4,213.02,0,0
14830,South,Paid Search,Loyal,Control,66,59.0,26,15,8.3,6.0,0.407,0.497,0.273,0.004,4,114.84,2.29,457.47,0.253,0.025,0.59,6.93,2.9,0,,8.0,5,5,9,2,197.98,0,0
14831,Midwest,Paid Search,Returning,Control,34,51.8,17,10,6.7,6.0,0.45,0.717,0.084,0.016,1,60.32,1.82,50.17,0.724,0.039,0.863,8.2,6.4,0,,5.0,6,6,24,1,54.7,0,0
14832,Northeast,Organic Search,Returning,Treatment,48,98.4,22,14,8.7,7.3,0.262,0.841,0.293,0.018,4,102.32,3.71,486.42,0.266,0.035,0.773,7.31,2.5,2,47.5,5.0,7,6,22,9,875.26,1,0
14833,West,Social,Loyal,Treatment,22,50.6,76,4,10.1,7.5,0.406,0.988,0.234,0.021,0,49.41,2.07,0.0,0.304,0.076,0.694,1.61,4.1,1,6.8,,5,6,126,5,332.19,0,0
14834,Northeast,Organic Search,Returning,Treatment,39,91.2,14,11,10.2,8.3,0.211,0.72,0.278,0.031,1,70.43,3.13,50.17,0.027,0.012,0.841,2.71,4.2,0,,10.0,3,3,6,1,75.48,0,0
14835,Northeast,Social,Loyal,Control,34,57.3,40,5,3.4,3.7,0.505,0.761,0.12,0.04,0,113.08,2.76,0.0,0.258,0.195,0.744,7.06,3.4,0,,7.0,4,4,204,3,324.47,1,0
14836,Northeast,Referral,Loyal,Control,36,250.6,28,7,5.8,5.6,0.315,0.651,0.528,0.027,1,110.89,2.52,91.66,0.187,0.167,0.701,8.31,4.6,1,17.3,4.0,3,4,56,1,116.06,0,1
14837,West,Organic Search,Loyal,Control,39,97.1,46,3,2.8,4.1,0.32,0.843,0.525,0.095,0,71.84,1.52,0.0,0.181,0.063,0.879,7.5,4.9,3,9.5,10.0,2,1,138,7,460.54,0,0
14838,Northeast,Organic Search,Returning,Treatment,36,85.7,22,8,14.1,10.0,0.255,0.705,0.176,0.038,0,86.43,1.66,0.0,0.133,0.223,0.709,7.77,2.9,0,,7.0,6,7,160,1,71.41,0,0
14839,South,Organic Search,Returning,Treatment,46,60.6,9,14,8.8,7.9,0.314,0.62,0.248,0.015,2,84.78,1.62,151.02,0.127,0.069,0.882,4.09,4.5,0,,5.0,6,5,7,4,326.48,0,0
14840,West,Organic Search,Returning,Treatment,42,77.7,16,16,9.7,8.0,0.337,0.653,0.082,0.029,4,137.77,2.79,661.88,0.153,0.007,0.628,4.75,3.3,1,13.9,7.0,4,5,14,2,320.22,0,1
14841,Midwest,Paid Search,Returning,Treatment,51,72.8,10,12,9.9,7.4,0.487,0.805,0.156,0.02,5,56.79,2.66,259.87,0.321,0.238,0.662,3.35,1.8,1,28.6,8.0,5,5,5,2,159.55,0,0
14842,South,Organic Search,Returning,Control,50,47.2,14,7,5.5,5.1,0.436,0.747,0.278,0.017,1,98.96,2.72,85.92,0.291,0.074,0.681,6.07,2.7,0,,5.0,5,5,89,1,80.96,0,0
14843,West,Paid Search,Loyal,Control,72,83.3,25,9,11.3,8.1,0.498,0.491,0.29,0.079,3,69.69,1.36,225.31,0.243,0.065,0.62,7.81,2.4,0,,8.0,6,6,35,2,166.2,0,0
14844,Northeast,Paid Search,Returning,Treatment,22,85.0,14,7,2.1,5.6,0.465,0.881,0.151,0.017,0,95.53,2.09,0.0,0.702,0.077,0.662,4.22,4.6,0,,10.0,4,4,115,1,87.19,0,0
14845,Northeast,Social,Returning,Control,25,121.4,13,3,8.6,6.6,0.367,0.767,0.139,0.032,1,102.23,2.22,102.31,0.452,0.077,0.718,6.84,4.8,1,26.6,6.0,5,6,82,1,105.95,1,0
14846,Midwest,Organic Search,New,Treatment,57,35.8,5,4,3.6,4.7,0.182,0.829,0.264,0.019,1,44.76,2.11,47.05,0.267,0.107,0.511,4.25,3.0,1,21.3,4.0,5,4,54,1,50.67,0,0
14847,South,Organic Search,Loyal,Control,49,66.0,43,19,6.5,5.3,0.252,0.822,0.185,0.009,3,77.2,1.18,204.3,0.383,0.074,0.711,4.6,4.7,1,28.0,4.0,6,6,32,8,621.31,0,0
14848,West,Organic Search,Returning,Control,68,68.1,12,14,3.6,6.4,0.172,0.391,0.148,0.025,1,142.42,2.93,157.28,0.503,0.041,0.659,6.35,2.7,0,,10.0,5,5,34,2,292.05,0,0
14849,South,Social,Returning,Treatment,48,65.2,18,8,5.0,5.8,0.494,0.755,0.185,0.062,3,47.06,1.55,163.31,0.787,0.065,0.679,5.29,3.9,3,32.1,7.0,5,5,20,4,167.22,0,0
14850,West,Social,Loyal,Control,33,112.5,33,11,11.5,10.1,0.257,0.679,0.178,0.006,1,107.39,2.84,93.07,0.595,0.033,0.807,7.64,3.7,0,,9.0,6,6,72,1,115.29,0,0
14851,Midwest,Social,Loyal,Control,54,70.2,29,14,14.0,8.8,0.548,0.574,0.397,0.025,6,59.81,2.56,422.06,0.173,0.129,0.752,7.84,4.4,2,47.5,8.0,7,7,20,3,231.61,0,0
14852,South,Paid Search,Loyal,Control,55,90.6,32,4,6.6,7.2,0.411,0.734,0.244,0.005,0,147.5,2.89,0.0,0.65,0.027,0.76,7.19,2.4,3,13.1,10.0,6,6,110,6,792.86,0,0
14853,West,Organic Search,Returning,Control,58,61.6,10,9,11.9,10.2,0.14,0.57,0.153,0.038,3,86.43,1.0,215.39,0.238,0.129,0.678,5.91,3.8,0,,6.0,3,3,23,2,187.62,0,0
14854,West,Organic Search,New,Treatment,42,97.8,5,11,5.3,6.8,0.343,0.501,0.319,0.086,2,86.05,2.98,162.24,0.123,0.067,0.742,4.37,3.1,1,25.4,5.0,6,6,52,1,85.11,0,0
14855,West,Social,Returning,Treatment,18,127.4,7,9,4.0,4.0,0.558,0.799,0.283,0.02,1,88.18,3.43,120.34,0.483,0.035,0.259,4.23,5.0,0,,7.0,4,5,56,1,99.85,0,0
14856,Northeast,Referral,Returning,Control,40,88.2,18,10,5.3,6.0,0.35,0.917,0.181,0.038,3,70.58,2.09,222.87,0.089,0.042,0.591,6.54,4.2,3,10.3,,4,4,3,4,307.01,0,0
14857,West,Email,Returning,Control,36,68.1,22,12,6.1,7.2,0.259,0.762,0.419,0.016,1,85.23,1.88,87.8,0.439,0.071,0.576,7.68,4.1,2,34.1,8.0,5,6,15,3,262.1,0,0
14858,South,Organic Search,Loyal,Control,54,96.2,47,15,9.1,7.4,0.384,0.806,0.186,0.011,1,72.6,2.6,79.09,0.07,0.035,0.703,4.88,3.3,1,82.0,8.0,6,7,13,4,333.44,0,0
14859,Midwest,Organic Search,Returning,Treatment,18,137.2,9,6,4.9,6.0,0.183,0.979,0.075,0.023,2,52.8,1.8,98.11,0.154,0.106,0.728,3.91,3.6,0,,7.0,4,3,8,3,182.37,0,0
14860,West,Organic Search,Returning,Control,50,90.6,18,11,7.4,5.7,0.357,0.602,0.292,0.034,1,90.49,2.52,92.03,0.196,0.034,0.837,6.0,1.9,0,,10.0,5,5,89,2,191.6,0,0
14861,West,Organic Search,Returning,Control,54,86.1,18,6,4.6,4.4,0.503,0.84,0.229,0.066,1,49.76,1.8,60.69,0.117,0.03,0.684,6.84,2.7,0,,8.0,5,5,76,6,294.85,0,0
14862,Northeast,Paid Search,New,Treatment,18,55.5,5,6,6.3,5.7,0.274,0.958,0.126,0.023,0,46.0,1.0,0.0,0.303,0.132,0.586,1.81,3.0,0,,10.0,5,5,166,2,81.47,0,0
14863,West,Social,New,Treatment,38,90.3,1,1,8.0,6.5,0.325,0.791,0.382,0.003,1,65.43,2.04,64.04,0.194,0.092,0.804,4.96,3.5,1,66.1,7.0,4,4,31,1,59.06,0,0
14864,South,Paid Search,Returning,Control,60,108.3,9,14,18.3,13.2,0.264,0.378,0.517,0.085,2,205.58,4.83,403.07,0.386,0.05,0.636,2.82,3.8,1,19.6,7.0,5,5,57,4,752.1,0,1
14865,South,Email,Returning,Control,48,92.2,6,4,6.2,5.6,0.373,0.934,0.379,0.028,0,64.38,3.33,0.0,0.18,0.021,0.71,6.66,1.9,0,,10.0,6,7,105,1,72.19,1,0
14866,South,Email,New,Treatment,34,56.7,3,2,2.5,4.8,0.388,0.903,0.528,0.069,0,112.46,3.26,0.0,0.296,0.076,0.821,4.45,2.9,0,,10.0,4,5,365,1,139.18,1,0
14867,South,Email,Returning,Control,46,53.5,6,5,11.2,7.4,0.296,0.991,0.49,0.035,0,83.3,1.71,0.0,0.314,0.12,0.67,9.53,4.7,0,,8.0,6,6,153,4,303.47,0,0
14868,West,Email,Loyal,Treatment,28,66.2,68,16,2.7,3.9,0.329,0.897,0.334,0.025,0,83.11,2.55,0.0,0.417,0.045,0.739,6.01,3.7,3,16.4,5.0,6,5,156,12,812.06,1,0
14869,West,Email,Loyal,Treatment,54,78.5,31,13,4.6,7.3,0.295,0.643,0.25,0.033,3,51.04,2.01,151.1,0.142,0.014,0.479,2.6,1.3,2,40.4,8.0,4,4,9,3,142.94,0,0
14870,South,Social,Returning,Control,18,102.4,11,5,10.7,8.5,0.27,0.79,0.224,0.021,0,97.76,1.79,0.0,0.158,0.053,0.603,5.82,2.1,0,,8.0,4,4,115,1,112.22,1,0
14871,West,Email,Returning,Control,48,100.3,6,12,8.5,8.8,0.388,0.836,0.39,0.082,1,118.99,1.94,130.34,0.284,0.076,0.803,7.6,1.9,1,13.0,9.0,5,5,80,1,112.96,0,0
14872,West,Organic Search,Returning,Control,36,122.3,24,10,4.9,5.5,0.221,0.649,0.355,0.073,2,99.59,2.22,241.86,0.371,0.083,0.543,5.71,3.0,1,9.6,8.0,5,5,83,4,376.59,0,1
14873,Midwest,Email,Loyal,Treatment,71,49.1,31,6,6.9,5.7,0.105,0.648,0.199,0.019,1,97.43,2.72,89.63,0.458,0.074,0.734,4.98,1.9,0,,8.0,4,4,72,4,434.32,0,0
14874,West,Paid Search,Loyal,Treatment,51,179.7,48,6,4.6,4.8,0.277,0.831,0.146,0.036,2,155.53,3.99,344.53,0.357,0.068,0.727,3.83,0.8,3,15.3,8.0,3,3,31,7,1110.66,0,0
14875,Midwest,Social,Returning,Treatment,24,85.8,13,13,5.5,7.2,0.427,0.813,0.28,0.026,4,77.72,2.44,376.81,0.589,0.093,0.461,7.23,2.7,1,7.6,9.0,6,7,63,5,402.85,0,0
14876,West,Social,Returning,Treatment,21,31.8,15,18,7.5,6.4,0.473,0.756,0.221,0.031,2,114.59,3.06,254.52,0.283,0.118,0.731,4.65,3.7,1,21.6,6.0,5,5,26,4,480.92,0,0
14877,Midwest,Social,Returning,Treatment,24,53.1,19,15,6.5,7.9,0.234,0.813,0.223,0.001,4,122.18,3.29,516.06,0.197,0.045,0.652,6.13,1.8,1,24.2,9.0,5,5,37,4,536.12,0,0
14878,South,Social,Returning,Control,27,143.0,17,3,4.5,4.7,0.284,0.889,0.305,0.02,2,101.31,3.43,222.38,0.335,0.088,0.58,6.14,3.3,0,,9.0,5,5,67,1,80.93,0,0
14879,West,Paid Search,Loyal,Control,44,45.2,40,5,4.2,7.2,0.549,0.72,0.236,0.02,4,69.24,2.26,280.85,0.349,0.017,0.57,3.64,4.0,1,12.9,8.0,4,5,15,3,210.69,0,0
14880,Northeast,Organic Search,Returning,Treatment,27,107.8,22,4,4.8,4.8,0.296,0.687,0.123,0.002,0,85.54,2.0,0.0,0.331,0.078,0.691,6.42,4.4,1,19.3,10.0,5,5,189,1,82.49,0,0
14881,Northeast,Email,Loyal,Treatment,53,89.6,53,40,6.3,6.0,0.17,0.658,0.305,0.064,7,76.99,2.36,463.21,0.387,0.13,0.569,3.99,3.6,1,27.6,6.0,4,6,15,11,955.47,0,1
14882,South,Email,Loyal,Control,41,27.6,38,26,4.3,9.7,0.19,0.404,0.344,0.02,5,57.23,2.17,358.65,0.265,0.031,0.735,8.16,4.7,4,32.9,9.0,3,4,25,9,481.49,0,0
14883,Northeast,Paid Search,New,Treatment,38,39.4,3,4,2.3,3.8,0.348,0.845,0.375,0.105,1,50.81,2.01,56.06,0.693,0.088,0.612,2.67,2.8,0,,7.0,1,3,82,1,44.69,0,0
14884,South,Organic Search,Loyal,Control,56,37.4,25,1,2.3,3.6,0.636,0.417,0.347,0.04,1,48.85,1.44,41.03,0.352,0.085,0.643,7.95,7.1,2,36.6,8.0,5,5,73,4,182.06,0,0
14885,Midwest,Organic Search,Loyal,Treatment,26,,63,19,5.0,6.5,0.452,0.836,0.142,0.009,4,112.94,2.44,497.33,0.369,0.24,0.684,6.45,4.8,2,33.2,8.0,6,7,23,5,555.88,0,0
14886,Northeast,Organic Search,Returning,Control,43,103.3,20,6,3.9,6.6,0.229,0.792,0.138,0.018,0,97.7,2.58,0.0,0.128,0.077,0.622,4.78,3.0,0,,,5,6,167,3,296.59,0,1
14887,West,Referral,New,Control,36,75.5,2,6,6.2,6.6,0.175,0.88,0.096,0.02,2,66.94,2.21,144.48,0.327,0.038,0.769,6.31,3.2,0,,,5,6,27,1,51.77,0,1
14888,Midwest,Paid Search,New,Control,60,81.0,4,7,6.6,6.8,0.446,0.668,0.292,0.013,1,85.88,3.18,64.41,0.375,0.044,0.561,3.48,4.0,1,23.1,,3,5,68,1,81.7,1,0
14889,South,Paid Search,Loyal,Control,25,110.8,40,7,6.2,7.1,0.297,0.807,0.283,0.048,0,72.51,2.47,0.0,0.572,0.074,0.655,5.68,4.1,0,,10.0,7,6,111,6,431.51,0,0
14890,South,Social,Returning,Treatment,25,38.6,13,3,4.0,4.6,0.407,0.628,0.458,0.043,1,45.87,2.28,41.59,0.518,0.187,0.784,3.59,4.9,3,25.2,6.0,4,5,17,5,207.71,0,0
14891,Midwest,Organic Search,Loyal,Treatment,48,62.0,43,16,8.2,7.9,0.108,0.8,0.21,0.006,4,75.75,1.74,251.3,0.51,0.011,0.81,4.63,2.9,0,,10.0,4,4,26,7,564.53,0,0
14892,West,Social,Returning,Control,39,68.9,10,4,5.2,5.2,0.376,0.597,0.31,0.066,1,64.19,2.79,68.18,0.318,0.006,0.716,10.9,3.3,2,12.7,3.0,6,7,25,2,105.19,1,1
14893,Northeast,Organic Search,Returning,Control,41,64.7,13,10,5.7,6.2,0.325,0.621,0.349,0.047,2,53.44,2.23,106.19,0.175,0.158,0.779,6.0,3.9,0,,3.0,5,5,27,1,47.05,0,0
14894,South,Referral,Returning,Treatment,32,64.1,13,5,10.8,9.3,0.182,0.982,0.373,0.064,3,61.89,2.04,195.84,0.136,0.115,0.394,3.53,3.2,1,33.7,,4,5,16,1,59.11,0,0
14895,West,Referral,Loyal,Control,52,52.7,92,13,4.8,4.9,0.346,0.937,0.437,0.045,0,95.19,2.78,0.0,0.354,0.054,0.729,8.01,4.8,5,26.4,6.0,5,6,119,7,687.52,1,0
14896,South,Organic Search,Returning,Treatment,51,129.0,13,23,12.2,8.6,0.141,0.676,0.201,0.046,2,86.99,3.1,136.72,0.267,0.123,0.713,4.98,3.7,0,,10.0,3,4,23,2,198.4,0,0
14897,Midwest,Organic Search,Loyal,Control,53,118.8,25,14,3.9,5.2,0.284,0.832,0.164,0.012,4,137.52,2.41,476.47,0.294,0.01,0.64,6.72,4.9,1,26.0,8.0,4,6,3,5,625.01,0,1
14898,South,Social,Returning,Control,52,38.7,14,5,9.3,7.0,0.221,0.787,0.216,0.012,2,176.84,3.2,309.18,0.403,0.077,0.648,6.75,4.6,0,,6.0,3,4,76,3,548.55,1,0
14899,South,Paid Search,New,Control,64,49.0,3,1,8.2,6.1,0.482,0.625,0.288,0.018,0,113.33,3.01,0.0,0.303,0.059,0.833,6.89,2.4,0,,6.0,4,4,155,1,124.62,0,0
14900,Northeast,Email,Loyal,Control,38,44.1,26,7,5.1,10.4,0.305,0.938,0.394,0.013,2,38.24,1.57,83.22,0.374,0.052,0.614,6.52,2.3,1,13.9,10.0,5,5,53,3,104.72,0,0
14901,Midwest,Email,Returning,Control,40,118.5,20,11,17.4,11.4,0.132,0.668,0.412,0.009,1,122.3,3.86,109.49,0.247,0.01,0.7,6.27,1.1,0,,6.0,5,5,13,2,266.43,0,0
14902,West,Social,Returning,Control,39,88.2,13,6,4.3,6.7,0.211,0.637,0.066,0.003,1,121.49,2.41,133.71,0.155,0.117,0.704,7.96,2.2,0,,9.0,5,5,3,3,323.63,0,0
14903,Northeast,Email,Loyal,Treatment,38,32.8,67,22,4.9,8.2,0.241,0.782,0.394,0.011,1,39.71,2.77,44.63,0.25,0.042,0.736,2.29,4.5,2,45.6,5.0,5,5,22,5,223.36,0,1
14904,South,Organic Search,Returning,Control,41,54.2,16,10,3.2,4.9,0.17,0.837,0.171,0.014,1,94.34,3.09,110.77,0.342,0.009,0.664,3.63,3.5,0,,10.0,2,2,70,2,228.98,0,0
14905,Midwest,Social,Returning,Treatment,50,96.3,9,4,12.2,12.3,0.481,0.727,0.141,0.002,1,86.77,3.05,75.26,0.394,0.121,0.74,6.69,3.9,1,23.3,9.0,6,6,32,3,313.63,1,1
14906,Midwest,Organic Search,Returning,Treatment,41,91.0,24,12,8.1,6.5,0.234,0.71,0.251,0.01,3,86.19,2.89,289.22,0.175,0.124,0.734,4.32,6.9,2,11.9,7.0,6,6,29,1,86.98,0,0
14907,South,Paid Search,New,Treatment,42,70.6,5,10,3.4,4.5,0.409,0.731,0.297,0.052,2,91.45,2.17,155.54,0.505,0.075,0.725,3.26,4.1,0,,10.0,6,6,38,1,92.51,0,0
14908,South,Paid Search,New,Control,62,,4,5,4.5,5.3,0.411,0.645,0.373,0.094,3,77.96,1.8,220.25,0.097,0.053,0.482,6.44,4.4,0,,6.0,5,5,71,2,166.38,0,0
14909,South,Organic Search,Returning,Control,64,37.7,7,7,3.4,6.5,0.222,0.573,0.384,0.05,2,62.57,3.12,92.79,0.193,0.039,0.695,5.56,3.6,0,,8.0,6,5,8,3,158.24,0,0
14910,South,Social,Loyal,Treatment,37,113.6,28,5,8.4,11.4,0.301,0.943,0.224,0.067,0,66.21,2.47,0.0,0.209,0.096,0.516,7.66,6.1,0,,6.0,7,7,217,3,201.83,1,0
14911,West,Organic Search,Returning,Control,43,71.6,8,10,7.8,7.6,0.214,0.907,0.197,0.016,1,83.54,2.7,118.61,0.055,0.015,0.789,7.28,4.7,2,17.5,5.0,2,2,33,1,90.54,0,0
14912,West,Email,New,Treatment,18,70.0,2,12,6.0,5.9,0.401,0.951,0.12,0.011,3,55.07,2.01,132.68,0.426,0.032,0.639,6.07,2.3,0,,9.0,5,5,36,1,59.26,0,0
14913,Midwest,Email,Returning,Treatment,61,118.8,7,10,3.4,6.4,0.414,0.825,0.179,0.026,4,139.36,2.71,528.07,0.418,0.165,0.619,9.63,2.7,0,,8.0,6,6,89,3,412.24,0,0
14914,West,Social,New,Treatment,20,62.7,5,2,8.3,6.0,0.368,0.898,0.064,0.003,1,54.85,1.55,56.98,0.596,0.087,0.586,4.67,3.7,0,,10.0,5,5,75,2,121.7,0,0
14915,South,Paid Search,New,Treatment,34,65.0,1,2,3.0,4.5,0.358,0.726,0.147,0.035,0,54.84,1.96,0.0,0.43,0.073,0.627,1.47,3.0,0,,5.0,6,7,193,1,45.52,0,1
14916,Northeast,Email,New,Treatment,39,77.2,3,15,3.8,6.4,0.326,0.866,0.405,0.019,3,125.48,2.32,338.29,0.129,0.064,0.717,5.91,2.0,2,30.7,7.0,4,5,15,4,374.38,1,1
14917,Northeast,Organic Search,Returning,Treatment,47,70.9,12,15,11.6,7.9,0.231,0.826,0.179,0.046,3,149.55,3.89,505.44,0.268,0.047,0.787,3.91,6.0,0,,6.0,5,6,35,1,150.96,0,0
14918,Midwest,Email,New,Treatment,22,47.5,4,10,3.2,4.0,0.251,0.695,0.361,0.025,2,50.61,2.18,89.46,0.358,0.075,0.629,3.62,3.1,0,,6.0,5,5,7,4,221.22,0,0
14919,South,Email,Returning,Control,51,57.1,15,38,4.9,5.5,0.186,0.836,0.261,0.06,7,103.26,3.16,734.15,0.303,0.113,0.737,4.11,6.2,1,30.1,7.0,6,7,5,2,217.56,0,0
14920,Midwest,Paid Search,Returning,Control,59,84.3,21,9,8.1,12.5,0.455,0.68,0.296,0.03,0,108.93,2.67,0.0,0.249,0.05,0.808,5.68,3.9,0,,7.0,4,5,124,5,778.33,0,0
14921,West,Email,Returning,Control,39,78.0,13,9,6.6,5.6,0.314,0.834,0.479,0.024,0,76.56,2.02,0.0,0.577,0.098,0.689,6.6,2.7,0,,5.0,4,5,265,3,223.58,1,0
14922,Midwest,Organic Search,Returning,Control,43,99.8,17,8,9.4,7.3,0.29,0.497,0.249,0.097,1,82.84,2.74,71.75,0.587,0.093,0.836,5.02,4.8,0,,8.0,3,4,48,6,514.57,0,0
14923,West,Organic Search,New,Control,31,126.4,3,5,2.6,4.7,0.248,0.783,0.312,0.068,4,82.16,1.68,385.78,0.24,0.088,0.742,9.5,3.6,1,9.6,7.0,4,5,19,3,222.75,0,0
14924,West,Paid Search,Loyal,Treatment,35,159.6,34,13,6.9,8.0,0.623,0.807,0.466,0.068,2,158.69,3.25,248.29,0.162,0.079,0.6,1.67,2.2,1,30.1,6.0,6,6,11,5,723.54,0,0
14925,Northeast,Organic Search,Returning,Treatment,32,137.6,9,40,4.1,8.4,0.215,0.775,0.195,0.031,5,143.54,2.97,731.72,0.293,0.048,0.627,5.8,2.5,0,,8.0,5,5,6,1,127.74,0,0
14926,West,Paid Search,Returning,Treatment,48,38.7,6,4,6.9,6.1,0.36,0.797,0.219,0.028,2,37.45,2.36,63.1,0.282,0.056,0.692,1.92,3.3,0,,6.0,6,7,61,1,36.1,0,0
14927,West,Social,New,Treatment,20,54.0,1,1,5.9,6.7,0.467,0.951,0.093,0.024,0,124.96,3.55,0.0,0.424,0.072,0.621,5.34,4.5,0,,5.0,4,4,116,1,136.78,0,1
14928,South,Organic Search,New,Treatment,59,68.3,4,6,7.1,7.7,0.43,0.483,0.282,0.06,1,77.43,2.67,65.65,0.366,0.085,0.815,3.0,4.1,0,,7.0,4,5,19,1,77.97,0,1
14929,Midwest,Paid Search,New,Control,41,,5,6,7.4,7.3,0.259,0.674,0.086,0.017,1,60.78,1.97,60.25,0.351,0.111,0.739,6.96,4.1,1,9.2,6.0,6,6,53,2,137.78,0,0
14930,Northeast,Paid Search,Returning,Treatment,46,46.0,16,1,14.5,9.7,0.309,0.886,0.412,0.028,0,76.41,3.23,0.0,0.329,0.178,0.604,3.03,3.0,0,,4.0,5,5,194,1,76.89,1,0
14931,West,Referral,Returning,Treatment,37,98.1,24,5,15.7,10.0,0.201,0.897,0.298,0.044,4,66.51,1.41,226.42,0.074,0.102,0.718,5.54,2.3,2,12.0,3.0,5,5,7,5,258.79,0,0
14932,South,Organic Search,New,Control,33,29.6,1,10,7.9,8.4,0.183,0.753,0.091,0.016,0,52.43,1.54,0.0,0.135,0.035,0.705,4.45,4.0,1,29.1,,3,4,205,1,46.92,1,0
14933,West,Social,Loyal,Control,48,59.8,32,16,4.7,6.3,0.523,0.525,0.26,0.014,2,90.65,3.48,239.31,0.588,0.056,0.792,7.65,4.1,0,,,4,4,68,4,319.34,0,0
14934,Midwest,Organic Search,New,Treatment,29,82.6,5,4,8.3,7.7,0.488,0.728,0.164,0.045,0,72.25,2.23,0.0,0.153,0.034,0.533,7.16,4.3,0,,6.0,6,5,182,2,119.27,1,0
14935,Northeast,Organic Search,Returning,Control,30,86.1,16,14,6.3,9.3,0.122,0.628,0.292,0.074,2,106.77,2.09,213.74,0.199,0.014,0.604,7.73,2.6,2,16.3,5.0,6,6,17,6,632.47,0,0
14936,South,Paid Search,Returning,Treatment,25,127.7,7,2,16.3,11.9,0.455,0.993,0.216,0.016,1,61.43,1.95,70.58,0.371,0.064,0.716,6.14,2.6,0,,,4,4,89,1,65.13,0,0
14937,South,Organic Search,Returning,Treatment,24,94.5,9,10,10.2,8.1,0.101,0.591,0.494,0.057,1,80.42,3.03,91.62,0.183,0.064,0.776,2.38,4.3,3,25.3,5.0,4,3,14,2,142.64,1,0
14938,Midwest,Paid Search,New,Control,27,58.7,4,11,5.8,7.7,0.27,0.734,0.321,0.018,2,74.92,2.92,132.34,0.325,0.1,0.604,5.24,3.9,2,18.6,7.0,5,5,18,2,128.33,0,0
14939,South,Referral,Loyal,Treatment,36,55.3,25,5,6.5,6.0,0.158,0.791,0.436,0.039,2,81.41,2.32,149.84,0.37,0.021,0.767,2.41,2.9,0,,10.0,6,6,11,3,236.28,0,1
14940,West,Referral,Returning,Treatment,29,28.0,11,8,3.9,7.6,0.207,0.829,0.323,0.021,1,58.34,1.05,56.07,0.196,0.039,0.584,3.41,4.6,2,29.9,,5,6,1,2,115.91,0,0
14941,Northeast,Social,Returning,Treatment,54,66.0,6,9,9.4,9.8,0.403,0.417,0.231,0.019,3,91.58,3.6,275.06,0.494,0.078,0.674,6.42,1.3,1,14.7,9.0,4,4,10,3,303.51,0,1
14942,Northeast,Organic Search,Loyal,Control,34,37.4,42,25,4.4,5.5,0.533,0.75,0.281,0.002,3,87.6,2.38,250.33,0.167,0.012,0.717,5.5,2.5,2,12.0,8.0,5,6,11,5,432.6,0,0
14943,Midwest,Paid Search,New,Treatment,25,55.1,4,1,2.9,3.7,0.388,0.942,0.283,0.045,0,96.38,1.58,0.0,0.558,0.121,0.729,3.0,3.3,1,20.5,7.0,4,4,244,1,112.68,1,0
14944,Midwest,Organic Search,Loyal,Control,51,53.5,84,7,10.7,8.1,0.184,0.389,0.182,0.039,2,44.58,2.19,90.63,0.211,0.134,0.749,9.93,3.4,3,13.3,7.0,5,5,47,9,381.67,0,0
14945,Northeast,Social,Loyal,Treatment,34,72.0,54,12,12.0,7.5,0.487,0.726,0.3,0.05,2,88.28,2.36,180.91,0.385,0.207,0.744,5.24,3.3,0,,8.0,4,5,40,3,321.43,0,0
14946,South,Email,Returning,Control,44,120.3,17,18,4.9,6.9,0.281,0.643,0.315,0.032,1,118.87,3.12,123.32,0.251,0.033,0.541,6.77,4.5,1,7.3,7.0,2,2,36,3,431.82,0,0
14947,West,Paid Search,New,Treatment,52,39.0,4,5,7.8,7.3,0.51,0.725,0.334,0.05,1,63.55,1.64,54.33,0.313,0.193,0.551,5.89,2.7,1,14.9,8.0,6,6,80,2,127.94,0,0
14948,South,Paid Search,Loyal,Treatment,49,151.4,27,14,5.9,8.3,0.452,0.509,0.259,0.021,3,88.32,2.2,287.63,0.462,0.074,0.508,2.98,3.5,1,26.2,10.0,5,5,11,4,378.11,0,0
14949,Northeast,Paid Search,Returning,Treatment,31,82.9,6,7,5.0,5.3,0.486,0.938,0.252,0.025,3,94.61,3.11,248.28,0.19,0.095,0.605,4.37,2.9,0,,9.0,5,6,89,1,71.72,0,0
14950,Northeast,Social,Returning,Treatment,32,45.2,6,19,7.0,6.7,0.244,0.868,0.124,0.053,2,97.59,2.04,216.16,0.329,0.053,0.582,4.06,3.2,2,37.1,3.0,5,5,28,3,269.79,0,0
14951,Midwest,Paid Search,Returning,Control,60,32.2,20,10,5.6,5.0,0.256,0.835,0.189,0.005,2,82.02,3.16,172.19,0.334,0.129,0.684,5.99,3.7,2,35.9,6.0,4,3,47,7,546.49,0,0
14952,West,Paid Search,Returning,Control,33,87.3,11,12,6.9,8.3,0.421,0.938,0.502,0.046,1,89.63,1.92,103.46,0.429,0.048,0.498,5.57,4.3,0,,9.0,3,4,58,2,150.34,1,0
14953,Northeast,Email,Returning,Treatment,21,93.1,7,17,10.9,8.1,0.355,0.785,0.426,0.032,3,123.4,1.93,422.3,0.435,0.069,0.489,3.93,3.0,0,,9.0,5,5,5,3,402.65,0,0
14954,West,Referral,Loyal,Treatment,50,92.4,36,5,5.8,6.9,0.31,0.753,0.247,0.038,1,92.5,3.05,86.52,0.135,0.043,0.745,5.65,2.9,3,27.9,9.0,5,5,6,16,1662.16,0,1
14955,Midwest,Social,Returning,Treatment,38,132.1,15,18,3.3,4.4,0.332,0.632,0.273,0.048,3,87.02,2.92,245.11,0.376,0.194,0.575,3.08,2.1,0,,9.0,5,5,45,3,291.56,0,0
14956,South,Paid Search,New,Control,29,42.7,1,4,3.0,5.3,0.35,0.672,0.182,0.055,0,69.79,2.67,0.0,0.227,0.063,0.705,6.04,3.6,1,10.3,9.0,6,6,356,1,65.6,1,0
14957,Midwest,Referral,Returning,Control,42,96.9,15,5,4.1,5.8,0.6,0.864,0.187,0.003,0,106.52,2.65,0.0,0.055,0.125,0.663,5.94,2.7,1,22.8,6.0,6,6,209,2,254.05,1,0
14958,Midwest,Paid Search,Returning,Control,47,30.1,14,8,7.4,5.6,0.355,0.854,0.32,0.017,3,80.78,3.98,199.92,0.466,0.019,0.739,9.59,4.4,0,,5.0,3,3,19,3,239.85,1,0
14959,West,Organic Search,New,Control,26,61.7,4,3,11.6,8.2,0.339,0.635,0.497,0.109,1,92.29,1.45,102.25,0.15,0.059,0.608,7.39,4.7,0,,9.0,4,5,27,1,90.08,0,1
14960,West,Social,Returning,Treatment,18,55.6,17,13,6.1,5.5,0.258,0.996,0.104,0.005,0,68.75,3.77,0.0,0.617,0.04,0.77,6.31,2.2,0,,7.0,4,5,106,3,226.21,0,0
14961,Northeast,Social,Returning,Control,39,72.1,11,3,6.2,7.4,0.413,0.559,0.159,0.044,0,78.13,3.37,0.0,0.359,0.131,0.72,7.71,3.3,1,27.8,4.0,1,2,202,2,142.08,1,0
14962,South,Paid Search,Loyal,Control,48,46.0,33,25,5.5,6.0,0.414,0.799,0.07,0.008,2,56.17,1.86,88.4,0.454,0.025,0.775,8.18,3.5,2,18.2,5.0,4,5,25,6,347.81,0,1
14963,South,Referral,Returning,Control,27,52.7,14,12,6.3,6.1,0.331,0.607,0.031,0.001,1,107.07,2.94,114.5,0.301,0.052,0.782,7.18,3.8,0,,7.0,4,5,66,3,283.66,0,0
14964,Northeast,Paid Search,Loyal,Control,27,49.9,60,8,6.9,6.4,0.382,0.769,0.429,0.107,3,107.43,3.1,314.17,0.51,0.082,0.877,7.77,2.3,2,11.8,10.0,4,4,30,9,993.37,0,0
14965,Midwest,Referral,Loyal,Control,28,25.5,96,32,6.0,6.2,0.284,0.774,0.245,0.072,5,106.36,2.41,419.43,0.28,0.108,0.623,6.57,2.8,2,24.0,9.0,4,4,9,14,1352.71,0,0
14966,South,Paid Search,Returning,Control,52,71.0,18,22,12.9,8.0,0.218,0.684,0.262,0.005,2,100.28,2.93,145.36,0.569,0.055,0.588,6.2,2.6,0,,10.0,5,5,38,4,438.28,0,0
14967,West,Email,Returning,Control,53,114.0,10,8,2.5,4.3,0.41,0.866,0.356,0.038,1,69.24,1.93,88.13,0.287,0.028,0.66,4.59,2.7,1,23.4,7.0,4,4,15,2,150.06,0,0
14968,South,Referral,Returning,Treatment,49,26.0,12,7,8.0,8.2,0.124,0.828,0.13,0.01,2,85.7,3.93,169.96,0.162,0.04,0.748,4.55,3.4,0,,10.0,7,7,9,1,92.58,0,0
14969,South,Organic Search,New,Treatment,37,126.1,2,10,6.7,6.7,0.33,0.696,0.058,0.008,2,122.06,2.93,297.33,0.482,0.057,0.445,3.46,4.2,0,,4.0,6,5,13,1,110.41,1,0
14970,West,Organic Search,Returning,Treatment,55,57.5,24,2,9.4,6.4,0.188,0.968,0.211,0.071,0,78.25,3.7,0.0,0.205,0.076,0.478,9.59,4.1,1,41.0,,5,5,179,2,168.94,1,0
14971,South,Social,Returning,Treatment,54,148.4,13,17,6.3,7.1,0.398,0.671,0.427,0.177,4,86.87,1.99,249.35,0.468,0.127,0.688,6.04,5.0,0,,8.0,3,3,2,3,276.38,0,0
14972,Midwest,Paid Search,Loyal,Control,24,,28,8,5.6,6.7,0.409,0.842,0.176,0.005,2,115.39,2.99,186.23,0.51,0.05,0.729,4.68,3.0,2,26.6,10.0,6,6,6,4,430.37,0,1
14973,Midwest,Paid Search,Loyal,Control,47,31.7,33,19,7.8,6.4,0.439,0.684,0.213,0.036,2,65.95,2.14,168.15,0.333,0.041,0.652,5.41,3.1,2,14.9,8.0,5,5,39,7,386.3,0,0
14974,South,Paid Search,Returning,Treatment,58,85.4,12,14,4.9,6.6,0.321,0.845,0.22,0.027,2,124.15,3.22,286.16,0.383,0.187,0.658,6.64,6.4,0,,8.0,3,3,30,4,449.08,0,0
14975,Midwest,Paid Search,New,Control,44,109.6,3,9,8.3,6.6,0.296,0.816,0.104,0.003,1,99.37,2.99,90.52,0.22,0.038,0.758,3.97,3.1,0,,6.0,5,5,24,2,206.16,0,0
14976,South,Organic Search,Returning,Control,39,50.4,17,9,2.3,3.3,0.525,0.887,0.267,0.112,0,130.31,3.1,0.0,0.473,0.085,0.754,6.88,3.5,1,22.4,7.0,5,5,124,1,137.9,1,0
14977,Northeast,Paid Search,New,Control,29,158.1,2,2,3.6,4.4,0.386,0.816,0.134,0.017,0,52.86,2.23,0.0,0.199,0.088,0.786,9.52,2.9,0,,5.0,3,3,109,1,57.13,0,0
14978,Midwest,Paid Search,Returning,Treatment,35,189.0,7,3,6.2,6.0,0.358,0.634,0.182,0.008,0,63.19,1.71,0.0,0.139,0.012,0.588,4.52,2.7,0,,10.0,6,7,98,2,127.68,1,0
14979,South,Email,Returning,Treatment,43,98.7,15,31,7.2,7.0,0.16,0.765,0.178,0.017,6,90.07,2.86,569.88,0.05,0.037,0.684,1.89,4.5,0,,5.0,7,7,12,1,100.04,0,1
14980,West,Paid Search,Returning,Control,31,60.8,24,13,6.4,6.7,0.202,0.739,0.355,0.031,0,67.08,2.46,0.0,0.366,0.047,0.706,0.93,2.6,2,16.3,9.0,4,4,252,7,520.03,1,0
14981,South,Organic Search,Loyal,Treatment,39,83.6,26,7,8.9,6.3,0.372,0.709,0.186,0.013,0,55.43,1.51,0.0,0.169,0.021,0.722,4.39,2.6,1,17.7,7.0,6,6,229,6,348.41,1,1
14982,Midwest,Social,New,Treatment,20,89.9,3,12,7.7,8.5,0.478,0.888,0.193,0.052,2,105.39,2.24,182.18,0.354,0.021,0.69,5.57,3.2,2,38.3,6.0,5,6,52,2,206.09,0,0
14983,Midwest,Paid Search,Returning,Treatment,34,56.7,12,7,10.2,8.2,0.425,0.806,0.124,0.008,0,33.98,1.22,0.0,0.392,0.101,0.472,4.09,2.5,1,24.5,8.0,6,7,151,3,115.14,0,1
14984,Midwest,Email,Loyal,Control,46,68.9,43,8,4.0,4.8,0.247,0.489,0.38,0.1,2,57.3,1.56,114.87,0.417,0.154,0.633,8.42,3.9,1,33.1,6.0,5,6,83,9,510.24,0,0
14985,Northeast,Referral,Returning,Treatment,46,207.6,19,9,6.0,6.7,0.218,0.617,0.219,0.066,4,223.63,4.58,1048.33,0.333,0.181,0.765,7.21,2.6,0,,10.0,6,6,2,3,547.34,0,0
14986,Northeast,Paid Search,Returning,Control,57,50.7,9,10,4.8,6.1,0.44,0.748,0.25,0.032,1,105.66,1.75,108.03,0.306,0.018,0.799,8.96,3.0,3,28.1,10.0,4,5,45,1,86.34,0,0
14987,West,Social,Returning,Control,48,109.2,16,16,6.1,5.5,0.498,0.871,0.182,0.01,1,69.41,2.66,69.22,0.273,0.145,0.583,5.88,1.8,0,,10.0,3,2,26,1,69.54,0,0
14988,Midwest,Referral,Returning,Treatment,38,80.6,11,7,4.6,5.1,0.36,0.883,0.114,0.001,1,115.06,1.99,103.39,0.16,0.109,0.756,4.48,2.0,0,,7.0,5,5,40,2,263.64,0,0
14989,Midwest,Paid Search,New,Treatment,35,112.8,3,10,7.5,6.6,0.315,0.811,0.159,0.004,1,155.04,3.51,170.32,0.437,0.15,0.841,5.9,3.6,0,,5.0,6,7,55,3,402.02,0,0
14990,West,Paid Search,New,Control,48,62.2,1,1,4.3,4.8,0.447,0.736,0.249,0.054,0,151.61,3.36,0.0,0.848,0.023,0.644,4.69,3.0,1,51.2,8.0,3,2,241,1,140.63,0,0
14991,West,Paid Search,Loyal,Treatment,30,129.7,29,23,2.0,4.5,0.425,0.632,0.247,0.003,5,109.68,2.34,524.29,0.206,0.127,0.635,2.69,3.2,0,,10.0,6,6,4,2,222.39,0,0
14992,Midwest,Paid Search,Loyal,Control,36,152.7,26,15,18.5,12.8,0.332,0.972,0.327,0.045,4,87.37,2.36,450.86,0.346,0.015,0.762,4.06,5.8,0,,10.0,4,4,30,2,179.48,1,0
14993,West,Organic Search,Returning,Control,40,45.0,12,13,13.3,10.6,0.23,0.572,0.305,0.017,2,59.04,1.21,117.79,0.297,0.011,0.799,7.25,3.0,0,,10.0,4,4,57,1,60.06,1,0
14994,Midwest,Referral,Loyal,Treatment,31,39.5,33,18,8.1,6.9,0.251,0.729,0.255,0.039,2,65.42,2.46,187.07,0.29,0.031,0.626,3.72,3.7,0,,7.0,5,4,25,3,200.91,0,1
14995,Midwest,Social,Returning,Treatment,63,173.0,18,12,5.9,7.7,0.305,0.586,0.324,0.078,0,110.08,2.3,0.0,0.515,0.093,0.795,5.39,3.2,1,5.3,6.0,7,6,189,4,493.73,1,0
14996,West,Email,Returning,Control,18,82.6,12,15,9.7,7.3,0.276,0.937,0.373,0.095,1,65.61,2.16,72.52,0.422,0.078,0.664,6.09,3.3,2,26.4,5.0,6,6,59,4,313.27,0,0
14997,West,Social,Loyal,Control,39,52.4,28,11,5.6,8.0,0.132,0.813,0.315,0.025,1,126.65,2.15,110.96,0.337,0.109,0.696,6.89,4.5,0,,10.0,3,3,50,5,554.42,0,0
14998,Midwest,Email,New,Treatment,18,84.2,3,8,16.2,10.2,0.089,0.981,0.546,0.032,2,52.42,2.45,119.01,0.215,0.068,0.58,6.75,2.3,0,,7.0,6,5,25,3,185.52,0,0
14999,West,Referral,Returning,Treatment,27,41.5,7,16,6.6,6.9,0.535,0.997,0.409,0.027,2,59.41,2.67,100.14,0.44,0.031,0.578,5.91,4.2,0,,8.0,3,5,86,2,116.07,0,0
15000,South,Social,Loyal,Control,22,68.9,33,13,2.8,3.8,0.529,0.927,0.242,0.041,2,47.25,2.25,129.65,0.401,0.029,0.763,11.46,3.5,1,49.2,8.0,6,7,57,8,372.48,0,1
